2025-10-28 19:22:04,828 [INFO] Activator:176 - 


2025-10-28 19:22:04,830 [INFO] Activator:177 - !SESSION log4j initialized
2025-10-28 19:22:06,381 [INFO] LogOutputStream:77 - [STDOUT_REDIRECT] 
2025-10-28 19:22:07,991 [INFO] ApplicationProperties:184 - Using Application install path: /opt/st/stm32cubeide_1.19.0/plugins/com.st.stm32cube.common.mx_6.15.0.202507011659
2025-10-28 19:22:08,001 [INFO] DbMcusXml:78 - Set database path to: /opt/st/stm32cubeide_1.19.0/plugins/com.st.stm32cube.common.mx_6.15.0.202507011659//db//mcu/
2025-10-28 19:22:08,001 [INFO] ApiDb:274 - Set plugin database path to: /opt/st/stm32cubeide_1.19.0/plugins/com.st.stm32cube.common.mx_6.15.0.202507011659//db//plugins/boardmanager/
2025-10-28 19:22:08,001 [WARN] ApiDb:259 - Overriding images path with different value:  => /opt/st/stm32cubeide_1.19.0/plugins/com.st.stm32cube.common.mx_6.15.0.202507011659//db//plugins/mcufinder/images/
2025-10-28 19:22:08,006 [INFO] ApiDb:250 - Set database path to: /home/oleksii/.stmcufinder/plugins/mcufinder//mcu/
2025-10-28 19:22:08,006 [INFO] DbMcusAds:125 - Set database path to: /home/oleksii/.stmcufinder/plugins/mcufinder//mcu/
2025-10-28 19:22:08,008 [INFO] CrossReferenceDbSqlite:203 - Set database path to: /home/oleksii/.stmcufinder/plugins/mcufinder//mcu/cs/
2025-10-28 19:22:08,068 [INFO] RulesReader:64 - Compatibility file has been processed (317 Rules)
2025-10-28 19:22:08,103 [INFO] DbMcusXml:78 - Set database path to: /opt/st/stm32cubeide_1.19.0/plugins/com.st.stm32cube.common.mx_6.15.0.202507011659//db//mcu/
2025-10-28 19:22:08,104 [INFO] ApiDb:274 - Set plugin database path to: /opt/st/stm32cubeide_1.19.0/plugins/com.st.stm32cube.common.mx_6.15.0.202507011659//db//plugins/boardmanager/
2025-10-28 19:22:08,104 [INFO] ApiDb:261 - Set plugin images path to: /opt/st/stm32cubeide_1.19.0/plugins/com.st.stm32cube.common.mx_6.15.0.202507011659//db//plugins/mcufinder/images/
2025-10-28 19:22:08,104 [WARN] DbFile:41 - Overriding database path with different value: /home/oleksii/.stmcufinder/plugins/mcufinder/ => /home/oleksii/.stmcufinder/plugins/mcufinder
2025-10-28 19:22:08,104 [INFO] ApiDb:250 - Set database path to: /home/oleksii/.stmcufinder/plugins/mcufinder//mcu/
2025-10-28 19:22:08,104 [WARN] DbFile:41 - Overriding database path with different value: /home/oleksii/.stmcufinder/plugins/mcufinder/ => /home/oleksii/.stmcufinder/plugins/mcufinder
2025-10-28 19:22:08,104 [INFO] DbMcusAds:125 - Set database path to: /home/oleksii/.stmcufinder/plugins/mcufinder//mcu/
2025-10-28 19:22:08,104 [WARN] DbFile:41 - Overriding database path with different value: /home/oleksii/.stmcufinder/plugins/mcufinder/ => /home/oleksii/.stmcufinder/plugins/mcufinder
2025-10-28 19:22:08,104 [WARN] DbFile:41 - Overriding database path with different value: /home/oleksii/.stmcufinder/plugins/mcufinder/ => /home/oleksii/.stmcufinder/plugins/mcufinder
2025-10-28 19:22:08,104 [INFO] CrossReferenceDbSqlite:203 - Set database path to: /home/oleksii/.stmcufinder/plugins/mcufinder//mcu/cs/
2025-10-28 19:22:08,142 [INFO] MainPanel:274 - HeapMemory: 268435456
2025-10-28 19:22:08,220 [INFO] DbMcusXml:78 - Set database path to: /opt/st/stm32cubeide_1.19.0/plugins/com.st.stm32cube.common.mx_6.15.0.202507011659//db//mcu/
2025-10-28 19:22:08,220 [INFO] ApiDb:274 - Set plugin database path to: /opt/st/stm32cubeide_1.19.0/plugins/com.st.stm32cube.common.mx_6.15.0.202507011659//db//plugins/boardmanager/
2025-10-28 19:22:08,220 [INFO] ApiDb:261 - Set plugin images path to: /opt/st/stm32cubeide_1.19.0/plugins/com.st.stm32cube.common.mx_6.15.0.202507011659//db//plugins/mcufinder/images/
2025-10-28 19:22:08,220 [WARN] DbFile:41 - Overriding database path with different value: /home/oleksii/.stmcufinder/plugins/mcufinder/ => /home/oleksii/.stmcufinder/plugins/mcufinder
2025-10-28 19:22:08,221 [INFO] ApiDb:250 - Set database path to: /home/oleksii/.stmcufinder/plugins/mcufinder//mcu/
2025-10-28 19:22:08,221 [WARN] DbFile:41 - Overriding database path with different value: /home/oleksii/.stmcufinder/plugins/mcufinder/ => /home/oleksii/.stmcufinder/plugins/mcufinder
2025-10-28 19:22:08,221 [INFO] DbMcusAds:125 - Set database path to: /home/oleksii/.stmcufinder/plugins/mcufinder//mcu/
2025-10-28 19:22:08,221 [WARN] DbFile:41 - Overriding database path with different value: /home/oleksii/.stmcufinder/plugins/mcufinder/ => /home/oleksii/.stmcufinder/plugins/mcufinder
2025-10-28 19:22:08,221 [WARN] DbFile:41 - Overriding database path with different value: /home/oleksii/.stmcufinder/plugins/mcufinder/ => /home/oleksii/.stmcufinder/plugins/mcufinder
2025-10-28 19:22:08,221 [INFO] CrossReferenceDbSqlite:203 - Set database path to: /home/oleksii/.stmcufinder/plugins/mcufinder//mcu/cs/
2025-10-28 19:22:08,230 [INFO] ApplicationProperties:184 - Using Application install path: /opt/st/stm32cubeide_1.19.0/plugins/com.st.stm32cube.common.mx_6.15.0.202507011659
2025-10-28 19:22:08,231 [INFO] PluginManage:196 - Search for loadable plugins [exclusion list=, ]
2025-10-28 19:22:08,231 [INFO] PluginManage:310 - Check plugin analytics
2025-10-28 19:22:08,320 [INFO] AnalyticsPlugin:253 - Accepted Software Licenses: 
2025-10-28 19:22:08,320 [INFO] AnalyticsPlugin:255 - Accepted CMSIS Pack Licenses: 
2025-10-28 19:22:08,320 [INFO] AnalyticsPlugin:257 - Accepted Firmware Licenses: FW.F4.1.28.0
2025-10-28 19:22:08,321 [INFO] PluginManage:359 - Loaded plugin analytics (category:tool,tabindex:-1)
2025-10-28 19:22:08,321 [INFO] PluginManage:310 - Check plugin cadmodel
2025-10-28 19:22:08,324 [INFO] CADModel:105 - Init CAD model plugin
2025-10-28 19:22:08,324 [INFO] PluginManage:359 - Loaded plugin cadmodel (category:power,tabindex:5)
2025-10-28 19:22:08,324 [INFO] PluginManage:310 - Check plugin clock
2025-10-28 19:22:08,329 [INFO] PluginManage:359 - Loaded plugin clock (category:base,tabindex:2)
2025-10-28 19:22:08,329 [INFO] PluginManage:310 - Check plugin ddr
2025-10-28 19:22:08,331 [INFO] PluginManage:359 - Loaded plugin ddr (category:tool,tabindex:6)
2025-10-28 19:22:08,331 [INFO] PluginManage:310 - Check plugin filemanager
2025-10-28 19:22:08,428 [INFO] PluginManage:359 - Loaded plugin filemanager (category:base,tabindex:10)
2025-10-28 19:22:08,428 [INFO] PluginManage:310 - Check plugin ipmanager
2025-10-28 19:22:08,432 [INFO] PluginManage:359 - Loaded plugin ipmanager (category:base,tabindex:5)
2025-10-28 19:22:08,432 [INFO] PluginManage:310 - Check plugin lpbam
2025-10-28 19:22:08,438 [INFO] PluginManage:359 - Loaded plugin lpbam (category:base,tabindex:0)
2025-10-28 19:22:08,438 [INFO] PluginManage:310 - Check plugin memorymap
2025-10-28 19:22:08,454 [INFO] PluginManage:359 - Loaded plugin memorymap (category:base,tabindex:4)
2025-10-28 19:22:08,455 [INFO] PluginManage:310 - Check plugin pinoutandconfiguration
2025-10-28 19:22:08,461 [INFO] PluginManage:359 - Loaded plugin pinoutandconfiguration (category:base,tabindex:1)
2025-10-28 19:22:08,462 [INFO] PluginManage:310 - Check plugin pinoutconfig
2025-10-28 19:22:08,513 [WARN] SupportedApi:132 - Cannot load RTOS API schema: s4s-elt-must-match.1: The content of 'definitions' must match (annotation?, (simpleType | complexType)?, (unique | key | keyref)*)). A problem was found starting at: attribute.
2025-10-28 19:22:08,581 [INFO] PluginManage:359 - Loaded plugin pinoutconfig (category:base,tabindex:0)
2025-10-28 19:22:08,581 [INFO] PluginManage:310 - Check plugin power
2025-10-28 19:22:08,586 [INFO] PluginManage:359 - Loaded plugin power (category:power,tabindex:4)
2025-10-28 19:22:08,586 [INFO] PluginManage:310 - Check plugin projectmanager
2025-10-28 19:22:08,594 [INFO] PluginManage:359 - Loaded plugin projectmanager (category:projectmanager,tabindex:4)
2025-10-28 19:22:08,594 [INFO] PluginManage:310 - Check plugin rif
2025-10-28 19:22:08,599 [INFO] PluginManage:359 - Loaded plugin rif (category:base,tabindex:3)
2025-10-28 19:22:08,599 [INFO] PluginManage:310 - Check plugin thirdparty
2025-10-28 19:22:08,659 [INFO] PluginManage:359 - Loaded plugin thirdparty (category:base,tabindex:-1)
2025-10-28 19:22:08,659 [WARN] IntegrityCheckThread:84 - waiting for thirdparty lock release [integrity check]
2025-10-28 19:22:08,659 [INFO] PluginManage:310 - Check plugin tools
2025-10-28 19:22:08,659 [INFO] IntegrityCheckThread:86 - entering critical section [integrity check]
2025-10-28 19:22:08,660 [INFO] ThirdPartyUpdaterWithRetryManager:70 - Updater plugin not ready yet. [1/15]
2025-10-28 19:22:08,661 [INFO] PluginManage:359 - Loaded plugin tools (category:base,tabindex:7)
2025-10-28 19:22:08,661 [INFO] PluginManage:310 - Check plugin tutovideos
2025-10-28 19:22:08,763 [INFO] PluginManage:359 - Loaded plugin tutovideos (category:base,tabindex:-1)
2025-10-28 19:22:08,763 [INFO] PluginManage:310 - Check plugin updater
2025-10-28 19:22:08,776 [INFO] PluginManage:359 - Loaded plugin updater (category:base,tabindex:12)
2025-10-28 19:22:08,776 [INFO] PluginManage:310 - Check plugin userauth
2025-10-28 19:22:08,778 [INFO] UserAuth:118 - Init User Auth plugin
2025-10-28 19:22:08,778 [INFO] PluginManage:359 - Loaded plugin userauth (category:base,tabindex:14)
2025-10-28 19:22:08,778 [INFO] PluginManage:283 - PluginManage : Loaded plugins [18]
2025-10-28 19:22:08,867 [INFO] PinOutPanel:1589 - setPackage(No Configuration,No Configuration)
2025-10-28 19:22:08,903 [INFO] CADModel:165 - CPN selected for project level
2025-10-28 19:22:08,903 [INFO] CADModel:114 - Register for checkConnection events
2025-10-28 19:22:08,908 [INFO] IPUIPlugin:80 - create IPUIPlugin
2025-10-28 19:22:08,909 [INFO] PluginManager:220 - loadIPPluginJar : add radio
2025-10-28 19:22:08,911 [INFO] IPUIPlugin:80 - create IPUIPlugin
2025-10-28 19:22:08,911 [INFO] PluginManager:220 - loadIPPluginJar : add spi
2025-10-28 19:22:08,912 [INFO] IPUIPlugin:80 - create IPUIPlugin
2025-10-28 19:22:08,912 [INFO] PluginManager:220 - loadIPPluginJar : add tsc
2025-10-28 19:22:08,915 [INFO] IPUIPlugin:80 - create IPUIPlugin
2025-10-28 19:22:08,915 [INFO] PluginManager:220 - loadIPPluginJar : add fmc
2025-10-28 19:22:08,916 [INFO] IPUIPlugin:80 - create IPUIPlugin
2025-10-28 19:22:08,916 [INFO] PluginManager:220 - loadIPPluginJar : add hash
2025-10-28 19:22:08,917 [INFO] IPUIPlugin:80 - create IPUIPlugin
2025-10-28 19:22:08,917 [INFO] PluginManager:220 - loadIPPluginJar : add extmemmanager
2025-10-28 19:22:08,918 [INFO] IPUIPlugin:80 - create IPUIPlugin
2025-10-28 19:22:08,918 [INFO] PluginManager:220 - loadIPPluginJar : add tim
2025-10-28 19:22:08,918 [INFO] IPUIPlugin:80 - create IPUIPlugin
2025-10-28 19:22:08,918 [INFO] PluginManager:220 - loadIPPluginJar : add ltdc
2025-10-28 19:22:08,919 [INFO] IPUIPlugin:80 - create IPUIPlugin
2025-10-28 19:22:08,919 [INFO] PluginManager:220 - loadIPPluginJar : add quadspi
2025-10-28 19:22:08,922 [INFO] IPUIPlugin:80 - create IPUIPlugin
2025-10-28 19:22:08,922 [INFO] PluginManager:220 - loadIPPluginJar : add gic
2025-10-28 19:22:08,923 [INFO] IPUIPlugin:80 - create IPUIPlugin
2025-10-28 19:22:08,923 [INFO] PluginManager:220 - loadIPPluginJar : add comp
2025-10-28 19:22:08,923 [INFO] IPUIPlugin:80 - create IPUIPlugin
2025-10-28 19:22:08,923 [INFO] PluginManager:220 - loadIPPluginJar : add fatfs
2025-10-28 19:22:08,926 [INFO] IPUIPlugin:80 - create IPUIPlugin
2025-10-28 19:22:08,926 [INFO] PluginManager:220 - loadIPPluginJar : add linkedlist
2025-10-28 19:22:08,927 [INFO] IPUIPlugin:80 - create IPUIPlugin
2025-10-28 19:22:08,927 [INFO] PluginManager:220 - loadIPPluginJar : add ucpd
2025-10-28 19:22:08,929 [INFO] IPUIPlugin:80 - create IPUIPlugin
2025-10-28 19:22:08,929 [INFO] PluginManager:220 - loadIPPluginJar : add ddr_ctrl_phy
2025-10-28 19:22:08,930 [INFO] IPUIPlugin:80 - create IPUIPlugin
2025-10-28 19:22:08,930 [INFO] PluginManager:220 - loadIPPluginJar : add gfxmmu
2025-10-28 19:22:08,931 [INFO] IPUIPlugin:80 - create IPUIPlugin
2025-10-28 19:22:08,931 [INFO] PluginManager:220 - loadIPPluginJar : add usart
2025-10-28 19:22:08,933 [INFO] IPUIPlugin:80 - create IPUIPlugin
2025-10-28 19:22:08,934 [INFO] PluginManager:220 - loadIPPluginJar : add dma
2025-10-28 19:22:08,935 [INFO] IPUIPlugin:80 - create IPUIPlugin
2025-10-28 19:22:08,935 [INFO] PluginManager:220 - loadIPPluginJar : add aes
2025-10-28 19:22:08,938 [INFO] IPUIPlugin:80 - create IPUIPlugin
2025-10-28 19:22:08,939 [INFO] PluginManager:220 - loadIPPluginJar : add plateformsettings
2025-10-28 19:22:08,940 [INFO] IPUIPlugin:80 - create IPUIPlugin
2025-10-28 19:22:08,940 [INFO] PluginManager:220 - loadIPPluginJar : add genericplugin
2025-10-28 19:22:08,941 [INFO] IPUIPlugin:80 - create IPUIPlugin
2025-10-28 19:22:08,941 [INFO] PluginManager:220 - loadIPPluginJar : add pdm2pcm
2025-10-28 19:22:08,943 [INFO] IPUIPlugin:80 - create IPUIPlugin
2025-10-28 19:22:08,943 [INFO] PluginManager:220 - loadIPPluginJar : add ipddr
2025-10-28 19:22:08,944 [INFO] IPUIPlugin:80 - create IPUIPlugin
2025-10-28 19:22:08,944 [INFO] PluginManager:220 - loadIPPluginJar : add opamp
2025-10-28 19:22:08,945 [INFO] IPUIPlugin:80 - create IPUIPlugin
2025-10-28 19:22:08,945 [INFO] PluginManager:220 - loadIPPluginJar : add dma3
2025-10-28 19:22:08,946 [INFO] IPUIPlugin:80 - create IPUIPlugin
2025-10-28 19:22:08,946 [INFO] PluginManager:220 - loadIPPluginJar : add dfsdm
2025-10-28 19:22:08,947 [INFO] IPUIPlugin:80 - create IPUIPlugin
2025-10-28 19:22:08,947 [INFO] PluginManager:220 - loadIPPluginJar : add ts
2025-10-28 19:22:08,949 [INFO] IPUIPlugin:80 - create IPUIPlugin
2025-10-28 19:22:08,949 [INFO] PluginManager:220 - loadIPPluginJar : add nvic
2025-10-28 19:22:08,950 [INFO] IPUIPlugin:80 - create IPUIPlugin
2025-10-28 19:22:08,950 [INFO] PluginManager:220 - loadIPPluginJar : add cryp
2025-10-28 19:22:08,953 [INFO] IPUIPlugin:80 - create IPUIPlugin
2025-10-28 19:22:08,953 [INFO] PluginManager:220 - loadIPPluginJar : add freertos
2025-10-28 19:22:08,955 [INFO] IPUIPlugin:80 - create IPUIPlugin
2025-10-28 19:22:08,955 [INFO] PluginManager:220 - loadIPPluginJar : add resmgrutility
2025-10-28 19:22:08,956 [INFO] IPUIPlugin:80 - create IPUIPlugin
2025-10-28 19:22:08,957 [INFO] PluginManager:220 - loadIPPluginJar : add gtzc
2025-10-28 19:22:08,957 [INFO] IPUIPlugin:80 - create IPUIPlugin
2025-10-28 19:22:08,957 [INFO] PluginManager:220 - loadIPPluginJar : add tracer_emb
2025-10-28 19:22:08,960 [INFO] IPUIPlugin:80 - create IPUIPlugin
2025-10-28 19:22:08,960 [INFO] PluginManager:220 - loadIPPluginJar : add stm32_wpan
2025-10-28 19:22:08,963 [INFO] IPUIPlugin:80 - create IPUIPlugin
2025-10-28 19:22:08,963 [INFO] PluginManager:220 - loadIPPluginJar : add gpio
2025-10-28 19:22:08,964 [INFO] IPUIPlugin:80 - create IPUIPlugin
2025-10-28 19:22:08,964 [INFO] PluginManager:220 - loadIPPluginJar : add sai
2025-10-28 19:22:08,966 [INFO] IPUIPlugin:80 - create IPUIPlugin
2025-10-28 19:22:08,966 [INFO] PluginManager:220 - loadIPPluginJar : add usbx
2025-10-28 19:22:08,967 [INFO] IPUIPlugin:80 - create IPUIPlugin
2025-10-28 19:22:08,967 [INFO] PluginManager:220 - loadIPPluginJar : add touchsensing
2025-10-28 19:22:08,969 [INFO] IPUIPlugin:80 - create IPUIPlugin
2025-10-28 19:22:08,969 [INFO] PluginManager:220 - loadIPPluginJar : add openamp
2025-10-28 19:22:08,970 [INFO] IPUIPlugin:80 - create IPUIPlugin
2025-10-28 19:22:08,970 [INFO] PluginManager:220 - loadIPPluginJar : add i3c
2025-10-28 19:22:08,971 [INFO] IPUIPlugin:80 - create IPUIPlugin
2025-10-28 19:22:08,971 [INFO] PluginManager:220 - loadIPPluginJar : add i2s
2025-10-28 19:22:08,972 [INFO] IPUIPlugin:80 - create IPUIPlugin
2025-10-28 19:22:08,972 [INFO] PluginManager:220 - loadIPPluginJar : add can
2025-10-28 19:22:08,973 [INFO] IPUIPlugin:80 - create IPUIPlugin
2025-10-28 19:22:08,973 [INFO] PluginManager:220 - loadIPPluginJar : add lorawan
2025-10-28 19:22:08,976 [INFO] IPUIPlugin:80 - create IPUIPlugin
2025-10-28 19:22:08,976 [INFO] PluginManager:220 - loadIPPluginJar : add adc
2025-10-28 19:22:08,977 [INFO] IPUIPlugin:80 - create IPUIPlugin
2025-10-28 19:22:08,977 [INFO] PluginManager:220 - loadIPPluginJar : add i2c
2025-10-28 19:22:08,980 [INFO] IPUIPlugin:80 - create IPUIPlugin
2025-10-28 19:22:08,981 [INFO] PluginManager:220 - loadIPPluginJar : add mdma
2025-10-28 19:22:09,068 [FATAL] Updater:351 - Updater called before beeing initialized
2025-10-28 19:22:09,083 [INFO] RulesReader:64 - Compatibility file has been processed (317 Rules)
2025-10-28 19:22:09,090 [INFO] RulesReader:64 - Compatibility file has been processed (317 Rules)
2025-10-28 19:22:09,094 [INFO] CADModel:165 - CPN selected for project level
2025-10-28 19:22:09,094 [INFO] CADModel:114 - Register for checkConnection events
2025-10-28 19:22:09,094 [FATAL] Updater:351 - Updater called before beeing initialized
2025-10-28 19:22:09,094 [ERROR] CADModel:125 - Updater not yet initialized, retry later 
2025-10-28 19:22:09,159 [FATAL] Updater:351 - Updater called before beeing initialized
2025-10-28 19:22:09,160 [INFO] CADModel:165 - CPN selected for project level
2025-10-28 19:22:09,160 [INFO] CADModel:114 - Register for checkConnection events
2025-10-28 19:22:09,160 [FATAL] Updater:351 - Updater called before beeing initialized
2025-10-28 19:22:09,160 [ERROR] CADModel:125 - Updater not yet initialized, retry later 
2025-10-28 19:22:09,162 [FATAL] Updater:351 - Updater called before beeing initialized
2025-10-28 19:22:09,208 [FATAL] Updater:351 - Updater called before beeing initialized
2025-10-28 19:22:09,210 [INFO] DbMcusAds:53 - JSON generation date=Thu Oct 02 12:36:05 EEST 2025 (1759397765645)
2025-10-28 19:22:09,210 [FATAL] Updater:351 - Updater called before beeing initialized
2025-10-28 19:22:09,233 [WARN] DetailPanel:346 - Failed to get advertising image, set to default
2025-10-28 19:22:09,278 [FATAL] Updater:351 - Updater called before beeing initialized
2025-10-28 19:22:09,279 [FATAL] Updater:351 - Updater called before beeing initialized
2025-10-28 19:22:09,279 [FATAL] Updater:351 - Updater called before beeing initialized
2025-10-28 19:22:09,280 [WARN] DetailPanel:346 - Failed to get advertising image, set to default
2025-10-28 19:22:09,280 [FATAL] Updater:351 - Updater called before beeing initialized
2025-10-28 19:22:09,300 [ERROR] Updater:1198 - MainUpdater not yet initialized. External WinMGr cannot be set.
2025-10-28 19:22:09,301 [INFO] Updater:1134 - Updater Version found : 6.15.0
2025-10-28 19:22:09,310 [INFO] ApplicationProperties:184 - Using Application install path: /opt/st/stm32cubeide_1.19.0/plugins/com.st.stm32cube.common.mx_6.15.0.202507011659
2025-10-28 19:22:11,660 [INFO] ThirdPartyUpdaterWithRetryManager:70 - Updater plugin not ready yet. [2/15]
2025-10-28 19:22:12,191 [INFO] MainUpdater:2872 - connection check result : 10
2025-10-28 19:22:12,191 [INFO] MainUpdater:3604 - Updater definition file requires update
2025-10-28 19:22:12,192 [INFO] MainUpdater:289 - Updater Check For Update Now.
2025-10-28 19:22:12,192 [INFO] MicroXplorer:498 - Change Database Version : DB.6.0.150
2025-10-28 19:22:12,194 [INFO] McuFinderGlobals:63 - Set McuFinder mode to 2 (CubeIDE integrated)
2025-10-28 19:22:12,195 [INFO] UserAuth:487 - Internet connection configuration mode: 1
2025-10-28 19:22:12,205 [INFO] JxBrowserEngine:152 - Initiate JxBrowser Engine with user profile folder
2025-10-28 19:22:12,312 [INFO] ServerAccessManage:452 - Complete download http(s) 200
2025-10-28 19:22:12,313 [INFO] ServerAccessManage:509 - Download File updaters.zip
2025-10-28 19:22:12,424 [INFO] FileExtend:248 - Unzip File : updaters.zip
2025-10-28 19:22:12,424 [INFO] FileExtend:263 - Standard Zip Deflate
2025-10-28 19:22:12,563 [INFO] ServerAccessManage:452 - Complete download http(s) 200
2025-10-28 19:22:12,563 [INFO] ServerAccessManage:509 - Download File PacksControlFlags.xml
2025-10-28 19:22:12,659 [INFO] ServerAccessManage:452 - Complete download http(s) 200
2025-10-28 19:22:12,659 [INFO] ServerAccessManage:509 - Download File cubemx.pidx
2025-10-28 19:22:12,927 [INFO] ServerAccessManage:452 - Complete download http(s) 200
2025-10-28 19:22:12,928 [INFO] ServerAccessManage:509 - Download File STMicroelectronics.FP-SNS-MOTENV1.pdsc
2025-10-28 19:22:12,948 [INFO] WebApp:169 - Instantiating new browser for Auth
2025-10-28 19:22:13,474 [INFO] WebApp:463 - Apply proxy settings
2025-10-28 19:22:13,474 [INFO] WebApp:548 - Chromium requires no authentication
2025-10-28 19:22:13,479 [INFO] WebApp:491 - Direct internet connection detected
2025-10-28 19:22:13,494 [INFO] WebApp:900 - Register for checkConnection events
2025-10-28 19:22:13,494 [INFO] WebApp:463 - Apply proxy settings
2025-10-28 19:22:13,495 [INFO] WebApp:548 - Chromium requires no authentication
2025-10-28 19:22:13,495 [INFO] WebApp:491 - Direct internet connection detected
2025-10-28 19:22:13,600 [INFO] WebApp:225 - Starting web application
2025-10-28 19:22:13,600 [INFO] WebApp:593 - Web application path used /opt/st/stm32cubeide_1.19.0/plugins/com.st.stm32cube.common.mx_6.15.0.202507011659/db/plugins/mcufinder/reactClient1/index.html
2025-10-28 19:22:13,682 [INFO] UserAuth:487 - Internet connection configuration mode: 1
2025-10-28 19:22:13,747 [INFO] WebApp:191 - Connection restablished
2025-10-28 19:22:13,896 [WARN] PackLoader:240 - Cannot read IP mode file for STMicroelectronics.FP-SNS-MOTENV1.5.1.0
2025-10-28 19:22:13,898 [INFO] PopulateThirdPartyThread:66 - Ending populate Thread
2025-10-28 19:22:13,899 [INFO] ThirdParty:1030 - CMSIS Pack Vendor :STMicroelectronics FP-SNS-MOTENV1 5.1.0
2025-10-28 19:22:13,902 [INFO] LoadServerUpdatesThread:375 - End of LoadServerUpdate Thread
2025-10-28 19:22:14,031 [INFO] CheckServerUpdateThread:120 - End of CheckServer Thread
2025-10-28 19:22:14,780 [WARN] PackLoader:240 - Cannot read IP mode file for STMicroelectronics.FP-SNS-MOTENVWB1.1.4.0
2025-10-28 19:22:14,783 [WARN] PackLoader:240 - Cannot read IP mode file for STMicroelectronics.FP-ATR-ASTRA1.2.0.2
2025-10-28 19:22:14,787 [WARN] PackLoader:240 - Cannot read IP mode file for STMicroelectronics.X-CUBE-SMBUS.2.1.0
2025-10-28 19:22:14,790 [WARN] PackLoader:240 - Cannot read IP mode file for STMicroelectronics.X-CUBE-ST60.1.0.0
2025-10-28 19:22:14,805 [WARN] PackLoader:240 - Cannot read IP mode file for STMicroelectronics.X-CUBE-AZRTOS-F7.1.1.0
2025-10-28 19:22:14,809 [WARN] PackLoader:240 - Cannot read IP mode file for STMicroelectronics.FP-SNS-MOTENV1.5.1.0
2025-10-28 19:22:14,813 [WARN] PackLoader:240 - Cannot read IP mode file for WES.I-CUBE-Cesium.1.4.0
2025-10-28 19:22:14,828 [WARN] PackLoader:240 - Cannot read IP mode file for Infineon.AIROC-Wi-Fi-Bluetooth-STM32.1.7.1
2025-10-28 19:22:14,846 [WARN] PackLoader:240 - Cannot read IP mode file for STMicroelectronics.X-CUBE-AZRTOS-H7.3.4.0
2025-10-28 19:22:14,852 [WARN] PackLoader:240 - Cannot read IP mode file for STMicroelectronics.X-CUBE-DISPLAY.3.0.0
2025-10-28 19:22:14,859 [WARN] PackLoader:240 - Cannot read IP mode file for STMicroelectronics.X-CUBE-NFC10.1.0.0
2025-10-28 19:22:14,862 [WARN] PackLoader:240 - Cannot read IP mode file for STMicroelectronics.X-CUBE-ST60.1.1.0
2025-10-28 19:22:14,865 [WARN] PackLoader:240 - Cannot read IP mode file for emotas.I-CUBE-CANOPEN.1.3.0
2025-10-28 19:22:14,869 [WARN] PackLoader:240 - Cannot read IP mode file for STMicroelectronics.FP-SNS-STBOX1.2.1.0
2025-10-28 19:22:14,872 [WARN] PackLoader:240 - Cannot read IP mode file for STMicroelectronics.FP-SNS-SMARTAG2.1.2.0
2025-10-28 19:22:14,874 [WARN] PackLoader:240 - Cannot read IP mode file for STMicroelectronics.FP-SNS-FLIGHT1.5.1.0
2025-10-28 19:22:14,878 [INFO] LogOutputStream:77 - [STDOUT_REDIRECT] 1 : Invalid condition id : UX_CORESTACK_Condition cause : null
2025-10-28 19:22:14,878 [INFO] LogOutputStream:77 - [STDOUT_REDIRECT] 1 : Invalid condition id : UX_CORESTACK_Condition cause : null
2025-10-28 19:22:14,878 [INFO] LogOutputStream:77 - [STDOUT_REDIRECT] 1 : Invalid condition id : UX_CORESTACK_Condition cause : null
2025-10-28 19:22:14,878 [INFO] LogOutputStream:77 - [STDOUT_REDIRECT] 1 : Invalid condition id : UX_CORESTACK_Condition cause : null
2025-10-28 19:22:14,879 [INFO] LogOutputStream:77 - [STDOUT_REDIRECT] 1 : Invalid condition id : UX_CORESTACK_Condition cause : null
2025-10-28 19:22:14,880 [WARN] PackLoader:240 - Cannot read IP mode file for STMicroelectronics.X-CUBE-AZRTOS-WL.2.0.0
2025-10-28 19:22:14,882 [WARN] PackLoader:240 - Cannot read IP mode file for STMicroelectronics.FP-SNS-MOTENV1.5.0.0
2025-10-28 19:22:14,886 [WARN] PackLoader:240 - Cannot read IP mode file for STMicroelectronics.X-CUBE-BLE2.3.3.0
2025-10-28 19:22:14,889 [WARN] PackLoader:240 - Cannot read IP mode file for STMicroelectronics.X-CUBE-NFC9.1.0.0
2025-10-28 19:22:14,892 [WARN] PackLoader:240 - Cannot read IP mode file for wolfSSL.I-CUBE-wolfSSL.5.8.2
2025-10-28 19:22:14,894 [WARN] PackLoader:240 - Cannot read IP mode file for STMicroelectronics.X-CUBE-BLE1.7.1.0
2025-10-28 19:22:14,895 [WARN] PackLoader:240 - Cannot read IP mode file for wolfSSL.I-CUBE-wolfMQTT.1.19.2
2025-10-28 19:22:14,897 [WARN] PackLoader:240 - Cannot read IP mode file for STMicroelectronics.X-CUBE-EEPRMA1.5.2.0
2025-10-28 19:22:14,901 [WARN] PackLoader:240 - Cannot read IP mode file for STMicroelectronics.X-CUBE-ST67W61.1.1.0
2025-10-28 19:22:14,909 [WARN] PackLoader:240 - Cannot read IP mode file for STMicroelectronics.X-CUBE-AZRTOS-G0.1.1.0
2025-10-28 19:22:14,912 [WARN] PackLoader:240 - Cannot read IP mode file for STMicroelectronics.X-CUBE-SAFEA1.1.2.2
2025-10-28 19:22:14,915 [WARN] PackLoader:240 - Cannot read IP mode file for STMicroelectronics.X-CUBE-NFC4.3.0.0
2025-10-28 19:22:14,919 [WARN] PackLoader:240 - Cannot read IP mode file for EmbeddedOffice.I-CUBE-FS-RTOS.1.0.1
2025-10-28 19:22:14,921 [WARN] PackLoader:240 - Cannot read IP mode file for STMicroelectronics.X-CUBE-WB05N.2.0.0
2025-10-28 19:22:14,923 [WARN] PackLoader:240 - Cannot read IP mode file for wolfSSL.I-CUBE-wolfTPM.3.8.0
2025-10-28 19:22:14,925 [WARN] PackLoader:240 - Cannot read IP mode file for STMicroelectronics.X-CUBE-TCPP.4.2.0
2025-10-28 19:22:14,927 [WARN] PackLoader:240 - Cannot read IP mode file for RealThread.X-CUBE-RT-Thread_Nano.4.1.1
2025-10-28 19:22:14,929 [WARN] PackLoader:240 - Cannot read IP mode file for STMicroelectronics.FP-ATR-SIGFOX1.3.2.0
2025-10-28 19:22:14,931 [WARN] PackLoader:240 - Cannot read IP mode file for ITTIA_DB.I-CUBE-ITTIADB.8.9.0
2025-10-28 19:22:14,934 [WARN] PackLoader:240 - Cannot read IP mode file for STMicroelectronics.X-CUBE-ST67W61.1.0.0
2025-10-28 19:22:14,935 [WARN] PackLoader:240 - Cannot read IP mode file for STMicroelectronics.X-CUBE-AI.10.2.0
2025-10-28 19:22:14,947 [WARN] PackLoader:240 - Cannot read IP mode file for SEGGER.I-CUBE-embOS.1.3.1
2025-10-28 19:22:14,967 [WARN] PackLoader:240 - Cannot read IP mode file for STMicroelectronics.X-CUBE-ALGOBUILD.1.4.0
2025-10-28 19:22:14,990 [WARN] PackLoader:240 - Cannot read IP mode file for STMicroelectronics.X-CUBE-MEMS1.11.3.0
2025-10-28 19:22:15,053 [WARN] PackLoader:240 - Cannot read IP mode file for STMicroelectronics.X-CUBE-PM33A1.1.0.0
2025-10-28 19:22:15,061 [WARN] PackLoader:240 - Cannot read IP mode file for STMicroelectronics.X-CUBE-AZRTOS-F4.1.1.0
2025-10-28 19:22:15,064 [WARN] PackLoader:240 - Cannot read IP mode file for Avnet-IotConnect.X-CUBE-IoTC-DA16k-PMOD.1.0.0
2025-10-28 19:22:15,066 [WARN] PackLoader:240 - Cannot read IP mode file for STMicroelectronics.X-CUBE-ISPU.2.1.0
2025-10-28 19:22:15,073 [WARN] PackLoader:240 - Cannot read IP mode file for STMicroelectronics.X-CUBE-IPS.3.2.0
2025-10-28 19:22:15,079 [WARN] PackLoader:240 - Cannot read IP mode file for STMicroelectronics.X-CUBE-NFC12.1.0.0
2025-10-28 19:22:15,088 [WARN] PackLoader:240 - Cannot read IP mode file for STMicroelectronics.X-CUBE-AZRTOS-L5.2.0.0
2025-10-28 19:22:15,093 [WARN] PackLoader:240 - Cannot read IP mode file for STMicroelectronics.X-CUBE-NFC6.3.1.0
2025-10-28 19:22:15,096 [WARN] PackLoader:240 - Cannot read IP mode file for STMicroelectronics.X-CUBE-FREERTOS.1.3.1
2025-10-28 19:22:15,098 [WARN] PackLoader:240 - Cannot read IP mode file for STMicroelectronics.X-CUBE-TOUCHGFX.4.26.0
2025-10-28 19:22:15,100 [WARN] PackLoader:240 - Cannot read IP mode file for STMicroelectronics.FP-SNS-STAIOTCFT.1.0.0
2025-10-28 19:22:15,104 [WARN] PackLoader:240 - Cannot read IP mode file for STMicroelectronics.X-CUBE-DPower.1.3.0
2025-10-28 19:22:15,112 [WARN] ConditionMgr:438 - getConditionDescription Invalid condition id : LAN8742 Phy interface Condition cause : null
2025-10-28 19:22:15,112 [WARN] PackLoader:240 - Cannot read IP mode file for STMicroelectronics.X-CUBE-AZRTOS-L4.2.0.0
2025-10-28 19:22:15,113 [WARN] ConditionMgr:1044 - genDependencies : Invalid condition id : LAN8742 Phy interface Condition cause : null
2025-10-28 19:22:15,113 [WARN] ConditionMgr:1044 - genDependencies : Invalid condition id : LAN8742 Phy interface Condition cause : null
2025-10-28 19:22:15,114 [WARN] ConditionMgr:1044 - genDependencies : Invalid condition id : LAN8742 Phy interface Condition cause : null
2025-10-28 19:22:15,117 [WARN] PackLoader:240 - Cannot read IP mode file for STMicroelectronics.X-CUBE-SFXS2LP1.4.0.0
2025-10-28 19:22:15,128 [WARN] PackLoader:240 - Cannot read IP mode file for STMicroelectronics.X-CUBE-BLEMGR.4.1.0
2025-10-28 19:22:15,140 [WARN] ConditionMgr:438 - getConditionDescription Invalid condition id : UX DEVICE CLASS RTOS Condition cause : null
2025-10-28 19:22:15,141 [WARN] ConditionMgr:438 - getConditionDescription Invalid condition id : UX DEVICE CLASS RTOS Condition cause : null
2025-10-28 19:22:15,143 [WARN] PackLoader:240 - Cannot read IP mode file for STMicroelectronics.X-CUBE-AZRTOS-WB.2.0.0
2025-10-28 19:22:15,143 [WARN] ConditionMgr:1044 - genDependencies : Invalid condition id : UX DEVICE CLASS RTOS Condition cause : null
2025-10-28 19:22:15,143 [WARN] ConditionMgr:1044 - genDependencies : Invalid condition id : UX DEVICE CLASS RTOS Condition cause : null
2025-10-28 19:22:15,144 [WARN] ConditionMgr:1044 - genDependencies : Invalid condition id : UX DEVICE CLASS RTOS Condition cause : null
2025-10-28 19:22:15,144 [WARN] ConditionMgr:1044 - genDependencies : Invalid condition id : UX DEVICE CLASS RTOS Condition cause : null
2025-10-28 19:22:15,144 [WARN] ConditionMgr:1044 - genDependencies : Invalid condition id : UX DEVICE CLASS RTOS Condition cause : null
2025-10-28 19:22:15,147 [WARN] PackLoader:240 - Cannot read IP mode file for STMicroelectronics.X-CUBE-GNSS1.7.0.1
2025-10-28 19:22:15,150 [WARN] PackLoader:240 - Cannot read IP mode file for STMicroelectronics.X-CUBE-TOUCHGFX.4.25.0
2025-10-28 19:22:15,151 [WARN] ConditionMgr:438 - getConditionDescription Invalid condition id : Cortex-A Device cause : null
2025-10-28 19:22:15,157 [WARN] ConditionMgr:1044 - genDependencies : Invalid condition id : Cortex-A Device cause : null
2025-10-28 19:22:15,157 [WARN] ConditionMgr:1044 - genDependencies : Invalid condition id : Cortex-A Device cause : null
2025-10-28 19:22:15,157 [WARN] ConditionMgr:1044 - genDependencies : Invalid condition id : Cortex-A Device cause : null
2025-10-28 19:22:15,163 [WARN] PackLoader:240 - Cannot read IP mode file for STMicroelectronics.X-CUBE-SUBG2.5.0.0
2025-10-28 19:22:15,175 [WARN] PackLoader:240 - Cannot read IP mode file for STMicroelectronics.X-CUBE-AZRTOS-H7RS.1.1.0
2025-10-28 19:22:15,177 [WARN] PackLoader:240 - Cannot read IP mode file for Cesanta.I-CUBE-Mongoose.7.13.0
2025-10-28 19:22:15,184 [WARN] PackLoader:240 - Cannot read IP mode file for STMicroelectronics.X-CUBE-AZRTOS-G4.2.0.0
2025-10-28 19:22:15,187 [WARN] PackLoader:240 - Cannot read IP mode file for wolfSSL.I-CUBE-wolfSSH.1.4.20
2025-10-28 19:22:15,190 [WARN] PackLoader:240 - Cannot read IP mode file for STMicroelectronics.X-CUBE-NFC7.2.0.0
2025-10-28 19:22:15,196 [WARN] PackLoader:240 - Cannot read IP mode file for STMicroelectronics.X-CUBE-IPS.3.1.0
2025-10-28 19:22:15,203 [WARN] PackLoader:240 - Cannot read IP mode file for STMicroelectronics.X-CUBE-ALS.1.0.2
2025-10-28 19:22:15,207 [WARN] PackLoader:240 - Cannot read IP mode file for STMicroelectronics.X-CUBE-STSE01.1.0.0
2025-10-28 19:22:15,215 [WARN] PackLoader:240 - Cannot read IP mode file for STMicroelectronics.X-CUBE-TOF1.3.4.3
2025-10-28 19:22:15,224 [INFO] ThirdParty:978 - Integrity check success = true
2025-10-28 19:22:15,224 [INFO] IntegrityCheckThread:100 - exiting critical section [integrity check]
2025-10-28 19:22:15,224 [INFO] IntegrityCheckThread:103 - End integrity checks thread
2025-10-28 19:33:04,558 [INFO] McuFinderGlobals:63 - Set McuFinder mode to 2 (CubeIDE integrated)
2025-10-28 19:33:04,561 [INFO] MainUpdater:2872 - connection check result : 10
2025-10-28 19:33:04,561 [INFO] MainUpdater:2872 - connection check result : 10
2025-10-28 19:33:04,578 [INFO] MicroXplorer:468 - Change Database Path : 
2025-10-28 19:33:04,578 [INFO] MicroXplorer:498 - Change Database Version : DB.6.0.150
2025-10-28 19:33:04,581 [WARN] ThirdParty:871 - waiting for thirdparty lock release [close project]
2025-10-28 19:33:04,581 [INFO] ThirdParty:873 - entering critical section [close project]
2025-10-28 19:33:04,582 [INFO] ThirdParty:883 - exiting critical section [close project]
2025-10-28 19:33:04,584 [INFO] PinOutPanel:1589 - setPackage(No Configuration,No Configuration)
2025-10-28 19:33:04,585 [INFO] UtilMem:75 - Begin LoadConfig() Used Memory: 715615232 Bytes (959447040)
2025-10-28 19:33:04,586 [INFO] MicroXplorer:468 - Change Database Path : 
2025-10-28 19:33:04,586 [INFO] MicroXplorer:498 - Change Database Version : DB.6.0.150
2025-10-28 19:33:04,586 [INFO] OpenFileManager:355 - Change cursor
2025-10-28 19:33:04,619 [INFO] Mcu:2029 - Initializing MCU STM32F407V(E-G)Tx STM32F407VGTx STM32F407VGT6
2025-10-28 19:33:05,439 [INFO] Context:786 - Trying to add GPIOservice into a context  which must be forbidden
2025-10-28 19:33:05,875 [INFO] ImportTextPane:234 - (OptionalMessage_ERROR) Pin37 (VP_RIF_VS_RIF1) cannot be retrieved for this MCU
2025-10-28 19:33:05,956 [INFO] RtosManager:558 - Registered RTOS mode: class=CMSIS, group=RTOS, mode=CMSIS_V1, owner=FREERTOS
2025-10-28 19:33:05,957 [INFO] RtosManager:558 - Registered RTOS mode: class=CMSIS, group=RTOS2, mode=CMSIS_V2, owner=FREERTOS
2025-10-28 19:33:05,957 [INFO] RtosManager:558 - Registered RTOS mode: class=RTOS, group=Core, mode=CMSIS_V1, owner=FREERTOS
2025-10-28 19:33:05,957 [INFO] RtosManager:558 - Registered RTOS mode: class=RTOS, group=Core, mode=CMSIS_V2, owner=FREERTOS
2025-10-28 19:33:05,957 [WARN] ModelIntegratedComponent:184 - Missing modes for component STMicroelectronics:FreeRTOS:0.0.1:STMicroelectronics:RTOS:FreeRTOS:Core:::10.2.0:
2025-10-28 19:33:05,969 [WARN] ModelIntegratedComponent:63 - No mode defined for component null
2025-10-28 19:33:05,969 [WARN] ModelIntegratedComponent:63 - No mode defined for component null
2025-10-28 19:33:05,969 [WARN] ModelIntegratedComponent:63 - No mode defined for component null
2025-10-28 19:33:05,969 [WARN] ModelIntegratedComponent:63 - No mode defined for component null
2025-10-28 19:33:05,969 [WARN] ModelIntegratedComponent:63 - No mode defined for component null
2025-10-28 19:33:05,969 [WARN] ModelIntegratedComponent:63 - No mode defined for component null
2025-10-28 19:33:05,970 [WARN] ModelIntegratedComponent:63 - No mode defined for component null
2025-10-28 19:33:05,970 [WARN] ModelIntegratedComponent:63 - No mode defined for component null
2025-10-28 19:33:05,970 [WARN] ModelIntegratedComponent:63 - No mode defined for component null
2025-10-28 19:33:05,970 [WARN] ModelIntegratedComponent:63 - No mode defined for component null
2025-10-28 19:33:05,970 [WARN] ModelIntegratedComponent:63 - No mode defined for component null
2025-10-28 19:33:05,970 [WARN] ModelIntegratedComponent:63 - No mode defined for component null
2025-10-28 19:33:05,970 [WARN] ModelIntegratedComponent:63 - No mode defined for component null
2025-10-28 19:33:05,970 [WARN] ModelIntegratedComponent:63 - No mode defined for component null
2025-10-28 19:33:05,970 [WARN] ModelIntegratedComponent:63 - No mode defined for component null
2025-10-28 19:33:05,970 [WARN] ModelIntegratedComponent:63 - No mode defined for component null
2025-10-28 19:33:05,970 [WARN] ModelIntegratedComponent:63 - No mode defined for component null
2025-10-28 19:33:05,970 [WARN] ModelIntegratedComponent:63 - No mode defined for component null
2025-10-28 19:33:05,970 [WARN] ModelIntegratedComponent:63 - No mode defined for component null
2025-10-28 19:33:05,970 [WARN] ModelIntegratedComponent:63 - No mode defined for component null
2025-10-28 19:33:05,970 [WARN] ModelIntegratedComponent:63 - No mode defined for component null
2025-10-28 19:33:05,970 [WARN] ModelIntegratedComponent:63 - No mode defined for component null
2025-10-28 19:33:05,970 [WARN] ModelIntegratedComponent:63 - No mode defined for component null
2025-10-28 19:33:05,971 [WARN] ModelIntegratedComponent:63 - No mode defined for component null
2025-10-28 19:33:05,971 [WARN] ModelIntegratedComponent:63 - No mode defined for component null
2025-10-28 19:33:05,971 [WARN] ModelIntegratedComponent:63 - No mode defined for component null
2025-10-28 19:33:05,971 [WARN] ModelIntegratedComponent:63 - No mode defined for component null
2025-10-28 19:33:05,971 [WARN] ModelIntegratedComponent:63 - No mode defined for component null
2025-10-28 19:33:05,971 [WARN] ModelIntegratedComponent:63 - No mode defined for component null
2025-10-28 19:33:05,971 [WARN] ModelIntegratedComponent:63 - No mode defined for component null
2025-10-28 19:33:05,971 [WARN] ModelIntegratedComponent:63 - No mode defined for component null
2025-10-28 19:33:05,971 [WARN] ModelIntegratedComponent:63 - No mode defined for component null
2025-10-28 19:33:05,971 [WARN] ModelIntegratedComponent:63 - No mode defined for component null
2025-10-28 19:33:05,971 [WARN] ModelIntegratedComponent:63 - No mode defined for component null
2025-10-28 19:33:05,971 [WARN] ModelIntegratedComponent:63 - No mode defined for component null
2025-10-28 19:33:05,971 [WARN] ModelPack:524 - Component already loaded: STMicroelectronics:HAL Drivers:0.0.0:STMicroelectronics:Device:STMicro_Driver:XSPI:HAL::0.0.1:HAL_XSPI
2025-10-28 19:33:06,043 [INFO] ThirdPartyModel:298 - Start build external matchings
2025-10-28 19:33:06,431 [INFO] ThirdPartyModel:316 - End build external matchings
2025-10-28 19:33:06,443 [INFO] RtosManager:1018 - Current active RTOS is FREERTOS [Cortex-M4NS]
2025-10-28 19:33:06,615 [INFO] ApiDb:581 - Connected to CubeFinder SQLite database (/home/oleksii/.stmcufinder/plugins/mcufinder/mcu/cube-finder-db.db)
2025-10-28 19:33:06,648 [INFO] ApiDb:668 - CubeFinder database Data Model version=2.1
2025-10-28 19:33:06,648 [INFO] ApiDb:669 - CubeFinder database Configuration version=3.0.39
2025-10-28 19:33:06,649 [INFO] ApiDb:670 - CubeFinder database generation date=2025-08-25 (1756130511)
2025-10-28 19:33:06,649 [INFO] ApiDb:671 - CubeFinder database FW Pack versions=[FP-ATR-ASTRA1_V2.0.0, FP-SNS-FLIGHT1_V5.1.0, FP-SNS-MOTENV1_V5.0.0, FP-SNS-MOTENVWB1_V1.4.0, FP-SNS-SMARTAG2_V1.2.0, FP-SNS-STBOX1_V2.1.0, STM32Cube_FW_C0_V1.4.0, STM32Cube_FW_F4_V1.28.3, STM32Cube_FW_F7_V1.17.4, STM32Cube_FW_G0_V1.6.2, STM32Cube_FW_G4_V1.6.1, STM32Cube_FW_H5_V1.5.0, STM32Cube_FW_H7RS_V1.2.0, STM32Cube_FW_H7_V1.12.1, STM32Cube_FW_L0_V1.12.2, STM32Cube_FW_L4_V1.18.1, STM32Cube_FW_L5_V1.5.1, STM32Cube_FW_N6_V1.2.0, STM32Cube_FW_U0_V1.3.0, STM32Cube_FW_U3_V1.2.0, STM32Cube_FW_U5_V1.8.0, STM32Cube_FW_WB0_V1.3.0, STM32Cube_FW_WBA_V1.7.0, STM32Cube_FW_WB_V1.23.0, STM32Cube_FW_WL3_V1.2.0, STM32Cube_FW_WL_V1.3.1, X-CUBE-ALGOBUILD_V1.4.0, X-CUBE-ALS_V1.0.2, X-CUBE-AZRTOS-F4_V1.1.0, X-CUBE-AZRTOS-F7_V1.1.0, X-CUBE-AZRTOS-G0_V1.1.0, X-CUBE-AZRTOS-G4_V2.0.0, X-CUBE-AZRTOS-H7RS_V1.1.0, X-CUBE-AZRTOS-H7_V3.4.0, X-CUBE-AZRTOS-L4_V2.0.0, X-CUBE-AZRTOS-L5_V2.0.0, X-CUBE-AZRTOS-WB_V2.0.0, X-CUBE-AZRTOS-WL_V2.0.0, X-CUBE-BLE1_V7.1.0, X-CUBE-BLE2_V3.3.0, X-CUBE-BLEMGR_V4.1.0, X-CUBE-EEPRMA1_V5.2.0, X-CUBE-FREERTOS_V1.3.1, X-CUBE-GNSS1_V6.0.0, X-CUBE-MEMS1_V11.3.0, X-CUBE-NFC4_V3.0.0, X-CUBE-NFC7_V2.0.0, X-CUBE-SFXS2LP1_V4.0.0, X-CUBE-ST67W61_V1.0.0, X-CUBE-SUBG2_V5.0.0, X-CUBE-TOF1_V3.4.3]
2025-10-28 19:33:06,714 [INFO] DbBoardsSqlite:226 - include board P-NUCLEO-WB55-NUCLEO as a kit item of type 'Nucleo-64'
2025-10-28 19:33:06,714 [INFO] DbBoardsSqlite:226 - include board P-NUCLEO-WB55-USBDONGLE as a kit item of type 'Nucleo USB Dongle'
2025-10-28 19:33:06,715 [INFO] DbBoardsSqlite:226 - include board STEVAL-IDP005V1 as a kit item of type 'Evaluation Board'
2025-10-28 19:33:06,716 [INFO] DbBoardsSqlite:226 - include board STEVAL-IDP005V2 as a kit item of type 'Evaluation Board'
2025-10-28 19:33:06,788 [INFO] ApiDb:240 - Found 880 in-development CPN: [B-G473E-ZEST1S, B-WB1M-WPAN1, B-WBA5M-WPAN, B-WL5M-SUBG1, NUCLEO-C031C6, NUCLEO-C051C8, NUCLEO-C071RB, NUCLEO-C092RC, NUCLEO-H503RB, NUCLEO-H533RE, NUCLEO-H563ZI, NUCLEO-H7S3L8, NUCLEO-N657X0-Q, NUCLEO-U031R8, NUCLEO-U083RC, NUCLEO-U385RG-Q, NUCLEO-U545RE-Q, NUCLEO-U5A5ZJ-Q, NUCLEO-WB05KZ, NUCLEO-WB07CC, NUCLEO-WB09KE, NUCLEO-WBA52CG, NUCLEO-WBA55CG, NUCLEO-WL33CC1, NUCLEO-WL33CC2, STEVAL-PROTEUS1, STEVAL-SMARTAG2, STEVAL-STWINBX1, STM320518-EVAL, STM32C0116-DK, STM32C011D6Y3TR, STM32C011D6Y6TR, STM32C011F4P3, STM32C011F4P6, STM32C011F4U3, STM32C011F4U6TR, STM32C011F6P3, STM32C011F6P6, STM32C011F6U3, STM32C011F6U6TR, STM32C011J4M3, STM32C011J4M6, STM32C011J6M3, STM32C011J6M6, STM32C0316-DK, STM32C031C4T3, STM32C031C4T6, STM32C031C4U3, STM32C031C4U6, STM32C031C6T3, STM32C031C6T6, STM32C031C6U3, STM32C031C6U6, STM32C031F4P3, STM32C031F4P6, STM32C031F6P3, STM32C031F6P6, STM32C031G4U3, STM32C031G4U6, STM32C031G6U3, STM32C031G6U6, STM32C031K4T3, STM32C031K4T6, STM32C031K4U3, STM32C031K4U6, STM32C031K6T3, STM32C031K6T6, STM32C031K6U3, STM32C031K6U6, STM32C051C6T6, STM32C051C6U6, STM32C051C8T6, STM32C051C8U6, STM32C051D8Y6TR, STM32C051F6P6, STM32C051F8P6, STM32C051G6U6, STM32C051G8U6, STM32C051K6T6, STM32C051K6U6, STM32C051K8T6, STM32C071C8T6, STM32C071C8T6N, STM32C071C8U6, STM32C071C8U6N, STM32C071CBT6, STM32C071CBT6N, STM32C071CBU6, STM32C071CBU6N, STM32C071F8P6, STM32C071F8P6N, STM32C071FBP6, STM32C071FBP6N, STM32C071FBY6TR, STM32C071G8U6, STM32C071G8U6N, STM32C071GBU6, STM32C071GBU6N, STM32C071K8T6, STM32C071K8T6N, STM32C071K8U6, STM32C071K8U6N, STM32C071KBT6, STM32C071KBT6N, STM32C071KBU6, STM32C071KBU6N, STM32C071R8T6, STM32C071R8T6N, STM32C071RBI6N, STM32C071RBT6, STM32C071RBT6N, STM32C091CBT6, STM32C091CBU6, STM32C091CCT6, STM32C091CCU6, STM32C091ECY6TR, STM32C091FBP6, STM32C091FCP6, STM32C091GBU6, STM32C091GCU6, STM32C091KBT6, STM32C091KBU6, STM32C091KCT6, STM32C091KCU6, STM32C091RBT6, STM32C091RCI6, STM32C091RCT6, STM32C092CBT6, STM32C092CBU6, STM32C092CCT6, STM32C092CCU6, STM32C092ECY6TR, STM32C092FBP6, STM32C092FCP6, STM32C092GBU6, STM32C092GCU6, STM32C092KBT6, STM32C092KBU6, STM32C092KCT6, STM32C092KCU6, STM32C092RBT6, STM32C092RCI6, STM32C092RCT6, STM32G071K8TXN, STM32G071K8UXN, STM32G081GBU6N, STM32G081KBT6N, STM32G081KBUXN, STM32G0B1CCT6N, STM32G0B1KCT6, STM32G0B1NEY6TR, STM32G0B1RCT6N, STM32G0C1CCT6, STM32G0C1CCT6N, STM32G0C1CCU6N, STM32G0C1CET6N, STM32G0C1CEU6N, STM32G0C1KCT6, STM32G0C1NEY6TR, STM32G0C1RCI6N, STM32G0C1RCT6N, STM32G0C1REI6N, STM32G0C1RET6N, STM32G0C1VCI6, STM32G0C1VEI6, STM32G411C6T3, STM32G411C6T6, STM32G411C6U3, STM32G411C6U6, STM32G411C8T3, STM32G411C8T6, STM32G411C8U3, STM32G411C8U6, STM32G411CBT3, STM32G411CBT6, STM32G411CBU3, STM32G411CBU6, STM32G411K6T3, STM32G411K6T6, STM32G411K6U3, STM32G411K6U6, STM32G411K8T3, STM32G411K8T6, STM32G411K8U3, STM32G411K8U6, STM32G411KBT3, STM32G411KBT6, STM32G411KBU3, STM32G411KBU6, STM32G411M6T3, STM32G411M6T6, STM32G411M8T3, STM32G411M8T6, STM32G411MBT3, STM32G411MBT6, STM32G411R6T3, STM32G411R6T6, STM32G411R8T3, STM32G411R8T6, STM32G411RBT3, STM32G411RBT6, STM32G414CBT3, STM32G414CBT6, STM32G414CBU3, STM32G414CBU6, STM32G414CCT3, STM32G414CCT6, STM32G414CCU3, STM32G414CCU6, STM32G414MBT3, STM32G414MBT6, STM32G414MCT3, STM32G414MCT6, STM32G414RBT3, STM32G414RBT6, STM32G414RCT3, STM32G414RCT6, STM32G414VBT3, STM32G414VBT6, STM32G414VCT3, STM32G414VCT6, STM32G431CBT3Z, STM32G431RBT3Z, STM32G471CCT6, STM32G471CCU6, STM32G471CET3, STM32G471CET6, STM32G471CEU3, STM32G471CEU6, STM32G471MCT6, STM32G471MET3, STM32G471MET6, STM32G471MEY6TR, STM32G471QCT6, STM32G471QET3, STM32G471RCT6, STM32G471RET3, STM32G471RET6, STM32G471VCH6, STM32G471VCI6, STM32G471VCT6, STM32G471VEH3, STM32G471VEH6, STM32G471VEI3, STM32G471VEI6, STM32G471VET3, STM32G471VET6, STM32G473QET3Z, STM32G473RET3Z, STM32G474CCT6, STM32G491RET3Z, STM32H503CBT6, STM32H503CBU6, STM32H503EBY6TR, STM32H503KBU6, STM32H503RBT6, STM32H523CCT6, STM32H523CCU6, STM32H523CET6, STM32H523CEU6, STM32H523HEY6TR, STM32H523RCT6, STM32H523RET6, STM32H523VCI6, STM32H523VCT6, STM32H523VEI6, STM32H523VET6, STM32H523ZCJ6, STM32H523ZCT6, STM32H523ZEJ6, STM32H523ZET6, STM32H533CET6, STM32H533CEU6, STM32H533HEY6TR, STM32H533RET6, STM32H533VEI6, STM32H533VET6, STM32H533ZEJ6, STM32H533ZET6, STM32H562AGI6, STM32H562AII6, STM32H562IGK6, STM32H562IGT6, STM32H562IIK6, STM32H562IIT6, STM32H562RGT6, STM32H562RGV6, STM32H562RIT6, STM32H562RIV6, STM32H562VGT6, STM32H562VIT6, STM32H562ZGT6, STM32H562ZIT6, STM32H563AGI6, STM32H563AII3Q, STM32H563AII6, STM32H563IGK6, STM32H563IGT6, STM32H563IIK3Q, STM32H563IIK6, STM32H563IIT3Q, STM32H563IIT6, STM32H563MIY3QTR, STM32H563RGT6, STM32H563RGV6, STM32H563RIT6, STM32H563RIV6, STM32H563VGT6, STM32H563VIT3Q, STM32H563VIT6, STM32H563ZGT6, STM32H563ZIT3Q, STM32H563ZIT6, STM32H573AII3Q, STM32H573AII6, STM32H573I-DK, STM32H573IIK3Q, STM32H573IIK6, STM32H573IIT3Q, STM32H573IIT6, STM32H573MIY3QTR, STM32H573RIT6, STM32H573RIV6, STM32H573VIT3Q, STM32H573VIT6, STM32H573ZIT3Q, STM32H573ZIT6, STM32H7R3A8I6, STM32H7R3I8K6, STM32H7R3I8T6, STM32H7R3L8H6, STM32H7R3L8H6H, STM32H7R3R8V6, STM32H7R3V8H6, STM32H7R3V8T6, STM32H7R3V8Y6TR, STM32H7R3Z8J6, STM32H7R3Z8T6, STM32H7R7A8I6, STM32H7R7I8K6, STM32H7R7I8T6, STM32H7R7L8H6, STM32H7R7L8H6H, STM32H7R7Z8J6, STM32H7S3A8I6, STM32H7S3I8K6, STM32H7S3I8T6, STM32H7S3L8H6, STM32H7S3L8H6H, STM32H7S3R8V6, STM32H7S3V8H6, STM32H7S3V8T6, STM32H7S3V8Y6TR, STM32H7S3Z8J6, STM32H7S3Z8T6, STM32H7S78-DK, STM32H7S7A8I6, STM32H7S7I8K6, STM32H7S7I8T6, STM32H7S7L8H6, STM32H7S7L8H6H, STM32H7S7Z8J6, STM32L4R5QGI6STR, STM32MP131AAE3, STM32MP131AAF3, STM32MP131AAG3, STM32MP131CAE3, STM32MP131CAF3, STM32MP131CAG3, STM32MP131DAE7, STM32MP131DAF7, STM32MP131DAG7, STM32MP131FAE7, STM32MP131FAF7, STM32MP131FAG7, STM32MP133AAE3, STM32MP133AAF3, STM32MP133AAG3, STM32MP133CAE3, STM32MP133CAF3, STM32MP133CAG3, STM32MP133DAE7, STM32MP133DAF7, STM32MP133DAG7, STM32MP133FAE7, STM32MP133FAF7, STM32MP133FAG7, STM32MP135AAE3, STM32MP135AAF3, STM32MP135AAG3, STM32MP135CAE3, STM32MP135CAF3, STM32MP135CAG3, STM32MP135DAE7, STM32MP135DAF7, STM32MP135DAG7, STM32MP135F-DK, STM32MP135FAE7, STM32MP135FAF7, STM32MP135FAF7T, STM32MP135FAF7U, STM32MP135FAG7, STM32MP211AAL3, STM32MP211AAM3, STM32MP211AAN3, STM32MP211AAO3, STM32MP211CAL3, STM32MP211CAM3, STM32MP211CAN3, STM32MP211CAO3, STM32MP211DAL3, STM32MP211DAM3, STM32MP211DAN3, STM32MP211DAO3, STM32MP211FAL3, STM32MP211FAM3, STM32MP211FAN3, STM32MP211FAO3, STM32MP213AAL3, STM32MP213AAM3, STM32MP213AAN3, STM32MP213AAO3, STM32MP213CAL3, STM32MP213CAM3, STM32MP213CAN3, STM32MP213CAO3, STM32MP213DAL3, STM32MP213DAM3, STM32MP213DAN3, STM32MP213DAO3, STM32MP213FAL3, STM32MP213FAM3, STM32MP213FAN3, STM32MP213FAO3, STM32MP215AAL3, STM32MP215AAM3, STM32MP215AAN3, STM32MP215AAO3, STM32MP215CAL3, STM32MP215CAM3, STM32MP215CAN3, STM32MP215CAO3, STM32MP215DAL3, STM32MP215DAM3, STM32MP215DAN3, STM32MP215DAO3, STM32MP215F-DK, STM32MP215FAL3, STM32MP215FAM3, STM32MP215FAN3, STM32MP215FAO3, STM32MP231AAJ3, STM32MP231AAK3, STM32MP231AAL3, STM32MP231CAJ3, STM32MP231CAK3, STM32MP231CAL3, STM32MP231DAJ3, STM32MP231DAK3, STM32MP231DAL3, STM32MP231FAJ3, STM32MP231FAK3, STM32MP231FAL3, STM32MP233AAJ3, STM32MP233AAK3, STM32MP233AAL3, STM32MP233CAJ3, STM32MP233CAK3, STM32MP233CAL3, STM32MP233DAJ3, STM32MP233DAK3, STM32MP233DAL3, STM32MP233FAJ3, STM32MP233FAK3, STM32MP233FAL3, STM32MP235AAJ3, STM32MP235AAK3, STM32MP235AAL3, STM32MP235CAJ3, STM32MP235CAK3, STM32MP235CAL3, STM32MP235DAJ3, STM32MP235DAK3, STM32MP235DAL3, STM32MP235FAJ3, STM32MP235FAK3, STM32MP235FAL3, STM32MP251AAI3, STM32MP251AAK3, STM32MP251AAL3, STM32MP251CAI3, STM32MP251CAK3, STM32MP251CAL3, STM32MP251DAI3, STM32MP251DAK3, STM32MP251DAL3, STM32MP251FAI3, STM32MP251FAK3, STM32MP251FAL3, STM32MP253AAI3, STM32MP253AAK3, STM32MP253AAL3, STM32MP253CAI3, STM32MP253CAK3, STM32MP253CAL3, STM32MP253DAI3, STM32MP253DAK3, STM32MP253DAL3, STM32MP253FAI3, STM32MP253FAK3, STM32MP253FAL3, STM32MP255AAI3, STM32MP255AAK3, STM32MP255AAL3, STM32MP255CAI3, STM32MP255CAK3, STM32MP255CAL3, STM32MP255DAI3, STM32MP255DAK3, STM32MP255DAL3, STM32MP255FAI3, STM32MP255FAK3, STM32MP255FAL3, STM32MP257AAI3, STM32MP257AAK3, STM32MP257AAL3, STM32MP257CAI3, STM32MP257CAK3, STM32MP257CAL3, STM32MP257DAI3, STM32MP257DAK3, STM32MP257DAL3, STM32MP257F-DK, STM32MP257F-EV1, STM32MP257FAI3, STM32MP257FAK3, STM32MP257FAL3, STM32N645A0H3Q, STM32N645B0H3Q, STM32N645I0H3Q, STM32N645L0H3Q, STM32N645X0H3Q, STM32N645Z0H3Q, STM32N647A0H3Q, STM32N647B0H3Q, STM32N647I0H3Q, STM32N647L0H3Q, STM32N647X0H3Q, STM32N647Z0H3Q, STM32N655A0H3Q, STM32N655B0H3Q, STM32N655I0H3Q, STM32N655L0H3Q, STM32N655X0H3Q, STM32N655Z0H3Q, STM32N6570-DK, STM32N657A0H3Q, STM32N657B0H3Q, STM32N657I0H3Q, STM32N657L0H3Q, STM32N657X0H3Q, STM32N657Z0H3Q, STM32U031C6T6, STM32U031C6U6, STM32U031C8T6, STM32U031C8U6, STM32U031F4P6, STM32U031F6P6, STM32U031F8P6, STM32U031G6Y6TR, STM32U031G8Y6TR, STM32U031K4U6, STM32U031K6U6, STM32U031K8U6, STM32U031R6I6, STM32U031R6T6, STM32U031R8I6, STM32U031R8T6, STM32U073C8T6, STM32U073C8U6, STM32U073CBT6, STM32U073CBU6, STM32U073CCT6, STM32U073CCU6, STM32U073H8Y6TR, STM32U073HBY6TR, STM32U073HCY6TR, STM32U073K8U6, STM32U073KBU6, STM32U073KCU6, STM32U073M8I6, STM32U073M8T6, STM32U073MBI6, STM32U073MBT6, STM32U073MCI6, STM32U073MCT6, STM32U073R8I6, STM32U073R8T6, STM32U073RBI6, STM32U073RBT6, STM32U073RCI6, STM32U073RCT6, STM32U083C-DK, STM32U083CCT6, STM32U083CCU6, STM32U083HCY6TR, STM32U083KCU6, STM32U083MCI6, STM32U083MCT6, STM32U083RCI6, STM32U083RCT6, STM32U375CET6, STM32U375CET6Q, STM32U375CEU6, STM32U375CEU6Q, STM32U375CEY6QTR, STM32U375CGT6, STM32U375CGT6Q, STM32U375CGU6, STM32U375CGU6Q, STM32U375CGY6QTR, STM32U375KEU6, STM32U375KGU6, STM32U375REI6, STM32U375REI6Q, STM32U375RET6, STM32U375RET6Q, STM32U375REY6GTR, STM32U375REY6QTR, STM32U375RGI6, STM32U375RGI6Q, STM32U375RGT6, STM32U375RGT6Q, STM32U375RGY6GTR, STM32U375RGY6QTR, STM32U375VEI6, STM32U375VEI6Q, STM32U375VET6, STM32U375VET6Q, STM32U375VGI6, STM32U375VGI6Q, STM32U375VGT6, STM32U375VGT6Q, STM32U385CGT6, STM32U385CGT6Q, STM32U385CGU6, STM32U385CGU6Q, STM32U385CGY6QTR, STM32U385KGU6, STM32U385RGI6, STM32U385RGI6Q, STM32U385RGT6, STM32U385RGT6Q, STM32U385RGY6GTR, STM32U385RGY6QTR, STM32U385VGI6, STM32U385VGI6Q, STM32U385VGT6, STM32U385VGT6Q, STM32U535CBT6, STM32U535CBT6Q, STM32U535CBU6, STM32U535CBU6Q, STM32U535CCT6, STM32U535CCT6Q, STM32U535CCU6, STM32U535CCU6Q, STM32U535CET6, STM32U535CET6Q, STM32U535CEU6, STM32U535CEU6Q, STM32U535JEY6QTR, STM32U535NCY6QTR, STM32U535NEY6QTR, STM32U535RBI6, STM32U535RBI6Q, STM32U535RBT6, STM32U535RBT6Q, STM32U535RCI6, STM32U535RCI6Q, STM32U535RCT6, STM32U535RCT6Q, STM32U535REI6, STM32U535REI6Q, STM32U535RET6, STM32U535RET6Q, STM32U535VCI6, STM32U535VCI6Q, STM32U535VCT6, STM32U535VCT6Q, STM32U535VEI6, STM32U535VEI6Q, STM32U535VET6, STM32U535VET6Q, STM32U545CET6, STM32U545CET6Q, STM32U545CEU6, STM32U545CEU6Q, STM32U545JEY6QTR, STM32U545NEY6QTR, STM32U545REI6, STM32U545REI6Q, STM32U545RET6, STM32U545RET6Q, STM32U545VEI6, STM32U545VEI6Q, STM32U545VET6, STM32U545VET6Q, STM32U595AIH6, STM32U595AIH6Q, STM32U595AJH6, STM32U595AJH6Q, STM32U595QII6, STM32U595QII6Q, STM32U595QJI6, STM32U595QJI6Q, STM32U595RIT6, STM32U595RIT6Q, STM32U595RJT6, STM32U595RJT6Q, STM32U595VIT6, STM32U595VIT6Q, STM32U595VJT6, STM32U595VJT6Q, STM32U595ZIT6, STM32U595ZIT6Q, STM32U595ZIY6QTR, STM32U595ZJT6, STM32U595ZJT6Q, STM32U595ZJY6QTR, STM32U599BJY6QTR, STM32U599NIH6Q, STM32U599NJH6Q, STM32U599VIT6Q, STM32U599VJT6, STM32U599VJT6Q, STM32U599ZIT6Q, STM32U599ZIY6QTR, STM32U599ZJT6Q, STM32U599ZJY6QTR, STM32U5A5AJH6, STM32U5A5AJH6Q, STM32U5A5QII3Q , STM32U5A5QJI6, STM32U5A5QJI6Q, STM32U5A5RJT6, STM32U5A5RJT6Q, STM32U5A5VJT6, STM32U5A5VJT6Q, STM32U5A5ZJT6, STM32U5A5ZJT6Q, STM32U5A5ZJY6QTR, STM32U5A9BJY6QTR, STM32U5A9J-DK, STM32U5A9NJH6Q, STM32U5A9VJT6Q, STM32U5A9ZJT6Q, STM32U5A9ZJY6QTR, STM32U5F7VIT6, STM32U5F7VIT6Q, STM32U5F7VJT6, STM32U5F7VJT6Q, STM32U5F9BJY6QTR, STM32U5F9NJH6Q, STM32U5F9VIT6Q, STM32U5F9VJT6Q, STM32U5F9ZIJ6QTR, STM32U5F9ZIT6Q, STM32U5F9ZJJ6QTR, STM32U5F9ZJT6Q, STM32U5G7VJT6, STM32U5G7VJT6Q, STM32U5G9BJY6QTR, STM32U5G9J-DK1, STM32U5G9J-DK2, STM32U5G9NJH6Q, STM32U5G9VJT6Q, STM32U5G9ZJJ6QTR, STM32U5G9ZJT6Q, STM32WB05KZV6TR, STM32WB05KZV7TR, STM32WB05TZF6TR, STM32WB05TZF7TR, STM32WB06CCF6TR, STM32WB06CCF7TR, STM32WB06CCV6TR, STM32WB06CCV7TR, STM32WB06KCV6TR, STM32WB06KCV7TR, STM32WB07CCF6TR, STM32WB07CCF7TR, STM32WB07CCV6TR, STM32WB07CCV7TR, STM32WB07KCV6TR, STM32WB07KCV7TR, STM32WB09KEV6TR, STM32WB09KEV7TR, STM32WB09TEF6TR, STM32WB09TEF7TR, STM32WB1MMCH6, STM32WBA50KGU6, STM32WBA50KGU6TR, STM32WBA52CEU6, STM32WBA52CEU6TR, STM32WBA52CEU7, STM32WBA52CEU7TR, STM32WBA52CGU6, STM32WBA52CGU6TR, STM32WBA52CGU6U, STM32WBA52CGU7, STM32WBA52CGU7TR, STM32WBA52KEU6, STM32WBA52KEU6TR, STM32WBA52KGU6, STM32WBA52KGU6TR, STM32WBA54CEU6, STM32WBA54CEU6TR, STM32WBA54CEU7, STM32WBA54CEU7TR, STM32WBA54CGU6, STM32WBA54CGU6TR, STM32WBA54CGU7, STM32WBA54CGU7TR, STM32WBA54KEU6, STM32WBA54KEU6TR, STM32WBA54KEU7, STM32WBA54KEU7TR, STM32WBA54KGU6, STM32WBA54KGU6TR, STM32WBA54KGU7, STM32WBA54KGU7TR, STM32WBA55CEU6, STM32WBA55CEU6TR, STM32WBA55CEU7, STM32WBA55CEU7TR, STM32WBA55CGU6, STM32WBA55CGU6TR, STM32WBA55CGU6U, STM32WBA55CGU7, STM32WBA55CGU7TR, STM32WBA55G-DK1, STM32WBA55HEF6, STM32WBA55HEF7, STM32WBA55HGF6, STM32WBA55HGF7, STM32WBA55UEI6, STM32WBA55UEI6TR, STM32WBA55UEI7, STM32WBA55UEI7TR, STM32WBA55UGI6, STM32WBA55UGI6TR, STM32WBA55UGI7, STM32WBA55UGI7TR, STM32WBA5MMGH6TR, STM32WBA62MGF6, STM32WBA62MIF6, STM32WBA65MGF7, STM32WBA65MIF6, STM32WBA65MIF7, STM32WL30K8V6, STM32WL30KBV6, STM32WL31C8V6, STM32WL31CBV6, STM32WL31K8V6, STM32WL31KBV6, STM32WL33C8V6, STM32WL33C8V6X, STM32WL33CBV6, STM32WL33CBV6X, STM32WL33CCV6, STM32WL33CCV6A, STM32WL33CCV6X, STM32WL33K8V7, STM32WL33K8V7X, STM32WL33KBV7 , STM32WL33KBV7X, STM32WL33KCV7, STM32WL33KCV7X, STM32WL5MOCH6, STM32WL5MOCH6TR]
2025-10-28 19:33:06,858 [INFO] BoardInfo:889 - No configuration file found for board P-NUCLEO-WB55
2025-10-28 19:33:06,858 [INFO] DbBoards:161 - Kit is not supported: P-NUCLEO-WB55
2025-10-28 19:33:06,861 [INFO] BoardInfo:889 - No configuration file found for board STEVAL-BFA001V1B
2025-10-28 19:33:06,861 [INFO] DbBoards:161 - Kit is not supported: STEVAL-BFA001V1B
2025-10-28 19:33:06,862 [INFO] BoardInfo:889 - No configuration file found for board STEVAL-BFA001V2B
2025-10-28 19:33:06,862 [INFO] DbBoards:161 - Kit is not supported: STEVAL-BFA001V2B
2025-10-28 19:33:06,928 [INFO] DbBoards:168 - Found 212 boards, 209 are supported
2025-10-28 19:33:06,928 [INFO] DbBoards:169 - Found 212 boards, 43 of them is supported for  Bsp
2025-10-28 19:33:06,930 [INFO] ApiDb:668 - CubeFinder database Data Model version=2.1
2025-10-28 19:33:06,930 [INFO] ApiDb:669 - CubeFinder database Configuration version=3.0.39
2025-10-28 19:33:06,930 [INFO] ApiDb:670 - CubeFinder database generation date=2025-08-25 (1756130511)
2025-10-28 19:33:06,930 [INFO] ApiDb:671 - CubeFinder database FW Pack versions=[FP-ATR-ASTRA1_V2.0.0, FP-SNS-FLIGHT1_V5.1.0, FP-SNS-MOTENV1_V5.0.0, FP-SNS-MOTENVWB1_V1.4.0, FP-SNS-SMARTAG2_V1.2.0, FP-SNS-STBOX1_V2.1.0, STM32Cube_FW_C0_V1.4.0, STM32Cube_FW_F4_V1.28.3, STM32Cube_FW_F7_V1.17.4, STM32Cube_FW_G0_V1.6.2, STM32Cube_FW_G4_V1.6.1, STM32Cube_FW_H5_V1.5.0, STM32Cube_FW_H7RS_V1.2.0, STM32Cube_FW_H7_V1.12.1, STM32Cube_FW_L0_V1.12.2, STM32Cube_FW_L4_V1.18.1, STM32Cube_FW_L5_V1.5.1, STM32Cube_FW_N6_V1.2.0, STM32Cube_FW_U0_V1.3.0, STM32Cube_FW_U3_V1.2.0, STM32Cube_FW_U5_V1.8.0, STM32Cube_FW_WB0_V1.3.0, STM32Cube_FW_WBA_V1.7.0, STM32Cube_FW_WB_V1.23.0, STM32Cube_FW_WL3_V1.2.0, STM32Cube_FW_WL_V1.3.1, X-CUBE-ALGOBUILD_V1.4.0, X-CUBE-ALS_V1.0.2, X-CUBE-AZRTOS-F4_V1.1.0, X-CUBE-AZRTOS-F7_V1.1.0, X-CUBE-AZRTOS-G0_V1.1.0, X-CUBE-AZRTOS-G4_V2.0.0, X-CUBE-AZRTOS-H7RS_V1.1.0, X-CUBE-AZRTOS-H7_V3.4.0, X-CUBE-AZRTOS-L4_V2.0.0, X-CUBE-AZRTOS-L5_V2.0.0, X-CUBE-AZRTOS-WB_V2.0.0, X-CUBE-AZRTOS-WL_V2.0.0, X-CUBE-BLE1_V7.1.0, X-CUBE-BLE2_V3.3.0, X-CUBE-BLEMGR_V4.1.0, X-CUBE-EEPRMA1_V5.2.0, X-CUBE-FREERTOS_V1.3.1, X-CUBE-GNSS1_V6.0.0, X-CUBE-MEMS1_V11.3.0, X-CUBE-NFC4_V3.0.0, X-CUBE-NFC7_V2.0.0, X-CUBE-SFXS2LP1_V4.0.0, X-CUBE-ST67W61_V1.0.0, X-CUBE-SUBG2_V5.0.0, X-CUBE-TOF1_V3.4.3]
2025-10-28 19:33:08,783 [INFO] ApiDb:240 - Found 880 in-development CPN: [B-G473E-ZEST1S, B-WB1M-WPAN1, B-WBA5M-WPAN, B-WL5M-SUBG1, NUCLEO-C031C6, NUCLEO-C051C8, NUCLEO-C071RB, NUCLEO-C092RC, NUCLEO-H503RB, NUCLEO-H533RE, NUCLEO-H563ZI, NUCLEO-H7S3L8, NUCLEO-N657X0-Q, NUCLEO-U031R8, NUCLEO-U083RC, NUCLEO-U385RG-Q, NUCLEO-U545RE-Q, NUCLEO-U5A5ZJ-Q, NUCLEO-WB05KZ, NUCLEO-WB07CC, NUCLEO-WB09KE, NUCLEO-WBA52CG, NUCLEO-WBA55CG, NUCLEO-WL33CC1, NUCLEO-WL33CC2, STEVAL-PROTEUS1, STEVAL-SMARTAG2, STEVAL-STWINBX1, STM320518-EVAL, STM32C0116-DK, STM32C011D6Y3TR, STM32C011D6Y6TR, STM32C011F4P3, STM32C011F4P6, STM32C011F4U3, STM32C011F4U6TR, STM32C011F6P3, STM32C011F6P6, STM32C011F6U3, STM32C011F6U6TR, STM32C011J4M3, STM32C011J4M6, STM32C011J6M3, STM32C011J6M6, STM32C0316-DK, STM32C031C4T3, STM32C031C4T6, STM32C031C4U3, STM32C031C4U6, STM32C031C6T3, STM32C031C6T6, STM32C031C6U3, STM32C031C6U6, STM32C031F4P3, STM32C031F4P6, STM32C031F6P3, STM32C031F6P6, STM32C031G4U3, STM32C031G4U6, STM32C031G6U3, STM32C031G6U6, STM32C031K4T3, STM32C031K4T6, STM32C031K4U3, STM32C031K4U6, STM32C031K6T3, STM32C031K6T6, STM32C031K6U3, STM32C031K6U6, STM32C051C6T6, STM32C051C6U6, STM32C051C8T6, STM32C051C8U6, STM32C051D8Y6TR, STM32C051F6P6, STM32C051F8P6, STM32C051G6U6, STM32C051G8U6, STM32C051K6T6, STM32C051K6U6, STM32C051K8T6, STM32C071C8T6, STM32C071C8T6N, STM32C071C8U6, STM32C071C8U6N, STM32C071CBT6, STM32C071CBT6N, STM32C071CBU6, STM32C071CBU6N, STM32C071F8P6, STM32C071F8P6N, STM32C071FBP6, STM32C071FBP6N, STM32C071FBY6TR, STM32C071G8U6, STM32C071G8U6N, STM32C071GBU6, STM32C071GBU6N, STM32C071K8T6, STM32C071K8T6N, STM32C071K8U6, STM32C071K8U6N, STM32C071KBT6, STM32C071KBT6N, STM32C071KBU6, STM32C071KBU6N, STM32C071R8T6, STM32C071R8T6N, STM32C071RBI6N, STM32C071RBT6, STM32C071RBT6N, STM32C091CBT6, STM32C091CBU6, STM32C091CCT6, STM32C091CCU6, STM32C091ECY6TR, STM32C091FBP6, STM32C091FCP6, STM32C091GBU6, STM32C091GCU6, STM32C091KBT6, STM32C091KBU6, STM32C091KCT6, STM32C091KCU6, STM32C091RBT6, STM32C091RCI6, STM32C091RCT6, STM32C092CBT6, STM32C092CBU6, STM32C092CCT6, STM32C092CCU6, STM32C092ECY6TR, STM32C092FBP6, STM32C092FCP6, STM32C092GBU6, STM32C092GCU6, STM32C092KBT6, STM32C092KBU6, STM32C092KCT6, STM32C092KCU6, STM32C092RBT6, STM32C092RCI6, STM32C092RCT6, STM32G071K8TXN, STM32G071K8UXN, STM32G081GBU6N, STM32G081KBT6N, STM32G081KBUXN, STM32G0B1CCT6N, STM32G0B1KCT6, STM32G0B1NEY6TR, STM32G0B1RCT6N, STM32G0C1CCT6, STM32G0C1CCT6N, STM32G0C1CCU6N, STM32G0C1CET6N, STM32G0C1CEU6N, STM32G0C1KCT6, STM32G0C1NEY6TR, STM32G0C1RCI6N, STM32G0C1RCT6N, STM32G0C1REI6N, STM32G0C1RET6N, STM32G0C1VCI6, STM32G0C1VEI6, STM32G411C6T3, STM32G411C6T6, STM32G411C6U3, STM32G411C6U6, STM32G411C8T3, STM32G411C8T6, STM32G411C8U3, STM32G411C8U6, STM32G411CBT3, STM32G411CBT6, STM32G411CBU3, STM32G411CBU6, STM32G411K6T3, STM32G411K6T6, STM32G411K6U3, STM32G411K6U6, STM32G411K8T3, STM32G411K8T6, STM32G411K8U3, STM32G411K8U6, STM32G411KBT3, STM32G411KBT6, STM32G411KBU3, STM32G411KBU6, STM32G411M6T3, STM32G411M6T6, STM32G411M8T3, STM32G411M8T6, STM32G411MBT3, STM32G411MBT6, STM32G411R6T3, STM32G411R6T6, STM32G411R8T3, STM32G411R8T6, STM32G411RBT3, STM32G411RBT6, STM32G414CBT3, STM32G414CBT6, STM32G414CBU3, STM32G414CBU6, STM32G414CCT3, STM32G414CCT6, STM32G414CCU3, STM32G414CCU6, STM32G414MBT3, STM32G414MBT6, STM32G414MCT3, STM32G414MCT6, STM32G414RBT3, STM32G414RBT6, STM32G414RCT3, STM32G414RCT6, STM32G414VBT3, STM32G414VBT6, STM32G414VCT3, STM32G414VCT6, STM32G431CBT3Z, STM32G431RBT3Z, STM32G471CCT6, STM32G471CCU6, STM32G471CET3, STM32G471CET6, STM32G471CEU3, STM32G471CEU6, STM32G471MCT6, STM32G471MET3, STM32G471MET6, STM32G471MEY6TR, STM32G471QCT6, STM32G471QET3, STM32G471RCT6, STM32G471RET3, STM32G471RET6, STM32G471VCH6, STM32G471VCI6, STM32G471VCT6, STM32G471VEH3, STM32G471VEH6, STM32G471VEI3, STM32G471VEI6, STM32G471VET3, STM32G471VET6, STM32G473QET3Z, STM32G473RET3Z, STM32G474CCT6, STM32G491RET3Z, STM32H503CBT6, STM32H503CBU6, STM32H503EBY6TR, STM32H503KBU6, STM32H503RBT6, STM32H523CCT6, STM32H523CCU6, STM32H523CET6, STM32H523CEU6, STM32H523HEY6TR, STM32H523RCT6, STM32H523RET6, STM32H523VCI6, STM32H523VCT6, STM32H523VEI6, STM32H523VET6, STM32H523ZCJ6, STM32H523ZCT6, STM32H523ZEJ6, STM32H523ZET6, STM32H533CET6, STM32H533CEU6, STM32H533HEY6TR, STM32H533RET6, STM32H533VEI6, STM32H533VET6, STM32H533ZEJ6, STM32H533ZET6, STM32H562AGI6, STM32H562AII6, STM32H562IGK6, STM32H562IGT6, STM32H562IIK6, STM32H562IIT6, STM32H562RGT6, STM32H562RGV6, STM32H562RIT6, STM32H562RIV6, STM32H562VGT6, STM32H562VIT6, STM32H562ZGT6, STM32H562ZIT6, STM32H563AGI6, STM32H563AII3Q, STM32H563AII6, STM32H563IGK6, STM32H563IGT6, STM32H563IIK3Q, STM32H563IIK6, STM32H563IIT3Q, STM32H563IIT6, STM32H563MIY3QTR, STM32H563RGT6, STM32H563RGV6, STM32H563RIT6, STM32H563RIV6, STM32H563VGT6, STM32H563VIT3Q, STM32H563VIT6, STM32H563ZGT6, STM32H563ZIT3Q, STM32H563ZIT6, STM32H573AII3Q, STM32H573AII6, STM32H573I-DK, STM32H573IIK3Q, STM32H573IIK6, STM32H573IIT3Q, STM32H573IIT6, STM32H573MIY3QTR, STM32H573RIT6, STM32H573RIV6, STM32H573VIT3Q, STM32H573VIT6, STM32H573ZIT3Q, STM32H573ZIT6, STM32H7R3A8I6, STM32H7R3I8K6, STM32H7R3I8T6, STM32H7R3L8H6, STM32H7R3L8H6H, STM32H7R3R8V6, STM32H7R3V8H6, STM32H7R3V8T6, STM32H7R3V8Y6TR, STM32H7R3Z8J6, STM32H7R3Z8T6, STM32H7R7A8I6, STM32H7R7I8K6, STM32H7R7I8T6, STM32H7R7L8H6, STM32H7R7L8H6H, STM32H7R7Z8J6, STM32H7S3A8I6, STM32H7S3I8K6, STM32H7S3I8T6, STM32H7S3L8H6, STM32H7S3L8H6H, STM32H7S3R8V6, STM32H7S3V8H6, STM32H7S3V8T6, STM32H7S3V8Y6TR, STM32H7S3Z8J6, STM32H7S3Z8T6, STM32H7S78-DK, STM32H7S7A8I6, STM32H7S7I8K6, STM32H7S7I8T6, STM32H7S7L8H6, STM32H7S7L8H6H, STM32H7S7Z8J6, STM32L4R5QGI6STR, STM32MP131AAE3, STM32MP131AAF3, STM32MP131AAG3, STM32MP131CAE3, STM32MP131CAF3, STM32MP131CAG3, STM32MP131DAE7, STM32MP131DAF7, STM32MP131DAG7, STM32MP131FAE7, STM32MP131FAF7, STM32MP131FAG7, STM32MP133AAE3, STM32MP133AAF3, STM32MP133AAG3, STM32MP133CAE3, STM32MP133CAF3, STM32MP133CAG3, STM32MP133DAE7, STM32MP133DAF7, STM32MP133DAG7, STM32MP133FAE7, STM32MP133FAF7, STM32MP133FAG7, STM32MP135AAE3, STM32MP135AAF3, STM32MP135AAG3, STM32MP135CAE3, STM32MP135CAF3, STM32MP135CAG3, STM32MP135DAE7, STM32MP135DAF7, STM32MP135DAG7, STM32MP135F-DK, STM32MP135FAE7, STM32MP135FAF7, STM32MP135FAF7T, STM32MP135FAF7U, STM32MP135FAG7, STM32MP211AAL3, STM32MP211AAM3, STM32MP211AAN3, STM32MP211AAO3, STM32MP211CAL3, STM32MP211CAM3, STM32MP211CAN3, STM32MP211CAO3, STM32MP211DAL3, STM32MP211DAM3, STM32MP211DAN3, STM32MP211DAO3, STM32MP211FAL3, STM32MP211FAM3, STM32MP211FAN3, STM32MP211FAO3, STM32MP213AAL3, STM32MP213AAM3, STM32MP213AAN3, STM32MP213AAO3, STM32MP213CAL3, STM32MP213CAM3, STM32MP213CAN3, STM32MP213CAO3, STM32MP213DAL3, STM32MP213DAM3, STM32MP213DAN3, STM32MP213DAO3, STM32MP213FAL3, STM32MP213FAM3, STM32MP213FAN3, STM32MP213FAO3, STM32MP215AAL3, STM32MP215AAM3, STM32MP215AAN3, STM32MP215AAO3, STM32MP215CAL3, STM32MP215CAM3, STM32MP215CAN3, STM32MP215CAO3, STM32MP215DAL3, STM32MP215DAM3, STM32MP215DAN3, STM32MP215DAO3, STM32MP215F-DK, STM32MP215FAL3, STM32MP215FAM3, STM32MP215FAN3, STM32MP215FAO3, STM32MP231AAJ3, STM32MP231AAK3, STM32MP231AAL3, STM32MP231CAJ3, STM32MP231CAK3, STM32MP231CAL3, STM32MP231DAJ3, STM32MP231DAK3, STM32MP231DAL3, STM32MP231FAJ3, STM32MP231FAK3, STM32MP231FAL3, STM32MP233AAJ3, STM32MP233AAK3, STM32MP233AAL3, STM32MP233CAJ3, STM32MP233CAK3, STM32MP233CAL3, STM32MP233DAJ3, STM32MP233DAK3, STM32MP233DAL3, STM32MP233FAJ3, STM32MP233FAK3, STM32MP233FAL3, STM32MP235AAJ3, STM32MP235AAK3, STM32MP235AAL3, STM32MP235CAJ3, STM32MP235CAK3, STM32MP235CAL3, STM32MP235DAJ3, STM32MP235DAK3, STM32MP235DAL3, STM32MP235FAJ3, STM32MP235FAK3, STM32MP235FAL3, STM32MP251AAI3, STM32MP251AAK3, STM32MP251AAL3, STM32MP251CAI3, STM32MP251CAK3, STM32MP251CAL3, STM32MP251DAI3, STM32MP251DAK3, STM32MP251DAL3, STM32MP251FAI3, STM32MP251FAK3, STM32MP251FAL3, STM32MP253AAI3, STM32MP253AAK3, STM32MP253AAL3, STM32MP253CAI3, STM32MP253CAK3, STM32MP253CAL3, STM32MP253DAI3, STM32MP253DAK3, STM32MP253DAL3, STM32MP253FAI3, STM32MP253FAK3, STM32MP253FAL3, STM32MP255AAI3, STM32MP255AAK3, STM32MP255AAL3, STM32MP255CAI3, STM32MP255CAK3, STM32MP255CAL3, STM32MP255DAI3, STM32MP255DAK3, STM32MP255DAL3, STM32MP255FAI3, STM32MP255FAK3, STM32MP255FAL3, STM32MP257AAI3, STM32MP257AAK3, STM32MP257AAL3, STM32MP257CAI3, STM32MP257CAK3, STM32MP257CAL3, STM32MP257DAI3, STM32MP257DAK3, STM32MP257DAL3, STM32MP257F-DK, STM32MP257F-EV1, STM32MP257FAI3, STM32MP257FAK3, STM32MP257FAL3, STM32N645A0H3Q, STM32N645B0H3Q, STM32N645I0H3Q, STM32N645L0H3Q, STM32N645X0H3Q, STM32N645Z0H3Q, STM32N647A0H3Q, STM32N647B0H3Q, STM32N647I0H3Q, STM32N647L0H3Q, STM32N647X0H3Q, STM32N647Z0H3Q, STM32N655A0H3Q, STM32N655B0H3Q, STM32N655I0H3Q, STM32N655L0H3Q, STM32N655X0H3Q, STM32N655Z0H3Q, STM32N6570-DK, STM32N657A0H3Q, STM32N657B0H3Q, STM32N657I0H3Q, STM32N657L0H3Q, STM32N657X0H3Q, STM32N657Z0H3Q, STM32U031C6T6, STM32U031C6U6, STM32U031C8T6, STM32U031C8U6, STM32U031F4P6, STM32U031F6P6, STM32U031F8P6, STM32U031G6Y6TR, STM32U031G8Y6TR, STM32U031K4U6, STM32U031K6U6, STM32U031K8U6, STM32U031R6I6, STM32U031R6T6, STM32U031R8I6, STM32U031R8T6, STM32U073C8T6, STM32U073C8U6, STM32U073CBT6, STM32U073CBU6, STM32U073CCT6, STM32U073CCU6, STM32U073H8Y6TR, STM32U073HBY6TR, STM32U073HCY6TR, STM32U073K8U6, STM32U073KBU6, STM32U073KCU6, STM32U073M8I6, STM32U073M8T6, STM32U073MBI6, STM32U073MBT6, STM32U073MCI6, STM32U073MCT6, STM32U073R8I6, STM32U073R8T6, STM32U073RBI6, STM32U073RBT6, STM32U073RCI6, STM32U073RCT6, STM32U083C-DK, STM32U083CCT6, STM32U083CCU6, STM32U083HCY6TR, STM32U083KCU6, STM32U083MCI6, STM32U083MCT6, STM32U083RCI6, STM32U083RCT6, STM32U375CET6, STM32U375CET6Q, STM32U375CEU6, STM32U375CEU6Q, STM32U375CEY6QTR, STM32U375CGT6, STM32U375CGT6Q, STM32U375CGU6, STM32U375CGU6Q, STM32U375CGY6QTR, STM32U375KEU6, STM32U375KGU6, STM32U375REI6, STM32U375REI6Q, STM32U375RET6, STM32U375RET6Q, STM32U375REY6GTR, STM32U375REY6QTR, STM32U375RGI6, STM32U375RGI6Q, STM32U375RGT6, STM32U375RGT6Q, STM32U375RGY6GTR, STM32U375RGY6QTR, STM32U375VEI6, STM32U375VEI6Q, STM32U375VET6, STM32U375VET6Q, STM32U375VGI6, STM32U375VGI6Q, STM32U375VGT6, STM32U375VGT6Q, STM32U385CGT6, STM32U385CGT6Q, STM32U385CGU6, STM32U385CGU6Q, STM32U385CGY6QTR, STM32U385KGU6, STM32U385RGI6, STM32U385RGI6Q, STM32U385RGT6, STM32U385RGT6Q, STM32U385RGY6GTR, STM32U385RGY6QTR, STM32U385VGI6, STM32U385VGI6Q, STM32U385VGT6, STM32U385VGT6Q, STM32U535CBT6, STM32U535CBT6Q, STM32U535CBU6, STM32U535CBU6Q, STM32U535CCT6, STM32U535CCT6Q, STM32U535CCU6, STM32U535CCU6Q, STM32U535CET6, STM32U535CET6Q, STM32U535CEU6, STM32U535CEU6Q, STM32U535JEY6QTR, STM32U535NCY6QTR, STM32U535NEY6QTR, STM32U535RBI6, STM32U535RBI6Q, STM32U535RBT6, STM32U535RBT6Q, STM32U535RCI6, STM32U535RCI6Q, STM32U535RCT6, STM32U535RCT6Q, STM32U535REI6, STM32U535REI6Q, STM32U535RET6, STM32U535RET6Q, STM32U535VCI6, STM32U535VCI6Q, STM32U535VCT6, STM32U535VCT6Q, STM32U535VEI6, STM32U535VEI6Q, STM32U535VET6, STM32U535VET6Q, STM32U545CET6, STM32U545CET6Q, STM32U545CEU6, STM32U545CEU6Q, STM32U545JEY6QTR, STM32U545NEY6QTR, STM32U545REI6, STM32U545REI6Q, STM32U545RET6, STM32U545RET6Q, STM32U545VEI6, STM32U545VEI6Q, STM32U545VET6, STM32U545VET6Q, STM32U595AIH6, STM32U595AIH6Q, STM32U595AJH6, STM32U595AJH6Q, STM32U595QII6, STM32U595QII6Q, STM32U595QJI6, STM32U595QJI6Q, STM32U595RIT6, STM32U595RIT6Q, STM32U595RJT6, STM32U595RJT6Q, STM32U595VIT6, STM32U595VIT6Q, STM32U595VJT6, STM32U595VJT6Q, STM32U595ZIT6, STM32U595ZIT6Q, STM32U595ZIY6QTR, STM32U595ZJT6, STM32U595ZJT6Q, STM32U595ZJY6QTR, STM32U599BJY6QTR, STM32U599NIH6Q, STM32U599NJH6Q, STM32U599VIT6Q, STM32U599VJT6, STM32U599VJT6Q, STM32U599ZIT6Q, STM32U599ZIY6QTR, STM32U599ZJT6Q, STM32U599ZJY6QTR, STM32U5A5AJH6, STM32U5A5AJH6Q, STM32U5A5QII3Q , STM32U5A5QJI6, STM32U5A5QJI6Q, STM32U5A5RJT6, STM32U5A5RJT6Q, STM32U5A5VJT6, STM32U5A5VJT6Q, STM32U5A5ZJT6, STM32U5A5ZJT6Q, STM32U5A5ZJY6QTR, STM32U5A9BJY6QTR, STM32U5A9J-DK, STM32U5A9NJH6Q, STM32U5A9VJT6Q, STM32U5A9ZJT6Q, STM32U5A9ZJY6QTR, STM32U5F7VIT6, STM32U5F7VIT6Q, STM32U5F7VJT6, STM32U5F7VJT6Q, STM32U5F9BJY6QTR, STM32U5F9NJH6Q, STM32U5F9VIT6Q, STM32U5F9VJT6Q, STM32U5F9ZIJ6QTR, STM32U5F9ZIT6Q, STM32U5F9ZJJ6QTR, STM32U5F9ZJT6Q, STM32U5G7VJT6, STM32U5G7VJT6Q, STM32U5G9BJY6QTR, STM32U5G9J-DK1, STM32U5G9J-DK2, STM32U5G9NJH6Q, STM32U5G9VJT6Q, STM32U5G9ZJJ6QTR, STM32U5G9ZJT6Q, STM32WB05KZV6TR, STM32WB05KZV7TR, STM32WB05TZF6TR, STM32WB05TZF7TR, STM32WB06CCF6TR, STM32WB06CCF7TR, STM32WB06CCV6TR, STM32WB06CCV7TR, STM32WB06KCV6TR, STM32WB06KCV7TR, STM32WB07CCF6TR, STM32WB07CCF7TR, STM32WB07CCV6TR, STM32WB07CCV7TR, STM32WB07KCV6TR, STM32WB07KCV7TR, STM32WB09KEV6TR, STM32WB09KEV7TR, STM32WB09TEF6TR, STM32WB09TEF7TR, STM32WB1MMCH6, STM32WBA50KGU6, STM32WBA50KGU6TR, STM32WBA52CEU6, STM32WBA52CEU6TR, STM32WBA52CEU7, STM32WBA52CEU7TR, STM32WBA52CGU6, STM32WBA52CGU6TR, STM32WBA52CGU6U, STM32WBA52CGU7, STM32WBA52CGU7TR, STM32WBA52KEU6, STM32WBA52KEU6TR, STM32WBA52KGU6, STM32WBA52KGU6TR, STM32WBA54CEU6, STM32WBA54CEU6TR, STM32WBA54CEU7, STM32WBA54CEU7TR, STM32WBA54CGU6, STM32WBA54CGU6TR, STM32WBA54CGU7, STM32WBA54CGU7TR, STM32WBA54KEU6, STM32WBA54KEU6TR, STM32WBA54KEU7, STM32WBA54KEU7TR, STM32WBA54KGU6, STM32WBA54KGU6TR, STM32WBA54KGU7, STM32WBA54KGU7TR, STM32WBA55CEU6, STM32WBA55CEU6TR, STM32WBA55CEU7, STM32WBA55CEU7TR, STM32WBA55CGU6, STM32WBA55CGU6TR, STM32WBA55CGU6U, STM32WBA55CGU7, STM32WBA55CGU7TR, STM32WBA55G-DK1, STM32WBA55HEF6, STM32WBA55HEF7, STM32WBA55HGF6, STM32WBA55HGF7, STM32WBA55UEI6, STM32WBA55UEI6TR, STM32WBA55UEI7, STM32WBA55UEI7TR, STM32WBA55UGI6, STM32WBA55UGI6TR, STM32WBA55UGI7, STM32WBA55UGI7TR, STM32WBA5MMGH6TR, STM32WBA62MGF6, STM32WBA62MIF6, STM32WBA65MGF7, STM32WBA65MIF6, STM32WBA65MIF7, STM32WL30K8V6, STM32WL30KBV6, STM32WL31C8V6, STM32WL31CBV6, STM32WL31K8V6, STM32WL31KBV6, STM32WL33C8V6, STM32WL33C8V6X, STM32WL33CBV6, STM32WL33CBV6X, STM32WL33CCV6, STM32WL33CCV6A, STM32WL33CCV6X, STM32WL33K8V7, STM32WL33K8V7X, STM32WL33KBV7 , STM32WL33KBV7X, STM32WL33KCV7, STM32WL33KCV7X, STM32WL5MOCH6, STM32WL5MOCH6TR]
2025-10-28 19:33:08,787 [INFO] DbMcus:218 - Found 4801 MCUs, 4801 are supported
2025-10-28 19:33:08,787 [INFO] ApiDb:423 - Load user favorites file /home/oleksii/.stm32cubeide/favorites.mcus.txt: 0 item(s)
2025-10-28 19:33:08,787 [INFO] ApiDb:427 - User favorites MCUs=[]
2025-10-28 19:33:08,787 [INFO] DbMcus:224 - Set 0 / 0 favorites MCUs
2025-10-28 19:33:09,142 [INFO] ApiDb:423 - Load user favorites file /home/oleksii/.stm32cubeide/favorites.boards.txt: 0 item(s)
2025-10-28 19:33:09,142 [INFO] ApiDb:427 - User favorites Boards=[]
2025-10-28 19:33:09,143 [INFO] DbBoards:198 - Set 0 / 0 favorites Boards
2025-10-28 19:33:09,212 [INFO] UtilMem:75 - End LoadConfig() Used Memory: 317175184 Bytes (959447040)
2025-10-28 19:33:09,331 [WARN] ThirdParty:833 - waiting for thirdparty lock release [change project]
2025-10-28 19:33:09,331 [INFO] ThirdParty:835 - entering critical section [change project]
2025-10-28 19:33:09,331 [INFO] ThirdParty:1030 - CMSIS Pack Vendor :STMicroelectronics X-CUBE-PM33A1 1.0.0
2025-10-28 19:33:09,331 [INFO] ThirdParty:1030 - CMSIS Pack Vendor :STMicroelectronics USBPD 4.1
2025-10-28 19:33:09,331 [INFO] ThirdParty:1030 - CMSIS Pack Vendor :STMicroelectronics X-CUBE-NFC9 1.0.0
2025-10-28 19:33:09,331 [INFO] ThirdParty:1030 - CMSIS Pack Vendor :STMicroelectronics USB_HOST 2.0.0
2025-10-28 19:33:09,331 [INFO] ThirdParty:1030 - CMSIS Pack Vendor :STMicroelectronics FP-SNS-MOTENVWB1 1.4.0
2025-10-28 19:33:09,331 [INFO] ThirdParty:1030 - CMSIS Pack Vendor :STMicroelectronics X-CUBE-AZRTOS-F4 1.1.0
2025-10-28 19:33:09,331 [INFO] ThirdParty:1030 - CMSIS Pack Vendor :STMicroelectronics LIBJPEG 8.0.0
2025-10-28 19:33:09,331 [INFO] ThirdParty:1030 - CMSIS Pack Vendor :STMicroelectronics FP-ATR-ASTRA1 2.0.2
2025-10-28 19:33:09,331 [INFO] ThirdParty:1030 - CMSIS Pack Vendor :wolfSSL I-CUBE-wolfSSL 5.8.2
2025-10-28 19:33:09,331 [INFO] ThirdParty:1030 - CMSIS Pack Vendor :STMicroelectronics X-CUBE-BLE1 7.1.0
2025-10-28 19:33:09,331 [INFO] ThirdParty:1030 - CMSIS Pack Vendor :Avnet-IotConnect X-CUBE-IoTC-DA16k-PMOD 1.0.0
2025-10-28 19:33:09,331 [INFO] ThirdParty:1030 - CMSIS Pack Vendor :STMicroelectronics X-CUBE-SMBUS 2.1.0
2025-10-28 19:33:09,331 [INFO] ThirdParty:1030 - CMSIS Pack Vendor :wolfSSL I-CUBE-wolfMQTT 1.19.2
2025-10-28 19:33:09,331 [INFO] ThirdParty:1030 - CMSIS Pack Vendor :STMicroelectronics USB_DEVICE 3.0.0
2025-10-28 19:33:09,331 [INFO] ThirdParty:1030 - CMSIS Pack Vendor :STMicroelectronics X-CUBE-ISPU 2.1.0
2025-10-28 19:33:09,331 [INFO] ThirdParty:1030 - CMSIS Pack Vendor :STMicroelectronics X-CUBE-EEPRMA1 5.2.0
2025-10-28 19:33:09,331 [INFO] ThirdParty:1030 - CMSIS Pack Vendor :STMicroelectronics X-CUBE-IPS 3.2.0
2025-10-28 19:33:09,332 [INFO] ThirdParty:1030 - CMSIS Pack Vendor :STMicroelectronics X-CUBE-BLEMGR 4.1.0
2025-10-28 19:33:09,332 [INFO] ThirdParty:1030 - CMSIS Pack Vendor :STMicroelectronics X-CUBE-AZRTOS-WB 2.0.0
2025-10-28 19:33:09,332 [INFO] ThirdParty:1030 - CMSIS Pack Vendor :STMicroelectronics X-CUBE-ST60 1.0.0
2025-10-28 19:33:09,332 [INFO] ThirdParty:1030 - CMSIS Pack Vendor :STMicroelectronics X-CUBE-GNSS1 7.0.1
2025-10-28 19:33:09,332 [INFO] ThirdParty:1030 - CMSIS Pack Vendor :STMicroelectronics X-CUBE-NFC12 1.0.0
2025-10-28 19:33:09,332 [INFO] ThirdParty:1030 - CMSIS Pack Vendor :STMicroelectronics X-CUBE-AZRTOS-F7 1.1.0
2025-10-28 19:33:09,332 [INFO] ThirdParty:1030 - CMSIS Pack Vendor :STMicroelectronics X-CUBE-AZRTOS-L5 2.0.0
2025-10-28 19:33:09,332 [INFO] ThirdParty:1030 - CMSIS Pack Vendor :STMicroelectronics X-CUBE-TOUCHGFX 4.25.0
2025-10-28 19:33:09,332 [INFO] ThirdParty:1030 - CMSIS Pack Vendor :STMicroelectronics USB_DEVICE 2.0.0
2025-10-28 19:33:09,332 [INFO] ThirdParty:1030 - CMSIS Pack Vendor :STMicroelectronics X-CUBE-NFC6 3.1.0
2025-10-28 19:33:09,332 [INFO] ThirdParty:1030 - CMSIS Pack Vendor :STMicroelectronics X-CUBE-ST67W61 1.1.0
2025-10-28 19:33:09,332 [INFO] ThirdParty:1030 - CMSIS Pack Vendor :quantropi X-CUBE-qispace-sdk-base 2.1.0
2025-10-28 19:33:09,332 [INFO] ThirdParty:1030 - CMSIS Pack Vendor :STMicroelectronics FP-SNS-MOTENV1 5.1.0
2025-10-28 19:33:09,332 [INFO] ThirdParty:1030 - CMSIS Pack Vendor :STMicroelectronics FreeRTOS 0.0.1
2025-10-28 19:33:09,332 [INFO] ThirdParty:1030 - CMSIS Pack Vendor :STMicroelectronics X-CUBE-AZRTOS-G0 1.1.0
2025-10-28 19:33:09,332 [INFO] ThirdParty:1030 - CMSIS Pack Vendor :STMicroelectronics X-CUBE-SAFEA1 1.2.2
2025-10-28 19:33:09,332 [INFO] ThirdParty:1030 - CMSIS Pack Vendor :STMicroelectronics X-CUBE-NFC4 3.0.0
2025-10-28 19:33:09,332 [INFO] ThirdParty:1030 - CMSIS Pack Vendor :STMicroelectronics X-CUBE-SUBG2 5.0.0
2025-10-28 19:33:09,332 [INFO] ThirdParty:1030 - CMSIS Pack Vendor :STMicroelectronics X-CUBE-AZRTOS-H7RS 1.1.0
2025-10-28 19:33:09,332 [INFO] ThirdParty:1030 - CMSIS Pack Vendor :STMicroelectronics STM32_WPAN 1.0.0
2025-10-28 19:33:09,332 [INFO] ThirdParty:1030 - CMSIS Pack Vendor :EmbeddedOffice I-CUBE-FS-RTOS 1.0.1
2025-10-28 19:33:09,332 [INFO] ThirdParty:1030 - CMSIS Pack Vendor :STMicroelectronics lwIP 2.0.3
2025-10-28 19:33:09,332 [INFO] ThirdParty:1030 - CMSIS Pack Vendor :WES I-CUBE-Cesium 1.4.0
2025-10-28 19:33:09,332 [INFO] ThirdParty:1030 - CMSIS Pack Vendor :Cesanta I-CUBE-Mongoose 7.13.0
2025-10-28 19:33:09,332 [INFO] ThirdParty:1030 - CMSIS Pack Vendor :STMicroelectronics USB_HOST 1.0.0
2025-10-28 19:33:09,332 [INFO] ThirdParty:1030 - CMSIS Pack Vendor :Infineon AIROC-Wi-Fi-Bluetooth-STM32 1.7.1
2025-10-28 19:33:09,332 [INFO] ThirdParty:1030 - CMSIS Pack Vendor :STMicroelectronics X-CUBE-AZRTOS-G4 2.0.0
2025-10-28 19:33:09,332 [INFO] ThirdParty:1030 - CMSIS Pack Vendor :STMicroelectronics X-CUBE-WB05N 2.0.0
2025-10-28 19:33:09,332 [INFO] ThirdParty:1030 - CMSIS Pack Vendor :STMicroelectronics PDM2PCM 3.1.0
2025-10-28 19:33:09,332 [INFO] ThirdParty:1030 - CMSIS Pack Vendor :STMicroelectronics PDM2PCM 3.3.0
2025-10-28 19:33:09,332 [INFO] ThirdParty:1030 - CMSIS Pack Vendor :wolfSSL I-CUBE-wolfTPM 3.8.0
2025-10-28 19:33:09,332 [INFO] ThirdParty:1030 - CMSIS Pack Vendor :STMicroelectronics X-CUBE-AZRTOS-H7 3.4.0
2025-10-28 19:33:09,332 [INFO] ThirdParty:1030 - CMSIS Pack Vendor :STMicroelectronics X-CUBE-DISPLAY 3.0.0
2025-10-28 19:33:09,332 [INFO] ThirdParty:1030 - CMSIS Pack Vendor :wolfSSL I-CUBE-wolfSSH 1.4.20
2025-10-28 19:33:09,332 [INFO] ThirdParty:1030 - CMSIS Pack Vendor :STMicroelectronics X-CUBE-NFC7 2.0.0
2025-10-28 19:33:09,333 [INFO] ThirdParty:1030 - CMSIS Pack Vendor :STMicroelectronics X-CUBE-TCPP 4.2.0
2025-10-28 19:33:09,333 [INFO] ThirdParty:1030 - CMSIS Pack Vendor :RealThread X-CUBE-RT-Thread_Nano 4.1.1
2025-10-28 19:33:09,333 [INFO] ThirdParty:1030 - CMSIS Pack Vendor :STMicroelectronics FP-ATR-SIGFOX1 3.2.0
2025-10-28 19:33:09,333 [INFO] ThirdParty:1030 - CMSIS Pack Vendor :STMicroelectronics X-CUBE-NFC10 1.0.0
2025-10-28 19:33:09,333 [INFO] ThirdParty:1030 - CMSIS Pack Vendor :STMicroelectronics X-CUBE-FREERTOS 1.3.1
2025-10-28 19:33:09,333 [INFO] ThirdParty:1030 - CMSIS Pack Vendor :STMicroelectronics HAL Drivers 0.0.0
2025-10-28 19:33:09,333 [INFO] ThirdParty:1030 - CMSIS Pack Vendor :STMicroelectronics MBEDTLS 2.16.2
2025-10-28 19:33:09,333 [INFO] ThirdParty:1030 - CMSIS Pack Vendor :STMicroelectronics X-CUBE-ST60 1.1.0
2025-10-28 19:33:09,333 [INFO] ThirdParty:1030 - CMSIS Pack Vendor :STMicroelectronics X-CUBE-IPS 3.1.0
2025-10-28 19:33:09,333 [INFO] ThirdParty:1030 - CMSIS Pack Vendor :STMicroelectronics X-CUBE-ALS 1.0.2
2025-10-28 19:33:09,333 [INFO] ThirdParty:1030 - CMSIS Pack Vendor :emotas I-CUBE-CANOPEN 1.3.0
2025-10-28 19:33:09,333 [INFO] ThirdParty:1030 - CMSIS Pack Vendor :STMicroelectronics MBEDTLS 2.14.1
2025-10-28 19:33:09,333 [INFO] ThirdParty:1030 - CMSIS Pack Vendor :ITTIA_DB I-CUBE-ITTIADB 8.9.0
2025-10-28 19:33:09,333 [INFO] ThirdParty:1030 - CMSIS Pack Vendor :STMicroelectronics X-CUBE-TOUCHGFX 4.26.0
2025-10-28 19:33:09,333 [INFO] ThirdParty:1030 - CMSIS Pack Vendor :STMicroelectronics X-CUBE-STSE01 1.0.0
2025-10-28 19:33:09,333 [INFO] ThirdParty:1030 - CMSIS Pack Vendor :STMicroelectronics X-CUBE-ST67W61 1.0.0
2025-10-28 19:33:09,333 [INFO] ThirdParty:1030 - CMSIS Pack Vendor :STMicroelectronics FP-SNS-STBOX1 2.1.0
2025-10-28 19:33:09,333 [INFO] ThirdParty:1030 - CMSIS Pack Vendor :STMicroelectronics X-CUBE-AI 10.2.0
2025-10-28 19:33:09,333 [INFO] ThirdParty:1030 - CMSIS Pack Vendor :STMicroelectronics FP-SNS-STAIOTCFT 1.0.0
2025-10-28 19:33:09,333 [INFO] ThirdParty:1030 - CMSIS Pack Vendor :STMicroelectronics ThreadX 1.0.0
2025-10-28 19:33:09,333 [INFO] ThirdParty:1030 - CMSIS Pack Vendor :STMicroelectronics FP-SNS-SMARTAG2 1.2.0
2025-10-28 19:33:09,333 [INFO] ThirdParty:1030 - CMSIS Pack Vendor :STMicroelectronics FP-SNS-FLIGHT1 5.1.0
2025-10-28 19:33:09,333 [INFO] ThirdParty:1030 - CMSIS Pack Vendor :STMicroelectronics X-CUBE-AZRTOS-WL 2.0.0
2025-10-28 19:33:09,333 [INFO] ThirdParty:1030 - CMSIS Pack Vendor :SEGGER I-CUBE-embOS 1.3.1
2025-10-28 19:33:09,333 [INFO] ThirdParty:1030 - CMSIS Pack Vendor :STMicroelectronics X-CUBE-ALGOBUILD 1.4.0
2025-10-28 19:33:09,333 [INFO] ThirdParty:1030 - CMSIS Pack Vendor :STMicroelectronics X-CUBE-DPower 1.3.0
2025-10-28 19:33:09,333 [INFO] ThirdParty:1030 - CMSIS Pack Vendor :STMicroelectronics X-CUBE-MEMS1 11.3.0
2025-10-28 19:33:09,333 [INFO] ThirdParty:1030 - CMSIS Pack Vendor :STMicroelectronics FP-SNS-MOTENV1 5.0.0
2025-10-28 19:33:09,333 [INFO] ThirdParty:1030 - CMSIS Pack Vendor :STMicroelectronics USB_DEVICE 1.0.0
2025-10-28 19:33:09,333 [INFO] ThirdParty:1030 - CMSIS Pack Vendor :STMicroelectronics X-CUBE-AZRTOS-L4 2.0.0
2025-10-28 19:33:09,333 [INFO] ThirdParty:1030 - CMSIS Pack Vendor :STMicroelectronics ThreadX 0.0.2
2025-10-28 19:33:09,333 [INFO] ThirdParty:1030 - CMSIS Pack Vendor :STMicroelectronics lwIP 2.1.2
2025-10-28 19:33:09,333 [INFO] ThirdParty:1030 - CMSIS Pack Vendor :STMicroelectronics X-CUBE-SFXS2LP1 4.0.0
2025-10-28 19:33:09,333 [INFO] ThirdParty:1030 - CMSIS Pack Vendor :STMicroelectronics X-CUBE-BLE2 3.3.0
2025-10-28 19:33:09,333 [INFO] ThirdParty:1030 - CMSIS Pack Vendor :STMicroelectronics X-CUBE-TOF1 3.4.3
2025-10-28 19:33:09,333 [INFO] ThirdParty:1030 - CMSIS Pack Vendor :STMicroelectronics PDM2PCM 3.2.0
2025-10-28 19:33:09,334 [INFO] ThirdParty:841 - exiting critical section [change project]
2025-10-28 19:33:09,616 [INFO] PinOutPanel:1589 - setPackage(No Configuration,No Configuration)
2025-10-28 19:33:09,617 [INFO] PinOutPanel:1589 - setPackage(STM32F407VGTx,LQFP100)
2025-10-28 19:33:09,833 [INFO] UtilMem:75 - Before build in PCC Used Memory: 528345328 Bytes (959447040)
2025-10-28 19:33:10,203 [INFO] UtilMem:75 - After build in PCC Used Memory: 658476960 Bytes (959447040)
2025-10-28 19:33:10,231 [INFO] ApiDbMcu:532 - Load IP Config File for FREERTOS
2025-10-28 19:33:10,251 [INFO] IPUIPlugin:80 - create IPUIPlugin
2025-10-28 19:33:10,251 [INFO] IPUIPlugin:80 - create IPUIPlugin
2025-10-28 19:33:10,251 [INFO] IPUIPlugin:80 - create IPUIPlugin
2025-10-28 19:33:10,251 [INFO] IPUIPlugin:80 - create IPUIPlugin
2025-10-28 19:33:10,252 [INFO] IPUIPlugin:80 - create IPUIPlugin
2025-10-28 19:33:10,252 [INFO] IPUIPlugin:80 - create IPUIPlugin
2025-10-28 19:33:10,252 [INFO] IPUIPlugin:80 - create IPUIPlugin
2025-10-28 19:33:10,252 [INFO] IPUIPlugin:80 - create IPUIPlugin
2025-10-28 19:33:10,253 [INFO] IPUIPlugin:80 - create IPUIPlugin
2025-10-28 19:33:10,253 [INFO] IPUIPlugin:80 - create IPUIPlugin
2025-10-28 19:33:10,253 [INFO] IPUIPlugin:80 - create IPUIPlugin
2025-10-28 19:33:10,253 [INFO] IPUIPlugin:80 - create IPUIPlugin
2025-10-28 19:33:10,253 [INFO] IPUIPlugin:80 - create IPUIPlugin
2025-10-28 19:33:10,253 [INFO] IPUIPlugin:80 - create IPUIPlugin
2025-10-28 19:33:10,253 [INFO] IPUIPlugin:80 - create IPUIPlugin
2025-10-28 19:33:10,253 [INFO] IPUIPlugin:80 - create IPUIPlugin
2025-10-28 19:33:10,254 [INFO] IPUIPlugin:80 - create IPUIPlugin
2025-10-28 19:33:10,254 [INFO] IPUIPlugin:80 - create IPUIPlugin
2025-10-28 19:33:10,254 [INFO] IPUIPlugin:80 - create IPUIPlugin
2025-10-28 19:33:10,254 [INFO] IPUIPlugin:80 - create IPUIPlugin
2025-10-28 19:33:10,254 [INFO] IPUIPlugin:80 - create IPUIPlugin
2025-10-28 19:33:10,254 [INFO] IPUIPlugin:80 - create IPUIPlugin
2025-10-28 19:33:10,254 [INFO] IPUIPlugin:80 - create IPUIPlugin
2025-10-28 19:33:10,254 [INFO] IPUIPlugin:80 - create IPUIPlugin
2025-10-28 19:33:10,255 [INFO] IPUIPlugin:80 - create IPUIPlugin
2025-10-28 19:33:10,255 [INFO] IPUIPlugin:80 - create IPUIPlugin
2025-10-28 19:33:10,255 [INFO] IPUIPlugin:80 - create IPUIPlugin
2025-10-28 19:33:10,255 [INFO] IPUIPlugin:80 - create IPUIPlugin
2025-10-28 19:33:10,255 [INFO] IPUIPlugin:80 - create IPUIPlugin
2025-10-28 19:33:10,255 [INFO] IPUIPlugin:80 - create IPUIPlugin
2025-10-28 19:33:10,255 [INFO] IPUIPlugin:80 - create IPUIPlugin
2025-10-28 19:33:10,255 [INFO] IPUIPlugin:80 - create IPUIPlugin
2025-10-28 19:33:10,256 [INFO] IPUIPlugin:80 - create IPUIPlugin
2025-10-28 19:33:10,256 [INFO] IPUIPlugin:80 - create IPUIPlugin
2025-10-28 19:33:10,256 [INFO] IPUIPlugin:80 - create IPUIPlugin
2025-10-28 19:33:10,256 [INFO] IPUIPlugin:80 - create IPUIPlugin
2025-10-28 19:33:10,256 [INFO] IPUIPlugin:80 - create IPUIPlugin
2025-10-28 19:33:10,256 [INFO] IPUIPlugin:80 - create IPUIPlugin
2025-10-28 19:33:10,256 [INFO] IPUIPlugin:80 - create IPUIPlugin
2025-10-28 19:33:10,256 [INFO] IPUIPlugin:80 - create IPUIPlugin
2025-10-28 19:33:10,256 [INFO] IPUIPlugin:80 - create IPUIPlugin
2025-10-28 19:33:10,256 [INFO] IPUIPlugin:80 - create IPUIPlugin
2025-10-28 19:33:10,256 [INFO] IPUIPlugin:80 - create IPUIPlugin
2025-10-28 19:33:10,256 [INFO] IPUIPlugin:80 - create IPUIPlugin
2025-10-28 19:33:10,256 [INFO] IPUIPlugin:80 - create IPUIPlugin
2025-10-28 19:33:10,256 [INFO] IPUIPlugin:80 - create IPUIPlugin
2025-10-28 19:33:10,256 [INFO] IPUIPlugin:80 - create IPUIPlugin
2025-10-28 19:33:10,256 [INFO] IPUIPlugin:80 - create IPUIPlugin
2025-10-28 19:33:10,256 [INFO] IPUIPlugin:80 - create IPUIPlugin
2025-10-28 19:33:10,256 [INFO] IPUIPlugin:80 - create IPUIPlugin
2025-10-28 19:33:10,257 [INFO] IPUIPlugin:80 - create IPUIPlugin
2025-10-28 19:33:10,257 [INFO] IPUIPlugin:80 - create IPUIPlugin
2025-10-28 19:33:10,257 [INFO] IPUIPlugin:80 - create IPUIPlugin
2025-10-28 19:33:10,257 [INFO] IPUIPlugin:80 - create IPUIPlugin
2025-10-28 19:33:10,257 [INFO] IPUIPlugin:80 - create IPUIPlugin
2025-10-28 19:33:10,257 [INFO] IPUIPlugin:80 - create IPUIPlugin
2025-10-28 19:33:10,258 [INFO] IPUIPlugin:80 - create IPUIPlugin
2025-10-28 19:33:10,258 [INFO] IPUIPlugin:80 - create IPUIPlugin
2025-10-28 19:33:10,262 [INFO] ApiDbMcu:532 - Load IP Config File for PDM2PCM
2025-10-28 19:33:10,279 [WARN] FreeRTOS:1023 - Null or empty value: should not occur! (nothing added to the table)
2025-10-28 19:33:10,383 [INFO] CADModel:165 - CPN selected for project levelSTM32F407VGT6
2025-10-28 19:33:10,383 [INFO] CADModel:114 - Register for checkConnection events
2025-10-28 19:33:10,385 [INFO] RtosManager:728 - Active RTOS found at IOC load: FREERTOS [Cortex-M4NS]
2025-10-28 19:33:10,442 [INFO] OpenFileManager:386 - Restore cursor
2025-10-28 19:33:19,765 [INFO] Gpio:278 - dependency for GPIO [USART3]
2025-10-28 19:35:02,062 [INFO] Gpio:278 - dependency for GPIO [USART3]
2025-10-28 19:37:07,092 [INFO] UtilMem:75 - End SaveConfig() Used Memory: 630242912 Bytes (744488960)
2025-10-28 19:37:09,615 [INFO] UtilMem:75 - End SaveConfig() Used Memory: 268129416 Bytes (744488960)
2025-10-28 19:37:14,029 [INFO] UtilMem:75 - End SaveConfig() Used Memory: 593187976 Bytes (744488960)
2025-10-28 19:37:14,485 [INFO] BlockDiagram:2775 - set Specific Code input for plugin: FREERTOS
2025-10-28 19:37:14,485 [INFO] BlockDiagram:2775 - set Specific Code input for plugin: SYS
2025-10-28 19:37:14,485 [INFO] BlockDiagram:2775 - set Specific Code input for plugin: RCC
2025-10-28 19:37:14,485 [INFO] BlockDiagram:2775 - set Specific Code input for plugin: NVIC
2025-10-28 19:37:14,485 [INFO] BlockDiagram:2775 - set Specific Code input for plugin: USART
2025-10-28 19:37:14,486 [INFO] BlockDiagram:2775 - set Specific Code input for plugin: GPIO
2025-10-28 19:37:14,486 [INFO] CodeGenerator:892 - code generatio: config db path: /opt/st/stm32cubeide_1.19.0/plugins/com.st.stm32cube.common.mx_6.15.0.202507011659//db/
2025-10-28 19:37:14,633 [INFO] CodeEngine:265 - oldGeneratedFile, /home/oleksii/STM32CubeIDE/workspace_1.19.0/workspace_embedded/Lab3_t2/MXTmpFiles/license.tmp_save
2025-10-28 19:37:14,858 [INFO] CodeEngine:289 - Generated code: /home/oleksii/STM32CubeIDE/workspace_1.19.0/workspace_embedded/Lab3_t2/MXTmpFiles/license.tmp
2025-10-28 19:37:14,924 [INFO] CodeEngine:265 - oldGeneratedFile, /home/oleksii/STM32CubeIDE/workspace_1.19.0/workspace_embedded/Lab3_t2/MXTmpFiles/gpio.tmp_save
2025-10-28 19:37:15,020 [INFO] CodeEngine:289 - Generated code: /home/oleksii/STM32CubeIDE/workspace_1.19.0/workspace_embedded/Lab3_t2/MXTmpFiles/gpio.tmp
2025-10-28 19:37:15,167 [INFO] Middleware:1452 - No code input for Bsp Dependency
2025-10-28 19:37:15,171 [INFO] CodeEngine:265 - oldGeneratedFile, /home/oleksii/STM32CubeIDE/workspace_1.19.0/workspace_embedded/Lab3_t2/MXTmpFiles/rtos_inc.tmp_save
2025-10-28 19:37:15,226 [INFO] CodeEngine:289 - Generated code: /home/oleksii/STM32CubeIDE/workspace_1.19.0/workspace_embedded/Lab3_t2/MXTmpFiles/rtos_inc.tmp
2025-10-28 19:37:15,227 [INFO] CodeEngine:265 - oldGeneratedFile, /home/oleksii/STM32CubeIDE/workspace_1.19.0/workspace_embedded/Lab3_t2/MXTmpFiles/rtos_kernelInit.tmp_save
2025-10-28 19:37:15,286 [INFO] CodeEngine:289 - Generated code: /home/oleksii/STM32CubeIDE/workspace_1.19.0/workspace_embedded/Lab3_t2/MXTmpFiles/rtos_kernelInit.tmp
2025-10-28 19:37:15,287 [INFO] CodeEngine:265 - oldGeneratedFile, /home/oleksii/STM32CubeIDE/workspace_1.19.0/workspace_embedded/Lab3_t2/MXTmpFiles/rtos_kernelStart.tmp_save
2025-10-28 19:37:15,342 [INFO] CodeEngine:289 - Generated code: /home/oleksii/STM32CubeIDE/workspace_1.19.0/workspace_embedded/Lab3_t2/MXTmpFiles/rtos_kernelStart.tmp
2025-10-28 19:37:15,343 [INFO] CodeEngine:265 - oldGeneratedFile, /home/oleksii/STM32CubeIDE/workspace_1.19.0/workspace_embedded/Lab3_t2/MXTmpFiles/rtos_typedefs.tmp_save
2025-10-28 19:37:15,386 [INFO] CodeEngine:289 - Generated code: /home/oleksii/STM32CubeIDE/workspace_1.19.0/workspace_embedded/Lab3_t2/MXTmpFiles/rtos_typedefs.tmp
2025-10-28 19:37:15,387 [INFO] CodeEngine:265 - oldGeneratedFile, /home/oleksii/STM32CubeIDE/workspace_1.19.0/workspace_embedded/Lab3_t2/MXTmpFiles/rtos_vars.tmp_save
2025-10-28 19:37:15,430 [INFO] CodeEngine:289 - Generated code: /home/oleksii/STM32CubeIDE/workspace_1.19.0/workspace_embedded/Lab3_t2/MXTmpFiles/rtos_vars.tmp
2025-10-28 19:37:15,431 [INFO] CodeEngine:265 - oldGeneratedFile, /home/oleksii/STM32CubeIDE/workspace_1.19.0/workspace_embedded/Lab3_t2/MXTmpFiles/rtos_pfp.tmp_save
2025-10-28 19:37:15,473 [INFO] CodeEngine:289 - Generated code: /home/oleksii/STM32CubeIDE/workspace_1.19.0/workspace_embedded/Lab3_t2/MXTmpFiles/rtos_pfp.tmp
2025-10-28 19:37:15,474 [INFO] CodeEngine:265 - oldGeneratedFile, /home/oleksii/STM32CubeIDE/workspace_1.19.0/workspace_embedded/Lab3_t2/MXTmpFiles/rtos_obj_creat.tmp_save
2025-10-28 19:37:15,515 [INFO] CodeEngine:289 - Generated code: /home/oleksii/STM32CubeIDE/workspace_1.19.0/workspace_embedded/Lab3_t2/MXTmpFiles/rtos_obj_creat.tmp
2025-10-28 19:37:15,516 [INFO] CodeEngine:265 - oldGeneratedFile, /home/oleksii/STM32CubeIDE/workspace_1.19.0/workspace_embedded/Lab3_t2/MXTmpFiles/rtos_default_thread.tmp_save
2025-10-28 19:37:15,564 [INFO] CodeEngine:289 - Generated code: /home/oleksii/STM32CubeIDE/workspace_1.19.0/workspace_embedded/Lab3_t2/MXTmpFiles/rtos_default_thread.tmp
2025-10-28 19:37:15,565 [INFO] CodeEngine:265 - oldGeneratedFile, /home/oleksii/STM32CubeIDE/workspace_1.19.0/workspace_embedded/Lab3_t2/MXTmpFiles/rtos_threads.tmp_save
2025-10-28 19:37:15,612 [INFO] CodeEngine:289 - Generated code: /home/oleksii/STM32CubeIDE/workspace_1.19.0/workspace_embedded/Lab3_t2/MXTmpFiles/rtos_threads.tmp
2025-10-28 19:37:15,623 [INFO] Middleware:1452 - No code input for Bsp Dependency
2025-10-28 19:37:15,626 [INFO] CodeEngine:265 - oldGeneratedFile, /home/oleksii/STM32CubeIDE/workspace_1.19.0/workspace_embedded/Lab3_t2/MXTmpFiles/rtos_inc.tmp_save
2025-10-28 19:37:15,668 [INFO] CodeEngine:289 - Generated code: /home/oleksii/STM32CubeIDE/workspace_1.19.0/workspace_embedded/Lab3_t2/MXTmpFiles/rtos_inc.tmp
2025-10-28 19:37:15,669 [INFO] CodeEngine:265 - oldGeneratedFile, /home/oleksii/STM32CubeIDE/workspace_1.19.0/workspace_embedded/Lab3_t2/MXTmpFiles/rtos_kernelInit.tmp_save
2025-10-28 19:37:15,704 [INFO] CodeEngine:289 - Generated code: /home/oleksii/STM32CubeIDE/workspace_1.19.0/workspace_embedded/Lab3_t2/MXTmpFiles/rtos_kernelInit.tmp
2025-10-28 19:37:15,705 [INFO] CodeEngine:265 - oldGeneratedFile, /home/oleksii/STM32CubeIDE/workspace_1.19.0/workspace_embedded/Lab3_t2/MXTmpFiles/rtos_kernelStart.tmp_save
2025-10-28 19:37:15,741 [INFO] CodeEngine:289 - Generated code: /home/oleksii/STM32CubeIDE/workspace_1.19.0/workspace_embedded/Lab3_t2/MXTmpFiles/rtos_kernelStart.tmp
2025-10-28 19:37:15,742 [INFO] CodeEngine:265 - oldGeneratedFile, /home/oleksii/STM32CubeIDE/workspace_1.19.0/workspace_embedded/Lab3_t2/MXTmpFiles/rtos_typedefs.tmp_save
2025-10-28 19:37:15,778 [INFO] CodeEngine:289 - Generated code: /home/oleksii/STM32CubeIDE/workspace_1.19.0/workspace_embedded/Lab3_t2/MXTmpFiles/rtos_typedefs.tmp
2025-10-28 19:37:15,779 [INFO] CodeEngine:265 - oldGeneratedFile, /home/oleksii/STM32CubeIDE/workspace_1.19.0/workspace_embedded/Lab3_t2/MXTmpFiles/rtos_vars.tmp_save
2025-10-28 19:37:15,816 [INFO] CodeEngine:289 - Generated code: /home/oleksii/STM32CubeIDE/workspace_1.19.0/workspace_embedded/Lab3_t2/MXTmpFiles/rtos_vars.tmp
2025-10-28 19:37:15,817 [INFO] CodeEngine:265 - oldGeneratedFile, /home/oleksii/STM32CubeIDE/workspace_1.19.0/workspace_embedded/Lab3_t2/MXTmpFiles/rtos_pfp.tmp_save
2025-10-28 19:37:15,852 [INFO] CodeEngine:289 - Generated code: /home/oleksii/STM32CubeIDE/workspace_1.19.0/workspace_embedded/Lab3_t2/MXTmpFiles/rtos_pfp.tmp
2025-10-28 19:37:15,853 [INFO] CodeEngine:265 - oldGeneratedFile, /home/oleksii/STM32CubeIDE/workspace_1.19.0/workspace_embedded/Lab3_t2/MXTmpFiles/rtos_obj_creat.tmp_save
2025-10-28 19:37:15,889 [INFO] CodeEngine:289 - Generated code: /home/oleksii/STM32CubeIDE/workspace_1.19.0/workspace_embedded/Lab3_t2/MXTmpFiles/rtos_obj_creat.tmp
2025-10-28 19:37:15,890 [INFO] CodeEngine:265 - oldGeneratedFile, /home/oleksii/STM32CubeIDE/workspace_1.19.0/workspace_embedded/Lab3_t2/MXTmpFiles/rtos_default_thread.tmp_save
2025-10-28 19:37:15,943 [INFO] CodeEngine:289 - Generated code: /home/oleksii/STM32CubeIDE/workspace_1.19.0/workspace_embedded/Lab3_t2/MXTmpFiles/rtos_default_thread.tmp
2025-10-28 19:37:15,944 [INFO] CodeEngine:265 - oldGeneratedFile, /home/oleksii/STM32CubeIDE/workspace_1.19.0/workspace_embedded/Lab3_t2/MXTmpFiles/rtos_threads.tmp_save
2025-10-28 19:37:15,979 [INFO] CodeEngine:289 - Generated code: /home/oleksii/STM32CubeIDE/workspace_1.19.0/workspace_embedded/Lab3_t2/MXTmpFiles/rtos_threads.tmp
2025-10-28 19:37:15,980 [INFO] CodeEngine:265 - oldGeneratedFile, /home/oleksii/STM32CubeIDE/workspace_1.19.0/workspace_embedded/Lab3_t2/Core/Inc/FreeRTOSConfig.h_save
2025-10-28 19:37:16,035 [INFO] CodeEngine:289 - Generated code: /home/oleksii/STM32CubeIDE/workspace_1.19.0/workspace_embedded/Lab3_t2/Core/Inc/FreeRTOSConfig.h
2025-10-28 19:37:16,036 [INFO] CodeEngine:265 - oldGeneratedFile, /home/oleksii/STM32CubeIDE/workspace_1.19.0/workspace_embedded/Lab3_t2/Core/Src/freertos.c_save
2025-10-28 19:37:16,077 [INFO] CodeEngine:289 - Generated code: /home/oleksii/STM32CubeIDE/workspace_1.19.0/workspace_embedded/Lab3_t2/Core/Src/freertos.c
2025-10-28 19:37:16,082 [INFO] CodeEngine:265 - oldGeneratedFile, /home/oleksii/STM32CubeIDE/workspace_1.19.0/workspace_embedded/Lab3_t2/Core/Src/stm32f4xx_it.c_save
2025-10-28 19:37:16,161 [INFO] CodeEngine:289 - Generated code: /home/oleksii/STM32CubeIDE/workspace_1.19.0/workspace_embedded/Lab3_t2/Core/Src/stm32f4xx_it.c
2025-10-28 19:37:16,163 [INFO] CodeEngine:265 - oldGeneratedFile, /home/oleksii/STM32CubeIDE/workspace_1.19.0/workspace_embedded/Lab3_t2/Core/Inc/stm32f4xx_it.h_save
2025-10-28 19:37:16,210 [INFO] CodeEngine:289 - Generated code: /home/oleksii/STM32CubeIDE/workspace_1.19.0/workspace_embedded/Lab3_t2/Core/Inc/stm32f4xx_it.h
2025-10-28 19:37:16,217 [INFO] CodeEngine:265 - oldGeneratedFile, /home/oleksii/STM32CubeIDE/workspace_1.19.0/workspace_embedded/Lab3_t2/Core/Src/stm32f4xx_hal_msp.c_save
2025-10-28 19:37:16,302 [INFO] CodeEngine:289 - Generated code: /home/oleksii/STM32CubeIDE/workspace_1.19.0/workspace_embedded/Lab3_t2/Core/Src/stm32f4xx_hal_msp.c
2025-10-28 19:37:16,303 [INFO] CodeEngine:265 - oldGeneratedFile, /home/oleksii/STM32CubeIDE/workspace_1.19.0/workspace_embedded/Lab3_t2/MXTmpFiles/system.tmp_save
2025-10-28 19:37:16,338 [INFO] CodeEngine:289 - Generated code: /home/oleksii/STM32CubeIDE/workspace_1.19.0/workspace_embedded/Lab3_t2/MXTmpFiles/system.tmp
2025-10-28 19:37:16,339 [INFO] CodeEngine:265 - oldGeneratedFile, /home/oleksii/STM32CubeIDE/workspace_1.19.0/workspace_embedded/Lab3_t2/Core/Src/stm32f4xx_hal_timebase_tim.c_save
2025-10-28 19:37:16,377 [INFO] CodeEngine:289 - Generated code: /home/oleksii/STM32CubeIDE/workspace_1.19.0/workspace_embedded/Lab3_t2/Core/Src/stm32f4xx_hal_timebase_tim.c
2025-10-28 19:37:16,380 [INFO] CodeEngine:321 - oldGeneratedFile, /home/oleksii/STM32CubeIDE/workspace_1.19.0/workspace_embedded/Lab3_t2/Core/Inc/stm32f4xx_hal_conf.h_save
2025-10-28 19:37:16,421 [INFO] CodeEngine:345 - Generated code: /home/oleksii/STM32CubeIDE/workspace_1.19.0/workspace_embedded/Lab3_t2/Core/Inc/stm32f4xx_hal_conf.h
2025-10-28 19:37:16,439 [INFO] ApiDbMcu:532 - Load IP Config File for USART3
2025-10-28 19:37:16,442 [INFO] ApiDbMcu:532 - Load IP Config File for RCC
2025-10-28 19:37:16,447 [INFO] CodeEngine:265 - oldGeneratedFile, /home/oleksii/STM32CubeIDE/workspace_1.19.0/workspace_embedded/Lab3_t2/Core/Inc/main.h_save
2025-10-28 19:37:16,497 [INFO] CodeEngine:289 - Generated code: /home/oleksii/STM32CubeIDE/workspace_1.19.0/workspace_embedded/Lab3_t2/Core/Inc/main.h
2025-10-28 19:37:16,498 [INFO] CodeEngine:265 - oldGeneratedFile, /home/oleksii/STM32CubeIDE/workspace_1.19.0/workspace_embedded/Lab3_t2/Core/Src/main.c_save
2025-10-28 19:37:16,591 [INFO] CodeEngine:289 - Generated code: /home/oleksii/STM32CubeIDE/workspace_1.19.0/workspace_embedded/Lab3_t2/Core/Src/main.c
2025-10-28 19:37:16,782 [INFO] ProjectBuilder:3606 - Time for Copy HAL[1] : 44mS.
2025-10-28 19:37:16,786 [INFO] ProjectBuilder:5216 - Project Generator version: 4.7.0-B52
2025-10-28 19:37:16,857 [INFO] ConfigFileManager:1595 - The Die is : DIE413
2025-10-28 19:37:16,859 [INFO] ApiDbMcu:532 - Load IP Config File for FATFS
2025-10-28 19:37:16,860 [INFO] ApiDbMcu:532 - Load IP Config File for LIBJPEG
2025-10-28 19:37:16,864 [INFO] ApiDbMcu:532 - Load IP Config File for LWIP
2025-10-28 19:37:16,869 [INFO] ApiDbMcu:532 - Load IP Config File for MBEDTLS
2025-10-28 19:37:16,874 [INFO] ApiDbMcu:532 - Load IP Config File for USB_DEVICE
2025-10-28 19:37:16,876 [INFO] ApiDbMcu:532 - Load IP Config File for USB_HOST
2025-10-28 19:37:17,138 [INFO] LogOutputStream:77 - [STDOUT_REDIRECT] 
2025-10-28 19:37:17,729 [INFO] ProjectBuilder:5496 - Time for Generating toolchain IDE Files: 942mS.
2025-10-28 19:37:17,730 [INFO] ProjectBuilder:3463 - Time for Copy CMSIS : 0mS.
2025-10-28 19:37:17,731 [INFO] ProjectBuilder:3463 - Time for Copy CMSIS : 0mS.
2025-10-28 19:39:25,108 [INFO] MainUpdater:2872 - connection check result : 10
2025-10-28 19:39:25,108 [INFO] MainUpdater:2872 - connection check result : 10
2025-10-28 19:39:25,147 [INFO] MicroXplorer:468 - Change Database Path : 
2025-10-28 19:39:25,148 [INFO] MicroXplorer:498 - Change Database Version : DB.6.0.150
2025-10-28 19:39:25,155 [ERROR] ProjectManagerView:395 - 
java.lang.NullPointerException: Cannot invoke "javax.swing.JTextField.getText()" because the return value of "java.util.List.get(int)" is null
	at com.st.microxplorer.plugins.projectmanager.gui.ProjectChoiceTab$9.caretUpdate(ProjectChoiceTab.java:2706) ~[filemanager.jar:?]
	at javax.swing.text.JTextComponent.fireCaretUpdate(JTextComponent.java:408) ~[?:?]
	at javax.swing.text.JTextComponent$MutableCaretEvent.fire(JTextComponent.java:4484) ~[?:?]
	at javax.swing.text.JTextComponent$MutableCaretEvent.stateChanged(JTextComponent.java:4506) ~[?:?]
	at javax.swing.text.DefaultCaret.fireStateChanged(DefaultCaret.java:857) ~[?:?]
	at javax.swing.text.DefaultCaret.changeCaretPosition(DefaultCaret.java:1343) ~[?:?]
	at javax.swing.text.DefaultCaret.handleSetDot(DefaultCaret.java:1242) ~[?:?]
	at javax.swing.text.DefaultCaret.setDot(DefaultCaret.java:1223) ~[?:?]
	at javax.swing.text.DefaultCaret$Handler.insertUpdate(DefaultCaret.java:1819) ~[?:?]
	at javax.swing.text.AbstractDocument.fireInsertUpdate(AbstractDocument.java:227) ~[?:?]
	at javax.swing.text.AbstractDocument.handleInsertString(AbstractDocument.java:781) ~[?:?]
	at javax.swing.text.AbstractDocument.insertString(AbstractDocument.java:740) ~[?:?]
	at javax.swing.text.PlainDocument.insertString(PlainDocument.java:131) ~[?:?]
	at javax.swing.text.AbstractDocument.replace(AbstractDocument.java:699) ~[?:?]
	at javax.swing.text.JTextComponent.setText(JTextComponent.java:1725) ~[?:?]
	at com.st.microxplorer.plugins.projectmanager.gui.ProjectChoiceTab.createHeapStackFields(ProjectChoiceTab.java:993) ~[filemanager.jar:?]
	at com.st.microxplorer.plugins.projectmanager.gui.ProjectChoiceTab.buildLinkSettingsPanel(ProjectChoiceTab.java:3813) ~[filemanager.jar:?]
	at com.st.microxplorer.plugins.projectmanager.gui.ProjectChoiceTab.defineWindowsFields(ProjectChoiceTab.java:1987) ~[filemanager.jar:?]
	at com.st.microxplorer.plugins.projectmanager.gui.ProjectChoiceTab.updateSettings(ProjectChoiceTab.java:558) ~[filemanager.jar:?]
	at com.st.microxplorer.plugins.projectmanager.gui.ProjectSettingsPanel.UpdateDialog(ProjectSettingsPanel.java:247) ~[filemanager.jar:?]
	at com.st.microxplorer.plugins.projectmanager.ProjectManagerView.propertyChange(ProjectManagerView.java:392) ~[filemanager.jar:?]
	at java.beans.PropertyChangeSupport.fire(PropertyChangeSupport.java:343) ~[?:?]
	at java.beans.PropertyChangeSupport.firePropertyChange(PropertyChangeSupport.java:335) ~[?:?]
	at java.beans.PropertyChangeSupport.firePropertyChange(PropertyChangeSupport.java:268) ~[?:?]
	at com.st.microxplorer.util.MXPropertyChangeSupport.firePropertyChange(MXPropertyChangeSupport.java:54) ~[STM32CubeMX.jar:?]
	at com.st.microxplorer.mxsystem.MxSystem.closeConfig(MxSystem.java:899) ~[STM32CubeMX.jar:?]
	at com.st.microxplorer.maingui.MainPanel.closeConfig(MainPanel.java:792) ~[STM32CubeMX.jar:?]
	at com.st.microxplorer.plugins.filemanager.engine.OpenFileManager.loadConfigurationFile(OpenFileManager.java:288) ~[filemanager.jar:?]
	at com.st.microxplorer.plugins.filemanager.engine.MainFileManager.userLoadConfig(MainFileManager.java:364) ~[filemanager.jar:?]
	at com.st.microxplorer.plugins.filemanager.engine.MainFileManager.userLoadConfig(MainFileManager.java:342) ~[filemanager.jar:?]
	at com.st.microxplorer.plugins.filemanager.FileManagerView.getSpecificTask(FileManagerView.java:264) ~[filemanager.jar:?]
	at com.st.stm32cube.common.mx.editor.CubeMxEditor.getMxTabbedPaneInstance(CubeMxEditor.java:1198) ~[com.st.stm32cube.common.mx_6.15.0.202507011659/:?]
	at com.st.stm32cube.common.mx.editor.CubeMxEditor$12$1.createSwingComponent(CubeMxEditor.java:1068) ~[com.st.stm32cube.common.mx_6.15.0.202507011659/:?]
	at com.st.stm32cube.common.mx.oss.core.awtswtbridge.EmbeddedSwingComposite.doComponentCreation(EmbeddedSwingComposite.java:492) ~[com.st.stm32cube.common.mx.oss_6.15.0.202507011659/:?]
	at com.st.stm32cube.common.mx.oss.core.awtswtbridge.EmbeddedSwingComposite$4.run(EmbeddedSwingComposite.java:291) ~[com.st.stm32cube.common.mx.oss_6.15.0.202507011659/:?]
	at com.st.stm32cube.common.mx.oss.core.awtswtbridge.AwtEnvironment$2.run(AwtEnvironment.java:166) ~[com.st.stm32cube.common.mx.oss_6.15.0.202507011659/:?]
	at java.awt.event.InvocationEvent.dispatch(InvocationEvent.java:318) ~[?:?]
	at java.awt.EventQueue.dispatchEventImpl(EventQueue.java:773) ~[?:?]
	at java.awt.EventQueue$4.run(EventQueue.java:720) ~[?:?]
	at java.awt.EventQueue$4.run(EventQueue.java:714) ~[?:?]
	at java.security.AccessController.doPrivileged(AccessController.java:400) ~[?:?]
	at java.security.ProtectionDomain$JavaSecurityAccessImpl.doIntersectionPrivilege(ProtectionDomain.java:87) ~[?:?]
	at java.awt.EventQueue.dispatchEvent(EventQueue.java:742) ~[?:?]
	at java.awt.EventDispatchThread.pumpOneEventForFilters(EventDispatchThread.java:203) ~[?:?]
	at java.awt.EventDispatchThread.pumpEventsForFilter(EventDispatchThread.java:124) ~[?:?]
	at java.awt.EventDispatchThread.pumpEventsForHierarchy(EventDispatchThread.java:113) ~[?:?]
	at java.awt.EventDispatchThread.pumpEvents(EventDispatchThread.java:109) ~[?:?]
	at java.awt.EventDispatchThread.pumpEvents(EventDispatchThread.java:101) ~[?:?]
	at java.awt.EventDispatchThread.run(EventDispatchThread.java:90) ~[?:?]
2025-10-28 19:39:25,160 [WARN] ThirdParty:871 - waiting for thirdparty lock release [close project]
2025-10-28 19:39:25,160 [INFO] ThirdParty:873 - entering critical section [close project]
2025-10-28 19:39:25,160 [INFO] ThirdParty:883 - exiting critical section [close project]
2025-10-28 19:39:25,162 [INFO] PinOutPanel:1589 - setPackage(No Configuration,No Configuration)
2025-10-28 19:39:25,175 [WARN] IpParametersView:155 - Warning: This peripheral hasn't parameters
2025-10-28 19:39:25,184 [WARN] MainPanel:289 - <html><b><center>Warning: This peripheral has no parameters to be configured<br></b></html>
2025-10-28 19:39:25,186 [INFO] UtilMem:75 - Begin LoadConfig() Used Memory: 521314416 Bytes (744488960)
2025-10-28 19:39:25,187 [INFO] MicroXplorer:468 - Change Database Path : 
2025-10-28 19:39:25,187 [INFO] MicroXplorer:498 - Change Database Version : DB.6.0.150
2025-10-28 19:39:25,187 [INFO] OpenFileManager:355 - Change cursor
2025-10-28 19:39:25,197 [INFO] RulesReader:64 - Compatibility file has been processed (317 Rules)
2025-10-28 19:39:25,200 [INFO] Mcu:2029 - Initializing MCU STM32F407V(E-G)Tx STM32F407VGTx STM32F407VGT6
2025-10-28 19:39:25,797 [INFO] Context:786 - Trying to add GPIOservice into a context  which must be forbidden
2025-10-28 19:39:26,180 [INFO] ImportTextPane:234 - (OptionalMessage_ERROR) Pin37 (VP_RIF_VS_RIF1) cannot be retrieved for this MCU
2025-10-28 19:39:26,220 [INFO] RtosManager:558 - Registered RTOS mode: class=CMSIS, group=RTOS, mode=CMSIS_V1, owner=FREERTOS
2025-10-28 19:39:26,220 [INFO] RtosManager:558 - Registered RTOS mode: class=CMSIS, group=RTOS2, mode=CMSIS_V2, owner=FREERTOS
2025-10-28 19:39:26,220 [INFO] RtosManager:558 - Registered RTOS mode: class=RTOS, group=Core, mode=CMSIS_V1, owner=FREERTOS
2025-10-28 19:39:26,220 [INFO] RtosManager:558 - Registered RTOS mode: class=RTOS, group=Core, mode=CMSIS_V2, owner=FREERTOS
2025-10-28 19:39:26,220 [WARN] ModelIntegratedComponent:184 - Missing modes for component STMicroelectronics:FreeRTOS:0.0.1:STMicroelectronics:RTOS:FreeRTOS:Core:::10.2.0:
2025-10-28 19:39:26,234 [WARN] ModelIntegratedComponent:63 - No mode defined for component null
2025-10-28 19:39:26,234 [WARN] ModelIntegratedComponent:63 - No mode defined for component null
2025-10-28 19:39:26,234 [WARN] ModelIntegratedComponent:63 - No mode defined for component null
2025-10-28 19:39:26,234 [WARN] ModelIntegratedComponent:63 - No mode defined for component null
2025-10-28 19:39:26,235 [WARN] ModelIntegratedComponent:63 - No mode defined for component null
2025-10-28 19:39:26,235 [WARN] ModelIntegratedComponent:63 - No mode defined for component null
2025-10-28 19:39:26,235 [WARN] ModelIntegratedComponent:63 - No mode defined for component null
2025-10-28 19:39:26,235 [WARN] ModelIntegratedComponent:63 - No mode defined for component null
2025-10-28 19:39:26,235 [WARN] ModelIntegratedComponent:63 - No mode defined for component null
2025-10-28 19:39:26,235 [WARN] ModelIntegratedComponent:63 - No mode defined for component null
2025-10-28 19:39:26,235 [WARN] ModelIntegratedComponent:63 - No mode defined for component null
2025-10-28 19:39:26,235 [WARN] ModelIntegratedComponent:63 - No mode defined for component null
2025-10-28 19:39:26,235 [WARN] ModelIntegratedComponent:63 - No mode defined for component null
2025-10-28 19:39:26,235 [WARN] ModelIntegratedComponent:63 - No mode defined for component null
2025-10-28 19:39:26,235 [WARN] ModelIntegratedComponent:63 - No mode defined for component null
2025-10-28 19:39:26,235 [WARN] ModelIntegratedComponent:63 - No mode defined for component null
2025-10-28 19:39:26,235 [WARN] ModelIntegratedComponent:63 - No mode defined for component null
2025-10-28 19:39:26,235 [WARN] ModelIntegratedComponent:63 - No mode defined for component null
2025-10-28 19:39:26,235 [WARN] ModelIntegratedComponent:63 - No mode defined for component null
2025-10-28 19:39:26,235 [WARN] ModelIntegratedComponent:63 - No mode defined for component null
2025-10-28 19:39:26,235 [WARN] ModelIntegratedComponent:63 - No mode defined for component null
2025-10-28 19:39:26,235 [WARN] ModelIntegratedComponent:63 - No mode defined for component null
2025-10-28 19:39:26,235 [WARN] ModelIntegratedComponent:63 - No mode defined for component null
2025-10-28 19:39:26,235 [WARN] ModelIntegratedComponent:63 - No mode defined for component null
2025-10-28 19:39:26,235 [WARN] ModelIntegratedComponent:63 - No mode defined for component null
2025-10-28 19:39:26,235 [WARN] ModelIntegratedComponent:63 - No mode defined for component null
2025-10-28 19:39:26,235 [WARN] ModelIntegratedComponent:63 - No mode defined for component null
2025-10-28 19:39:26,235 [WARN] ModelIntegratedComponent:63 - No mode defined for component null
2025-10-28 19:39:26,235 [WARN] ModelIntegratedComponent:63 - No mode defined for component null
2025-10-28 19:39:26,235 [WARN] ModelIntegratedComponent:63 - No mode defined for component null
2025-10-28 19:39:26,235 [WARN] ModelIntegratedComponent:63 - No mode defined for component null
2025-10-28 19:39:26,235 [WARN] ModelIntegratedComponent:63 - No mode defined for component null
2025-10-28 19:39:26,235 [WARN] ModelIntegratedComponent:63 - No mode defined for component null
2025-10-28 19:39:26,235 [WARN] ModelIntegratedComponent:63 - No mode defined for component null
2025-10-28 19:39:26,235 [WARN] ModelIntegratedComponent:63 - No mode defined for component null
2025-10-28 19:39:26,236 [WARN] ModelPack:524 - Component already loaded: STMicroelectronics:HAL Drivers:0.0.0:STMicroelectronics:Device:STMicro_Driver:XSPI:HAL::0.0.1:HAL_XSPI
2025-10-28 19:39:26,296 [INFO] ThirdPartyModel:298 - Start build external matchings
2025-10-28 19:39:26,659 [INFO] ThirdPartyModel:316 - End build external matchings
2025-10-28 19:39:26,674 [INFO] ImportTextPane:234 - (OptionalMessage_ERROR) IP (RCC) : Parameter (RTCHSEDivFreq_Value) has invalid value (4000000)
2025-10-28 19:39:26,849 [INFO] UtilMem:75 - End LoadConfig() Used Memory: 344495328 Bytes (744488960)
2025-10-28 19:39:26,853 [WARN] ThirdParty:833 - waiting for thirdparty lock release [change project]
2025-10-28 19:39:26,854 [INFO] ThirdParty:835 - entering critical section [change project]
2025-10-28 19:39:26,854 [INFO] ThirdParty:1030 - CMSIS Pack Vendor :STMicroelectronics X-CUBE-PM33A1 1.0.0
2025-10-28 19:39:26,854 [INFO] ThirdParty:1030 - CMSIS Pack Vendor :STMicroelectronics USBPD 4.1
2025-10-28 19:39:26,854 [INFO] ThirdParty:1030 - CMSIS Pack Vendor :STMicroelectronics X-CUBE-NFC9 1.0.0
2025-10-28 19:39:26,854 [INFO] ThirdParty:1030 - CMSIS Pack Vendor :STMicroelectronics USB_HOST 2.0.0
2025-10-28 19:39:26,854 [INFO] ThirdParty:1030 - CMSIS Pack Vendor :STMicroelectronics FP-SNS-MOTENVWB1 1.4.0
2025-10-28 19:39:26,854 [INFO] ThirdParty:1030 - CMSIS Pack Vendor :STMicroelectronics X-CUBE-AZRTOS-F4 1.1.0
2025-10-28 19:39:26,854 [INFO] ThirdParty:1030 - CMSIS Pack Vendor :STMicroelectronics LIBJPEG 8.0.0
2025-10-28 19:39:26,854 [INFO] ThirdParty:1030 - CMSIS Pack Vendor :STMicroelectronics FP-ATR-ASTRA1 2.0.2
2025-10-28 19:39:26,854 [INFO] ThirdParty:1030 - CMSIS Pack Vendor :wolfSSL I-CUBE-wolfSSL 5.8.2
2025-10-28 19:39:26,854 [INFO] ThirdParty:1030 - CMSIS Pack Vendor :STMicroelectronics X-CUBE-BLE1 7.1.0
2025-10-28 19:39:26,854 [INFO] ThirdParty:1030 - CMSIS Pack Vendor :Avnet-IotConnect X-CUBE-IoTC-DA16k-PMOD 1.0.0
2025-10-28 19:39:26,854 [INFO] ThirdParty:1030 - CMSIS Pack Vendor :STMicroelectronics X-CUBE-SMBUS 2.1.0
2025-10-28 19:39:26,854 [INFO] ThirdParty:1030 - CMSIS Pack Vendor :wolfSSL I-CUBE-wolfMQTT 1.19.2
2025-10-28 19:39:26,854 [INFO] ThirdParty:1030 - CMSIS Pack Vendor :STMicroelectronics USB_DEVICE 3.0.0
2025-10-28 19:39:26,854 [INFO] ThirdParty:1030 - CMSIS Pack Vendor :STMicroelectronics X-CUBE-ISPU 2.1.0
2025-10-28 19:39:26,854 [INFO] ThirdParty:1030 - CMSIS Pack Vendor :STMicroelectronics X-CUBE-EEPRMA1 5.2.0
2025-10-28 19:39:26,854 [INFO] ThirdParty:1030 - CMSIS Pack Vendor :STMicroelectronics X-CUBE-IPS 3.2.0
2025-10-28 19:39:26,854 [INFO] ThirdParty:1030 - CMSIS Pack Vendor :STMicroelectronics X-CUBE-BLEMGR 4.1.0
2025-10-28 19:39:26,854 [INFO] ThirdParty:1030 - CMSIS Pack Vendor :STMicroelectronics X-CUBE-AZRTOS-WB 2.0.0
2025-10-28 19:39:26,854 [INFO] ThirdParty:1030 - CMSIS Pack Vendor :STMicroelectronics X-CUBE-ST60 1.0.0
2025-10-28 19:39:26,854 [INFO] ThirdParty:1030 - CMSIS Pack Vendor :STMicroelectronics X-CUBE-GNSS1 7.0.1
2025-10-28 19:39:26,854 [INFO] ThirdParty:1030 - CMSIS Pack Vendor :STMicroelectronics X-CUBE-NFC12 1.0.0
2025-10-28 19:39:26,854 [INFO] ThirdParty:1030 - CMSIS Pack Vendor :STMicroelectronics X-CUBE-AZRTOS-F7 1.1.0
2025-10-28 19:39:26,854 [INFO] ThirdParty:1030 - CMSIS Pack Vendor :STMicroelectronics X-CUBE-AZRTOS-L5 2.0.0
2025-10-28 19:39:26,854 [INFO] ThirdParty:1030 - CMSIS Pack Vendor :STMicroelectronics X-CUBE-TOUCHGFX 4.25.0
2025-10-28 19:39:26,854 [INFO] ThirdParty:1030 - CMSIS Pack Vendor :STMicroelectronics USB_DEVICE 2.0.0
2025-10-28 19:39:26,854 [INFO] ThirdParty:1030 - CMSIS Pack Vendor :STMicroelectronics X-CUBE-NFC6 3.1.0
2025-10-28 19:39:26,854 [INFO] ThirdParty:1030 - CMSIS Pack Vendor :STMicroelectronics X-CUBE-ST67W61 1.1.0
2025-10-28 19:39:26,854 [INFO] ThirdParty:1030 - CMSIS Pack Vendor :quantropi X-CUBE-qispace-sdk-base 2.1.0
2025-10-28 19:39:26,854 [INFO] ThirdParty:1030 - CMSIS Pack Vendor :STMicroelectronics FP-SNS-MOTENV1 5.1.0
2025-10-28 19:39:26,854 [INFO] ThirdParty:1030 - CMSIS Pack Vendor :STMicroelectronics FreeRTOS 0.0.1
2025-10-28 19:39:26,854 [INFO] ThirdParty:1030 - CMSIS Pack Vendor :STMicroelectronics X-CUBE-AZRTOS-G0 1.1.0
2025-10-28 19:39:26,854 [INFO] ThirdParty:1030 - CMSIS Pack Vendor :STMicroelectronics X-CUBE-SAFEA1 1.2.2
2025-10-28 19:39:26,854 [INFO] ThirdParty:1030 - CMSIS Pack Vendor :STMicroelectronics X-CUBE-NFC4 3.0.0
2025-10-28 19:39:26,854 [INFO] ThirdParty:1030 - CMSIS Pack Vendor :STMicroelectronics X-CUBE-SUBG2 5.0.0
2025-10-28 19:39:26,854 [INFO] ThirdParty:1030 - CMSIS Pack Vendor :STMicroelectronics X-CUBE-AZRTOS-H7RS 1.1.0
2025-10-28 19:39:26,854 [INFO] ThirdParty:1030 - CMSIS Pack Vendor :STMicroelectronics STM32_WPAN 1.0.0
2025-10-28 19:39:26,854 [INFO] ThirdParty:1030 - CMSIS Pack Vendor :EmbeddedOffice I-CUBE-FS-RTOS 1.0.1
2025-10-28 19:39:26,855 [INFO] ThirdParty:1030 - CMSIS Pack Vendor :STMicroelectronics lwIP 2.0.3
2025-10-28 19:39:26,855 [INFO] ThirdParty:1030 - CMSIS Pack Vendor :WES I-CUBE-Cesium 1.4.0
2025-10-28 19:39:26,855 [INFO] ThirdParty:1030 - CMSIS Pack Vendor :Cesanta I-CUBE-Mongoose 7.13.0
2025-10-28 19:39:26,855 [INFO] ThirdParty:1030 - CMSIS Pack Vendor :STMicroelectronics USB_HOST 1.0.0
2025-10-28 19:39:26,855 [INFO] ThirdParty:1030 - CMSIS Pack Vendor :Infineon AIROC-Wi-Fi-Bluetooth-STM32 1.7.1
2025-10-28 19:39:26,855 [INFO] ThirdParty:1030 - CMSIS Pack Vendor :STMicroelectronics X-CUBE-AZRTOS-G4 2.0.0
2025-10-28 19:39:26,855 [INFO] ThirdParty:1030 - CMSIS Pack Vendor :STMicroelectronics X-CUBE-WB05N 2.0.0
2025-10-28 19:39:26,855 [INFO] ThirdParty:1030 - CMSIS Pack Vendor :STMicroelectronics PDM2PCM 3.1.0
2025-10-28 19:39:26,855 [INFO] ThirdParty:1030 - CMSIS Pack Vendor :STMicroelectronics PDM2PCM 3.3.0
2025-10-28 19:39:26,855 [INFO] ThirdParty:1030 - CMSIS Pack Vendor :wolfSSL I-CUBE-wolfTPM 3.8.0
2025-10-28 19:39:26,855 [INFO] ThirdParty:1030 - CMSIS Pack Vendor :STMicroelectronics X-CUBE-AZRTOS-H7 3.4.0
2025-10-28 19:39:26,855 [INFO] ThirdParty:1030 - CMSIS Pack Vendor :STMicroelectronics X-CUBE-DISPLAY 3.0.0
2025-10-28 19:39:26,855 [INFO] ThirdParty:1030 - CMSIS Pack Vendor :wolfSSL I-CUBE-wolfSSH 1.4.20
2025-10-28 19:39:26,855 [INFO] ThirdParty:1030 - CMSIS Pack Vendor :STMicroelectronics X-CUBE-NFC7 2.0.0
2025-10-28 19:39:26,855 [INFO] ThirdParty:1030 - CMSIS Pack Vendor :STMicroelectronics X-CUBE-TCPP 4.2.0
2025-10-28 19:39:26,855 [INFO] ThirdParty:1030 - CMSIS Pack Vendor :RealThread X-CUBE-RT-Thread_Nano 4.1.1
2025-10-28 19:39:26,855 [INFO] ThirdParty:1030 - CMSIS Pack Vendor :STMicroelectronics FP-ATR-SIGFOX1 3.2.0
2025-10-28 19:39:26,855 [INFO] ThirdParty:1030 - CMSIS Pack Vendor :STMicroelectronics X-CUBE-NFC10 1.0.0
2025-10-28 19:39:26,855 [INFO] ThirdParty:1030 - CMSIS Pack Vendor :STMicroelectronics X-CUBE-FREERTOS 1.3.1
2025-10-28 19:39:26,855 [INFO] ThirdParty:1030 - CMSIS Pack Vendor :STMicroelectronics HAL Drivers 0.0.0
2025-10-28 19:39:26,855 [INFO] ThirdParty:1030 - CMSIS Pack Vendor :STMicroelectronics MBEDTLS 2.16.2
2025-10-28 19:39:26,855 [INFO] ThirdParty:1030 - CMSIS Pack Vendor :STMicroelectronics X-CUBE-ST60 1.1.0
2025-10-28 19:39:26,855 [INFO] ThirdParty:1030 - CMSIS Pack Vendor :STMicroelectronics X-CUBE-IPS 3.1.0
2025-10-28 19:39:26,855 [INFO] ThirdParty:1030 - CMSIS Pack Vendor :STMicroelectronics X-CUBE-ALS 1.0.2
2025-10-28 19:39:26,855 [INFO] ThirdParty:1030 - CMSIS Pack Vendor :emotas I-CUBE-CANOPEN 1.3.0
2025-10-28 19:39:26,856 [INFO] ThirdParty:1030 - CMSIS Pack Vendor :STMicroelectronics MBEDTLS 2.14.1
2025-10-28 19:39:26,856 [INFO] ThirdParty:1030 - CMSIS Pack Vendor :ITTIA_DB I-CUBE-ITTIADB 8.9.0
2025-10-28 19:39:26,856 [INFO] ThirdParty:1030 - CMSIS Pack Vendor :STMicroelectronics X-CUBE-TOUCHGFX 4.26.0
2025-10-28 19:39:26,856 [INFO] ThirdParty:1030 - CMSIS Pack Vendor :STMicroelectronics X-CUBE-STSE01 1.0.0
2025-10-28 19:39:26,856 [INFO] ThirdParty:1030 - CMSIS Pack Vendor :STMicroelectronics X-CUBE-ST67W61 1.0.0
2025-10-28 19:39:26,856 [INFO] ThirdParty:1030 - CMSIS Pack Vendor :STMicroelectronics FP-SNS-STBOX1 2.1.0
2025-10-28 19:39:26,856 [INFO] ThirdParty:1030 - CMSIS Pack Vendor :STMicroelectronics X-CUBE-AI 10.2.0
2025-10-28 19:39:26,856 [INFO] ThirdParty:1030 - CMSIS Pack Vendor :STMicroelectronics FP-SNS-STAIOTCFT 1.0.0
2025-10-28 19:39:26,856 [INFO] ThirdParty:1030 - CMSIS Pack Vendor :STMicroelectronics ThreadX 1.0.0
2025-10-28 19:39:26,856 [INFO] ThirdParty:1030 - CMSIS Pack Vendor :STMicroelectronics FP-SNS-SMARTAG2 1.2.0
2025-10-28 19:39:26,856 [INFO] ThirdParty:1030 - CMSIS Pack Vendor :STMicroelectronics FP-SNS-FLIGHT1 5.1.0
2025-10-28 19:39:26,856 [INFO] ThirdParty:1030 - CMSIS Pack Vendor :STMicroelectronics X-CUBE-AZRTOS-WL 2.0.0
2025-10-28 19:39:26,856 [INFO] ThirdParty:1030 - CMSIS Pack Vendor :SEGGER I-CUBE-embOS 1.3.1
2025-10-28 19:39:26,856 [INFO] ThirdParty:1030 - CMSIS Pack Vendor :STMicroelectronics X-CUBE-ALGOBUILD 1.4.0
2025-10-28 19:39:26,856 [INFO] ThirdParty:1030 - CMSIS Pack Vendor :STMicroelectronics X-CUBE-DPower 1.3.0
2025-10-28 19:39:26,856 [INFO] ThirdParty:1030 - CMSIS Pack Vendor :STMicroelectronics X-CUBE-MEMS1 11.3.0
2025-10-28 19:39:26,856 [INFO] ThirdParty:1030 - CMSIS Pack Vendor :STMicroelectronics FP-SNS-MOTENV1 5.0.0
2025-10-28 19:39:26,856 [INFO] ThirdParty:1030 - CMSIS Pack Vendor :STMicroelectronics USB_DEVICE 1.0.0
2025-10-28 19:39:26,856 [INFO] ThirdParty:1030 - CMSIS Pack Vendor :STMicroelectronics X-CUBE-AZRTOS-L4 2.0.0
2025-10-28 19:39:26,856 [INFO] ThirdParty:1030 - CMSIS Pack Vendor :STMicroelectronics ThreadX 0.0.2
2025-10-28 19:39:26,856 [INFO] ThirdParty:1030 - CMSIS Pack Vendor :STMicroelectronics lwIP 2.1.2
2025-10-28 19:39:26,856 [INFO] ThirdParty:1030 - CMSIS Pack Vendor :STMicroelectronics X-CUBE-SFXS2LP1 4.0.0
2025-10-28 19:39:26,856 [INFO] ThirdParty:1030 - CMSIS Pack Vendor :STMicroelectronics X-CUBE-BLE2 3.3.0
2025-10-28 19:39:26,856 [INFO] ThirdParty:1030 - CMSIS Pack Vendor :STMicroelectronics X-CUBE-TOF1 3.4.3
2025-10-28 19:39:26,856 [INFO] ThirdParty:1030 - CMSIS Pack Vendor :STMicroelectronics PDM2PCM 3.2.0
2025-10-28 19:39:26,856 [INFO] ThirdParty:841 - exiting critical section [change project]
2025-10-28 19:39:27,059 [INFO] PinOutPanel:1589 - setPackage(No Configuration,No Configuration)
2025-10-28 19:39:27,059 [INFO] PinOutPanel:1589 - setPackage(STM32F407VGTx,LQFP100)
2025-10-28 19:39:27,221 [INFO] UtilMem:75 - Before build in PCC Used Memory: 377699328 Bytes (744488960)
2025-10-28 19:39:27,421 [INFO] UtilMem:75 - After build in PCC Used Memory: 422268136 Bytes (744488960)
2025-10-28 19:39:27,424 [INFO] ApiDbMcu:532 - Load IP Config File for USB_HOST
2025-10-28 19:39:27,425 [WARN] BspModel:444 - BSP dependency skipped because of component: name='IOExpander', api='Unknown'
2025-10-28 19:39:27,442 [INFO] IPUIPlugin:80 - create IPUIPlugin
2025-10-28 19:39:27,442 [INFO] IPUIPlugin:80 - create IPUIPlugin
2025-10-28 19:39:27,442 [INFO] IPUIPlugin:80 - create IPUIPlugin
2025-10-28 19:39:27,442 [INFO] IPUIPlugin:80 - create IPUIPlugin
2025-10-28 19:39:27,442 [INFO] IPUIPlugin:80 - create IPUIPlugin
2025-10-28 19:39:27,442 [INFO] IPUIPlugin:80 - create IPUIPlugin
2025-10-28 19:39:27,442 [INFO] IPUIPlugin:80 - create IPUIPlugin
2025-10-28 19:39:27,442 [INFO] IPUIPlugin:80 - create IPUIPlugin
2025-10-28 19:39:27,442 [INFO] IPUIPlugin:80 - create IPUIPlugin
2025-10-28 19:39:27,443 [INFO] IPUIPlugin:80 - create IPUIPlugin
2025-10-28 19:39:27,443 [INFO] IPUIPlugin:80 - create IPUIPlugin
2025-10-28 19:39:27,443 [INFO] IPUIPlugin:80 - create IPUIPlugin
2025-10-28 19:39:27,443 [INFO] IPUIPlugin:80 - create IPUIPlugin
2025-10-28 19:39:27,443 [INFO] IPUIPlugin:80 - create IPUIPlugin
2025-10-28 19:39:27,443 [INFO] IPUIPlugin:80 - create IPUIPlugin
2025-10-28 19:39:27,443 [INFO] IPUIPlugin:80 - create IPUIPlugin
2025-10-28 19:39:27,443 [INFO] IPUIPlugin:80 - create IPUIPlugin
2025-10-28 19:39:27,443 [INFO] IPUIPlugin:80 - create IPUIPlugin
2025-10-28 19:39:27,443 [INFO] IPUIPlugin:80 - create IPUIPlugin
2025-10-28 19:39:27,443 [INFO] IPUIPlugin:80 - create IPUIPlugin
2025-10-28 19:39:27,444 [INFO] IPUIPlugin:80 - create IPUIPlugin
2025-10-28 19:39:27,444 [INFO] IPUIPlugin:80 - create IPUIPlugin
2025-10-28 19:39:27,444 [INFO] IPUIPlugin:80 - create IPUIPlugin
2025-10-28 19:39:27,444 [INFO] IPUIPlugin:80 - create IPUIPlugin
2025-10-28 19:39:27,444 [INFO] IPUIPlugin:80 - create IPUIPlugin
2025-10-28 19:39:27,444 [INFO] IPUIPlugin:80 - create IPUIPlugin
2025-10-28 19:39:27,444 [INFO] IPUIPlugin:80 - create IPUIPlugin
2025-10-28 19:39:27,444 [INFO] IPUIPlugin:80 - create IPUIPlugin
2025-10-28 19:39:27,444 [INFO] IPUIPlugin:80 - create IPUIPlugin
2025-10-28 19:39:27,444 [INFO] IPUIPlugin:80 - create IPUIPlugin
2025-10-28 19:39:27,444 [INFO] IPUIPlugin:80 - create IPUIPlugin
2025-10-28 19:39:27,444 [INFO] IPUIPlugin:80 - create IPUIPlugin
2025-10-28 19:39:27,445 [INFO] IPUIPlugin:80 - create IPUIPlugin
2025-10-28 19:39:27,445 [INFO] IPUIPlugin:80 - create IPUIPlugin
2025-10-28 19:39:27,445 [INFO] IPUIPlugin:80 - create IPUIPlugin
2025-10-28 19:39:27,445 [INFO] IPUIPlugin:80 - create IPUIPlugin
2025-10-28 19:39:27,445 [INFO] IPUIPlugin:80 - create IPUIPlugin
2025-10-28 19:39:27,445 [INFO] IPUIPlugin:80 - create IPUIPlugin
2025-10-28 19:39:27,445 [INFO] IPUIPlugin:80 - create IPUIPlugin
2025-10-28 19:39:27,445 [INFO] IPUIPlugin:80 - create IPUIPlugin
2025-10-28 19:39:27,445 [INFO] IPUIPlugin:80 - create IPUIPlugin
2025-10-28 19:39:27,445 [INFO] IPUIPlugin:80 - create IPUIPlugin
2025-10-28 19:39:27,445 [INFO] IPUIPlugin:80 - create IPUIPlugin
2025-10-28 19:39:27,445 [INFO] IPUIPlugin:80 - create IPUIPlugin
2025-10-28 19:39:27,445 [INFO] IPUIPlugin:80 - create IPUIPlugin
2025-10-28 19:39:27,445 [INFO] IPUIPlugin:80 - create IPUIPlugin
2025-10-28 19:39:27,445 [INFO] IPUIPlugin:80 - create IPUIPlugin
2025-10-28 19:39:27,445 [INFO] IPUIPlugin:80 - create IPUIPlugin
2025-10-28 19:39:27,445 [INFO] IPUIPlugin:80 - create IPUIPlugin
2025-10-28 19:39:27,445 [INFO] IPUIPlugin:80 - create IPUIPlugin
2025-10-28 19:39:27,446 [INFO] IPUIPlugin:80 - create IPUIPlugin
2025-10-28 19:39:27,446 [INFO] IPUIPlugin:80 - create IPUIPlugin
2025-10-28 19:39:27,446 [INFO] IPUIPlugin:80 - create IPUIPlugin
2025-10-28 19:39:27,446 [INFO] IPUIPlugin:80 - create IPUIPlugin
2025-10-28 19:39:27,446 [INFO] IPUIPlugin:80 - create IPUIPlugin
2025-10-28 19:39:27,446 [INFO] IPUIPlugin:80 - create IPUIPlugin
2025-10-28 19:39:27,447 [INFO] IPUIPlugin:80 - create IPUIPlugin
2025-10-28 19:39:27,447 [INFO] IPUIPlugin:80 - create IPUIPlugin
2025-10-28 19:39:27,449 [INFO] ApiDbMcu:532 - Load IP Config File for PDM2PCM
2025-10-28 19:39:27,450 [WARN] IP:2250 - I2C_Coeff_DF not found: check if there is a RefParameter without a condition.
2025-10-28 19:39:27,450 [WARN] IP:2250 - Analog_Filter not found: check if there is a RefParameter without a condition.
2025-10-28 19:39:27,458 [INFO] I2sManager:658 - 9.6E7
2025-10-28 19:39:27,459 [INFO] I2sManager:195 - I2S Clock Value : 9.6E7
2025-10-28 19:39:27,459 [INFO] I2sManager:553 - AudioClock : 93750Divider : 2Odd : 0
2025-10-28 19:39:27,497 [INFO] CADModel:165 - CPN selected for project levelSTM32F407VGT6
2025-10-28 19:39:27,497 [INFO] CADModel:114 - Register for checkConnection events
2025-10-28 19:39:27,566 [INFO] OpenFileManager:386 - Restore cursor
2025-10-28 19:39:27,688 [WARN] IP:2250 - I2C_Coeff_DF not found: check if there is a RefParameter without a condition.
2025-10-28 19:39:27,688 [WARN] IP:2250 - Analog_Filter not found: check if there is a RefParameter without a condition.
2025-10-28 19:39:27,688 [WARN] IP:2250 - I2C_Coeff_DF not found: check if there is a RefParameter without a condition.
2025-10-28 19:39:27,688 [WARN] IP:2250 - Analog_Filter not found: check if there is a RefParameter without a condition.
2025-10-28 19:39:37,775 [INFO] Gpio:278 - dependency for GPIO [I2C1, I2S3, RCC, SPI1, SYS, USB_OTG_FS]
2025-10-28 19:39:53,925 [INFO] NvicIntPanel:101 - NVIC parent = com.st.microxplorer.plugins.ip.nvic.MultiNvicIntPanel[,2,46,508x263,layout=javax.swing.BoxLayout,alignmentX=0.0,alignmentY=0.0,border=,flags=9,maximumSize=,minimumSize=,preferredSize=]
2025-10-28 19:40:10,506 [INFO] MainUpdater:2872 - connection check result : 10
2025-10-28 19:40:10,506 [INFO] MainUpdater:2872 - connection check result : 10
2025-10-28 19:40:10,801 [INFO] I2sManager:658 - 9.6E7
2025-10-28 19:40:10,801 [INFO] I2sManager:195 - I2S Clock Value : 9.6E7
2025-10-28 19:40:10,801 [INFO] I2sManager:553 - AudioClock : 93750Divider : 2Odd : 0
2025-10-28 19:40:10,802 [INFO] MicroXplorer:468 - Change Database Path : 
2025-10-28 19:40:10,802 [INFO] MicroXplorer:498 - Change Database Version : DB.6.0.150
2025-10-28 19:40:10,805 [ERROR] ProjectManagerView:395 - 
java.lang.NullPointerException: Cannot invoke "javax.swing.JTextField.getText()" because the return value of "java.util.List.get(int)" is null
	at com.st.microxplorer.plugins.projectmanager.gui.ProjectChoiceTab$9.caretUpdate(ProjectChoiceTab.java:2706) ~[filemanager.jar:?]
	at javax.swing.text.JTextComponent.fireCaretUpdate(JTextComponent.java:408) ~[?:?]
	at javax.swing.text.JTextComponent$MutableCaretEvent.fire(JTextComponent.java:4484) ~[?:?]
	at javax.swing.text.JTextComponent$MutableCaretEvent.stateChanged(JTextComponent.java:4506) ~[?:?]
	at javax.swing.text.DefaultCaret.fireStateChanged(DefaultCaret.java:857) ~[?:?]
	at javax.swing.text.DefaultCaret.changeCaretPosition(DefaultCaret.java:1343) ~[?:?]
	at javax.swing.text.DefaultCaret.handleSetDot(DefaultCaret.java:1242) ~[?:?]
	at javax.swing.text.DefaultCaret.setDot(DefaultCaret.java:1223) ~[?:?]
	at javax.swing.text.DefaultCaret$Handler.insertUpdate(DefaultCaret.java:1819) ~[?:?]
	at javax.swing.text.AbstractDocument.fireInsertUpdate(AbstractDocument.java:227) ~[?:?]
	at javax.swing.text.AbstractDocument.handleInsertString(AbstractDocument.java:781) ~[?:?]
	at javax.swing.text.AbstractDocument.insertString(AbstractDocument.java:740) ~[?:?]
	at javax.swing.text.PlainDocument.insertString(PlainDocument.java:131) ~[?:?]
	at javax.swing.text.AbstractDocument.replace(AbstractDocument.java:699) ~[?:?]
	at javax.swing.text.JTextComponent.setText(JTextComponent.java:1725) ~[?:?]
	at com.st.microxplorer.plugins.projectmanager.gui.ProjectChoiceTab.createHeapStackFields(ProjectChoiceTab.java:993) ~[filemanager.jar:?]
	at com.st.microxplorer.plugins.projectmanager.gui.ProjectChoiceTab.buildLinkSettingsPanel(ProjectChoiceTab.java:3813) ~[filemanager.jar:?]
	at com.st.microxplorer.plugins.projectmanager.gui.ProjectChoiceTab.defineWindowsFields(ProjectChoiceTab.java:1987) ~[filemanager.jar:?]
	at com.st.microxplorer.plugins.projectmanager.gui.ProjectChoiceTab.updateSettings(ProjectChoiceTab.java:558) ~[filemanager.jar:?]
	at com.st.microxplorer.plugins.projectmanager.gui.ProjectSettingsPanel.UpdateDialog(ProjectSettingsPanel.java:247) ~[filemanager.jar:?]
	at com.st.microxplorer.plugins.projectmanager.ProjectManagerView.propertyChange(ProjectManagerView.java:392) ~[filemanager.jar:?]
	at java.beans.PropertyChangeSupport.fire(PropertyChangeSupport.java:343) ~[?:?]
	at java.beans.PropertyChangeSupport.firePropertyChange(PropertyChangeSupport.java:335) ~[?:?]
	at java.beans.PropertyChangeSupport.firePropertyChange(PropertyChangeSupport.java:268) ~[?:?]
	at com.st.microxplorer.util.MXPropertyChangeSupport.firePropertyChange(MXPropertyChangeSupport.java:54) ~[STM32CubeMX.jar:?]
	at com.st.microxplorer.mxsystem.MxSystem.closeConfig(MxSystem.java:899) ~[STM32CubeMX.jar:?]
	at com.st.microxplorer.maingui.MainPanel.closeConfig(MainPanel.java:792) ~[STM32CubeMX.jar:?]
	at com.st.microxplorer.plugins.filemanager.engine.OpenFileManager.loadConfigurationFile(OpenFileManager.java:288) ~[filemanager.jar:?]
	at com.st.microxplorer.plugins.filemanager.engine.MainFileManager.userLoadConfig(MainFileManager.java:364) ~[filemanager.jar:?]
	at com.st.microxplorer.plugins.filemanager.engine.MainFileManager.userLoadConfig(MainFileManager.java:342) ~[filemanager.jar:?]
	at com.st.microxplorer.plugins.filemanager.FileManagerView.getSpecificTask(FileManagerView.java:264) ~[filemanager.jar:?]
	at com.st.stm32cube.common.mx.editor.CubeMxEditor.getMxTabbedPaneInstance(CubeMxEditor.java:1198) ~[com.st.stm32cube.common.mx_6.15.0.202507011659/:?]
	at com.st.stm32cube.common.mx.editor.CubeMxEditor$12$1.createSwingComponent(CubeMxEditor.java:1068) ~[com.st.stm32cube.common.mx_6.15.0.202507011659/:?]
	at com.st.stm32cube.common.mx.oss.core.awtswtbridge.EmbeddedSwingComposite.doComponentCreation(EmbeddedSwingComposite.java:492) ~[com.st.stm32cube.common.mx.oss_6.15.0.202507011659/:?]
	at com.st.stm32cube.common.mx.oss.core.awtswtbridge.EmbeddedSwingComposite$4.run(EmbeddedSwingComposite.java:291) ~[com.st.stm32cube.common.mx.oss_6.15.0.202507011659/:?]
	at com.st.stm32cube.common.mx.oss.core.awtswtbridge.AwtEnvironment$2.run(AwtEnvironment.java:166) ~[com.st.stm32cube.common.mx.oss_6.15.0.202507011659/:?]
	at java.awt.event.InvocationEvent.dispatch(InvocationEvent.java:318) ~[?:?]
	at java.awt.EventQueue.dispatchEventImpl(EventQueue.java:773) ~[?:?]
	at java.awt.EventQueue$4.run(EventQueue.java:720) ~[?:?]
	at java.awt.EventQueue$4.run(EventQueue.java:714) ~[?:?]
	at java.security.AccessController.doPrivileged(AccessController.java:400) ~[?:?]
	at java.security.ProtectionDomain$JavaSecurityAccessImpl.doIntersectionPrivilege(ProtectionDomain.java:87) ~[?:?]
	at java.awt.EventQueue.dispatchEvent(EventQueue.java:742) ~[?:?]
	at java.awt.EventDispatchThread.pumpOneEventForFilters(EventDispatchThread.java:203) ~[?:?]
	at java.awt.EventDispatchThread.pumpEventsForFilter(EventDispatchThread.java:124) ~[?:?]
	at java.awt.EventDispatchThread.pumpEventsForHierarchy(EventDispatchThread.java:113) ~[?:?]
	at java.awt.EventDispatchThread.pumpEvents(EventDispatchThread.java:109) ~[?:?]
	at java.awt.EventDispatchThread.pumpEvents(EventDispatchThread.java:101) ~[?:?]
	at java.awt.EventDispatchThread.run(EventDispatchThread.java:90) ~[?:?]
2025-10-28 19:40:10,806 [WARN] ThirdParty:871 - waiting for thirdparty lock release [close project]
2025-10-28 19:40:10,806 [INFO] ThirdParty:873 - entering critical section [close project]
2025-10-28 19:40:10,806 [INFO] ThirdParty:883 - exiting critical section [close project]
2025-10-28 19:40:10,806 [INFO] PinOutPanel:1589 - setPackage(No Configuration,No Configuration)
2025-10-28 19:40:10,809 [WARN] IpParametersView:155 - Warning: This peripheral hasn't parameters
2025-10-28 19:40:10,810 [WARN] MainPanel:289 - <html><b><center>Warning: This peripheral has no parameters to be configured<br></b></html>
2025-10-28 19:40:10,811 [INFO] UtilMem:75 - Begin LoadConfig() Used Memory: 628839952 Bytes (744488960)
2025-10-28 19:40:10,812 [INFO] MicroXplorer:468 - Change Database Path : 
2025-10-28 19:40:10,812 [INFO] MicroXplorer:498 - Change Database Version : DB.6.0.150
2025-10-28 19:40:10,812 [INFO] OpenFileManager:355 - Change cursor
2025-10-28 19:40:10,815 [INFO] Mcu:2029 - Initializing MCU STM32F407V(E-G)Tx STM32F407VGTx STM32F407VGT6
2025-10-28 19:40:11,313 [INFO] Context:786 - Trying to add GPIOservice into a context  which must be forbidden
2025-10-28 19:40:11,482 [INFO] ImportTextPane:234 - (OptionalMessage_ERROR) Pin37 (VP_RIF_VS_RIF1) cannot be retrieved for this MCU
2025-10-28 19:40:11,498 [INFO] RtosManager:558 - Registered RTOS mode: class=CMSIS, group=RTOS, mode=CMSIS_V1, owner=FREERTOS
2025-10-28 19:40:11,498 [INFO] RtosManager:558 - Registered RTOS mode: class=CMSIS, group=RTOS2, mode=CMSIS_V2, owner=FREERTOS
2025-10-28 19:40:11,498 [INFO] RtosManager:558 - Registered RTOS mode: class=RTOS, group=Core, mode=CMSIS_V1, owner=FREERTOS
2025-10-28 19:40:11,498 [INFO] RtosManager:558 - Registered RTOS mode: class=RTOS, group=Core, mode=CMSIS_V2, owner=FREERTOS
2025-10-28 19:40:11,498 [WARN] ModelIntegratedComponent:184 - Missing modes for component STMicroelectronics:FreeRTOS:0.0.1:STMicroelectronics:RTOS:FreeRTOS:Core:::10.2.0:
2025-10-28 19:40:11,502 [WARN] ModelIntegratedComponent:63 - No mode defined for component null
2025-10-28 19:40:11,502 [WARN] ModelIntegratedComponent:63 - No mode defined for component null
2025-10-28 19:40:11,502 [WARN] ModelIntegratedComponent:63 - No mode defined for component null
2025-10-28 19:40:11,502 [WARN] ModelIntegratedComponent:63 - No mode defined for component null
2025-10-28 19:40:11,502 [WARN] ModelIntegratedComponent:63 - No mode defined for component null
2025-10-28 19:40:11,502 [WARN] ModelIntegratedComponent:63 - No mode defined for component null
2025-10-28 19:40:11,502 [WARN] ModelIntegratedComponent:63 - No mode defined for component null
2025-10-28 19:40:11,502 [WARN] ModelIntegratedComponent:63 - No mode defined for component null
2025-10-28 19:40:11,502 [WARN] ModelIntegratedComponent:63 - No mode defined for component null
2025-10-28 19:40:11,502 [WARN] ModelIntegratedComponent:63 - No mode defined for component null
2025-10-28 19:40:11,502 [WARN] ModelIntegratedComponent:63 - No mode defined for component null
2025-10-28 19:40:11,502 [WARN] ModelIntegratedComponent:63 - No mode defined for component null
2025-10-28 19:40:11,502 [WARN] ModelIntegratedComponent:63 - No mode defined for component null
2025-10-28 19:40:11,502 [WARN] ModelIntegratedComponent:63 - No mode defined for component null
2025-10-28 19:40:11,502 [WARN] ModelIntegratedComponent:63 - No mode defined for component null
2025-10-28 19:40:11,502 [WARN] ModelIntegratedComponent:63 - No mode defined for component null
2025-10-28 19:40:11,502 [WARN] ModelIntegratedComponent:63 - No mode defined for component null
2025-10-28 19:40:11,502 [WARN] ModelIntegratedComponent:63 - No mode defined for component null
2025-10-28 19:40:11,502 [WARN] ModelIntegratedComponent:63 - No mode defined for component null
2025-10-28 19:40:11,502 [WARN] ModelIntegratedComponent:63 - No mode defined for component null
2025-10-28 19:40:11,502 [WARN] ModelIntegratedComponent:63 - No mode defined for component null
2025-10-28 19:40:11,502 [WARN] ModelIntegratedComponent:63 - No mode defined for component null
2025-10-28 19:40:11,502 [WARN] ModelIntegratedComponent:63 - No mode defined for component null
2025-10-28 19:40:11,502 [WARN] ModelIntegratedComponent:63 - No mode defined for component null
2025-10-28 19:40:11,502 [WARN] ModelIntegratedComponent:63 - No mode defined for component null
2025-10-28 19:40:11,502 [WARN] ModelIntegratedComponent:63 - No mode defined for component null
2025-10-28 19:40:11,502 [WARN] ModelIntegratedComponent:63 - No mode defined for component null
2025-10-28 19:40:11,502 [WARN] ModelIntegratedComponent:63 - No mode defined for component null
2025-10-28 19:40:11,502 [WARN] ModelIntegratedComponent:63 - No mode defined for component null
2025-10-28 19:40:11,502 [WARN] ModelIntegratedComponent:63 - No mode defined for component null
2025-10-28 19:40:11,502 [WARN] ModelIntegratedComponent:63 - No mode defined for component null
2025-10-28 19:40:11,502 [WARN] ModelIntegratedComponent:63 - No mode defined for component null
2025-10-28 19:40:11,502 [WARN] ModelIntegratedComponent:63 - No mode defined for component null
2025-10-28 19:40:11,502 [WARN] ModelIntegratedComponent:63 - No mode defined for component null
2025-10-28 19:40:11,502 [WARN] ModelIntegratedComponent:63 - No mode defined for component null
2025-10-28 19:40:11,502 [WARN] ModelPack:524 - Component already loaded: STMicroelectronics:HAL Drivers:0.0.0:STMicroelectronics:Device:STMicro_Driver:XSPI:HAL::0.0.1:HAL_XSPI
2025-10-28 19:40:11,551 [INFO] ThirdPartyModel:298 - Start build external matchings
2025-10-28 19:40:11,929 [INFO] ThirdPartyModel:316 - End build external matchings
2025-10-28 19:40:11,936 [INFO] RtosManager:1018 - Current active RTOS is FREERTOS [Cortex-M4NS]
2025-10-28 19:40:12,033 [INFO] UtilMem:75 - End LoadConfig() Used Memory: 570873136 Bytes (744488960)
2025-10-28 19:40:12,054 [WARN] ThirdParty:833 - waiting for thirdparty lock release [change project]
2025-10-28 19:40:12,054 [INFO] ThirdParty:835 - entering critical section [change project]
2025-10-28 19:40:12,054 [INFO] ThirdParty:1030 - CMSIS Pack Vendor :STMicroelectronics X-CUBE-PM33A1 1.0.0
2025-10-28 19:40:12,054 [INFO] ThirdParty:1030 - CMSIS Pack Vendor :STMicroelectronics USBPD 4.1
2025-10-28 19:40:12,054 [INFO] ThirdParty:1030 - CMSIS Pack Vendor :STMicroelectronics X-CUBE-NFC9 1.0.0
2025-10-28 19:40:12,054 [INFO] ThirdParty:1030 - CMSIS Pack Vendor :STMicroelectronics USB_HOST 2.0.0
2025-10-28 19:40:12,054 [INFO] ThirdParty:1030 - CMSIS Pack Vendor :STMicroelectronics FP-SNS-MOTENVWB1 1.4.0
2025-10-28 19:40:12,054 [INFO] ThirdParty:1030 - CMSIS Pack Vendor :STMicroelectronics X-CUBE-AZRTOS-F4 1.1.0
2025-10-28 19:40:12,054 [INFO] ThirdParty:1030 - CMSIS Pack Vendor :STMicroelectronics LIBJPEG 8.0.0
2025-10-28 19:40:12,054 [INFO] ThirdParty:1030 - CMSIS Pack Vendor :STMicroelectronics FP-ATR-ASTRA1 2.0.2
2025-10-28 19:40:12,054 [INFO] ThirdParty:1030 - CMSIS Pack Vendor :wolfSSL I-CUBE-wolfSSL 5.8.2
2025-10-28 19:40:12,054 [INFO] ThirdParty:1030 - CMSIS Pack Vendor :STMicroelectronics X-CUBE-BLE1 7.1.0
2025-10-28 19:40:12,054 [INFO] ThirdParty:1030 - CMSIS Pack Vendor :Avnet-IotConnect X-CUBE-IoTC-DA16k-PMOD 1.0.0
2025-10-28 19:40:12,054 [INFO] ThirdParty:1030 - CMSIS Pack Vendor :STMicroelectronics X-CUBE-SMBUS 2.1.0
2025-10-28 19:40:12,054 [INFO] ThirdParty:1030 - CMSIS Pack Vendor :wolfSSL I-CUBE-wolfMQTT 1.19.2
2025-10-28 19:40:12,054 [INFO] ThirdParty:1030 - CMSIS Pack Vendor :STMicroelectronics USB_DEVICE 3.0.0
2025-10-28 19:40:12,055 [INFO] ThirdParty:1030 - CMSIS Pack Vendor :STMicroelectronics X-CUBE-ISPU 2.1.0
2025-10-28 19:40:12,055 [INFO] ThirdParty:1030 - CMSIS Pack Vendor :STMicroelectronics X-CUBE-EEPRMA1 5.2.0
2025-10-28 19:40:12,055 [INFO] ThirdParty:1030 - CMSIS Pack Vendor :STMicroelectronics X-CUBE-IPS 3.2.0
2025-10-28 19:40:12,055 [INFO] ThirdParty:1030 - CMSIS Pack Vendor :STMicroelectronics X-CUBE-BLEMGR 4.1.0
2025-10-28 19:40:12,055 [INFO] ThirdParty:1030 - CMSIS Pack Vendor :STMicroelectronics X-CUBE-AZRTOS-WB 2.0.0
2025-10-28 19:40:12,055 [INFO] ThirdParty:1030 - CMSIS Pack Vendor :STMicroelectronics X-CUBE-ST60 1.0.0
2025-10-28 19:40:12,055 [INFO] ThirdParty:1030 - CMSIS Pack Vendor :STMicroelectronics X-CUBE-GNSS1 7.0.1
2025-10-28 19:40:12,055 [INFO] ThirdParty:1030 - CMSIS Pack Vendor :STMicroelectronics X-CUBE-NFC12 1.0.0
2025-10-28 19:40:12,055 [INFO] ThirdParty:1030 - CMSIS Pack Vendor :STMicroelectronics X-CUBE-AZRTOS-F7 1.1.0
2025-10-28 19:40:12,055 [INFO] ThirdParty:1030 - CMSIS Pack Vendor :STMicroelectronics X-CUBE-AZRTOS-L5 2.0.0
2025-10-28 19:40:12,055 [INFO] ThirdParty:1030 - CMSIS Pack Vendor :STMicroelectronics X-CUBE-TOUCHGFX 4.25.0
2025-10-28 19:40:12,055 [INFO] ThirdParty:1030 - CMSIS Pack Vendor :STMicroelectronics USB_DEVICE 2.0.0
2025-10-28 19:40:12,055 [INFO] ThirdParty:1030 - CMSIS Pack Vendor :STMicroelectronics X-CUBE-NFC6 3.1.0
2025-10-28 19:40:12,055 [INFO] ThirdParty:1030 - CMSIS Pack Vendor :STMicroelectronics X-CUBE-ST67W61 1.1.0
2025-10-28 19:40:12,055 [INFO] ThirdParty:1030 - CMSIS Pack Vendor :quantropi X-CUBE-qispace-sdk-base 2.1.0
2025-10-28 19:40:12,055 [INFO] ThirdParty:1030 - CMSIS Pack Vendor :STMicroelectronics FP-SNS-MOTENV1 5.1.0
2025-10-28 19:40:12,055 [INFO] ThirdParty:1030 - CMSIS Pack Vendor :STMicroelectronics FreeRTOS 0.0.1
2025-10-28 19:40:12,055 [INFO] ThirdParty:1030 - CMSIS Pack Vendor :STMicroelectronics X-CUBE-AZRTOS-G0 1.1.0
2025-10-28 19:40:12,055 [INFO] ThirdParty:1030 - CMSIS Pack Vendor :STMicroelectronics X-CUBE-SAFEA1 1.2.2
2025-10-28 19:40:12,055 [INFO] ThirdParty:1030 - CMSIS Pack Vendor :STMicroelectronics X-CUBE-NFC4 3.0.0
2025-10-28 19:40:12,055 [INFO] ThirdParty:1030 - CMSIS Pack Vendor :STMicroelectronics X-CUBE-SUBG2 5.0.0
2025-10-28 19:40:12,055 [INFO] ThirdParty:1030 - CMSIS Pack Vendor :STMicroelectronics X-CUBE-AZRTOS-H7RS 1.1.0
2025-10-28 19:40:12,055 [INFO] ThirdParty:1030 - CMSIS Pack Vendor :STMicroelectronics STM32_WPAN 1.0.0
2025-10-28 19:40:12,055 [INFO] ThirdParty:1030 - CMSIS Pack Vendor :EmbeddedOffice I-CUBE-FS-RTOS 1.0.1
2025-10-28 19:40:12,055 [INFO] ThirdParty:1030 - CMSIS Pack Vendor :STMicroelectronics lwIP 2.0.3
2025-10-28 19:40:12,055 [INFO] ThirdParty:1030 - CMSIS Pack Vendor :WES I-CUBE-Cesium 1.4.0
2025-10-28 19:40:12,055 [INFO] ThirdParty:1030 - CMSIS Pack Vendor :Cesanta I-CUBE-Mongoose 7.13.0
2025-10-28 19:40:12,055 [INFO] ThirdParty:1030 - CMSIS Pack Vendor :STMicroelectronics USB_HOST 1.0.0
2025-10-28 19:40:12,055 [INFO] ThirdParty:1030 - CMSIS Pack Vendor :Infineon AIROC-Wi-Fi-Bluetooth-STM32 1.7.1
2025-10-28 19:40:12,055 [INFO] ThirdParty:1030 - CMSIS Pack Vendor :STMicroelectronics X-CUBE-AZRTOS-G4 2.0.0
2025-10-28 19:40:12,055 [INFO] ThirdParty:1030 - CMSIS Pack Vendor :STMicroelectronics X-CUBE-WB05N 2.0.0
2025-10-28 19:40:12,055 [INFO] ThirdParty:1030 - CMSIS Pack Vendor :STMicroelectronics PDM2PCM 3.1.0
2025-10-28 19:40:12,055 [INFO] ThirdParty:1030 - CMSIS Pack Vendor :STMicroelectronics PDM2PCM 3.3.0
2025-10-28 19:40:12,055 [INFO] ThirdParty:1030 - CMSIS Pack Vendor :wolfSSL I-CUBE-wolfTPM 3.8.0
2025-10-28 19:40:12,055 [INFO] ThirdParty:1030 - CMSIS Pack Vendor :STMicroelectronics X-CUBE-AZRTOS-H7 3.4.0
2025-10-28 19:40:12,055 [INFO] ThirdParty:1030 - CMSIS Pack Vendor :STMicroelectronics X-CUBE-DISPLAY 3.0.0
2025-10-28 19:40:12,055 [INFO] ThirdParty:1030 - CMSIS Pack Vendor :wolfSSL I-CUBE-wolfSSH 1.4.20
2025-10-28 19:40:12,055 [INFO] ThirdParty:1030 - CMSIS Pack Vendor :STMicroelectronics X-CUBE-NFC7 2.0.0
2025-10-28 19:40:12,055 [INFO] ThirdParty:1030 - CMSIS Pack Vendor :STMicroelectronics X-CUBE-TCPP 4.2.0
2025-10-28 19:40:12,055 [INFO] ThirdParty:1030 - CMSIS Pack Vendor :RealThread X-CUBE-RT-Thread_Nano 4.1.1
2025-10-28 19:40:12,055 [INFO] ThirdParty:1030 - CMSIS Pack Vendor :STMicroelectronics FP-ATR-SIGFOX1 3.2.0
2025-10-28 19:40:12,055 [INFO] ThirdParty:1030 - CMSIS Pack Vendor :STMicroelectronics X-CUBE-NFC10 1.0.0
2025-10-28 19:40:12,055 [INFO] ThirdParty:1030 - CMSIS Pack Vendor :STMicroelectronics X-CUBE-FREERTOS 1.3.1
2025-10-28 19:40:12,055 [INFO] ThirdParty:1030 - CMSIS Pack Vendor :STMicroelectronics HAL Drivers 0.0.0
2025-10-28 19:40:12,055 [INFO] ThirdParty:1030 - CMSIS Pack Vendor :STMicroelectronics MBEDTLS 2.16.2
2025-10-28 19:40:12,055 [INFO] ThirdParty:1030 - CMSIS Pack Vendor :STMicroelectronics X-CUBE-ST60 1.1.0
2025-10-28 19:40:12,055 [INFO] ThirdParty:1030 - CMSIS Pack Vendor :STMicroelectronics X-CUBE-IPS 3.1.0
2025-10-28 19:40:12,055 [INFO] ThirdParty:1030 - CMSIS Pack Vendor :STMicroelectronics X-CUBE-ALS 1.0.2
2025-10-28 19:40:12,055 [INFO] ThirdParty:1030 - CMSIS Pack Vendor :emotas I-CUBE-CANOPEN 1.3.0
2025-10-28 19:40:12,055 [INFO] ThirdParty:1030 - CMSIS Pack Vendor :STMicroelectronics MBEDTLS 2.14.1
2025-10-28 19:40:12,055 [INFO] ThirdParty:1030 - CMSIS Pack Vendor :ITTIA_DB I-CUBE-ITTIADB 8.9.0
2025-10-28 19:40:12,055 [INFO] ThirdParty:1030 - CMSIS Pack Vendor :STMicroelectronics X-CUBE-TOUCHGFX 4.26.0
2025-10-28 19:40:12,055 [INFO] ThirdParty:1030 - CMSIS Pack Vendor :STMicroelectronics X-CUBE-STSE01 1.0.0
2025-10-28 19:40:12,055 [INFO] ThirdParty:1030 - CMSIS Pack Vendor :STMicroelectronics X-CUBE-ST67W61 1.0.0
2025-10-28 19:40:12,055 [INFO] ThirdParty:1030 - CMSIS Pack Vendor :STMicroelectronics FP-SNS-STBOX1 2.1.0
2025-10-28 19:40:12,056 [INFO] ThirdParty:1030 - CMSIS Pack Vendor :STMicroelectronics X-CUBE-AI 10.2.0
2025-10-28 19:40:12,056 [INFO] ThirdParty:1030 - CMSIS Pack Vendor :STMicroelectronics FP-SNS-STAIOTCFT 1.0.0
2025-10-28 19:40:12,056 [INFO] ThirdParty:1030 - CMSIS Pack Vendor :STMicroelectronics ThreadX 1.0.0
2025-10-28 19:40:12,056 [INFO] ThirdParty:1030 - CMSIS Pack Vendor :STMicroelectronics FP-SNS-SMARTAG2 1.2.0
2025-10-28 19:40:12,056 [INFO] ThirdParty:1030 - CMSIS Pack Vendor :STMicroelectronics FP-SNS-FLIGHT1 5.1.0
2025-10-28 19:40:12,056 [INFO] ThirdParty:1030 - CMSIS Pack Vendor :STMicroelectronics X-CUBE-AZRTOS-WL 2.0.0
2025-10-28 19:40:12,056 [INFO] ThirdParty:1030 - CMSIS Pack Vendor :SEGGER I-CUBE-embOS 1.3.1
2025-10-28 19:40:12,056 [INFO] ThirdParty:1030 - CMSIS Pack Vendor :STMicroelectronics X-CUBE-ALGOBUILD 1.4.0
2025-10-28 19:40:12,056 [INFO] ThirdParty:1030 - CMSIS Pack Vendor :STMicroelectronics X-CUBE-DPower 1.3.0
2025-10-28 19:40:12,056 [INFO] ThirdParty:1030 - CMSIS Pack Vendor :STMicroelectronics X-CUBE-MEMS1 11.3.0
2025-10-28 19:40:12,056 [INFO] ThirdParty:1030 - CMSIS Pack Vendor :STMicroelectronics FP-SNS-MOTENV1 5.0.0
2025-10-28 19:40:12,056 [INFO] ThirdParty:1030 - CMSIS Pack Vendor :STMicroelectronics USB_DEVICE 1.0.0
2025-10-28 19:40:12,056 [INFO] ThirdParty:1030 - CMSIS Pack Vendor :STMicroelectronics X-CUBE-AZRTOS-L4 2.0.0
2025-10-28 19:40:12,056 [INFO] ThirdParty:1030 - CMSIS Pack Vendor :STMicroelectronics ThreadX 0.0.2
2025-10-28 19:40:12,056 [INFO] ThirdParty:1030 - CMSIS Pack Vendor :STMicroelectronics lwIP 2.1.2
2025-10-28 19:40:12,056 [INFO] ThirdParty:1030 - CMSIS Pack Vendor :STMicroelectronics X-CUBE-SFXS2LP1 4.0.0
2025-10-28 19:40:12,056 [INFO] ThirdParty:1030 - CMSIS Pack Vendor :STMicroelectronics X-CUBE-BLE2 3.3.0
2025-10-28 19:40:12,056 [INFO] ThirdParty:1030 - CMSIS Pack Vendor :STMicroelectronics X-CUBE-TOF1 3.4.3
2025-10-28 19:40:12,056 [INFO] ThirdParty:1030 - CMSIS Pack Vendor :STMicroelectronics PDM2PCM 3.2.0
2025-10-28 19:40:12,056 [INFO] ThirdParty:841 - exiting critical section [change project]
2025-10-28 19:40:12,236 [INFO] PinOutPanel:1589 - setPackage(No Configuration,No Configuration)
2025-10-28 19:40:12,236 [INFO] PinOutPanel:1589 - setPackage(STM32F407VGTx,LQFP100)
2025-10-28 19:40:12,332 [INFO] UtilMem:75 - Before build in PCC Used Memory: 375959008 Bytes (744488960)
2025-10-28 19:40:12,434 [INFO] UtilMem:75 - After build in PCC Used Memory: 415278560 Bytes (744488960)
2025-10-28 19:40:12,437 [INFO] ApiDbMcu:532 - Load IP Config File for FREERTOS
2025-10-28 19:40:12,451 [INFO] IPUIPlugin:80 - create IPUIPlugin
2025-10-28 19:40:12,451 [INFO] IPUIPlugin:80 - create IPUIPlugin
2025-10-28 19:40:12,451 [INFO] IPUIPlugin:80 - create IPUIPlugin
2025-10-28 19:40:12,451 [INFO] IPUIPlugin:80 - create IPUIPlugin
2025-10-28 19:40:12,451 [INFO] IPUIPlugin:80 - create IPUIPlugin
2025-10-28 19:40:12,451 [INFO] IPUIPlugin:80 - create IPUIPlugin
2025-10-28 19:40:12,451 [INFO] IPUIPlugin:80 - create IPUIPlugin
2025-10-28 19:40:12,452 [INFO] IPUIPlugin:80 - create IPUIPlugin
2025-10-28 19:40:12,452 [INFO] IPUIPlugin:80 - create IPUIPlugin
2025-10-28 19:40:12,452 [INFO] IPUIPlugin:80 - create IPUIPlugin
2025-10-28 19:40:12,452 [INFO] IPUIPlugin:80 - create IPUIPlugin
2025-10-28 19:40:12,452 [INFO] IPUIPlugin:80 - create IPUIPlugin
2025-10-28 19:40:12,452 [INFO] IPUIPlugin:80 - create IPUIPlugin
2025-10-28 19:40:12,452 [INFO] IPUIPlugin:80 - create IPUIPlugin
2025-10-28 19:40:12,452 [INFO] IPUIPlugin:80 - create IPUIPlugin
2025-10-28 19:40:12,452 [INFO] IPUIPlugin:80 - create IPUIPlugin
2025-10-28 19:40:12,452 [INFO] IPUIPlugin:80 - create IPUIPlugin
2025-10-28 19:40:12,452 [INFO] IPUIPlugin:80 - create IPUIPlugin
2025-10-28 19:40:12,452 [INFO] IPUIPlugin:80 - create IPUIPlugin
2025-10-28 19:40:12,452 [INFO] IPUIPlugin:80 - create IPUIPlugin
2025-10-28 19:40:12,453 [INFO] IPUIPlugin:80 - create IPUIPlugin
2025-10-28 19:40:12,453 [INFO] IPUIPlugin:80 - create IPUIPlugin
2025-10-28 19:40:12,453 [INFO] IPUIPlugin:80 - create IPUIPlugin
2025-10-28 19:40:12,453 [INFO] IPUIPlugin:80 - create IPUIPlugin
2025-10-28 19:40:12,453 [INFO] IPUIPlugin:80 - create IPUIPlugin
2025-10-28 19:40:12,453 [INFO] IPUIPlugin:80 - create IPUIPlugin
2025-10-28 19:40:12,453 [INFO] IPUIPlugin:80 - create IPUIPlugin
2025-10-28 19:40:12,453 [INFO] IPUIPlugin:80 - create IPUIPlugin
2025-10-28 19:40:12,453 [INFO] IPUIPlugin:80 - create IPUIPlugin
2025-10-28 19:40:12,453 [INFO] IPUIPlugin:80 - create IPUIPlugin
2025-10-28 19:40:12,453 [INFO] IPUIPlugin:80 - create IPUIPlugin
2025-10-28 19:40:12,453 [INFO] IPUIPlugin:80 - create IPUIPlugin
2025-10-28 19:40:12,454 [INFO] IPUIPlugin:80 - create IPUIPlugin
2025-10-28 19:40:12,454 [INFO] IPUIPlugin:80 - create IPUIPlugin
2025-10-28 19:40:12,454 [INFO] IPUIPlugin:80 - create IPUIPlugin
2025-10-28 19:40:12,454 [INFO] IPUIPlugin:80 - create IPUIPlugin
2025-10-28 19:40:12,454 [INFO] IPUIPlugin:80 - create IPUIPlugin
2025-10-28 19:40:12,454 [INFO] IPUIPlugin:80 - create IPUIPlugin
2025-10-28 19:40:12,454 [INFO] IPUIPlugin:80 - create IPUIPlugin
2025-10-28 19:40:12,454 [INFO] IPUIPlugin:80 - create IPUIPlugin
2025-10-28 19:40:12,454 [INFO] IPUIPlugin:80 - create IPUIPlugin
2025-10-28 19:40:12,454 [INFO] IPUIPlugin:80 - create IPUIPlugin
2025-10-28 19:40:12,454 [INFO] IPUIPlugin:80 - create IPUIPlugin
2025-10-28 19:40:12,454 [INFO] IPUIPlugin:80 - create IPUIPlugin
2025-10-28 19:40:12,454 [INFO] IPUIPlugin:80 - create IPUIPlugin
2025-10-28 19:40:12,454 [INFO] IPUIPlugin:80 - create IPUIPlugin
2025-10-28 19:40:12,454 [INFO] IPUIPlugin:80 - create IPUIPlugin
2025-10-28 19:40:12,454 [INFO] IPUIPlugin:80 - create IPUIPlugin
2025-10-28 19:40:12,454 [INFO] IPUIPlugin:80 - create IPUIPlugin
2025-10-28 19:40:12,454 [INFO] IPUIPlugin:80 - create IPUIPlugin
2025-10-28 19:40:12,454 [INFO] IPUIPlugin:80 - create IPUIPlugin
2025-10-28 19:40:12,455 [INFO] IPUIPlugin:80 - create IPUIPlugin
2025-10-28 19:40:12,455 [INFO] IPUIPlugin:80 - create IPUIPlugin
2025-10-28 19:40:12,455 [INFO] IPUIPlugin:80 - create IPUIPlugin
2025-10-28 19:40:12,455 [INFO] IPUIPlugin:80 - create IPUIPlugin
2025-10-28 19:40:12,455 [INFO] IPUIPlugin:80 - create IPUIPlugin
2025-10-28 19:40:12,456 [INFO] IPUIPlugin:80 - create IPUIPlugin
2025-10-28 19:40:12,456 [INFO] IPUIPlugin:80 - create IPUIPlugin
2025-10-28 19:40:12,457 [INFO] ApiDbMcu:532 - Load IP Config File for PDM2PCM
2025-10-28 19:40:12,462 [WARN] FreeRTOS:1023 - Null or empty value: should not occur! (nothing added to the table)
2025-10-28 19:40:12,493 [INFO] CADModel:165 - CPN selected for project levelSTM32F407VGT6
2025-10-28 19:40:12,493 [INFO] CADModel:114 - Register for checkConnection events
2025-10-28 19:40:12,495 [INFO] RtosManager:728 - Active RTOS found at IOC load: FREERTOS [Cortex-M4NS]
2025-10-28 19:40:12,547 [INFO] OpenFileManager:386 - Restore cursor
2025-10-28 19:40:17,717 [INFO] Gpio:278 - dependency for GPIO [USART3]
2025-10-28 19:41:26,205 [INFO] NvicIntPanel:101 - NVIC parent = com.st.microxplorer.plugins.ip.nvic.MultiNvicIntPanel[,2,27,508x282,layout=javax.swing.BoxLayout,alignmentX=0.0,alignmentY=0.0,border=,flags=9,maximumSize=,minimumSize=,preferredSize=]
2025-10-28 19:41:30,277 [INFO] Gpio:278 - dependency for GPIO [USART3]
2025-10-28 19:41:38,003 [INFO] UtilMem:75 - End SaveConfig() Used Memory: 429555840 Bytes (744488960)
2025-10-28 19:41:40,321 [INFO] UtilMem:75 - End SaveConfig() Used Memory: 458393728 Bytes (744488960)
2025-10-28 19:41:40,854 [INFO] UtilMem:75 - End SaveConfig() Used Memory: 511020136 Bytes (744488960)
2025-10-28 19:41:41,026 [INFO] BlockDiagram:2775 - set Specific Code input for plugin: FREERTOS
2025-10-28 19:41:41,026 [INFO] BlockDiagram:2775 - set Specific Code input for plugin: SYS
2025-10-28 19:41:41,026 [INFO] BlockDiagram:2775 - set Specific Code input for plugin: RCC
2025-10-28 19:41:41,026 [INFO] BlockDiagram:2775 - set Specific Code input for plugin: NVIC
2025-10-28 19:41:41,026 [INFO] BlockDiagram:2775 - set Specific Code input for plugin: USART
2025-10-28 19:41:41,026 [INFO] BlockDiagram:2775 - set Specific Code input for plugin: GPIO
2025-10-28 19:41:41,026 [INFO] CodeGenerator:892 - code generatio: config db path: /opt/st/stm32cubeide_1.19.0/plugins/com.st.stm32cube.common.mx_6.15.0.202507011659//db/
2025-10-28 19:41:41,136 [INFO] CodeEngine:265 - oldGeneratedFile, /home/oleksii/STM32CubeIDE/workspace_1.19.0/workspace_embedded/Lab3_t2/MXTmpFiles/license.tmp_save
2025-10-28 19:41:41,264 [INFO] CodeEngine:289 - Generated code: /home/oleksii/STM32CubeIDE/workspace_1.19.0/workspace_embedded/Lab3_t2/MXTmpFiles/license.tmp
2025-10-28 19:41:41,319 [INFO] CodeEngine:265 - oldGeneratedFile, /home/oleksii/STM32CubeIDE/workspace_1.19.0/workspace_embedded/Lab3_t2/MXTmpFiles/gpio.tmp_save
2025-10-28 19:41:41,427 [INFO] CodeEngine:289 - Generated code: /home/oleksii/STM32CubeIDE/workspace_1.19.0/workspace_embedded/Lab3_t2/MXTmpFiles/gpio.tmp
2025-10-28 19:41:41,551 [INFO] Middleware:1452 - No code input for Bsp Dependency
2025-10-28 19:41:41,555 [INFO] CodeEngine:265 - oldGeneratedFile, /home/oleksii/STM32CubeIDE/workspace_1.19.0/workspace_embedded/Lab3_t2/MXTmpFiles/rtos_inc.tmp_save
2025-10-28 19:41:41,627 [INFO] CodeEngine:289 - Generated code: /home/oleksii/STM32CubeIDE/workspace_1.19.0/workspace_embedded/Lab3_t2/MXTmpFiles/rtos_inc.tmp
2025-10-28 19:41:41,628 [INFO] CodeEngine:265 - oldGeneratedFile, /home/oleksii/STM32CubeIDE/workspace_1.19.0/workspace_embedded/Lab3_t2/MXTmpFiles/rtos_kernelInit.tmp_save
2025-10-28 19:41:41,689 [INFO] CodeEngine:289 - Generated code: /home/oleksii/STM32CubeIDE/workspace_1.19.0/workspace_embedded/Lab3_t2/MXTmpFiles/rtos_kernelInit.tmp
2025-10-28 19:41:41,690 [INFO] CodeEngine:265 - oldGeneratedFile, /home/oleksii/STM32CubeIDE/workspace_1.19.0/workspace_embedded/Lab3_t2/MXTmpFiles/rtos_kernelStart.tmp_save
2025-10-28 19:41:41,755 [INFO] CodeEngine:289 - Generated code: /home/oleksii/STM32CubeIDE/workspace_1.19.0/workspace_embedded/Lab3_t2/MXTmpFiles/rtos_kernelStart.tmp
2025-10-28 19:41:41,756 [INFO] CodeEngine:265 - oldGeneratedFile, /home/oleksii/STM32CubeIDE/workspace_1.19.0/workspace_embedded/Lab3_t2/MXTmpFiles/rtos_typedefs.tmp_save
2025-10-28 19:41:41,809 [INFO] CodeEngine:289 - Generated code: /home/oleksii/STM32CubeIDE/workspace_1.19.0/workspace_embedded/Lab3_t2/MXTmpFiles/rtos_typedefs.tmp
2025-10-28 19:41:41,810 [INFO] CodeEngine:265 - oldGeneratedFile, /home/oleksii/STM32CubeIDE/workspace_1.19.0/workspace_embedded/Lab3_t2/MXTmpFiles/rtos_vars.tmp_save
2025-10-28 19:41:41,858 [INFO] CodeEngine:289 - Generated code: /home/oleksii/STM32CubeIDE/workspace_1.19.0/workspace_embedded/Lab3_t2/MXTmpFiles/rtos_vars.tmp
2025-10-28 19:41:41,859 [INFO] CodeEngine:265 - oldGeneratedFile, /home/oleksii/STM32CubeIDE/workspace_1.19.0/workspace_embedded/Lab3_t2/MXTmpFiles/rtos_pfp.tmp_save
2025-10-28 19:41:41,898 [INFO] CodeEngine:289 - Generated code: /home/oleksii/STM32CubeIDE/workspace_1.19.0/workspace_embedded/Lab3_t2/MXTmpFiles/rtos_pfp.tmp
2025-10-28 19:41:41,899 [INFO] CodeEngine:265 - oldGeneratedFile, /home/oleksii/STM32CubeIDE/workspace_1.19.0/workspace_embedded/Lab3_t2/MXTmpFiles/rtos_obj_creat.tmp_save
2025-10-28 19:41:41,939 [INFO] CodeEngine:289 - Generated code: /home/oleksii/STM32CubeIDE/workspace_1.19.0/workspace_embedded/Lab3_t2/MXTmpFiles/rtos_obj_creat.tmp
2025-10-28 19:41:41,940 [INFO] CodeEngine:265 - oldGeneratedFile, /home/oleksii/STM32CubeIDE/workspace_1.19.0/workspace_embedded/Lab3_t2/MXTmpFiles/rtos_default_thread.tmp_save
2025-10-28 19:41:41,989 [INFO] CodeEngine:289 - Generated code: /home/oleksii/STM32CubeIDE/workspace_1.19.0/workspace_embedded/Lab3_t2/MXTmpFiles/rtos_default_thread.tmp
2025-10-28 19:41:41,990 [INFO] CodeEngine:265 - oldGeneratedFile, /home/oleksii/STM32CubeIDE/workspace_1.19.0/workspace_embedded/Lab3_t2/MXTmpFiles/rtos_threads.tmp_save
2025-10-28 19:41:42,025 [INFO] CodeEngine:289 - Generated code: /home/oleksii/STM32CubeIDE/workspace_1.19.0/workspace_embedded/Lab3_t2/MXTmpFiles/rtos_threads.tmp
2025-10-28 19:41:42,031 [INFO] Middleware:1452 - No code input for Bsp Dependency
2025-10-28 19:41:42,032 [INFO] CodeEngine:265 - oldGeneratedFile, /home/oleksii/STM32CubeIDE/workspace_1.19.0/workspace_embedded/Lab3_t2/MXTmpFiles/rtos_inc.tmp_save
2025-10-28 19:41:42,081 [INFO] CodeEngine:289 - Generated code: /home/oleksii/STM32CubeIDE/workspace_1.19.0/workspace_embedded/Lab3_t2/MXTmpFiles/rtos_inc.tmp
2025-10-28 19:41:42,082 [INFO] CodeEngine:265 - oldGeneratedFile, /home/oleksii/STM32CubeIDE/workspace_1.19.0/workspace_embedded/Lab3_t2/MXTmpFiles/rtos_kernelInit.tmp_save
2025-10-28 19:41:42,117 [INFO] CodeEngine:289 - Generated code: /home/oleksii/STM32CubeIDE/workspace_1.19.0/workspace_embedded/Lab3_t2/MXTmpFiles/rtos_kernelInit.tmp
2025-10-28 19:41:42,118 [INFO] CodeEngine:265 - oldGeneratedFile, /home/oleksii/STM32CubeIDE/workspace_1.19.0/workspace_embedded/Lab3_t2/MXTmpFiles/rtos_kernelStart.tmp_save
2025-10-28 19:41:42,153 [INFO] CodeEngine:289 - Generated code: /home/oleksii/STM32CubeIDE/workspace_1.19.0/workspace_embedded/Lab3_t2/MXTmpFiles/rtos_kernelStart.tmp
2025-10-28 19:41:42,154 [INFO] CodeEngine:265 - oldGeneratedFile, /home/oleksii/STM32CubeIDE/workspace_1.19.0/workspace_embedded/Lab3_t2/MXTmpFiles/rtos_typedefs.tmp_save
2025-10-28 19:41:42,190 [INFO] CodeEngine:289 - Generated code: /home/oleksii/STM32CubeIDE/workspace_1.19.0/workspace_embedded/Lab3_t2/MXTmpFiles/rtos_typedefs.tmp
2025-10-28 19:41:42,191 [INFO] CodeEngine:265 - oldGeneratedFile, /home/oleksii/STM32CubeIDE/workspace_1.19.0/workspace_embedded/Lab3_t2/MXTmpFiles/rtos_vars.tmp_save
2025-10-28 19:41:42,228 [INFO] CodeEngine:289 - Generated code: /home/oleksii/STM32CubeIDE/workspace_1.19.0/workspace_embedded/Lab3_t2/MXTmpFiles/rtos_vars.tmp
2025-10-28 19:41:42,229 [INFO] CodeEngine:265 - oldGeneratedFile, /home/oleksii/STM32CubeIDE/workspace_1.19.0/workspace_embedded/Lab3_t2/MXTmpFiles/rtos_pfp.tmp_save
2025-10-28 19:41:42,263 [INFO] CodeEngine:289 - Generated code: /home/oleksii/STM32CubeIDE/workspace_1.19.0/workspace_embedded/Lab3_t2/MXTmpFiles/rtos_pfp.tmp
2025-10-28 19:41:42,264 [INFO] CodeEngine:265 - oldGeneratedFile, /home/oleksii/STM32CubeIDE/workspace_1.19.0/workspace_embedded/Lab3_t2/MXTmpFiles/rtos_obj_creat.tmp_save
2025-10-28 19:41:42,301 [INFO] CodeEngine:289 - Generated code: /home/oleksii/STM32CubeIDE/workspace_1.19.0/workspace_embedded/Lab3_t2/MXTmpFiles/rtos_obj_creat.tmp
2025-10-28 19:41:42,302 [INFO] CodeEngine:265 - oldGeneratedFile, /home/oleksii/STM32CubeIDE/workspace_1.19.0/workspace_embedded/Lab3_t2/MXTmpFiles/rtos_default_thread.tmp_save
2025-10-28 19:41:42,337 [INFO] CodeEngine:289 - Generated code: /home/oleksii/STM32CubeIDE/workspace_1.19.0/workspace_embedded/Lab3_t2/MXTmpFiles/rtos_default_thread.tmp
2025-10-28 19:41:42,337 [INFO] CodeEngine:265 - oldGeneratedFile, /home/oleksii/STM32CubeIDE/workspace_1.19.0/workspace_embedded/Lab3_t2/MXTmpFiles/rtos_threads.tmp_save
2025-10-28 19:41:42,372 [INFO] CodeEngine:289 - Generated code: /home/oleksii/STM32CubeIDE/workspace_1.19.0/workspace_embedded/Lab3_t2/MXTmpFiles/rtos_threads.tmp
2025-10-28 19:41:42,373 [INFO] CodeEngine:265 - oldGeneratedFile, /home/oleksii/STM32CubeIDE/workspace_1.19.0/workspace_embedded/Lab3_t2/Core/Inc/FreeRTOSConfig.h_save
2025-10-28 19:41:42,423 [INFO] CodeEngine:289 - Generated code: /home/oleksii/STM32CubeIDE/workspace_1.19.0/workspace_embedded/Lab3_t2/Core/Inc/FreeRTOSConfig.h
2025-10-28 19:41:42,424 [INFO] CodeEngine:265 - oldGeneratedFile, /home/oleksii/STM32CubeIDE/workspace_1.19.0/workspace_embedded/Lab3_t2/Core/Src/freertos.c_save
2025-10-28 19:41:42,461 [INFO] CodeEngine:289 - Generated code: /home/oleksii/STM32CubeIDE/workspace_1.19.0/workspace_embedded/Lab3_t2/Core/Src/freertos.c
2025-10-28 19:41:42,465 [INFO] CodeEngine:265 - oldGeneratedFile, /home/oleksii/STM32CubeIDE/workspace_1.19.0/workspace_embedded/Lab3_t2/Core/Src/stm32f4xx_it.c_save
2025-10-28 19:41:42,511 [INFO] CodeEngine:289 - Generated code: /home/oleksii/STM32CubeIDE/workspace_1.19.0/workspace_embedded/Lab3_t2/Core/Src/stm32f4xx_it.c
2025-10-28 19:41:42,512 [INFO] CodeEngine:265 - oldGeneratedFile, /home/oleksii/STM32CubeIDE/workspace_1.19.0/workspace_embedded/Lab3_t2/Core/Inc/stm32f4xx_it.h_save
2025-10-28 19:41:42,548 [INFO] CodeEngine:289 - Generated code: /home/oleksii/STM32CubeIDE/workspace_1.19.0/workspace_embedded/Lab3_t2/Core/Inc/stm32f4xx_it.h
2025-10-28 19:41:42,554 [INFO] CodeEngine:265 - oldGeneratedFile, /home/oleksii/STM32CubeIDE/workspace_1.19.0/workspace_embedded/Lab3_t2/Core/Src/stm32f4xx_hal_msp.c_save
2025-10-28 19:41:42,608 [INFO] CodeEngine:289 - Generated code: /home/oleksii/STM32CubeIDE/workspace_1.19.0/workspace_embedded/Lab3_t2/Core/Src/stm32f4xx_hal_msp.c
2025-10-28 19:41:42,609 [INFO] CodeEngine:265 - oldGeneratedFile, /home/oleksii/STM32CubeIDE/workspace_1.19.0/workspace_embedded/Lab3_t2/MXTmpFiles/system.tmp_save
2025-10-28 19:41:42,643 [INFO] CodeEngine:289 - Generated code: /home/oleksii/STM32CubeIDE/workspace_1.19.0/workspace_embedded/Lab3_t2/MXTmpFiles/system.tmp
2025-10-28 19:41:42,644 [INFO] CodeEngine:265 - oldGeneratedFile, /home/oleksii/STM32CubeIDE/workspace_1.19.0/workspace_embedded/Lab3_t2/Core/Src/stm32f4xx_hal_timebase_tim.c_save
2025-10-28 19:41:42,681 [INFO] CodeEngine:289 - Generated code: /home/oleksii/STM32CubeIDE/workspace_1.19.0/workspace_embedded/Lab3_t2/Core/Src/stm32f4xx_hal_timebase_tim.c
2025-10-28 19:41:42,683 [INFO] CodeEngine:321 - oldGeneratedFile, /home/oleksii/STM32CubeIDE/workspace_1.19.0/workspace_embedded/Lab3_t2/Core/Inc/stm32f4xx_hal_conf.h_save
2025-10-28 19:41:42,723 [INFO] CodeEngine:345 - Generated code: /home/oleksii/STM32CubeIDE/workspace_1.19.0/workspace_embedded/Lab3_t2/Core/Inc/stm32f4xx_hal_conf.h
2025-10-28 19:41:42,743 [INFO] ApiDbMcu:532 - Load IP Config File for USART3
2025-10-28 19:41:42,745 [INFO] ApiDbMcu:532 - Load IP Config File for RCC
2025-10-28 19:41:42,748 [INFO] CodeEngine:265 - oldGeneratedFile, /home/oleksii/STM32CubeIDE/workspace_1.19.0/workspace_embedded/Lab3_t2/Core/Inc/main.h_save
2025-10-28 19:41:42,791 [INFO] CodeEngine:289 - Generated code: /home/oleksii/STM32CubeIDE/workspace_1.19.0/workspace_embedded/Lab3_t2/Core/Inc/main.h
2025-10-28 19:41:42,791 [INFO] CodeEngine:265 - oldGeneratedFile, /home/oleksii/STM32CubeIDE/workspace_1.19.0/workspace_embedded/Lab3_t2/Core/Src/main.c_save
2025-10-28 19:41:42,855 [INFO] CodeEngine:289 - Generated code: /home/oleksii/STM32CubeIDE/workspace_1.19.0/workspace_embedded/Lab3_t2/Core/Src/main.c
2025-10-28 19:41:43,008 [INFO] ProjectBuilder:3606 - Time for Copy HAL[1] : 17mS.
2025-10-28 19:41:43,009 [INFO] ProjectBuilder:5216 - Project Generator version: 4.7.0-B52
2025-10-28 19:41:43,066 [INFO] ConfigFileManager:1595 - The Die is : DIE413
2025-10-28 19:41:43,067 [INFO] ApiDbMcu:532 - Load IP Config File for FATFS
2025-10-28 19:41:43,067 [INFO] ApiDbMcu:532 - Load IP Config File for LIBJPEG
2025-10-28 19:41:43,070 [INFO] ApiDbMcu:532 - Load IP Config File for LWIP
2025-10-28 19:41:43,072 [INFO] ApiDbMcu:532 - Load IP Config File for MBEDTLS
2025-10-28 19:41:43,075 [INFO] ApiDbMcu:532 - Load IP Config File for USB_DEVICE
2025-10-28 19:41:43,077 [INFO] ApiDbMcu:532 - Load IP Config File for USB_HOST
2025-10-28 19:41:43,629 [INFO] ProjectBuilder:5496 - Time for Generating toolchain IDE Files: 620mS.
2025-10-28 19:41:43,630 [INFO] ProjectBuilder:3463 - Time for Copy CMSIS : 0mS.
2025-10-28 19:41:43,630 [INFO] ProjectBuilder:3463 - Time for Copy CMSIS : 0mS.
2025-10-28 19:46:51,465 [INFO] Gpio:278 - dependency for GPIO [USART3]
2025-10-28 19:47:16,394 [INFO] NvicIntPanel:101 - NVIC parent = com.st.microxplorer.plugins.ip.nvic.MultiNvicIntPanel[,2,27,494x282,layout=javax.swing.BoxLayout,alignmentX=0.0,alignmentY=0.0,border=,flags=9,maximumSize=,minimumSize=,preferredSize=]
2025-10-28 19:47:18,284 [INFO] Gpio:278 - dependency for GPIO [USART3]
2025-10-28 19:47:26,128 [INFO] Gpio:278 - dependency for GPIO [USART3]
2025-10-28 19:47:30,494 [INFO] UtilMem:75 - End SaveConfig() Used Memory: 702921808 Bytes (744488960)
2025-10-28 19:47:33,887 [INFO] UtilMem:75 - End SaveConfig() Used Memory: 320126128 Bytes (744488960)
2025-10-28 19:47:34,553 [INFO] UtilMem:75 - End SaveConfig() Used Memory: 395097264 Bytes (744488960)
2025-10-28 19:47:34,831 [INFO] BlockDiagram:2775 - set Specific Code input for plugin: FREERTOS
2025-10-28 19:47:34,831 [INFO] BlockDiagram:2775 - set Specific Code input for plugin: SYS
2025-10-28 19:47:34,832 [INFO] BlockDiagram:2775 - set Specific Code input for plugin: RCC
2025-10-28 19:47:34,832 [INFO] BlockDiagram:2775 - set Specific Code input for plugin: NVIC
2025-10-28 19:47:34,832 [INFO] BlockDiagram:2775 - set Specific Code input for plugin: USART
2025-10-28 19:47:34,832 [INFO] BlockDiagram:2775 - set Specific Code input for plugin: GPIO
2025-10-28 19:47:34,833 [INFO] CodeGenerator:892 - code generatio: config db path: /opt/st/stm32cubeide_1.19.0/plugins/com.st.stm32cube.common.mx_6.15.0.202507011659//db/
2025-10-28 19:47:34,960 [INFO] CodeEngine:265 - oldGeneratedFile, /home/oleksii/STM32CubeIDE/workspace_1.19.0/workspace_embedded/Lab3_t2/MXTmpFiles/license.tmp_save
2025-10-28 19:47:35,096 [INFO] CodeEngine:289 - Generated code: /home/oleksii/STM32CubeIDE/workspace_1.19.0/workspace_embedded/Lab3_t2/MXTmpFiles/license.tmp
2025-10-28 19:47:35,172 [INFO] CodeEngine:265 - oldGeneratedFile, /home/oleksii/STM32CubeIDE/workspace_1.19.0/workspace_embedded/Lab3_t2/MXTmpFiles/gpio.tmp_save
2025-10-28 19:47:35,281 [INFO] CodeEngine:289 - Generated code: /home/oleksii/STM32CubeIDE/workspace_1.19.0/workspace_embedded/Lab3_t2/MXTmpFiles/gpio.tmp
2025-10-28 19:47:35,437 [INFO] Middleware:1452 - No code input for Bsp Dependency
2025-10-28 19:47:35,443 [INFO] CodeEngine:265 - oldGeneratedFile, /home/oleksii/STM32CubeIDE/workspace_1.19.0/workspace_embedded/Lab3_t2/MXTmpFiles/rtos_inc.tmp_save
2025-10-28 19:47:35,512 [INFO] CodeEngine:289 - Generated code: /home/oleksii/STM32CubeIDE/workspace_1.19.0/workspace_embedded/Lab3_t2/MXTmpFiles/rtos_inc.tmp
2025-10-28 19:47:35,514 [INFO] CodeEngine:265 - oldGeneratedFile, /home/oleksii/STM32CubeIDE/workspace_1.19.0/workspace_embedded/Lab3_t2/MXTmpFiles/rtos_kernelInit.tmp_save
2025-10-28 19:47:35,581 [INFO] CodeEngine:289 - Generated code: /home/oleksii/STM32CubeIDE/workspace_1.19.0/workspace_embedded/Lab3_t2/MXTmpFiles/rtos_kernelInit.tmp
2025-10-28 19:47:35,582 [INFO] CodeEngine:265 - oldGeneratedFile, /home/oleksii/STM32CubeIDE/workspace_1.19.0/workspace_embedded/Lab3_t2/MXTmpFiles/rtos_kernelStart.tmp_save
2025-10-28 19:47:35,646 [INFO] CodeEngine:289 - Generated code: /home/oleksii/STM32CubeIDE/workspace_1.19.0/workspace_embedded/Lab3_t2/MXTmpFiles/rtos_kernelStart.tmp
2025-10-28 19:47:35,647 [INFO] CodeEngine:265 - oldGeneratedFile, /home/oleksii/STM32CubeIDE/workspace_1.19.0/workspace_embedded/Lab3_t2/MXTmpFiles/rtos_typedefs.tmp_save
2025-10-28 19:47:35,711 [INFO] CodeEngine:289 - Generated code: /home/oleksii/STM32CubeIDE/workspace_1.19.0/workspace_embedded/Lab3_t2/MXTmpFiles/rtos_typedefs.tmp
2025-10-28 19:47:35,712 [INFO] CodeEngine:265 - oldGeneratedFile, /home/oleksii/STM32CubeIDE/workspace_1.19.0/workspace_embedded/Lab3_t2/MXTmpFiles/rtos_vars.tmp_save
2025-10-28 19:47:35,779 [INFO] CodeEngine:289 - Generated code: /home/oleksii/STM32CubeIDE/workspace_1.19.0/workspace_embedded/Lab3_t2/MXTmpFiles/rtos_vars.tmp
2025-10-28 19:47:35,780 [INFO] CodeEngine:265 - oldGeneratedFile, /home/oleksii/STM32CubeIDE/workspace_1.19.0/workspace_embedded/Lab3_t2/MXTmpFiles/rtos_pfp.tmp_save
2025-10-28 19:47:35,831 [INFO] CodeEngine:289 - Generated code: /home/oleksii/STM32CubeIDE/workspace_1.19.0/workspace_embedded/Lab3_t2/MXTmpFiles/rtos_pfp.tmp
2025-10-28 19:47:35,833 [INFO] CodeEngine:265 - oldGeneratedFile, /home/oleksii/STM32CubeIDE/workspace_1.19.0/workspace_embedded/Lab3_t2/MXTmpFiles/rtos_obj_creat.tmp_save
2025-10-28 19:47:35,872 [INFO] CodeEngine:289 - Generated code: /home/oleksii/STM32CubeIDE/workspace_1.19.0/workspace_embedded/Lab3_t2/MXTmpFiles/rtos_obj_creat.tmp
2025-10-28 19:47:35,873 [INFO] CodeEngine:265 - oldGeneratedFile, /home/oleksii/STM32CubeIDE/workspace_1.19.0/workspace_embedded/Lab3_t2/MXTmpFiles/rtos_default_thread.tmp_save
2025-10-28 19:47:35,909 [INFO] CodeEngine:289 - Generated code: /home/oleksii/STM32CubeIDE/workspace_1.19.0/workspace_embedded/Lab3_t2/MXTmpFiles/rtos_default_thread.tmp
2025-10-28 19:47:35,910 [INFO] CodeEngine:265 - oldGeneratedFile, /home/oleksii/STM32CubeIDE/workspace_1.19.0/workspace_embedded/Lab3_t2/MXTmpFiles/rtos_threads.tmp_save
2025-10-28 19:47:35,955 [INFO] CodeEngine:289 - Generated code: /home/oleksii/STM32CubeIDE/workspace_1.19.0/workspace_embedded/Lab3_t2/MXTmpFiles/rtos_threads.tmp
2025-10-28 19:47:35,961 [INFO] Middleware:1452 - No code input for Bsp Dependency
2025-10-28 19:47:35,963 [INFO] CodeEngine:265 - oldGeneratedFile, /home/oleksii/STM32CubeIDE/workspace_1.19.0/workspace_embedded/Lab3_t2/MXTmpFiles/rtos_inc.tmp_save
2025-10-28 19:47:36,013 [INFO] CodeEngine:289 - Generated code: /home/oleksii/STM32CubeIDE/workspace_1.19.0/workspace_embedded/Lab3_t2/MXTmpFiles/rtos_inc.tmp
2025-10-28 19:47:36,014 [INFO] CodeEngine:265 - oldGeneratedFile, /home/oleksii/STM32CubeIDE/workspace_1.19.0/workspace_embedded/Lab3_t2/MXTmpFiles/rtos_kernelInit.tmp_save
2025-10-28 19:47:36,051 [INFO] CodeEngine:289 - Generated code: /home/oleksii/STM32CubeIDE/workspace_1.19.0/workspace_embedded/Lab3_t2/MXTmpFiles/rtos_kernelInit.tmp
2025-10-28 19:47:36,052 [INFO] CodeEngine:265 - oldGeneratedFile, /home/oleksii/STM32CubeIDE/workspace_1.19.0/workspace_embedded/Lab3_t2/MXTmpFiles/rtos_kernelStart.tmp_save
2025-10-28 19:47:36,089 [INFO] CodeEngine:289 - Generated code: /home/oleksii/STM32CubeIDE/workspace_1.19.0/workspace_embedded/Lab3_t2/MXTmpFiles/rtos_kernelStart.tmp
2025-10-28 19:47:36,090 [INFO] CodeEngine:265 - oldGeneratedFile, /home/oleksii/STM32CubeIDE/workspace_1.19.0/workspace_embedded/Lab3_t2/MXTmpFiles/rtos_typedefs.tmp_save
2025-10-28 19:47:36,128 [INFO] CodeEngine:289 - Generated code: /home/oleksii/STM32CubeIDE/workspace_1.19.0/workspace_embedded/Lab3_t2/MXTmpFiles/rtos_typedefs.tmp
2025-10-28 19:47:36,129 [INFO] CodeEngine:265 - oldGeneratedFile, /home/oleksii/STM32CubeIDE/workspace_1.19.0/workspace_embedded/Lab3_t2/MXTmpFiles/rtos_vars.tmp_save
2025-10-28 19:47:36,180 [INFO] CodeEngine:289 - Generated code: /home/oleksii/STM32CubeIDE/workspace_1.19.0/workspace_embedded/Lab3_t2/MXTmpFiles/rtos_vars.tmp
2025-10-28 19:47:36,182 [INFO] CodeEngine:265 - oldGeneratedFile, /home/oleksii/STM32CubeIDE/workspace_1.19.0/workspace_embedded/Lab3_t2/MXTmpFiles/rtos_pfp.tmp_save
2025-10-28 19:47:36,227 [INFO] CodeEngine:289 - Generated code: /home/oleksii/STM32CubeIDE/workspace_1.19.0/workspace_embedded/Lab3_t2/MXTmpFiles/rtos_pfp.tmp
2025-10-28 19:47:36,228 [INFO] CodeEngine:265 - oldGeneratedFile, /home/oleksii/STM32CubeIDE/workspace_1.19.0/workspace_embedded/Lab3_t2/MXTmpFiles/rtos_obj_creat.tmp_save
2025-10-28 19:47:36,276 [INFO] CodeEngine:289 - Generated code: /home/oleksii/STM32CubeIDE/workspace_1.19.0/workspace_embedded/Lab3_t2/MXTmpFiles/rtos_obj_creat.tmp
2025-10-28 19:47:36,277 [INFO] CodeEngine:265 - oldGeneratedFile, /home/oleksii/STM32CubeIDE/workspace_1.19.0/workspace_embedded/Lab3_t2/MXTmpFiles/rtos_default_thread.tmp_save
2025-10-28 19:47:36,315 [INFO] CodeEngine:289 - Generated code: /home/oleksii/STM32CubeIDE/workspace_1.19.0/workspace_embedded/Lab3_t2/MXTmpFiles/rtos_default_thread.tmp
2025-10-28 19:47:36,316 [INFO] CodeEngine:265 - oldGeneratedFile, /home/oleksii/STM32CubeIDE/workspace_1.19.0/workspace_embedded/Lab3_t2/MXTmpFiles/rtos_threads.tmp_save
2025-10-28 19:47:36,351 [INFO] CodeEngine:289 - Generated code: /home/oleksii/STM32CubeIDE/workspace_1.19.0/workspace_embedded/Lab3_t2/MXTmpFiles/rtos_threads.tmp
2025-10-28 19:47:36,352 [INFO] CodeEngine:265 - oldGeneratedFile, /home/oleksii/STM32CubeIDE/workspace_1.19.0/workspace_embedded/Lab3_t2/Core/Inc/FreeRTOSConfig.h_save
2025-10-28 19:47:36,404 [INFO] CodeEngine:289 - Generated code: /home/oleksii/STM32CubeIDE/workspace_1.19.0/workspace_embedded/Lab3_t2/Core/Inc/FreeRTOSConfig.h
2025-10-28 19:47:36,405 [INFO] CodeEngine:265 - oldGeneratedFile, /home/oleksii/STM32CubeIDE/workspace_1.19.0/workspace_embedded/Lab3_t2/Core/Src/freertos.c_save
2025-10-28 19:47:36,444 [INFO] CodeEngine:289 - Generated code: /home/oleksii/STM32CubeIDE/workspace_1.19.0/workspace_embedded/Lab3_t2/Core/Src/freertos.c
2025-10-28 19:47:36,446 [INFO] CodeEngine:265 - oldGeneratedFile, /home/oleksii/STM32CubeIDE/workspace_1.19.0/workspace_embedded/Lab3_t2/Core/Src/stm32f4xx_it.c_save
2025-10-28 19:47:36,490 [INFO] CodeEngine:289 - Generated code: /home/oleksii/STM32CubeIDE/workspace_1.19.0/workspace_embedded/Lab3_t2/Core/Src/stm32f4xx_it.c
2025-10-28 19:47:36,491 [INFO] CodeEngine:265 - oldGeneratedFile, /home/oleksii/STM32CubeIDE/workspace_1.19.0/workspace_embedded/Lab3_t2/Core/Inc/stm32f4xx_it.h_save
2025-10-28 19:47:36,527 [INFO] CodeEngine:289 - Generated code: /home/oleksii/STM32CubeIDE/workspace_1.19.0/workspace_embedded/Lab3_t2/Core/Inc/stm32f4xx_it.h
2025-10-28 19:47:36,531 [INFO] CodeEngine:265 - oldGeneratedFile, /home/oleksii/STM32CubeIDE/workspace_1.19.0/workspace_embedded/Lab3_t2/Core/Src/stm32f4xx_hal_msp.c_save
2025-10-28 19:47:36,586 [INFO] CodeEngine:289 - Generated code: /home/oleksii/STM32CubeIDE/workspace_1.19.0/workspace_embedded/Lab3_t2/Core/Src/stm32f4xx_hal_msp.c
2025-10-28 19:47:36,587 [INFO] CodeEngine:265 - oldGeneratedFile, /home/oleksii/STM32CubeIDE/workspace_1.19.0/workspace_embedded/Lab3_t2/MXTmpFiles/system.tmp_save
2025-10-28 19:47:36,623 [INFO] CodeEngine:289 - Generated code: /home/oleksii/STM32CubeIDE/workspace_1.19.0/workspace_embedded/Lab3_t2/MXTmpFiles/system.tmp
2025-10-28 19:47:36,623 [INFO] CodeEngine:265 - oldGeneratedFile, /home/oleksii/STM32CubeIDE/workspace_1.19.0/workspace_embedded/Lab3_t2/Core/Src/stm32f4xx_hal_timebase_tim.c_save
2025-10-28 19:47:36,662 [INFO] CodeEngine:289 - Generated code: /home/oleksii/STM32CubeIDE/workspace_1.19.0/workspace_embedded/Lab3_t2/Core/Src/stm32f4xx_hal_timebase_tim.c
2025-10-28 19:47:36,664 [INFO] CodeEngine:321 - oldGeneratedFile, /home/oleksii/STM32CubeIDE/workspace_1.19.0/workspace_embedded/Lab3_t2/Core/Inc/stm32f4xx_hal_conf.h_save
2025-10-28 19:47:36,704 [INFO] CodeEngine:345 - Generated code: /home/oleksii/STM32CubeIDE/workspace_1.19.0/workspace_embedded/Lab3_t2/Core/Inc/stm32f4xx_hal_conf.h
2025-10-28 19:47:36,718 [INFO] CodeEngine:265 - oldGeneratedFile, /home/oleksii/STM32CubeIDE/workspace_1.19.0/workspace_embedded/Lab3_t2/Core/Inc/main.h_save
2025-10-28 19:47:36,759 [INFO] CodeEngine:289 - Generated code: /home/oleksii/STM32CubeIDE/workspace_1.19.0/workspace_embedded/Lab3_t2/Core/Inc/main.h
2025-10-28 19:47:36,761 [INFO] CodeEngine:265 - oldGeneratedFile, /home/oleksii/STM32CubeIDE/workspace_1.19.0/workspace_embedded/Lab3_t2/Core/Src/main.c_save
2025-10-28 19:47:36,842 [INFO] CodeEngine:289 - Generated code: /home/oleksii/STM32CubeIDE/workspace_1.19.0/workspace_embedded/Lab3_t2/Core/Src/main.c
2025-10-28 19:47:37,002 [INFO] ProjectBuilder:3606 - Time for Copy HAL[1] : 24mS.
2025-10-28 19:47:37,004 [INFO] ProjectBuilder:5216 - Project Generator version: 4.7.0-B52
2025-10-28 19:47:37,076 [INFO] ConfigFileManager:1595 - The Die is : DIE413
2025-10-28 19:47:37,808 [INFO] ProjectBuilder:5496 - Time for Generating toolchain IDE Files: 804mS.
2025-10-28 19:47:37,808 [INFO] ProjectBuilder:3463 - Time for Copy CMSIS : 0mS.
2025-10-28 19:47:37,809 [INFO] ProjectBuilder:3463 - Time for Copy CMSIS : 0mS.
2025-10-28 19:54:57,551 [INFO] UtilMem:75 - End SaveConfig() Used Memory: 448433472 Bytes (744488960)
2025-10-28 19:54:59,512 [INFO] UtilMem:75 - End SaveConfig() Used Memory: 554339648 Bytes (744488960)
2025-10-28 19:55:00,027 [INFO] UtilMem:75 - End SaveConfig() Used Memory: 296649472 Bytes (744488960)
2025-10-28 19:55:00,272 [INFO] BlockDiagram:2775 - set Specific Code input for plugin: FREERTOS
2025-10-28 19:55:00,273 [INFO] BlockDiagram:2775 - set Specific Code input for plugin: SYS
2025-10-28 19:55:00,273 [INFO] BlockDiagram:2775 - set Specific Code input for plugin: RCC
2025-10-28 19:55:00,273 [INFO] BlockDiagram:2775 - set Specific Code input for plugin: NVIC
2025-10-28 19:55:00,273 [INFO] BlockDiagram:2775 - set Specific Code input for plugin: USART
2025-10-28 19:55:00,273 [INFO] BlockDiagram:2775 - set Specific Code input for plugin: GPIO
2025-10-28 19:55:00,273 [INFO] CodeGenerator:892 - code generatio: config db path: /opt/st/stm32cubeide_1.19.0/plugins/com.st.stm32cube.common.mx_6.15.0.202507011659//db/
2025-10-28 19:55:00,346 [INFO] CodeEngine:265 - oldGeneratedFile, /home/oleksii/STM32CubeIDE/workspace_1.19.0/workspace_embedded/Lab3_t2/MXTmpFiles/license.tmp_save
2025-10-28 19:55:00,495 [INFO] CodeEngine:289 - Generated code: /home/oleksii/STM32CubeIDE/workspace_1.19.0/workspace_embedded/Lab3_t2/MXTmpFiles/license.tmp
2025-10-28 19:55:00,554 [INFO] CodeEngine:265 - oldGeneratedFile, /home/oleksii/STM32CubeIDE/workspace_1.19.0/workspace_embedded/Lab3_t2/MXTmpFiles/gpio.tmp_save
2025-10-28 19:55:00,659 [INFO] CodeEngine:289 - Generated code: /home/oleksii/STM32CubeIDE/workspace_1.19.0/workspace_embedded/Lab3_t2/MXTmpFiles/gpio.tmp
2025-10-28 19:55:00,758 [INFO] Middleware:1452 - No code input for Bsp Dependency
2025-10-28 19:55:00,760 [INFO] CodeEngine:265 - oldGeneratedFile, /home/oleksii/STM32CubeIDE/workspace_1.19.0/workspace_embedded/Lab3_t2/MXTmpFiles/rtos_inc.tmp_save
2025-10-28 19:55:00,807 [INFO] CodeEngine:289 - Generated code: /home/oleksii/STM32CubeIDE/workspace_1.19.0/workspace_embedded/Lab3_t2/MXTmpFiles/rtos_inc.tmp
2025-10-28 19:55:00,808 [INFO] CodeEngine:265 - oldGeneratedFile, /home/oleksii/STM32CubeIDE/workspace_1.19.0/workspace_embedded/Lab3_t2/MXTmpFiles/rtos_kernelInit.tmp_save
2025-10-28 19:55:00,853 [INFO] CodeEngine:289 - Generated code: /home/oleksii/STM32CubeIDE/workspace_1.19.0/workspace_embedded/Lab3_t2/MXTmpFiles/rtos_kernelInit.tmp
2025-10-28 19:55:00,854 [INFO] CodeEngine:265 - oldGeneratedFile, /home/oleksii/STM32CubeIDE/workspace_1.19.0/workspace_embedded/Lab3_t2/MXTmpFiles/rtos_kernelStart.tmp_save
2025-10-28 19:55:00,893 [INFO] CodeEngine:289 - Generated code: /home/oleksii/STM32CubeIDE/workspace_1.19.0/workspace_embedded/Lab3_t2/MXTmpFiles/rtos_kernelStart.tmp
2025-10-28 19:55:00,894 [INFO] CodeEngine:265 - oldGeneratedFile, /home/oleksii/STM32CubeIDE/workspace_1.19.0/workspace_embedded/Lab3_t2/MXTmpFiles/rtos_typedefs.tmp_save
2025-10-28 19:55:00,934 [INFO] CodeEngine:289 - Generated code: /home/oleksii/STM32CubeIDE/workspace_1.19.0/workspace_embedded/Lab3_t2/MXTmpFiles/rtos_typedefs.tmp
2025-10-28 19:55:00,935 [INFO] CodeEngine:265 - oldGeneratedFile, /home/oleksii/STM32CubeIDE/workspace_1.19.0/workspace_embedded/Lab3_t2/MXTmpFiles/rtos_vars.tmp_save
2025-10-28 19:55:00,978 [INFO] CodeEngine:289 - Generated code: /home/oleksii/STM32CubeIDE/workspace_1.19.0/workspace_embedded/Lab3_t2/MXTmpFiles/rtos_vars.tmp
2025-10-28 19:55:00,978 [INFO] CodeEngine:265 - oldGeneratedFile, /home/oleksii/STM32CubeIDE/workspace_1.19.0/workspace_embedded/Lab3_t2/MXTmpFiles/rtos_pfp.tmp_save
2025-10-28 19:55:01,016 [INFO] CodeEngine:289 - Generated code: /home/oleksii/STM32CubeIDE/workspace_1.19.0/workspace_embedded/Lab3_t2/MXTmpFiles/rtos_pfp.tmp
2025-10-28 19:55:01,017 [INFO] CodeEngine:265 - oldGeneratedFile, /home/oleksii/STM32CubeIDE/workspace_1.19.0/workspace_embedded/Lab3_t2/MXTmpFiles/rtos_obj_creat.tmp_save
2025-10-28 19:55:01,060 [INFO] CodeEngine:289 - Generated code: /home/oleksii/STM32CubeIDE/workspace_1.19.0/workspace_embedded/Lab3_t2/MXTmpFiles/rtos_obj_creat.tmp
2025-10-28 19:55:01,061 [INFO] CodeEngine:265 - oldGeneratedFile, /home/oleksii/STM32CubeIDE/workspace_1.19.0/workspace_embedded/Lab3_t2/MXTmpFiles/rtos_default_thread.tmp_save
2025-10-28 19:55:01,099 [INFO] CodeEngine:289 - Generated code: /home/oleksii/STM32CubeIDE/workspace_1.19.0/workspace_embedded/Lab3_t2/MXTmpFiles/rtos_default_thread.tmp
2025-10-28 19:55:01,100 [INFO] CodeEngine:265 - oldGeneratedFile, /home/oleksii/STM32CubeIDE/workspace_1.19.0/workspace_embedded/Lab3_t2/MXTmpFiles/rtos_threads.tmp_save
2025-10-28 19:55:01,137 [INFO] CodeEngine:289 - Generated code: /home/oleksii/STM32CubeIDE/workspace_1.19.0/workspace_embedded/Lab3_t2/MXTmpFiles/rtos_threads.tmp
2025-10-28 19:55:01,143 [INFO] Middleware:1452 - No code input for Bsp Dependency
2025-10-28 19:55:01,145 [INFO] CodeEngine:265 - oldGeneratedFile, /home/oleksii/STM32CubeIDE/workspace_1.19.0/workspace_embedded/Lab3_t2/MXTmpFiles/rtos_inc.tmp_save
2025-10-28 19:55:01,181 [INFO] CodeEngine:289 - Generated code: /home/oleksii/STM32CubeIDE/workspace_1.19.0/workspace_embedded/Lab3_t2/MXTmpFiles/rtos_inc.tmp
2025-10-28 19:55:01,181 [INFO] CodeEngine:265 - oldGeneratedFile, /home/oleksii/STM32CubeIDE/workspace_1.19.0/workspace_embedded/Lab3_t2/MXTmpFiles/rtos_kernelInit.tmp_save
2025-10-28 19:55:01,225 [INFO] CodeEngine:289 - Generated code: /home/oleksii/STM32CubeIDE/workspace_1.19.0/workspace_embedded/Lab3_t2/MXTmpFiles/rtos_kernelInit.tmp
2025-10-28 19:55:01,225 [INFO] CodeEngine:265 - oldGeneratedFile, /home/oleksii/STM32CubeIDE/workspace_1.19.0/workspace_embedded/Lab3_t2/MXTmpFiles/rtos_kernelStart.tmp_save
2025-10-28 19:55:01,264 [INFO] CodeEngine:289 - Generated code: /home/oleksii/STM32CubeIDE/workspace_1.19.0/workspace_embedded/Lab3_t2/MXTmpFiles/rtos_kernelStart.tmp
2025-10-28 19:55:01,264 [INFO] CodeEngine:265 - oldGeneratedFile, /home/oleksii/STM32CubeIDE/workspace_1.19.0/workspace_embedded/Lab3_t2/MXTmpFiles/rtos_typedefs.tmp_save
2025-10-28 19:55:01,302 [INFO] CodeEngine:289 - Generated code: /home/oleksii/STM32CubeIDE/workspace_1.19.0/workspace_embedded/Lab3_t2/MXTmpFiles/rtos_typedefs.tmp
2025-10-28 19:55:01,303 [INFO] CodeEngine:265 - oldGeneratedFile, /home/oleksii/STM32CubeIDE/workspace_1.19.0/workspace_embedded/Lab3_t2/MXTmpFiles/rtos_vars.tmp_save
2025-10-28 19:55:01,340 [INFO] CodeEngine:289 - Generated code: /home/oleksii/STM32CubeIDE/workspace_1.19.0/workspace_embedded/Lab3_t2/MXTmpFiles/rtos_vars.tmp
2025-10-28 19:55:01,341 [INFO] CodeEngine:265 - oldGeneratedFile, /home/oleksii/STM32CubeIDE/workspace_1.19.0/workspace_embedded/Lab3_t2/MXTmpFiles/rtos_pfp.tmp_save
2025-10-28 19:55:01,396 [INFO] CodeEngine:289 - Generated code: /home/oleksii/STM32CubeIDE/workspace_1.19.0/workspace_embedded/Lab3_t2/MXTmpFiles/rtos_pfp.tmp
2025-10-28 19:55:01,397 [INFO] CodeEngine:265 - oldGeneratedFile, /home/oleksii/STM32CubeIDE/workspace_1.19.0/workspace_embedded/Lab3_t2/MXTmpFiles/rtos_obj_creat.tmp_save
2025-10-28 19:55:01,433 [INFO] CodeEngine:289 - Generated code: /home/oleksii/STM32CubeIDE/workspace_1.19.0/workspace_embedded/Lab3_t2/MXTmpFiles/rtos_obj_creat.tmp
2025-10-28 19:55:01,434 [INFO] CodeEngine:265 - oldGeneratedFile, /home/oleksii/STM32CubeIDE/workspace_1.19.0/workspace_embedded/Lab3_t2/MXTmpFiles/rtos_default_thread.tmp_save
2025-10-28 19:55:01,474 [INFO] CodeEngine:289 - Generated code: /home/oleksii/STM32CubeIDE/workspace_1.19.0/workspace_embedded/Lab3_t2/MXTmpFiles/rtos_default_thread.tmp
2025-10-28 19:55:01,474 [INFO] CodeEngine:265 - oldGeneratedFile, /home/oleksii/STM32CubeIDE/workspace_1.19.0/workspace_embedded/Lab3_t2/MXTmpFiles/rtos_threads.tmp_save
2025-10-28 19:55:01,512 [INFO] CodeEngine:289 - Generated code: /home/oleksii/STM32CubeIDE/workspace_1.19.0/workspace_embedded/Lab3_t2/MXTmpFiles/rtos_threads.tmp
2025-10-28 19:55:01,512 [INFO] CodeEngine:265 - oldGeneratedFile, /home/oleksii/STM32CubeIDE/workspace_1.19.0/workspace_embedded/Lab3_t2/Core/Inc/FreeRTOSConfig.h_save
2025-10-28 19:55:01,561 [INFO] CodeEngine:289 - Generated code: /home/oleksii/STM32CubeIDE/workspace_1.19.0/workspace_embedded/Lab3_t2/Core/Inc/FreeRTOSConfig.h
2025-10-28 19:55:01,561 [INFO] CodeEngine:265 - oldGeneratedFile, /home/oleksii/STM32CubeIDE/workspace_1.19.0/workspace_embedded/Lab3_t2/Core/Src/freertos.c_save
2025-10-28 19:55:01,599 [INFO] CodeEngine:289 - Generated code: /home/oleksii/STM32CubeIDE/workspace_1.19.0/workspace_embedded/Lab3_t2/Core/Src/freertos.c
2025-10-28 19:55:01,602 [INFO] CodeEngine:265 - oldGeneratedFile, /home/oleksii/STM32CubeIDE/workspace_1.19.0/workspace_embedded/Lab3_t2/Core/Src/stm32f4xx_it.c_save
2025-10-28 19:55:01,645 [INFO] CodeEngine:289 - Generated code: /home/oleksii/STM32CubeIDE/workspace_1.19.0/workspace_embedded/Lab3_t2/Core/Src/stm32f4xx_it.c
2025-10-28 19:55:01,646 [INFO] CodeEngine:265 - oldGeneratedFile, /home/oleksii/STM32CubeIDE/workspace_1.19.0/workspace_embedded/Lab3_t2/Core/Inc/stm32f4xx_it.h_save
2025-10-28 19:55:01,683 [INFO] CodeEngine:289 - Generated code: /home/oleksii/STM32CubeIDE/workspace_1.19.0/workspace_embedded/Lab3_t2/Core/Inc/stm32f4xx_it.h
2025-10-28 19:55:01,686 [INFO] CodeEngine:265 - oldGeneratedFile, /home/oleksii/STM32CubeIDE/workspace_1.19.0/workspace_embedded/Lab3_t2/Core/Src/stm32f4xx_hal_msp.c_save
2025-10-28 19:55:01,742 [INFO] CodeEngine:289 - Generated code: /home/oleksii/STM32CubeIDE/workspace_1.19.0/workspace_embedded/Lab3_t2/Core/Src/stm32f4xx_hal_msp.c
2025-10-28 19:55:01,742 [INFO] CodeEngine:265 - oldGeneratedFile, /home/oleksii/STM32CubeIDE/workspace_1.19.0/workspace_embedded/Lab3_t2/MXTmpFiles/system.tmp_save
2025-10-28 19:55:01,778 [INFO] CodeEngine:289 - Generated code: /home/oleksii/STM32CubeIDE/workspace_1.19.0/workspace_embedded/Lab3_t2/MXTmpFiles/system.tmp
2025-10-28 19:55:01,778 [INFO] CodeEngine:265 - oldGeneratedFile, /home/oleksii/STM32CubeIDE/workspace_1.19.0/workspace_embedded/Lab3_t2/Core/Src/stm32f4xx_hal_timebase_tim.c_save
2025-10-28 19:55:01,816 [INFO] CodeEngine:289 - Generated code: /home/oleksii/STM32CubeIDE/workspace_1.19.0/workspace_embedded/Lab3_t2/Core/Src/stm32f4xx_hal_timebase_tim.c
2025-10-28 19:55:01,818 [INFO] CodeEngine:321 - oldGeneratedFile, /home/oleksii/STM32CubeIDE/workspace_1.19.0/workspace_embedded/Lab3_t2/Core/Inc/stm32f4xx_hal_conf.h_save
2025-10-28 19:55:01,860 [INFO] CodeEngine:345 - Generated code: /home/oleksii/STM32CubeIDE/workspace_1.19.0/workspace_embedded/Lab3_t2/Core/Inc/stm32f4xx_hal_conf.h
2025-10-28 19:55:01,881 [INFO] CodeEngine:265 - oldGeneratedFile, /home/oleksii/STM32CubeIDE/workspace_1.19.0/workspace_embedded/Lab3_t2/Core/Inc/main.h_save
2025-10-28 19:55:01,933 [INFO] CodeEngine:289 - Generated code: /home/oleksii/STM32CubeIDE/workspace_1.19.0/workspace_embedded/Lab3_t2/Core/Inc/main.h
2025-10-28 19:55:01,934 [INFO] CodeEngine:265 - oldGeneratedFile, /home/oleksii/STM32CubeIDE/workspace_1.19.0/workspace_embedded/Lab3_t2/Core/Src/main.c_save
2025-10-28 19:55:02,009 [INFO] CodeEngine:289 - Generated code: /home/oleksii/STM32CubeIDE/workspace_1.19.0/workspace_embedded/Lab3_t2/Core/Src/main.c
2025-10-28 19:55:02,167 [INFO] ProjectBuilder:3606 - Time for Copy HAL[1] : 16mS.
2025-10-28 19:55:02,168 [INFO] ProjectBuilder:5216 - Project Generator version: 4.7.0-B52
2025-10-28 19:55:02,224 [INFO] ConfigFileManager:1595 - The Die is : DIE413
2025-10-28 19:55:02,708 [INFO] ProjectBuilder:5496 - Time for Generating toolchain IDE Files: 540mS.
2025-10-28 19:55:02,708 [INFO] ProjectBuilder:3463 - Time for Copy CMSIS : 0mS.
2025-10-28 19:55:02,709 [INFO] ProjectBuilder:3463 - Time for Copy CMSIS : 0mS.
2025-10-28 20:09:50,500 [ERROR] RtosPanel:558 - Can not restore the selected Tab for FREERTOS(A reason can be that the tab is no more available.)
2025-10-28 20:09:53,536 [INFO] TasksAndQueuesTab:757 - Dynamic
2025-10-28 20:09:53,536 [WARN] TasksAndQueuesTab:763 - 128 128
2025-10-28 20:09:53,537 [WARN] TasksAndQueuesTab:775 - max value is: 3840.0
2025-10-28 20:09:53,537 [INFO] TasksAndQueuesTab:757 - Dynamic
2025-10-28 20:09:53,537 [WARN] TasksAndQueuesTab:763 - 128 128
2025-10-28 20:09:53,537 [WARN] TasksAndQueuesTab:775 - max value is: 3840.0
2025-10-28 20:10:24,946 [INFO] TasksAndQueuesTab:757 - Dynamic
2025-10-28 20:10:24,946 [WARN] TasksAndQueuesTab:763 - 128 128
2025-10-28 20:10:24,946 [WARN] TasksAndQueuesTab:775 - max value is: 3840.0
2025-10-28 20:10:24,946 [INFO] TasksAndQueuesTab:757 - Dynamic
2025-10-28 20:10:24,946 [WARN] TasksAndQueuesTab:763 - 128 128
2025-10-28 20:10:24,946 [WARN] TasksAndQueuesTab:775 - max value is: 3840.0
2025-10-28 20:10:31,290 [INFO] UtilMem:75 - End SaveConfig() Used Memory: 624853064 Bytes (744488960)
2025-10-28 20:10:33,161 [INFO] UtilMem:75 - End SaveConfig() Used Memory: 655788104 Bytes (744488960)
2025-10-28 20:10:35,696 [INFO] UtilMem:75 - End SaveConfig() Used Memory: 404115384 Bytes (744488960)
2025-10-28 20:10:35,910 [INFO] BlockDiagram:2775 - set Specific Code input for plugin: FREERTOS
2025-10-28 20:10:35,910 [INFO] BlockDiagram:2775 - set Specific Code input for plugin: SYS
2025-10-28 20:10:35,910 [INFO] BlockDiagram:2775 - set Specific Code input for plugin: RCC
2025-10-28 20:10:35,910 [INFO] BlockDiagram:2775 - set Specific Code input for plugin: NVIC
2025-10-28 20:10:35,910 [INFO] BlockDiagram:2775 - set Specific Code input for plugin: USART
2025-10-28 20:10:35,911 [INFO] BlockDiagram:2775 - set Specific Code input for plugin: GPIO
2025-10-28 20:10:35,911 [INFO] CodeGenerator:892 - code generatio: config db path: /opt/st/stm32cubeide_1.19.0/plugins/com.st.stm32cube.common.mx_6.15.0.202507011659//db/
2025-10-28 20:10:36,047 [INFO] CodeEngine:265 - oldGeneratedFile, /home/oleksii/STM32CubeIDE/workspace_1.19.0/workspace_embedded/Lab3_t2/MXTmpFiles/license.tmp_save
2025-10-28 20:10:36,272 [INFO] CodeEngine:289 - Generated code: /home/oleksii/STM32CubeIDE/workspace_1.19.0/workspace_embedded/Lab3_t2/MXTmpFiles/license.tmp
2025-10-28 20:10:36,315 [INFO] CodeEngine:265 - oldGeneratedFile, /home/oleksii/STM32CubeIDE/workspace_1.19.0/workspace_embedded/Lab3_t2/MXTmpFiles/gpio.tmp_save
2025-10-28 20:10:36,413 [INFO] CodeEngine:289 - Generated code: /home/oleksii/STM32CubeIDE/workspace_1.19.0/workspace_embedded/Lab3_t2/MXTmpFiles/gpio.tmp
2025-10-28 20:10:36,512 [INFO] Middleware:1452 - No code input for Bsp Dependency
2025-10-28 20:10:36,515 [INFO] CodeEngine:265 - oldGeneratedFile, /home/oleksii/STM32CubeIDE/workspace_1.19.0/workspace_embedded/Lab3_t2/MXTmpFiles/rtos_inc.tmp_save
2025-10-28 20:10:36,565 [INFO] CodeEngine:289 - Generated code: /home/oleksii/STM32CubeIDE/workspace_1.19.0/workspace_embedded/Lab3_t2/MXTmpFiles/rtos_inc.tmp
2025-10-28 20:10:36,566 [INFO] CodeEngine:265 - oldGeneratedFile, /home/oleksii/STM32CubeIDE/workspace_1.19.0/workspace_embedded/Lab3_t2/MXTmpFiles/rtos_kernelInit.tmp_save
2025-10-28 20:10:36,615 [INFO] CodeEngine:289 - Generated code: /home/oleksii/STM32CubeIDE/workspace_1.19.0/workspace_embedded/Lab3_t2/MXTmpFiles/rtos_kernelInit.tmp
2025-10-28 20:10:36,616 [INFO] CodeEngine:265 - oldGeneratedFile, /home/oleksii/STM32CubeIDE/workspace_1.19.0/workspace_embedded/Lab3_t2/MXTmpFiles/rtos_kernelStart.tmp_save
2025-10-28 20:10:36,663 [INFO] CodeEngine:289 - Generated code: /home/oleksii/STM32CubeIDE/workspace_1.19.0/workspace_embedded/Lab3_t2/MXTmpFiles/rtos_kernelStart.tmp
2025-10-28 20:10:36,664 [INFO] CodeEngine:265 - oldGeneratedFile, /home/oleksii/STM32CubeIDE/workspace_1.19.0/workspace_embedded/Lab3_t2/MXTmpFiles/rtos_typedefs.tmp_save
2025-10-28 20:10:36,709 [INFO] CodeEngine:289 - Generated code: /home/oleksii/STM32CubeIDE/workspace_1.19.0/workspace_embedded/Lab3_t2/MXTmpFiles/rtos_typedefs.tmp
2025-10-28 20:10:36,710 [INFO] CodeEngine:265 - oldGeneratedFile, /home/oleksii/STM32CubeIDE/workspace_1.19.0/workspace_embedded/Lab3_t2/MXTmpFiles/rtos_vars.tmp_save
2025-10-28 20:10:36,753 [INFO] CodeEngine:289 - Generated code: /home/oleksii/STM32CubeIDE/workspace_1.19.0/workspace_embedded/Lab3_t2/MXTmpFiles/rtos_vars.tmp
2025-10-28 20:10:36,754 [INFO] CodeEngine:265 - oldGeneratedFile, /home/oleksii/STM32CubeIDE/workspace_1.19.0/workspace_embedded/Lab3_t2/MXTmpFiles/rtos_pfp.tmp_save
2025-10-28 20:10:36,795 [INFO] CodeEngine:289 - Generated code: /home/oleksii/STM32CubeIDE/workspace_1.19.0/workspace_embedded/Lab3_t2/MXTmpFiles/rtos_pfp.tmp
2025-10-28 20:10:36,796 [INFO] CodeEngine:265 - oldGeneratedFile, /home/oleksii/STM32CubeIDE/workspace_1.19.0/workspace_embedded/Lab3_t2/MXTmpFiles/rtos_obj_creat.tmp_save
2025-10-28 20:10:36,838 [INFO] CodeEngine:289 - Generated code: /home/oleksii/STM32CubeIDE/workspace_1.19.0/workspace_embedded/Lab3_t2/MXTmpFiles/rtos_obj_creat.tmp
2025-10-28 20:10:36,839 [INFO] CodeEngine:265 - oldGeneratedFile, /home/oleksii/STM32CubeIDE/workspace_1.19.0/workspace_embedded/Lab3_t2/MXTmpFiles/rtos_default_thread.tmp_save
2025-10-28 20:10:36,880 [INFO] CodeEngine:289 - Generated code: /home/oleksii/STM32CubeIDE/workspace_1.19.0/workspace_embedded/Lab3_t2/MXTmpFiles/rtos_default_thread.tmp
2025-10-28 20:10:36,881 [INFO] CodeEngine:265 - oldGeneratedFile, /home/oleksii/STM32CubeIDE/workspace_1.19.0/workspace_embedded/Lab3_t2/MXTmpFiles/rtos_threads.tmp_save
2025-10-28 20:10:36,921 [INFO] CodeEngine:289 - Generated code: /home/oleksii/STM32CubeIDE/workspace_1.19.0/workspace_embedded/Lab3_t2/MXTmpFiles/rtos_threads.tmp
2025-10-28 20:10:36,929 [INFO] Middleware:1452 - No code input for Bsp Dependency
2025-10-28 20:10:36,931 [INFO] CodeEngine:265 - oldGeneratedFile, /home/oleksii/STM32CubeIDE/workspace_1.19.0/workspace_embedded/Lab3_t2/MXTmpFiles/rtos_inc.tmp_save
2025-10-28 20:10:36,982 [INFO] CodeEngine:289 - Generated code: /home/oleksii/STM32CubeIDE/workspace_1.19.0/workspace_embedded/Lab3_t2/MXTmpFiles/rtos_inc.tmp
2025-10-28 20:10:36,983 [INFO] CodeEngine:265 - oldGeneratedFile, /home/oleksii/STM32CubeIDE/workspace_1.19.0/workspace_embedded/Lab3_t2/MXTmpFiles/rtos_kernelInit.tmp_save
2025-10-28 20:10:37,019 [INFO] CodeEngine:289 - Generated code: /home/oleksii/STM32CubeIDE/workspace_1.19.0/workspace_embedded/Lab3_t2/MXTmpFiles/rtos_kernelInit.tmp
2025-10-28 20:10:37,020 [INFO] CodeEngine:265 - oldGeneratedFile, /home/oleksii/STM32CubeIDE/workspace_1.19.0/workspace_embedded/Lab3_t2/MXTmpFiles/rtos_kernelStart.tmp_save
2025-10-28 20:10:37,055 [INFO] CodeEngine:289 - Generated code: /home/oleksii/STM32CubeIDE/workspace_1.19.0/workspace_embedded/Lab3_t2/MXTmpFiles/rtos_kernelStart.tmp
2025-10-28 20:10:37,056 [INFO] CodeEngine:265 - oldGeneratedFile, /home/oleksii/STM32CubeIDE/workspace_1.19.0/workspace_embedded/Lab3_t2/MXTmpFiles/rtos_typedefs.tmp_save
2025-10-28 20:10:37,093 [INFO] CodeEngine:289 - Generated code: /home/oleksii/STM32CubeIDE/workspace_1.19.0/workspace_embedded/Lab3_t2/MXTmpFiles/rtos_typedefs.tmp
2025-10-28 20:10:37,093 [INFO] CodeEngine:265 - oldGeneratedFile, /home/oleksii/STM32CubeIDE/workspace_1.19.0/workspace_embedded/Lab3_t2/MXTmpFiles/rtos_vars.tmp_save
2025-10-28 20:10:37,131 [INFO] CodeEngine:289 - Generated code: /home/oleksii/STM32CubeIDE/workspace_1.19.0/workspace_embedded/Lab3_t2/MXTmpFiles/rtos_vars.tmp
2025-10-28 20:10:37,131 [INFO] CodeEngine:265 - oldGeneratedFile, /home/oleksii/STM32CubeIDE/workspace_1.19.0/workspace_embedded/Lab3_t2/MXTmpFiles/rtos_pfp.tmp_save
2025-10-28 20:10:37,168 [INFO] CodeEngine:289 - Generated code: /home/oleksii/STM32CubeIDE/workspace_1.19.0/workspace_embedded/Lab3_t2/MXTmpFiles/rtos_pfp.tmp
2025-10-28 20:10:37,168 [INFO] CodeEngine:265 - oldGeneratedFile, /home/oleksii/STM32CubeIDE/workspace_1.19.0/workspace_embedded/Lab3_t2/MXTmpFiles/rtos_obj_creat.tmp_save
2025-10-28 20:10:37,205 [INFO] CodeEngine:289 - Generated code: /home/oleksii/STM32CubeIDE/workspace_1.19.0/workspace_embedded/Lab3_t2/MXTmpFiles/rtos_obj_creat.tmp
2025-10-28 20:10:37,206 [INFO] CodeEngine:265 - oldGeneratedFile, /home/oleksii/STM32CubeIDE/workspace_1.19.0/workspace_embedded/Lab3_t2/MXTmpFiles/rtos_default_thread.tmp_save
2025-10-28 20:10:37,241 [INFO] CodeEngine:289 - Generated code: /home/oleksii/STM32CubeIDE/workspace_1.19.0/workspace_embedded/Lab3_t2/MXTmpFiles/rtos_default_thread.tmp
2025-10-28 20:10:37,242 [INFO] CodeEngine:265 - oldGeneratedFile, /home/oleksii/STM32CubeIDE/workspace_1.19.0/workspace_embedded/Lab3_t2/MXTmpFiles/rtos_threads.tmp_save
2025-10-28 20:10:37,278 [INFO] CodeEngine:289 - Generated code: /home/oleksii/STM32CubeIDE/workspace_1.19.0/workspace_embedded/Lab3_t2/MXTmpFiles/rtos_threads.tmp
2025-10-28 20:10:37,278 [INFO] CodeEngine:265 - oldGeneratedFile, /home/oleksii/STM32CubeIDE/workspace_1.19.0/workspace_embedded/Lab3_t2/Core/Inc/FreeRTOSConfig.h_save
2025-10-28 20:10:37,333 [INFO] CodeEngine:289 - Generated code: /home/oleksii/STM32CubeIDE/workspace_1.19.0/workspace_embedded/Lab3_t2/Core/Inc/FreeRTOSConfig.h
2025-10-28 20:10:37,334 [INFO] CodeEngine:265 - oldGeneratedFile, /home/oleksii/STM32CubeIDE/workspace_1.19.0/workspace_embedded/Lab3_t2/Core/Src/freertos.c_save
2025-10-28 20:10:37,373 [INFO] CodeEngine:289 - Generated code: /home/oleksii/STM32CubeIDE/workspace_1.19.0/workspace_embedded/Lab3_t2/Core/Src/freertos.c
2025-10-28 20:10:37,375 [INFO] CodeEngine:265 - oldGeneratedFile, /home/oleksii/STM32CubeIDE/workspace_1.19.0/workspace_embedded/Lab3_t2/Core/Src/stm32f4xx_it.c_save
2025-10-28 20:10:37,482 [INFO] CodeEngine:289 - Generated code: /home/oleksii/STM32CubeIDE/workspace_1.19.0/workspace_embedded/Lab3_t2/Core/Src/stm32f4xx_it.c
2025-10-28 20:10:37,483 [INFO] CodeEngine:265 - oldGeneratedFile, /home/oleksii/STM32CubeIDE/workspace_1.19.0/workspace_embedded/Lab3_t2/Core/Inc/stm32f4xx_it.h_save
2025-10-28 20:10:37,519 [INFO] CodeEngine:289 - Generated code: /home/oleksii/STM32CubeIDE/workspace_1.19.0/workspace_embedded/Lab3_t2/Core/Inc/stm32f4xx_it.h
2025-10-28 20:10:37,522 [INFO] CodeEngine:265 - oldGeneratedFile, /home/oleksii/STM32CubeIDE/workspace_1.19.0/workspace_embedded/Lab3_t2/Core/Src/stm32f4xx_hal_msp.c_save
2025-10-28 20:10:37,583 [INFO] CodeEngine:289 - Generated code: /home/oleksii/STM32CubeIDE/workspace_1.19.0/workspace_embedded/Lab3_t2/Core/Src/stm32f4xx_hal_msp.c
2025-10-28 20:10:37,584 [INFO] CodeEngine:265 - oldGeneratedFile, /home/oleksii/STM32CubeIDE/workspace_1.19.0/workspace_embedded/Lab3_t2/MXTmpFiles/system.tmp_save
2025-10-28 20:10:37,620 [INFO] CodeEngine:289 - Generated code: /home/oleksii/STM32CubeIDE/workspace_1.19.0/workspace_embedded/Lab3_t2/MXTmpFiles/system.tmp
2025-10-28 20:10:37,620 [INFO] CodeEngine:265 - oldGeneratedFile, /home/oleksii/STM32CubeIDE/workspace_1.19.0/workspace_embedded/Lab3_t2/Core/Src/stm32f4xx_hal_timebase_tim.c_save
2025-10-28 20:10:37,659 [INFO] CodeEngine:289 - Generated code: /home/oleksii/STM32CubeIDE/workspace_1.19.0/workspace_embedded/Lab3_t2/Core/Src/stm32f4xx_hal_timebase_tim.c
2025-10-28 20:10:37,661 [INFO] CodeEngine:321 - oldGeneratedFile, /home/oleksii/STM32CubeIDE/workspace_1.19.0/workspace_embedded/Lab3_t2/Core/Inc/stm32f4xx_hal_conf.h_save
2025-10-28 20:10:37,703 [INFO] CodeEngine:345 - Generated code: /home/oleksii/STM32CubeIDE/workspace_1.19.0/workspace_embedded/Lab3_t2/Core/Inc/stm32f4xx_hal_conf.h
2025-10-28 20:10:37,720 [INFO] CodeEngine:265 - oldGeneratedFile, /home/oleksii/STM32CubeIDE/workspace_1.19.0/workspace_embedded/Lab3_t2/Core/Inc/main.h_save
2025-10-28 20:10:37,771 [INFO] CodeEngine:289 - Generated code: /home/oleksii/STM32CubeIDE/workspace_1.19.0/workspace_embedded/Lab3_t2/Core/Inc/main.h
2025-10-28 20:10:37,772 [INFO] CodeEngine:265 - oldGeneratedFile, /home/oleksii/STM32CubeIDE/workspace_1.19.0/workspace_embedded/Lab3_t2/Core/Src/main.c_save
2025-10-28 20:10:37,844 [INFO] CodeEngine:289 - Generated code: /home/oleksii/STM32CubeIDE/workspace_1.19.0/workspace_embedded/Lab3_t2/Core/Src/main.c
2025-10-28 20:10:37,988 [INFO] ProjectBuilder:3606 - Time for Copy HAL[1] : 18mS.
2025-10-28 20:10:37,990 [INFO] ProjectBuilder:5216 - Project Generator version: 4.7.0-B52
2025-10-28 20:10:38,047 [INFO] ConfigFileManager:1595 - The Die is : DIE413
2025-10-28 20:10:38,691 [INFO] ProjectBuilder:5496 - Time for Generating toolchain IDE Files: 700mS.
2025-10-28 20:10:38,691 [INFO] ProjectBuilder:3463 - Time for Copy CMSIS : 0mS.
2025-10-28 20:10:38,692 [INFO] ProjectBuilder:3463 - Time for Copy CMSIS : 0mS.
2025-10-28 20:33:57,645 [INFO] TasksAndQueuesTab:757 - Dynamic
2025-10-28 20:33:57,645 [WARN] TasksAndQueuesTab:763 - 128 128
2025-10-28 20:33:57,645 [WARN] TasksAndQueuesTab:775 - max value is: 3840.0
2025-10-28 20:33:57,646 [INFO] TasksAndQueuesTab:757 - Dynamic
2025-10-28 20:33:57,646 [WARN] TasksAndQueuesTab:763 - 128 128
2025-10-28 20:33:57,646 [WARN] TasksAndQueuesTab:775 - max value is: 3840.0
2025-10-28 20:33:59,656 [INFO] UtilMem:75 - End SaveConfig() Used Memory: 422318448 Bytes (746586112)
2025-10-28 20:34:01,959 [INFO] UtilMem:75 - End SaveConfig() Used Memory: 450885896 Bytes (746586112)
2025-10-28 20:34:02,472 [INFO] UtilMem:75 - End SaveConfig() Used Memory: 493787400 Bytes (746586112)
2025-10-28 20:34:02,747 [INFO] BlockDiagram:2775 - set Specific Code input for plugin: FREERTOS
2025-10-28 20:34:02,747 [INFO] BlockDiagram:2775 - set Specific Code input for plugin: SYS
2025-10-28 20:34:02,747 [INFO] BlockDiagram:2775 - set Specific Code input for plugin: RCC
2025-10-28 20:34:02,747 [INFO] BlockDiagram:2775 - set Specific Code input for plugin: NVIC
2025-10-28 20:34:02,748 [INFO] BlockDiagram:2775 - set Specific Code input for plugin: USART
2025-10-28 20:34:02,748 [INFO] BlockDiagram:2775 - set Specific Code input for plugin: GPIO
2025-10-28 20:34:02,749 [INFO] CodeGenerator:892 - code generatio: config db path: /opt/st/stm32cubeide_1.19.0/plugins/com.st.stm32cube.common.mx_6.15.0.202507011659//db/
2025-10-28 20:34:02,853 [INFO] CodeEngine:265 - oldGeneratedFile, /home/oleksii/STM32CubeIDE/workspace_1.19.0/workspace_embedded/Lab3_t2/MXTmpFiles/license.tmp_save
2025-10-28 20:34:03,066 [INFO] CodeEngine:289 - Generated code: /home/oleksii/STM32CubeIDE/workspace_1.19.0/workspace_embedded/Lab3_t2/MXTmpFiles/license.tmp
2025-10-28 20:34:03,121 [INFO] CodeEngine:265 - oldGeneratedFile, /home/oleksii/STM32CubeIDE/workspace_1.19.0/workspace_embedded/Lab3_t2/MXTmpFiles/gpio.tmp_save
2025-10-28 20:34:03,222 [INFO] CodeEngine:289 - Generated code: /home/oleksii/STM32CubeIDE/workspace_1.19.0/workspace_embedded/Lab3_t2/MXTmpFiles/gpio.tmp
2025-10-28 20:34:03,356 [INFO] Middleware:1452 - No code input for Bsp Dependency
2025-10-28 20:34:03,360 [INFO] CodeEngine:265 - oldGeneratedFile, /home/oleksii/STM32CubeIDE/workspace_1.19.0/workspace_embedded/Lab3_t2/MXTmpFiles/rtos_inc.tmp_save
2025-10-28 20:34:03,423 [INFO] CodeEngine:289 - Generated code: /home/oleksii/STM32CubeIDE/workspace_1.19.0/workspace_embedded/Lab3_t2/MXTmpFiles/rtos_inc.tmp
2025-10-28 20:34:03,424 [INFO] CodeEngine:265 - oldGeneratedFile, /home/oleksii/STM32CubeIDE/workspace_1.19.0/workspace_embedded/Lab3_t2/MXTmpFiles/rtos_kernelInit.tmp_save
2025-10-28 20:34:03,489 [INFO] CodeEngine:289 - Generated code: /home/oleksii/STM32CubeIDE/workspace_1.19.0/workspace_embedded/Lab3_t2/MXTmpFiles/rtos_kernelInit.tmp
2025-10-28 20:34:03,490 [INFO] CodeEngine:265 - oldGeneratedFile, /home/oleksii/STM32CubeIDE/workspace_1.19.0/workspace_embedded/Lab3_t2/MXTmpFiles/rtos_kernelStart.tmp_save
2025-10-28 20:34:03,538 [INFO] CodeEngine:289 - Generated code: /home/oleksii/STM32CubeIDE/workspace_1.19.0/workspace_embedded/Lab3_t2/MXTmpFiles/rtos_kernelStart.tmp
2025-10-28 20:34:03,539 [INFO] CodeEngine:265 - oldGeneratedFile, /home/oleksii/STM32CubeIDE/workspace_1.19.0/workspace_embedded/Lab3_t2/MXTmpFiles/rtos_typedefs.tmp_save
2025-10-28 20:34:03,586 [INFO] CodeEngine:289 - Generated code: /home/oleksii/STM32CubeIDE/workspace_1.19.0/workspace_embedded/Lab3_t2/MXTmpFiles/rtos_typedefs.tmp
2025-10-28 20:34:03,586 [INFO] CodeEngine:265 - oldGeneratedFile, /home/oleksii/STM32CubeIDE/workspace_1.19.0/workspace_embedded/Lab3_t2/MXTmpFiles/rtos_vars.tmp_save
2025-10-28 20:34:03,626 [INFO] CodeEngine:289 - Generated code: /home/oleksii/STM32CubeIDE/workspace_1.19.0/workspace_embedded/Lab3_t2/MXTmpFiles/rtos_vars.tmp
2025-10-28 20:34:03,626 [INFO] CodeEngine:265 - oldGeneratedFile, /home/oleksii/STM32CubeIDE/workspace_1.19.0/workspace_embedded/Lab3_t2/MXTmpFiles/rtos_pfp.tmp_save
2025-10-28 20:34:03,664 [INFO] CodeEngine:289 - Generated code: /home/oleksii/STM32CubeIDE/workspace_1.19.0/workspace_embedded/Lab3_t2/MXTmpFiles/rtos_pfp.tmp
2025-10-28 20:34:03,665 [INFO] CodeEngine:265 - oldGeneratedFile, /home/oleksii/STM32CubeIDE/workspace_1.19.0/workspace_embedded/Lab3_t2/MXTmpFiles/rtos_obj_creat.tmp_save
2025-10-28 20:34:03,704 [INFO] CodeEngine:289 - Generated code: /home/oleksii/STM32CubeIDE/workspace_1.19.0/workspace_embedded/Lab3_t2/MXTmpFiles/rtos_obj_creat.tmp
2025-10-28 20:34:03,704 [INFO] CodeEngine:265 - oldGeneratedFile, /home/oleksii/STM32CubeIDE/workspace_1.19.0/workspace_embedded/Lab3_t2/MXTmpFiles/rtos_default_thread.tmp_save
2025-10-28 20:34:03,743 [INFO] CodeEngine:289 - Generated code: /home/oleksii/STM32CubeIDE/workspace_1.19.0/workspace_embedded/Lab3_t2/MXTmpFiles/rtos_default_thread.tmp
2025-10-28 20:34:03,744 [INFO] CodeEngine:265 - oldGeneratedFile, /home/oleksii/STM32CubeIDE/workspace_1.19.0/workspace_embedded/Lab3_t2/MXTmpFiles/rtos_threads.tmp_save
2025-10-28 20:34:03,784 [INFO] CodeEngine:289 - Generated code: /home/oleksii/STM32CubeIDE/workspace_1.19.0/workspace_embedded/Lab3_t2/MXTmpFiles/rtos_threads.tmp
2025-10-28 20:34:03,793 [INFO] Middleware:1452 - No code input for Bsp Dependency
2025-10-28 20:34:03,797 [INFO] CodeEngine:265 - oldGeneratedFile, /home/oleksii/STM32CubeIDE/workspace_1.19.0/workspace_embedded/Lab3_t2/MXTmpFiles/rtos_inc.tmp_save
2025-10-28 20:34:03,852 [INFO] CodeEngine:289 - Generated code: /home/oleksii/STM32CubeIDE/workspace_1.19.0/workspace_embedded/Lab3_t2/MXTmpFiles/rtos_inc.tmp
2025-10-28 20:34:03,853 [INFO] CodeEngine:265 - oldGeneratedFile, /home/oleksii/STM32CubeIDE/workspace_1.19.0/workspace_embedded/Lab3_t2/MXTmpFiles/rtos_kernelInit.tmp_save
2025-10-28 20:34:03,900 [INFO] CodeEngine:289 - Generated code: /home/oleksii/STM32CubeIDE/workspace_1.19.0/workspace_embedded/Lab3_t2/MXTmpFiles/rtos_kernelInit.tmp
2025-10-28 20:34:03,901 [INFO] CodeEngine:265 - oldGeneratedFile, /home/oleksii/STM32CubeIDE/workspace_1.19.0/workspace_embedded/Lab3_t2/MXTmpFiles/rtos_kernelStart.tmp_save
2025-10-28 20:34:03,950 [INFO] CodeEngine:289 - Generated code: /home/oleksii/STM32CubeIDE/workspace_1.19.0/workspace_embedded/Lab3_t2/MXTmpFiles/rtos_kernelStart.tmp
2025-10-28 20:34:03,951 [INFO] CodeEngine:265 - oldGeneratedFile, /home/oleksii/STM32CubeIDE/workspace_1.19.0/workspace_embedded/Lab3_t2/MXTmpFiles/rtos_typedefs.tmp_save
2025-10-28 20:34:03,996 [INFO] CodeEngine:289 - Generated code: /home/oleksii/STM32CubeIDE/workspace_1.19.0/workspace_embedded/Lab3_t2/MXTmpFiles/rtos_typedefs.tmp
2025-10-28 20:34:03,997 [INFO] CodeEngine:265 - oldGeneratedFile, /home/oleksii/STM32CubeIDE/workspace_1.19.0/workspace_embedded/Lab3_t2/MXTmpFiles/rtos_vars.tmp_save
2025-10-28 20:34:04,035 [INFO] CodeEngine:289 - Generated code: /home/oleksii/STM32CubeIDE/workspace_1.19.0/workspace_embedded/Lab3_t2/MXTmpFiles/rtos_vars.tmp
2025-10-28 20:34:04,036 [INFO] CodeEngine:265 - oldGeneratedFile, /home/oleksii/STM32CubeIDE/workspace_1.19.0/workspace_embedded/Lab3_t2/MXTmpFiles/rtos_pfp.tmp_save
2025-10-28 20:34:04,076 [INFO] CodeEngine:289 - Generated code: /home/oleksii/STM32CubeIDE/workspace_1.19.0/workspace_embedded/Lab3_t2/MXTmpFiles/rtos_pfp.tmp
2025-10-28 20:34:04,077 [INFO] CodeEngine:265 - oldGeneratedFile, /home/oleksii/STM32CubeIDE/workspace_1.19.0/workspace_embedded/Lab3_t2/MXTmpFiles/rtos_obj_creat.tmp_save
2025-10-28 20:34:04,114 [INFO] CodeEngine:289 - Generated code: /home/oleksii/STM32CubeIDE/workspace_1.19.0/workspace_embedded/Lab3_t2/MXTmpFiles/rtos_obj_creat.tmp
2025-10-28 20:34:04,115 [INFO] CodeEngine:265 - oldGeneratedFile, /home/oleksii/STM32CubeIDE/workspace_1.19.0/workspace_embedded/Lab3_t2/MXTmpFiles/rtos_default_thread.tmp_save
2025-10-28 20:34:04,150 [INFO] CodeEngine:289 - Generated code: /home/oleksii/STM32CubeIDE/workspace_1.19.0/workspace_embedded/Lab3_t2/MXTmpFiles/rtos_default_thread.tmp
2025-10-28 20:34:04,151 [INFO] CodeEngine:265 - oldGeneratedFile, /home/oleksii/STM32CubeIDE/workspace_1.19.0/workspace_embedded/Lab3_t2/MXTmpFiles/rtos_threads.tmp_save
2025-10-28 20:34:04,192 [INFO] CodeEngine:289 - Generated code: /home/oleksii/STM32CubeIDE/workspace_1.19.0/workspace_embedded/Lab3_t2/MXTmpFiles/rtos_threads.tmp
2025-10-28 20:34:04,193 [INFO] CodeEngine:265 - oldGeneratedFile, /home/oleksii/STM32CubeIDE/workspace_1.19.0/workspace_embedded/Lab3_t2/Core/Inc/FreeRTOSConfig.h_save
2025-10-28 20:34:04,241 [INFO] CodeEngine:289 - Generated code: /home/oleksii/STM32CubeIDE/workspace_1.19.0/workspace_embedded/Lab3_t2/Core/Inc/FreeRTOSConfig.h
2025-10-28 20:34:04,242 [INFO] CodeEngine:265 - oldGeneratedFile, /home/oleksii/STM32CubeIDE/workspace_1.19.0/workspace_embedded/Lab3_t2/Core/Src/freertos.c_save
2025-10-28 20:34:04,280 [INFO] CodeEngine:289 - Generated code: /home/oleksii/STM32CubeIDE/workspace_1.19.0/workspace_embedded/Lab3_t2/Core/Src/freertos.c
2025-10-28 20:34:04,283 [INFO] CodeEngine:265 - oldGeneratedFile, /home/oleksii/STM32CubeIDE/workspace_1.19.0/workspace_embedded/Lab3_t2/Core/Src/stm32f4xx_it.c_save
2025-10-28 20:34:04,384 [INFO] CodeEngine:289 - Generated code: /home/oleksii/STM32CubeIDE/workspace_1.19.0/workspace_embedded/Lab3_t2/Core/Src/stm32f4xx_it.c
2025-10-28 20:34:04,385 [INFO] CodeEngine:265 - oldGeneratedFile, /home/oleksii/STM32CubeIDE/workspace_1.19.0/workspace_embedded/Lab3_t2/Core/Inc/stm32f4xx_it.h_save
2025-10-28 20:34:04,421 [INFO] CodeEngine:289 - Generated code: /home/oleksii/STM32CubeIDE/workspace_1.19.0/workspace_embedded/Lab3_t2/Core/Inc/stm32f4xx_it.h
2025-10-28 20:34:04,424 [INFO] CodeEngine:265 - oldGeneratedFile, /home/oleksii/STM32CubeIDE/workspace_1.19.0/workspace_embedded/Lab3_t2/Core/Src/stm32f4xx_hal_msp.c_save
2025-10-28 20:34:04,485 [INFO] CodeEngine:289 - Generated code: /home/oleksii/STM32CubeIDE/workspace_1.19.0/workspace_embedded/Lab3_t2/Core/Src/stm32f4xx_hal_msp.c
2025-10-28 20:34:04,486 [INFO] CodeEngine:265 - oldGeneratedFile, /home/oleksii/STM32CubeIDE/workspace_1.19.0/workspace_embedded/Lab3_t2/MXTmpFiles/system.tmp_save
2025-10-28 20:34:04,521 [INFO] CodeEngine:289 - Generated code: /home/oleksii/STM32CubeIDE/workspace_1.19.0/workspace_embedded/Lab3_t2/MXTmpFiles/system.tmp
2025-10-28 20:34:04,522 [INFO] CodeEngine:265 - oldGeneratedFile, /home/oleksii/STM32CubeIDE/workspace_1.19.0/workspace_embedded/Lab3_t2/Core/Src/stm32f4xx_hal_timebase_tim.c_save
2025-10-28 20:34:04,560 [INFO] CodeEngine:289 - Generated code: /home/oleksii/STM32CubeIDE/workspace_1.19.0/workspace_embedded/Lab3_t2/Core/Src/stm32f4xx_hal_timebase_tim.c
2025-10-28 20:34:04,562 [INFO] CodeEngine:321 - oldGeneratedFile, /home/oleksii/STM32CubeIDE/workspace_1.19.0/workspace_embedded/Lab3_t2/Core/Inc/stm32f4xx_hal_conf.h_save
2025-10-28 20:34:04,603 [INFO] CodeEngine:345 - Generated code: /home/oleksii/STM32CubeIDE/workspace_1.19.0/workspace_embedded/Lab3_t2/Core/Inc/stm32f4xx_hal_conf.h
2025-10-28 20:34:04,616 [INFO] CodeEngine:265 - oldGeneratedFile, /home/oleksii/STM32CubeIDE/workspace_1.19.0/workspace_embedded/Lab3_t2/Core/Inc/main.h_save
2025-10-28 20:34:04,668 [INFO] CodeEngine:289 - Generated code: /home/oleksii/STM32CubeIDE/workspace_1.19.0/workspace_embedded/Lab3_t2/Core/Inc/main.h
2025-10-28 20:34:04,669 [INFO] CodeEngine:265 - oldGeneratedFile, /home/oleksii/STM32CubeIDE/workspace_1.19.0/workspace_embedded/Lab3_t2/Core/Src/main.c_save
2025-10-28 20:34:04,744 [INFO] CodeEngine:289 - Generated code: /home/oleksii/STM32CubeIDE/workspace_1.19.0/workspace_embedded/Lab3_t2/Core/Src/main.c
2025-10-28 20:34:04,893 [INFO] ProjectBuilder:3606 - Time for Copy HAL[1] : 19mS.
2025-10-28 20:34:04,895 [INFO] ProjectBuilder:5216 - Project Generator version: 4.7.0-B52
2025-10-28 20:34:04,952 [INFO] ConfigFileManager:1595 - The Die is : DIE413
2025-10-28 20:34:05,448 [INFO] ProjectBuilder:5496 - Time for Generating toolchain IDE Files: 553mS.
2025-10-28 20:34:05,448 [INFO] ProjectBuilder:3463 - Time for Copy CMSIS : 0mS.
2025-10-28 20:34:05,449 [INFO] ProjectBuilder:3463 - Time for Copy CMSIS : 0mS.
2025-10-28 23:13:31,526 [INFO] UtilMem:75 - End SaveConfig() Used Memory: 394442592 Bytes (746586112)
2025-10-28 23:13:33,192 [INFO] UtilMem:75 - End SaveConfig() Used Memory: 562741088 Bytes (746586112)
2025-10-28 23:13:33,657 [INFO] UtilMem:75 - End SaveConfig() Used Memory: 641906528 Bytes (746586112)
2025-10-28 23:13:33,748 [INFO] BlockDiagram:2775 - set Specific Code input for plugin: FREERTOS
2025-10-28 23:13:33,748 [INFO] BlockDiagram:2775 - set Specific Code input for plugin: SYS
2025-10-28 23:13:33,749 [INFO] BlockDiagram:2775 - set Specific Code input for plugin: RCC
2025-10-28 23:13:33,749 [INFO] BlockDiagram:2775 - set Specific Code input for plugin: NVIC
2025-10-28 23:13:33,749 [INFO] BlockDiagram:2775 - set Specific Code input for plugin: USART
2025-10-28 23:13:33,749 [INFO] BlockDiagram:2775 - set Specific Code input for plugin: GPIO
2025-10-28 23:13:33,750 [INFO] CodeGenerator:892 - code generatio: config db path: /opt/st/stm32cubeide_1.19.0/plugins/com.st.stm32cube.common.mx_6.15.0.202507011659//db/
2025-10-28 23:13:33,851 [INFO] CodeEngine:265 - oldGeneratedFile, /home/oleksii/STM32CubeIDE/workspace_1.19.0/workspace_embedded/Lab3_t2/MXTmpFiles/license.tmp_save
2025-10-28 23:13:34,111 [INFO] CodeEngine:289 - Generated code: /home/oleksii/STM32CubeIDE/workspace_1.19.0/workspace_embedded/Lab3_t2/MXTmpFiles/license.tmp
2025-10-28 23:13:34,165 [INFO] CodeEngine:265 - oldGeneratedFile, /home/oleksii/STM32CubeIDE/workspace_1.19.0/workspace_embedded/Lab3_t2/MXTmpFiles/gpio.tmp_save
2025-10-28 23:13:34,253 [INFO] CodeEngine:289 - Generated code: /home/oleksii/STM32CubeIDE/workspace_1.19.0/workspace_embedded/Lab3_t2/MXTmpFiles/gpio.tmp
2025-10-28 23:13:34,379 [INFO] Middleware:1452 - No code input for Bsp Dependency
2025-10-28 23:13:34,382 [INFO] CodeEngine:265 - oldGeneratedFile, /home/oleksii/STM32CubeIDE/workspace_1.19.0/workspace_embedded/Lab3_t2/MXTmpFiles/rtos_inc.tmp_save
2025-10-28 23:13:34,429 [INFO] CodeEngine:289 - Generated code: /home/oleksii/STM32CubeIDE/workspace_1.19.0/workspace_embedded/Lab3_t2/MXTmpFiles/rtos_inc.tmp
2025-10-28 23:13:34,429 [INFO] CodeEngine:265 - oldGeneratedFile, /home/oleksii/STM32CubeIDE/workspace_1.19.0/workspace_embedded/Lab3_t2/MXTmpFiles/rtos_kernelInit.tmp_save
2025-10-28 23:13:34,478 [INFO] CodeEngine:289 - Generated code: /home/oleksii/STM32CubeIDE/workspace_1.19.0/workspace_embedded/Lab3_t2/MXTmpFiles/rtos_kernelInit.tmp
2025-10-28 23:13:34,479 [INFO] CodeEngine:265 - oldGeneratedFile, /home/oleksii/STM32CubeIDE/workspace_1.19.0/workspace_embedded/Lab3_t2/MXTmpFiles/rtos_kernelStart.tmp_save
2025-10-28 23:13:34,525 [INFO] CodeEngine:289 - Generated code: /home/oleksii/STM32CubeIDE/workspace_1.19.0/workspace_embedded/Lab3_t2/MXTmpFiles/rtos_kernelStart.tmp
2025-10-28 23:13:34,526 [INFO] CodeEngine:265 - oldGeneratedFile, /home/oleksii/STM32CubeIDE/workspace_1.19.0/workspace_embedded/Lab3_t2/MXTmpFiles/rtos_typedefs.tmp_save
2025-10-28 23:13:34,569 [INFO] CodeEngine:289 - Generated code: /home/oleksii/STM32CubeIDE/workspace_1.19.0/workspace_embedded/Lab3_t2/MXTmpFiles/rtos_typedefs.tmp
2025-10-28 23:13:34,570 [INFO] CodeEngine:265 - oldGeneratedFile, /home/oleksii/STM32CubeIDE/workspace_1.19.0/workspace_embedded/Lab3_t2/MXTmpFiles/rtos_vars.tmp_save
2025-10-28 23:13:34,615 [INFO] CodeEngine:289 - Generated code: /home/oleksii/STM32CubeIDE/workspace_1.19.0/workspace_embedded/Lab3_t2/MXTmpFiles/rtos_vars.tmp
2025-10-28 23:13:34,616 [INFO] CodeEngine:265 - oldGeneratedFile, /home/oleksii/STM32CubeIDE/workspace_1.19.0/workspace_embedded/Lab3_t2/MXTmpFiles/rtos_pfp.tmp_save
2025-10-28 23:13:34,656 [INFO] CodeEngine:289 - Generated code: /home/oleksii/STM32CubeIDE/workspace_1.19.0/workspace_embedded/Lab3_t2/MXTmpFiles/rtos_pfp.tmp
2025-10-28 23:13:34,657 [INFO] CodeEngine:265 - oldGeneratedFile, /home/oleksii/STM32CubeIDE/workspace_1.19.0/workspace_embedded/Lab3_t2/MXTmpFiles/rtos_obj_creat.tmp_save
2025-10-28 23:13:34,697 [INFO] CodeEngine:289 - Generated code: /home/oleksii/STM32CubeIDE/workspace_1.19.0/workspace_embedded/Lab3_t2/MXTmpFiles/rtos_obj_creat.tmp
2025-10-28 23:13:34,698 [INFO] CodeEngine:265 - oldGeneratedFile, /home/oleksii/STM32CubeIDE/workspace_1.19.0/workspace_embedded/Lab3_t2/MXTmpFiles/rtos_default_thread.tmp_save
2025-10-28 23:13:34,737 [INFO] CodeEngine:289 - Generated code: /home/oleksii/STM32CubeIDE/workspace_1.19.0/workspace_embedded/Lab3_t2/MXTmpFiles/rtos_default_thread.tmp
2025-10-28 23:13:34,738 [INFO] CodeEngine:265 - oldGeneratedFile, /home/oleksii/STM32CubeIDE/workspace_1.19.0/workspace_embedded/Lab3_t2/MXTmpFiles/rtos_threads.tmp_save
2025-10-28 23:13:34,777 [INFO] CodeEngine:289 - Generated code: /home/oleksii/STM32CubeIDE/workspace_1.19.0/workspace_embedded/Lab3_t2/MXTmpFiles/rtos_threads.tmp
2025-10-28 23:13:34,784 [INFO] Middleware:1452 - No code input for Bsp Dependency
2025-10-28 23:13:34,785 [INFO] CodeEngine:265 - oldGeneratedFile, /home/oleksii/STM32CubeIDE/workspace_1.19.0/workspace_embedded/Lab3_t2/MXTmpFiles/rtos_inc.tmp_save
2025-10-28 23:13:34,837 [INFO] CodeEngine:289 - Generated code: /home/oleksii/STM32CubeIDE/workspace_1.19.0/workspace_embedded/Lab3_t2/MXTmpFiles/rtos_inc.tmp
2025-10-28 23:13:34,838 [INFO] CodeEngine:265 - oldGeneratedFile, /home/oleksii/STM32CubeIDE/workspace_1.19.0/workspace_embedded/Lab3_t2/MXTmpFiles/rtos_kernelInit.tmp_save
2025-10-28 23:13:34,876 [INFO] CodeEngine:289 - Generated code: /home/oleksii/STM32CubeIDE/workspace_1.19.0/workspace_embedded/Lab3_t2/MXTmpFiles/rtos_kernelInit.tmp
2025-10-28 23:13:34,877 [INFO] CodeEngine:265 - oldGeneratedFile, /home/oleksii/STM32CubeIDE/workspace_1.19.0/workspace_embedded/Lab3_t2/MXTmpFiles/rtos_kernelStart.tmp_save
2025-10-28 23:13:34,915 [INFO] CodeEngine:289 - Generated code: /home/oleksii/STM32CubeIDE/workspace_1.19.0/workspace_embedded/Lab3_t2/MXTmpFiles/rtos_kernelStart.tmp
2025-10-28 23:13:34,916 [INFO] CodeEngine:265 - oldGeneratedFile, /home/oleksii/STM32CubeIDE/workspace_1.19.0/workspace_embedded/Lab3_t2/MXTmpFiles/rtos_typedefs.tmp_save
2025-10-28 23:13:34,952 [INFO] CodeEngine:289 - Generated code: /home/oleksii/STM32CubeIDE/workspace_1.19.0/workspace_embedded/Lab3_t2/MXTmpFiles/rtos_typedefs.tmp
2025-10-28 23:13:34,953 [INFO] CodeEngine:265 - oldGeneratedFile, /home/oleksii/STM32CubeIDE/workspace_1.19.0/workspace_embedded/Lab3_t2/MXTmpFiles/rtos_vars.tmp_save
2025-10-28 23:13:34,992 [INFO] CodeEngine:289 - Generated code: /home/oleksii/STM32CubeIDE/workspace_1.19.0/workspace_embedded/Lab3_t2/MXTmpFiles/rtos_vars.tmp
2025-10-28 23:13:34,994 [INFO] CodeEngine:265 - oldGeneratedFile, /home/oleksii/STM32CubeIDE/workspace_1.19.0/workspace_embedded/Lab3_t2/MXTmpFiles/rtos_pfp.tmp_save
2025-10-28 23:13:35,030 [INFO] CodeEngine:289 - Generated code: /home/oleksii/STM32CubeIDE/workspace_1.19.0/workspace_embedded/Lab3_t2/MXTmpFiles/rtos_pfp.tmp
2025-10-28 23:13:35,031 [INFO] CodeEngine:265 - oldGeneratedFile, /home/oleksii/STM32CubeIDE/workspace_1.19.0/workspace_embedded/Lab3_t2/MXTmpFiles/rtos_obj_creat.tmp_save
2025-10-28 23:13:35,069 [INFO] CodeEngine:289 - Generated code: /home/oleksii/STM32CubeIDE/workspace_1.19.0/workspace_embedded/Lab3_t2/MXTmpFiles/rtos_obj_creat.tmp
2025-10-28 23:13:35,070 [INFO] CodeEngine:265 - oldGeneratedFile, /home/oleksii/STM32CubeIDE/workspace_1.19.0/workspace_embedded/Lab3_t2/MXTmpFiles/rtos_default_thread.tmp_save
2025-10-28 23:13:35,106 [INFO] CodeEngine:289 - Generated code: /home/oleksii/STM32CubeIDE/workspace_1.19.0/workspace_embedded/Lab3_t2/MXTmpFiles/rtos_default_thread.tmp
2025-10-28 23:13:35,107 [INFO] CodeEngine:265 - oldGeneratedFile, /home/oleksii/STM32CubeIDE/workspace_1.19.0/workspace_embedded/Lab3_t2/MXTmpFiles/rtos_threads.tmp_save
2025-10-28 23:13:35,142 [INFO] CodeEngine:289 - Generated code: /home/oleksii/STM32CubeIDE/workspace_1.19.0/workspace_embedded/Lab3_t2/MXTmpFiles/rtos_threads.tmp
2025-10-28 23:13:35,142 [INFO] CodeEngine:265 - oldGeneratedFile, /home/oleksii/STM32CubeIDE/workspace_1.19.0/workspace_embedded/Lab3_t2/Core/Inc/FreeRTOSConfig.h_save
2025-10-28 23:13:35,193 [INFO] CodeEngine:289 - Generated code: /home/oleksii/STM32CubeIDE/workspace_1.19.0/workspace_embedded/Lab3_t2/Core/Inc/FreeRTOSConfig.h
2025-10-28 23:13:35,194 [INFO] CodeEngine:265 - oldGeneratedFile, /home/oleksii/STM32CubeIDE/workspace_1.19.0/workspace_embedded/Lab3_t2/Core/Src/freertos.c_save
2025-10-28 23:13:35,231 [INFO] CodeEngine:289 - Generated code: /home/oleksii/STM32CubeIDE/workspace_1.19.0/workspace_embedded/Lab3_t2/Core/Src/freertos.c
2025-10-28 23:13:35,235 [INFO] CodeEngine:265 - oldGeneratedFile, /home/oleksii/STM32CubeIDE/workspace_1.19.0/workspace_embedded/Lab3_t2/Core/Src/stm32f4xx_it.c_save
2025-10-28 23:13:35,356 [INFO] CodeEngine:289 - Generated code: /home/oleksii/STM32CubeIDE/workspace_1.19.0/workspace_embedded/Lab3_t2/Core/Src/stm32f4xx_it.c
2025-10-28 23:13:35,357 [INFO] CodeEngine:265 - oldGeneratedFile, /home/oleksii/STM32CubeIDE/workspace_1.19.0/workspace_embedded/Lab3_t2/Core/Inc/stm32f4xx_it.h_save
2025-10-28 23:13:35,392 [INFO] CodeEngine:289 - Generated code: /home/oleksii/STM32CubeIDE/workspace_1.19.0/workspace_embedded/Lab3_t2/Core/Inc/stm32f4xx_it.h
2025-10-28 23:13:35,395 [INFO] CodeEngine:265 - oldGeneratedFile, /home/oleksii/STM32CubeIDE/workspace_1.19.0/workspace_embedded/Lab3_t2/Core/Src/stm32f4xx_hal_msp.c_save
2025-10-28 23:13:35,456 [INFO] CodeEngine:289 - Generated code: /home/oleksii/STM32CubeIDE/workspace_1.19.0/workspace_embedded/Lab3_t2/Core/Src/stm32f4xx_hal_msp.c
2025-10-28 23:13:35,457 [INFO] CodeEngine:265 - oldGeneratedFile, /home/oleksii/STM32CubeIDE/workspace_1.19.0/workspace_embedded/Lab3_t2/MXTmpFiles/system.tmp_save
2025-10-28 23:13:35,494 [INFO] CodeEngine:289 - Generated code: /home/oleksii/STM32CubeIDE/workspace_1.19.0/workspace_embedded/Lab3_t2/MXTmpFiles/system.tmp
2025-10-28 23:13:35,494 [INFO] CodeEngine:265 - oldGeneratedFile, /home/oleksii/STM32CubeIDE/workspace_1.19.0/workspace_embedded/Lab3_t2/Core/Src/stm32f4xx_hal_timebase_tim.c_save
2025-10-28 23:13:35,533 [INFO] CodeEngine:289 - Generated code: /home/oleksii/STM32CubeIDE/workspace_1.19.0/workspace_embedded/Lab3_t2/Core/Src/stm32f4xx_hal_timebase_tim.c
2025-10-28 23:13:35,535 [INFO] CodeEngine:321 - oldGeneratedFile, /home/oleksii/STM32CubeIDE/workspace_1.19.0/workspace_embedded/Lab3_t2/Core/Inc/stm32f4xx_hal_conf.h_save
2025-10-28 23:13:35,576 [INFO] CodeEngine:345 - Generated code: /home/oleksii/STM32CubeIDE/workspace_1.19.0/workspace_embedded/Lab3_t2/Core/Inc/stm32f4xx_hal_conf.h
2025-10-28 23:13:35,597 [INFO] CodeEngine:265 - oldGeneratedFile, /home/oleksii/STM32CubeIDE/workspace_1.19.0/workspace_embedded/Lab3_t2/Core/Inc/main.h_save
2025-10-28 23:13:35,657 [INFO] CodeEngine:289 - Generated code: /home/oleksii/STM32CubeIDE/workspace_1.19.0/workspace_embedded/Lab3_t2/Core/Inc/main.h
2025-10-28 23:13:35,658 [INFO] CodeEngine:265 - oldGeneratedFile, /home/oleksii/STM32CubeIDE/workspace_1.19.0/workspace_embedded/Lab3_t2/Core/Src/main.c_save
2025-10-28 23:13:35,740 [INFO] CodeEngine:289 - Generated code: /home/oleksii/STM32CubeIDE/workspace_1.19.0/workspace_embedded/Lab3_t2/Core/Src/main.c
2025-10-28 23:13:35,881 [INFO] ProjectBuilder:3606 - Time for Copy HAL[1] : 17mS.
2025-10-28 23:13:35,883 [INFO] ProjectBuilder:5216 - Project Generator version: 4.7.0-B52
2025-10-28 23:13:35,939 [INFO] ConfigFileManager:1595 - The Die is : DIE413
2025-10-28 23:13:36,424 [INFO] ProjectBuilder:5496 - Time for Generating toolchain IDE Files: 541mS.
2025-10-28 23:13:36,424 [INFO] ProjectBuilder:3463 - Time for Copy CMSIS : 0mS.
2025-10-28 23:13:36,425 [INFO] ProjectBuilder:3463 - Time for Copy CMSIS : 0mS.
