2025-10-10 23:06:45,456 [INFO] Activator:176 - 


2025-10-10 23:06:45,457 [INFO] Activator:177 - !SESSION log4j initialized
2025-10-10 23:06:46,668 [INFO] LogOutputStream:77 - [STDOUT_REDIRECT] 
2025-10-10 23:06:47,829 [INFO] ApplicationProperties:184 - Using Application install path: /opt/st/stm32cubeide_1.19.0/plugins/com.st.stm32cube.common.mx_6.15.0.202507011659
2025-10-10 23:06:47,838 [INFO] DbMcusXml:78 - Set database path to: /opt/st/stm32cubeide_1.19.0/plugins/com.st.stm32cube.common.mx_6.15.0.202507011659//db//mcu/
2025-10-10 23:06:47,838 [INFO] ApiDb:274 - Set plugin database path to: /opt/st/stm32cubeide_1.19.0/plugins/com.st.stm32cube.common.mx_6.15.0.202507011659//db//plugins/boardmanager/
2025-10-10 23:06:47,838 [WARN] ApiDb:259 - Overriding images path with different value:  => /opt/st/stm32cubeide_1.19.0/plugins/com.st.stm32cube.common.mx_6.15.0.202507011659//db//plugins/mcufinder/images/
2025-10-10 23:06:47,840 [INFO] ApiDb:250 - Set database path to: /home/oleksii/.stmcufinder/plugins/mcufinder//mcu/
2025-10-10 23:06:47,840 [INFO] DbMcusAds:125 - Set database path to: /home/oleksii/.stmcufinder/plugins/mcufinder//mcu/
2025-10-10 23:06:47,841 [INFO] CrossReferenceDbSqlite:203 - Set database path to: /home/oleksii/.stmcufinder/plugins/mcufinder//mcu/cs/
2025-10-10 23:06:47,901 [INFO] RulesReader:64 - Compatibility file has been processed (317 Rules)
2025-10-10 23:06:47,934 [INFO] DbMcusXml:78 - Set database path to: /opt/st/stm32cubeide_1.19.0/plugins/com.st.stm32cube.common.mx_6.15.0.202507011659//db//mcu/
2025-10-10 23:06:47,934 [INFO] ApiDb:274 - Set plugin database path to: /opt/st/stm32cubeide_1.19.0/plugins/com.st.stm32cube.common.mx_6.15.0.202507011659//db//plugins/boardmanager/
2025-10-10 23:06:47,934 [INFO] ApiDb:261 - Set plugin images path to: /opt/st/stm32cubeide_1.19.0/plugins/com.st.stm32cube.common.mx_6.15.0.202507011659//db//plugins/mcufinder/images/
2025-10-10 23:06:47,935 [WARN] DbFile:41 - Overriding database path with different value: /home/oleksii/.stmcufinder/plugins/mcufinder/ => /home/oleksii/.stmcufinder/plugins/mcufinder
2025-10-10 23:06:47,935 [INFO] ApiDb:250 - Set database path to: /home/oleksii/.stmcufinder/plugins/mcufinder//mcu/
2025-10-10 23:06:47,935 [WARN] DbFile:41 - Overriding database path with different value: /home/oleksii/.stmcufinder/plugins/mcufinder/ => /home/oleksii/.stmcufinder/plugins/mcufinder
2025-10-10 23:06:47,935 [INFO] DbMcusAds:125 - Set database path to: /home/oleksii/.stmcufinder/plugins/mcufinder//mcu/
2025-10-10 23:06:47,935 [WARN] DbFile:41 - Overriding database path with different value: /home/oleksii/.stmcufinder/plugins/mcufinder/ => /home/oleksii/.stmcufinder/plugins/mcufinder
2025-10-10 23:06:47,935 [WARN] DbFile:41 - Overriding database path with different value: /home/oleksii/.stmcufinder/plugins/mcufinder/ => /home/oleksii/.stmcufinder/plugins/mcufinder
2025-10-10 23:06:47,935 [INFO] CrossReferenceDbSqlite:203 - Set database path to: /home/oleksii/.stmcufinder/plugins/mcufinder//mcu/cs/
2025-10-10 23:06:47,964 [INFO] MainPanel:274 - HeapMemory: 268435456
2025-10-10 23:06:48,021 [INFO] DbMcusXml:78 - Set database path to: /opt/st/stm32cubeide_1.19.0/plugins/com.st.stm32cube.common.mx_6.15.0.202507011659//db//mcu/
2025-10-10 23:06:48,021 [INFO] ApiDb:274 - Set plugin database path to: /opt/st/stm32cubeide_1.19.0/plugins/com.st.stm32cube.common.mx_6.15.0.202507011659//db//plugins/boardmanager/
2025-10-10 23:06:48,021 [INFO] ApiDb:261 - Set plugin images path to: /opt/st/stm32cubeide_1.19.0/plugins/com.st.stm32cube.common.mx_6.15.0.202507011659//db//plugins/mcufinder/images/
2025-10-10 23:06:48,021 [WARN] DbFile:41 - Overriding database path with different value: /home/oleksii/.stmcufinder/plugins/mcufinder/ => /home/oleksii/.stmcufinder/plugins/mcufinder
2025-10-10 23:06:48,021 [INFO] ApiDb:250 - Set database path to: /home/oleksii/.stmcufinder/plugins/mcufinder//mcu/
2025-10-10 23:06:48,021 [WARN] DbFile:41 - Overriding database path with different value: /home/oleksii/.stmcufinder/plugins/mcufinder/ => /home/oleksii/.stmcufinder/plugins/mcufinder
2025-10-10 23:06:48,021 [INFO] DbMcusAds:125 - Set database path to: /home/oleksii/.stmcufinder/plugins/mcufinder//mcu/
2025-10-10 23:06:48,021 [WARN] DbFile:41 - Overriding database path with different value: /home/oleksii/.stmcufinder/plugins/mcufinder/ => /home/oleksii/.stmcufinder/plugins/mcufinder
2025-10-10 23:06:48,021 [WARN] DbFile:41 - Overriding database path with different value: /home/oleksii/.stmcufinder/plugins/mcufinder/ => /home/oleksii/.stmcufinder/plugins/mcufinder
2025-10-10 23:06:48,021 [INFO] CrossReferenceDbSqlite:203 - Set database path to: /home/oleksii/.stmcufinder/plugins/mcufinder//mcu/cs/
2025-10-10 23:06:48,029 [INFO] ApplicationProperties:184 - Using Application install path: /opt/st/stm32cubeide_1.19.0/plugins/com.st.stm32cube.common.mx_6.15.0.202507011659
2025-10-10 23:06:48,030 [INFO] PluginManage:196 - Search for loadable plugins [exclusion list=, ]
2025-10-10 23:06:48,031 [INFO] PluginManage:310 - Check plugin analytics
2025-10-10 23:06:48,112 [INFO] AnalyticsPlugin:253 - Accepted Software Licenses: 
2025-10-10 23:06:48,112 [INFO] AnalyticsPlugin:255 - Accepted CMSIS Pack Licenses: 
2025-10-10 23:06:48,112 [INFO] AnalyticsPlugin:257 - Accepted Firmware Licenses: FW.F4.1.28.0
2025-10-10 23:06:48,114 [INFO] PluginManage:359 - Loaded plugin analytics (category:tool,tabindex:-1)
2025-10-10 23:06:48,114 [INFO] PluginManage:310 - Check plugin cadmodel
2025-10-10 23:06:48,115 [INFO] CADModel:105 - Init CAD model plugin
2025-10-10 23:06:48,116 [INFO] PluginManage:359 - Loaded plugin cadmodel (category:power,tabindex:5)
2025-10-10 23:06:48,116 [INFO] PluginManage:310 - Check plugin clock
2025-10-10 23:06:48,119 [INFO] PluginManage:359 - Loaded plugin clock (category:base,tabindex:2)
2025-10-10 23:06:48,119 [INFO] PluginManage:310 - Check plugin ddr
2025-10-10 23:06:48,120 [INFO] PluginManage:359 - Loaded plugin ddr (category:tool,tabindex:6)
2025-10-10 23:06:48,120 [INFO] PluginManage:310 - Check plugin filemanager
2025-10-10 23:06:48,193 [INFO] PluginManage:359 - Loaded plugin filemanager (category:base,tabindex:10)
2025-10-10 23:06:48,193 [INFO] PluginManage:310 - Check plugin ipmanager
2025-10-10 23:06:48,195 [INFO] PluginManage:359 - Loaded plugin ipmanager (category:base,tabindex:5)
2025-10-10 23:06:48,196 [INFO] PluginManage:310 - Check plugin lpbam
2025-10-10 23:06:48,209 [INFO] PluginManage:359 - Loaded plugin lpbam (category:base,tabindex:0)
2025-10-10 23:06:48,209 [INFO] PluginManage:310 - Check plugin memorymap
2025-10-10 23:06:48,215 [INFO] PluginManage:359 - Loaded plugin memorymap (category:base,tabindex:4)
2025-10-10 23:06:48,216 [INFO] PluginManage:310 - Check plugin pinoutandconfiguration
2025-10-10 23:06:48,224 [INFO] PluginManage:359 - Loaded plugin pinoutandconfiguration (category:base,tabindex:1)
2025-10-10 23:06:48,224 [INFO] PluginManage:310 - Check plugin pinoutconfig
2025-10-10 23:06:48,287 [WARN] SupportedApi:132 - Cannot load RTOS API schema: s4s-elt-must-match.1: The content of 'definitions' must match (annotation?, (simpleType | complexType)?, (unique | key | keyref)*)). A problem was found starting at: attribute.
2025-10-10 23:06:48,351 [INFO] PluginManage:359 - Loaded plugin pinoutconfig (category:base,tabindex:0)
2025-10-10 23:06:48,351 [INFO] PluginManage:310 - Check plugin power
2025-10-10 23:06:48,355 [INFO] PluginManage:359 - Loaded plugin power (category:power,tabindex:4)
2025-10-10 23:06:48,355 [INFO] PluginManage:310 - Check plugin projectmanager
2025-10-10 23:06:48,364 [INFO] PluginManage:359 - Loaded plugin projectmanager (category:projectmanager,tabindex:4)
2025-10-10 23:06:48,364 [INFO] PluginManage:310 - Check plugin rif
2025-10-10 23:06:48,367 [INFO] PluginManage:359 - Loaded plugin rif (category:base,tabindex:3)
2025-10-10 23:06:48,368 [INFO] PluginManage:310 - Check plugin thirdparty
2025-10-10 23:06:48,424 [INFO] PluginManage:359 - Loaded plugin thirdparty (category:base,tabindex:-1)
2025-10-10 23:06:48,424 [WARN] IntegrityCheckThread:84 - waiting for thirdparty lock release [integrity check]
2025-10-10 23:06:48,424 [INFO] PluginManage:310 - Check plugin tools
2025-10-10 23:06:48,424 [INFO] IntegrityCheckThread:86 - entering critical section [integrity check]
2025-10-10 23:06:48,424 [INFO] ThirdPartyUpdaterWithRetryManager:70 - Updater plugin not ready yet. [1/15]
2025-10-10 23:06:48,425 [INFO] PluginManage:359 - Loaded plugin tools (category:base,tabindex:7)
2025-10-10 23:06:48,425 [INFO] PluginManage:310 - Check plugin tutovideos
2025-10-10 23:06:48,517 [INFO] PluginManage:359 - Loaded plugin tutovideos (category:base,tabindex:-1)
2025-10-10 23:06:48,517 [INFO] PluginManage:310 - Check plugin updater
2025-10-10 23:06:48,527 [INFO] PluginManage:359 - Loaded plugin updater (category:base,tabindex:12)
2025-10-10 23:06:48,528 [INFO] PluginManage:310 - Check plugin userauth
2025-10-10 23:06:48,529 [INFO] UserAuth:118 - Init User Auth plugin
2025-10-10 23:06:48,530 [INFO] PluginManage:359 - Loaded plugin userauth (category:base,tabindex:14)
2025-10-10 23:06:48,530 [INFO] PluginManage:283 - PluginManage : Loaded plugins [18]
2025-10-10 23:06:48,618 [INFO] PinOutPanel:1589 - setPackage(No Configuration,No Configuration)
2025-10-10 23:06:48,652 [INFO] CADModel:165 - CPN selected for project level
2025-10-10 23:06:48,652 [INFO] CADModel:114 - Register for checkConnection events
2025-10-10 23:06:48,656 [INFO] IPUIPlugin:80 - create IPUIPlugin
2025-10-10 23:06:48,656 [INFO] PluginManager:220 - loadIPPluginJar : add radio
2025-10-10 23:06:48,658 [INFO] IPUIPlugin:80 - create IPUIPlugin
2025-10-10 23:06:48,658 [INFO] PluginManager:220 - loadIPPluginJar : add spi
2025-10-10 23:06:48,659 [INFO] IPUIPlugin:80 - create IPUIPlugin
2025-10-10 23:06:48,659 [INFO] PluginManager:220 - loadIPPluginJar : add tsc
2025-10-10 23:06:48,662 [INFO] IPUIPlugin:80 - create IPUIPlugin
2025-10-10 23:06:48,662 [INFO] PluginManager:220 - loadIPPluginJar : add fmc
2025-10-10 23:06:48,663 [INFO] IPUIPlugin:80 - create IPUIPlugin
2025-10-10 23:06:48,663 [INFO] PluginManager:220 - loadIPPluginJar : add hash
2025-10-10 23:06:48,665 [INFO] IPUIPlugin:80 - create IPUIPlugin
2025-10-10 23:06:48,665 [INFO] PluginManager:220 - loadIPPluginJar : add extmemmanager
2025-10-10 23:06:48,666 [INFO] IPUIPlugin:80 - create IPUIPlugin
2025-10-10 23:06:48,666 [INFO] PluginManager:220 - loadIPPluginJar : add tim
2025-10-10 23:06:48,666 [INFO] IPUIPlugin:80 - create IPUIPlugin
2025-10-10 23:06:48,666 [INFO] PluginManager:220 - loadIPPluginJar : add ltdc
2025-10-10 23:06:48,667 [INFO] IPUIPlugin:80 - create IPUIPlugin
2025-10-10 23:06:48,667 [INFO] PluginManager:220 - loadIPPluginJar : add quadspi
2025-10-10 23:06:48,669 [INFO] IPUIPlugin:80 - create IPUIPlugin
2025-10-10 23:06:48,669 [INFO] PluginManager:220 - loadIPPluginJar : add gic
2025-10-10 23:06:48,670 [INFO] IPUIPlugin:80 - create IPUIPlugin
2025-10-10 23:06:48,670 [INFO] PluginManager:220 - loadIPPluginJar : add comp
2025-10-10 23:06:48,671 [INFO] IPUIPlugin:80 - create IPUIPlugin
2025-10-10 23:06:48,671 [INFO] PluginManager:220 - loadIPPluginJar : add fatfs
2025-10-10 23:06:48,674 [INFO] IPUIPlugin:80 - create IPUIPlugin
2025-10-10 23:06:48,674 [INFO] PluginManager:220 - loadIPPluginJar : add linkedlist
2025-10-10 23:06:48,675 [INFO] IPUIPlugin:80 - create IPUIPlugin
2025-10-10 23:06:48,675 [INFO] PluginManager:220 - loadIPPluginJar : add ucpd
2025-10-10 23:06:48,676 [INFO] IPUIPlugin:80 - create IPUIPlugin
2025-10-10 23:06:48,676 [INFO] PluginManager:220 - loadIPPluginJar : add ddr_ctrl_phy
2025-10-10 23:06:48,677 [INFO] IPUIPlugin:80 - create IPUIPlugin
2025-10-10 23:06:48,677 [INFO] PluginManager:220 - loadIPPluginJar : add gfxmmu
2025-10-10 23:06:48,678 [INFO] IPUIPlugin:80 - create IPUIPlugin
2025-10-10 23:06:48,678 [INFO] PluginManager:220 - loadIPPluginJar : add usart
2025-10-10 23:06:48,681 [INFO] IPUIPlugin:80 - create IPUIPlugin
2025-10-10 23:06:48,681 [INFO] PluginManager:220 - loadIPPluginJar : add dma
2025-10-10 23:06:48,682 [INFO] IPUIPlugin:80 - create IPUIPlugin
2025-10-10 23:06:48,682 [INFO] PluginManager:220 - loadIPPluginJar : add aes
2025-10-10 23:06:48,684 [INFO] IPUIPlugin:80 - create IPUIPlugin
2025-10-10 23:06:48,685 [INFO] PluginManager:220 - loadIPPluginJar : add plateformsettings
2025-10-10 23:06:48,686 [INFO] IPUIPlugin:80 - create IPUIPlugin
2025-10-10 23:06:48,686 [INFO] PluginManager:220 - loadIPPluginJar : add genericplugin
2025-10-10 23:06:48,687 [INFO] IPUIPlugin:80 - create IPUIPlugin
2025-10-10 23:06:48,688 [INFO] PluginManager:220 - loadIPPluginJar : add pdm2pcm
2025-10-10 23:06:48,689 [INFO] IPUIPlugin:80 - create IPUIPlugin
2025-10-10 23:06:48,689 [INFO] PluginManager:220 - loadIPPluginJar : add ipddr
2025-10-10 23:06:48,690 [INFO] IPUIPlugin:80 - create IPUIPlugin
2025-10-10 23:06:48,690 [INFO] PluginManager:220 - loadIPPluginJar : add opamp
2025-10-10 23:06:48,691 [INFO] IPUIPlugin:80 - create IPUIPlugin
2025-10-10 23:06:48,692 [INFO] PluginManager:220 - loadIPPluginJar : add dma3
2025-10-10 23:06:48,692 [INFO] IPUIPlugin:80 - create IPUIPlugin
2025-10-10 23:06:48,692 [INFO] PluginManager:220 - loadIPPluginJar : add dfsdm
2025-10-10 23:06:48,693 [INFO] IPUIPlugin:80 - create IPUIPlugin
2025-10-10 23:06:48,693 [INFO] PluginManager:220 - loadIPPluginJar : add ts
2025-10-10 23:06:48,695 [INFO] IPUIPlugin:80 - create IPUIPlugin
2025-10-10 23:06:48,695 [INFO] PluginManager:220 - loadIPPluginJar : add nvic
2025-10-10 23:06:48,696 [INFO] IPUIPlugin:80 - create IPUIPlugin
2025-10-10 23:06:48,696 [INFO] PluginManager:220 - loadIPPluginJar : add cryp
2025-10-10 23:06:48,698 [INFO] IPUIPlugin:80 - create IPUIPlugin
2025-10-10 23:06:48,698 [INFO] PluginManager:220 - loadIPPluginJar : add freertos
2025-10-10 23:06:48,699 [INFO] IPUIPlugin:80 - create IPUIPlugin
2025-10-10 23:06:48,700 [INFO] PluginManager:220 - loadIPPluginJar : add resmgrutility
2025-10-10 23:06:48,700 [INFO] IPUIPlugin:80 - create IPUIPlugin
2025-10-10 23:06:48,701 [INFO] PluginManager:220 - loadIPPluginJar : add gtzc
2025-10-10 23:06:48,701 [INFO] IPUIPlugin:80 - create IPUIPlugin
2025-10-10 23:06:48,701 [INFO] PluginManager:220 - loadIPPluginJar : add tracer_emb
2025-10-10 23:06:48,704 [INFO] IPUIPlugin:80 - create IPUIPlugin
2025-10-10 23:06:48,704 [INFO] PluginManager:220 - loadIPPluginJar : add stm32_wpan
2025-10-10 23:06:48,706 [INFO] IPUIPlugin:80 - create IPUIPlugin
2025-10-10 23:06:48,706 [INFO] PluginManager:220 - loadIPPluginJar : add gpio
2025-10-10 23:06:48,707 [INFO] IPUIPlugin:80 - create IPUIPlugin
2025-10-10 23:06:48,707 [INFO] PluginManager:220 - loadIPPluginJar : add sai
2025-10-10 23:06:48,709 [INFO] IPUIPlugin:80 - create IPUIPlugin
2025-10-10 23:06:48,709 [INFO] PluginManager:220 - loadIPPluginJar : add usbx
2025-10-10 23:06:48,710 [INFO] IPUIPlugin:80 - create IPUIPlugin
2025-10-10 23:06:48,710 [INFO] PluginManager:220 - loadIPPluginJar : add touchsensing
2025-10-10 23:06:48,712 [INFO] IPUIPlugin:80 - create IPUIPlugin
2025-10-10 23:06:48,712 [INFO] PluginManager:220 - loadIPPluginJar : add openamp
2025-10-10 23:06:48,713 [INFO] IPUIPlugin:80 - create IPUIPlugin
2025-10-10 23:06:48,713 [INFO] PluginManager:220 - loadIPPluginJar : add i3c
2025-10-10 23:06:48,714 [INFO] IPUIPlugin:80 - create IPUIPlugin
2025-10-10 23:06:48,715 [INFO] PluginManager:220 - loadIPPluginJar : add i2s
2025-10-10 23:06:48,715 [INFO] IPUIPlugin:80 - create IPUIPlugin
2025-10-10 23:06:48,716 [INFO] PluginManager:220 - loadIPPluginJar : add can
2025-10-10 23:06:48,716 [INFO] IPUIPlugin:80 - create IPUIPlugin
2025-10-10 23:06:48,717 [INFO] PluginManager:220 - loadIPPluginJar : add lorawan
2025-10-10 23:06:48,719 [INFO] IPUIPlugin:80 - create IPUIPlugin
2025-10-10 23:06:48,719 [INFO] PluginManager:220 - loadIPPluginJar : add adc
2025-10-10 23:06:48,721 [INFO] IPUIPlugin:80 - create IPUIPlugin
2025-10-10 23:06:48,721 [INFO] PluginManager:220 - loadIPPluginJar : add i2c
2025-10-10 23:06:48,724 [INFO] IPUIPlugin:80 - create IPUIPlugin
2025-10-10 23:06:48,724 [INFO] PluginManager:220 - loadIPPluginJar : add mdma
2025-10-10 23:06:48,815 [FATAL] Updater:351 - Updater called before beeing initialized
2025-10-10 23:06:48,828 [INFO] RulesReader:64 - Compatibility file has been processed (317 Rules)
2025-10-10 23:06:48,835 [INFO] RulesReader:64 - Compatibility file has been processed (317 Rules)
2025-10-10 23:06:48,839 [INFO] CADModel:165 - CPN selected for project level
2025-10-10 23:06:48,839 [INFO] CADModel:114 - Register for checkConnection events
2025-10-10 23:06:48,839 [FATAL] Updater:351 - Updater called before beeing initialized
2025-10-10 23:06:48,839 [ERROR] CADModel:125 - Updater not yet initialized, retry later 
2025-10-10 23:06:48,907 [FATAL] Updater:351 - Updater called before beeing initialized
2025-10-10 23:06:48,908 [INFO] CADModel:165 - CPN selected for project level
2025-10-10 23:06:48,908 [INFO] CADModel:114 - Register for checkConnection events
2025-10-10 23:06:48,908 [FATAL] Updater:351 - Updater called before beeing initialized
2025-10-10 23:06:48,908 [ERROR] CADModel:125 - Updater not yet initialized, retry later 
2025-10-10 23:06:48,909 [FATAL] Updater:351 - Updater called before beeing initialized
2025-10-10 23:06:48,953 [FATAL] Updater:351 - Updater called before beeing initialized
2025-10-10 23:06:48,955 [INFO] DbMcusAds:53 - JSON generation date=Thu Oct 02 12:36:05 EEST 2025 (1759397765645)
2025-10-10 23:06:48,955 [FATAL] Updater:351 - Updater called before beeing initialized
2025-10-10 23:06:48,974 [WARN] DetailPanel:346 - Failed to get advertising image, set to default
2025-10-10 23:06:49,018 [FATAL] Updater:351 - Updater called before beeing initialized
2025-10-10 23:06:49,019 [FATAL] Updater:351 - Updater called before beeing initialized
2025-10-10 23:06:49,019 [FATAL] Updater:351 - Updater called before beeing initialized
2025-10-10 23:06:49,019 [WARN] DetailPanel:346 - Failed to get advertising image, set to default
2025-10-10 23:06:49,019 [FATAL] Updater:351 - Updater called before beeing initialized
2025-10-10 23:06:49,037 [ERROR] Updater:1198 - MainUpdater not yet initialized. External WinMGr cannot be set.
2025-10-10 23:06:49,037 [INFO] Updater:1134 - Updater Version found : 6.15.0
2025-10-10 23:06:49,045 [INFO] ApplicationProperties:184 - Using Application install path: /opt/st/stm32cubeide_1.19.0/plugins/com.st.stm32cube.common.mx_6.15.0.202507011659
2025-10-10 23:06:49,262 [INFO] MainUpdater:2872 - connection check result : 10
2025-10-10 23:06:49,262 [INFO] MainUpdater:289 - Updater Check For Update Now.
2025-10-10 23:06:49,262 [INFO] MicroXplorer:498 - Change Database Version : DB.6.0.150
2025-10-10 23:06:49,264 [INFO] McuFinderGlobals:63 - Set McuFinder mode to 2 (CubeIDE integrated)
2025-10-10 23:06:49,265 [INFO] UserAuth:487 - Internet connection configuration mode: 1
2025-10-10 23:06:49,272 [INFO] JxBrowserEngine:152 - Initiate JxBrowser Engine with user profile folder
2025-10-10 23:06:49,413 [INFO] CheckServerUpdateThread:120 - End of CheckServer Thread
2025-10-10 23:06:49,614 [INFO] WebApp:169 - Instantiating new browser for Auth
2025-10-10 23:06:49,957 [INFO] WebApp:463 - Apply proxy settings
2025-10-10 23:06:49,958 [INFO] WebApp:548 - Chromium requires no authentication
2025-10-10 23:06:49,961 [INFO] WebApp:491 - Direct internet connection detected
2025-10-10 23:06:49,970 [INFO] WebApp:900 - Register for checkConnection events
2025-10-10 23:06:49,970 [INFO] WebApp:463 - Apply proxy settings
2025-10-10 23:06:49,970 [INFO] WebApp:548 - Chromium requires no authentication
2025-10-10 23:06:49,970 [INFO] WebApp:491 - Direct internet connection detected
2025-10-10 23:06:50,038 [INFO] WebApp:225 - Starting web application
2025-10-10 23:06:50,038 [INFO] WebApp:593 - Web application path used /opt/st/stm32cubeide_1.19.0/plugins/com.st.stm32cube.common.mx_6.15.0.202507011659/db/plugins/mcufinder/reactClient1/index.html
2025-10-10 23:06:50,087 [INFO] UserAuth:487 - Internet connection configuration mode: 1
2025-10-10 23:06:50,207 [INFO] WebApp:191 - Connection restablished
2025-10-10 23:06:51,490 [WARN] PackLoader:240 - Cannot read IP mode file for STMicroelectronics.FP-SNS-MOTENVWB1.1.4.0
2025-10-10 23:06:51,495 [WARN] PackLoader:240 - Cannot read IP mode file for STMicroelectronics.FP-ATR-ASTRA1.2.0.2
2025-10-10 23:06:51,499 [WARN] PackLoader:240 - Cannot read IP mode file for STMicroelectronics.X-CUBE-SMBUS.2.1.0
2025-10-10 23:06:51,501 [WARN] PackLoader:240 - Cannot read IP mode file for STMicroelectronics.X-CUBE-ST60.1.0.0
2025-10-10 23:06:51,520 [WARN] PackLoader:240 - Cannot read IP mode file for STMicroelectronics.X-CUBE-AZRTOS-F7.1.1.0
2025-10-10 23:06:51,529 [WARN] PackLoader:240 - Cannot read IP mode file for WES.I-CUBE-Cesium.1.4.0
2025-10-10 23:06:51,542 [WARN] PackLoader:240 - Cannot read IP mode file for Infineon.AIROC-Wi-Fi-Bluetooth-STM32.1.7.1
2025-10-10 23:06:51,570 [WARN] PackLoader:240 - Cannot read IP mode file for STMicroelectronics.X-CUBE-AZRTOS-H7.3.4.0
2025-10-10 23:06:51,577 [WARN] PackLoader:240 - Cannot read IP mode file for STMicroelectronics.X-CUBE-DISPLAY.3.0.0
2025-10-10 23:06:51,584 [WARN] PackLoader:240 - Cannot read IP mode file for STMicroelectronics.X-CUBE-NFC10.1.0.0
2025-10-10 23:06:51,587 [WARN] PackLoader:240 - Cannot read IP mode file for emotas.I-CUBE-CANOPEN.1.3.0
2025-10-10 23:06:51,593 [WARN] PackLoader:240 - Cannot read IP mode file for STMicroelectronics.FP-SNS-STBOX1.2.1.0
2025-10-10 23:06:51,597 [WARN] PackLoader:240 - Cannot read IP mode file for STMicroelectronics.FP-SNS-SMARTAG2.1.2.0
2025-10-10 23:06:51,599 [WARN] PackLoader:240 - Cannot read IP mode file for STMicroelectronics.FP-SNS-FLIGHT1.5.1.0
2025-10-10 23:06:51,604 [INFO] LogOutputStream:77 - [STDOUT_REDIRECT] 1 : Invalid condition id : UX_CORESTACK_Condition cause : null
2025-10-10 23:06:51,604 [INFO] LogOutputStream:77 - [STDOUT_REDIRECT] 1 : Invalid condition id : UX_CORESTACK_Condition cause : null
2025-10-10 23:06:51,604 [INFO] LogOutputStream:77 - [STDOUT_REDIRECT] 1 : Invalid condition id : UX_CORESTACK_Condition cause : null
2025-10-10 23:06:51,604 [INFO] LogOutputStream:77 - [STDOUT_REDIRECT] 1 : Invalid condition id : UX_CORESTACK_Condition cause : null
2025-10-10 23:06:51,605 [INFO] LogOutputStream:77 - [STDOUT_REDIRECT] 1 : Invalid condition id : UX_CORESTACK_Condition cause : null
2025-10-10 23:06:51,607 [WARN] PackLoader:240 - Cannot read IP mode file for STMicroelectronics.X-CUBE-AZRTOS-WL.2.0.0
2025-10-10 23:06:51,611 [WARN] PackLoader:240 - Cannot read IP mode file for STMicroelectronics.FP-SNS-MOTENV1.5.0.0
2025-10-10 23:06:51,615 [WARN] PackLoader:240 - Cannot read IP mode file for STMicroelectronics.X-CUBE-BLE2.3.3.0
2025-10-10 23:06:51,618 [WARN] PackLoader:240 - Cannot read IP mode file for STMicroelectronics.X-CUBE-NFC9.1.0.0
2025-10-10 23:06:51,620 [WARN] PackLoader:240 - Cannot read IP mode file for wolfSSL.I-CUBE-wolfSSL.5.8.2
2025-10-10 23:06:51,622 [WARN] PackLoader:240 - Cannot read IP mode file for STMicroelectronics.X-CUBE-BLE1.7.1.0
2025-10-10 23:06:51,624 [WARN] PackLoader:240 - Cannot read IP mode file for wolfSSL.I-CUBE-wolfMQTT.1.19.2
2025-10-10 23:06:51,627 [WARN] PackLoader:240 - Cannot read IP mode file for STMicroelectronics.X-CUBE-EEPRMA1.5.2.0
2025-10-10 23:06:51,637 [WARN] PackLoader:240 - Cannot read IP mode file for STMicroelectronics.X-CUBE-AZRTOS-G0.1.1.0
2025-10-10 23:06:51,641 [WARN] PackLoader:240 - Cannot read IP mode file for STMicroelectronics.X-CUBE-SAFEA1.1.2.2
2025-10-10 23:06:51,644 [WARN] PackLoader:240 - Cannot read IP mode file for STMicroelectronics.X-CUBE-NFC4.3.0.0
2025-10-10 23:06:51,649 [WARN] PackLoader:240 - Cannot read IP mode file for EmbeddedOffice.I-CUBE-FS-RTOS.1.0.1
2025-10-10 23:06:51,652 [WARN] PackLoader:240 - Cannot read IP mode file for STMicroelectronics.X-CUBE-WB05N.2.0.0
2025-10-10 23:06:51,654 [WARN] PackLoader:240 - Cannot read IP mode file for wolfSSL.I-CUBE-wolfTPM.3.8.0
2025-10-10 23:06:51,656 [WARN] PackLoader:240 - Cannot read IP mode file for STMicroelectronics.X-CUBE-TCPP.4.2.0
2025-10-10 23:06:51,659 [WARN] PackLoader:240 - Cannot read IP mode file for RealThread.X-CUBE-RT-Thread_Nano.4.1.1
2025-10-10 23:06:51,661 [WARN] PackLoader:240 - Cannot read IP mode file for STMicroelectronics.FP-ATR-SIGFOX1.3.2.0
2025-10-10 23:06:51,664 [WARN] PackLoader:240 - Cannot read IP mode file for ITTIA_DB.I-CUBE-ITTIADB.8.9.0
2025-10-10 23:06:51,667 [WARN] PackLoader:240 - Cannot read IP mode file for STMicroelectronics.X-CUBE-ST67W61.1.0.0
2025-10-10 23:06:51,669 [WARN] PackLoader:240 - Cannot read IP mode file for STMicroelectronics.X-CUBE-AI.10.2.0
2025-10-10 23:06:51,682 [WARN] PackLoader:240 - Cannot read IP mode file for SEGGER.I-CUBE-embOS.1.3.1
2025-10-10 23:06:51,725 [WARN] PackLoader:240 - Cannot read IP mode file for STMicroelectronics.X-CUBE-ALGOBUILD.1.4.0
2025-10-10 23:06:51,788 [WARN] PackLoader:240 - Cannot read IP mode file for STMicroelectronics.X-CUBE-MEMS1.11.3.0
2025-10-10 23:06:51,889 [WARN] PackLoader:240 - Cannot read IP mode file for STMicroelectronics.X-CUBE-PM33A1.1.0.0
2025-10-10 23:06:51,899 [WARN] PackLoader:240 - Cannot read IP mode file for STMicroelectronics.X-CUBE-AZRTOS-F4.1.1.0
2025-10-10 23:06:51,904 [WARN] PackLoader:240 - Cannot read IP mode file for Avnet-IotConnect.X-CUBE-IoTC-DA16k-PMOD.1.0.0
2025-10-10 23:06:51,906 [WARN] PackLoader:240 - Cannot read IP mode file for STMicroelectronics.X-CUBE-ISPU.2.1.0
2025-10-10 23:06:51,910 [WARN] PackLoader:240 - Cannot read IP mode file for STMicroelectronics.X-CUBE-NFC12.1.0.0
2025-10-10 23:06:51,924 [WARN] PackLoader:240 - Cannot read IP mode file for STMicroelectronics.X-CUBE-AZRTOS-L5.2.0.0
2025-10-10 23:06:51,931 [WARN] PackLoader:240 - Cannot read IP mode file for STMicroelectronics.X-CUBE-NFC6.3.1.0
2025-10-10 23:06:51,936 [WARN] PackLoader:240 - Cannot read IP mode file for STMicroelectronics.X-CUBE-FREERTOS.1.3.1
2025-10-10 23:06:51,939 [WARN] PackLoader:240 - Cannot read IP mode file for STMicroelectronics.X-CUBE-TOUCHGFX.4.26.0
2025-10-10 23:06:51,942 [WARN] PackLoader:240 - Cannot read IP mode file for STMicroelectronics.FP-SNS-STAIOTCFT.1.0.0
2025-10-10 23:06:51,945 [WARN] PackLoader:240 - Cannot read IP mode file for STMicroelectronics.X-CUBE-DPower.1.3.0
2025-10-10 23:06:51,958 [WARN] ConditionMgr:438 - getConditionDescription Invalid condition id : LAN8742 Phy interface Condition cause : null
2025-10-10 23:06:51,958 [WARN] PackLoader:240 - Cannot read IP mode file for STMicroelectronics.X-CUBE-AZRTOS-L4.2.0.0
2025-10-10 23:06:51,959 [WARN] ConditionMgr:1044 - genDependencies : Invalid condition id : LAN8742 Phy interface Condition cause : null
2025-10-10 23:06:51,960 [WARN] ConditionMgr:1044 - genDependencies : Invalid condition id : LAN8742 Phy interface Condition cause : null
2025-10-10 23:06:51,960 [WARN] ConditionMgr:1044 - genDependencies : Invalid condition id : LAN8742 Phy interface Condition cause : null
2025-10-10 23:06:51,965 [WARN] PackLoader:240 - Cannot read IP mode file for STMicroelectronics.X-CUBE-SFXS2LP1.4.0.0
2025-10-10 23:06:51,973 [WARN] PackLoader:240 - Cannot read IP mode file for STMicroelectronics.X-CUBE-BLEMGR.4.1.0
2025-10-10 23:06:51,983 [WARN] ConditionMgr:438 - getConditionDescription Invalid condition id : UX DEVICE CLASS RTOS Condition cause : null
2025-10-10 23:06:51,984 [WARN] ConditionMgr:438 - getConditionDescription Invalid condition id : UX DEVICE CLASS RTOS Condition cause : null
2025-10-10 23:06:51,985 [WARN] PackLoader:240 - Cannot read IP mode file for STMicroelectronics.X-CUBE-AZRTOS-WB.2.0.0
2025-10-10 23:06:51,986 [WARN] ConditionMgr:1044 - genDependencies : Invalid condition id : UX DEVICE CLASS RTOS Condition cause : null
2025-10-10 23:06:51,986 [WARN] ConditionMgr:1044 - genDependencies : Invalid condition id : UX DEVICE CLASS RTOS Condition cause : null
2025-10-10 23:06:51,986 [WARN] ConditionMgr:1044 - genDependencies : Invalid condition id : UX DEVICE CLASS RTOS Condition cause : null
2025-10-10 23:06:51,987 [WARN] ConditionMgr:1044 - genDependencies : Invalid condition id : UX DEVICE CLASS RTOS Condition cause : null
2025-10-10 23:06:51,987 [WARN] ConditionMgr:1044 - genDependencies : Invalid condition id : UX DEVICE CLASS RTOS Condition cause : null
2025-10-10 23:06:51,990 [WARN] PackLoader:240 - Cannot read IP mode file for STMicroelectronics.X-CUBE-GNSS1.7.0.1
2025-10-10 23:06:51,992 [WARN] PackLoader:240 - Cannot read IP mode file for STMicroelectronics.X-CUBE-TOUCHGFX.4.25.0
2025-10-10 23:06:51,994 [WARN] ConditionMgr:438 - getConditionDescription Invalid condition id : Cortex-A Device cause : null
2025-10-10 23:06:52,001 [WARN] ConditionMgr:1044 - genDependencies : Invalid condition id : Cortex-A Device cause : null
2025-10-10 23:06:52,001 [WARN] ConditionMgr:1044 - genDependencies : Invalid condition id : Cortex-A Device cause : null
2025-10-10 23:06:52,001 [WARN] ConditionMgr:1044 - genDependencies : Invalid condition id : Cortex-A Device cause : null
2025-10-10 23:06:52,005 [WARN] PackLoader:240 - Cannot read IP mode file for STMicroelectronics.X-CUBE-SUBG2.5.0.0
2025-10-10 23:06:52,021 [WARN] PackLoader:240 - Cannot read IP mode file for STMicroelectronics.X-CUBE-AZRTOS-H7RS.1.1.0
2025-10-10 23:06:52,024 [WARN] PackLoader:240 - Cannot read IP mode file for Cesanta.I-CUBE-Mongoose.7.13.0
2025-10-10 23:06:52,034 [WARN] PackLoader:240 - Cannot read IP mode file for STMicroelectronics.X-CUBE-AZRTOS-G4.2.0.0
2025-10-10 23:06:52,037 [WARN] PackLoader:240 - Cannot read IP mode file for wolfSSL.I-CUBE-wolfSSH.1.4.20
2025-10-10 23:06:52,039 [WARN] PackLoader:240 - Cannot read IP mode file for STMicroelectronics.X-CUBE-NFC7.2.0.0
2025-10-10 23:06:52,047 [WARN] PackLoader:240 - Cannot read IP mode file for STMicroelectronics.X-CUBE-IPS.3.1.0
2025-10-10 23:06:52,054 [WARN] PackLoader:240 - Cannot read IP mode file for STMicroelectronics.X-CUBE-ALS.1.0.2
2025-10-10 23:06:52,056 [WARN] PackLoader:240 - Cannot read IP mode file for STMicroelectronics.X-CUBE-STSE01.1.0.0
2025-10-10 23:06:52,061 [WARN] PackLoader:240 - Cannot read IP mode file for STMicroelectronics.X-CUBE-TOF1.3.4.3
2025-10-10 23:06:52,067 [INFO] ThirdParty:978 - Integrity check success = true
2025-10-10 23:06:52,067 [INFO] IntegrityCheckThread:100 - exiting critical section [integrity check]
2025-10-10 23:06:52,067 [INFO] IntegrityCheckThread:103 - End integrity checks thread
2025-10-10 23:06:54,228 [INFO] McuFinderGlobals:63 - Set McuFinder mode to 2 (CubeIDE integrated)
2025-10-10 23:06:54,229 [INFO] MainUpdater:2872 - connection check result : 10
2025-10-10 23:06:54,435 [INFO] ApiDb:581 - Connected to CubeFinder SQLite database (/home/oleksii/.stmcufinder/plugins/mcufinder/mcu/cube-finder-db.db)
2025-10-10 23:06:54,467 [INFO] ApiDb:668 - CubeFinder database Data Model version=2.1
2025-10-10 23:06:54,468 [INFO] ApiDb:669 - CubeFinder database Configuration version=3.0.39
2025-10-10 23:06:54,468 [INFO] ApiDb:670 - CubeFinder database generation date=2025-08-25 (1756130511)
2025-10-10 23:06:54,468 [INFO] ApiDb:671 - CubeFinder database FW Pack versions=[FP-ATR-ASTRA1_V2.0.0, FP-SNS-FLIGHT1_V5.1.0, FP-SNS-MOTENV1_V5.0.0, FP-SNS-MOTENVWB1_V1.4.0, FP-SNS-SMARTAG2_V1.2.0, FP-SNS-STBOX1_V2.1.0, STM32Cube_FW_C0_V1.4.0, STM32Cube_FW_F4_V1.28.3, STM32Cube_FW_F7_V1.17.4, STM32Cube_FW_G0_V1.6.2, STM32Cube_FW_G4_V1.6.1, STM32Cube_FW_H5_V1.5.0, STM32Cube_FW_H7RS_V1.2.0, STM32Cube_FW_H7_V1.12.1, STM32Cube_FW_L0_V1.12.2, STM32Cube_FW_L4_V1.18.1, STM32Cube_FW_L5_V1.5.1, STM32Cube_FW_N6_V1.2.0, STM32Cube_FW_U0_V1.3.0, STM32Cube_FW_U3_V1.2.0, STM32Cube_FW_U5_V1.8.0, STM32Cube_FW_WB0_V1.3.0, STM32Cube_FW_WBA_V1.7.0, STM32Cube_FW_WB_V1.23.0, STM32Cube_FW_WL3_V1.2.0, STM32Cube_FW_WL_V1.3.1, X-CUBE-ALGOBUILD_V1.4.0, X-CUBE-ALS_V1.0.2, X-CUBE-AZRTOS-F4_V1.1.0, X-CUBE-AZRTOS-F7_V1.1.0, X-CUBE-AZRTOS-G0_V1.1.0, X-CUBE-AZRTOS-G4_V2.0.0, X-CUBE-AZRTOS-H7RS_V1.1.0, X-CUBE-AZRTOS-H7_V3.4.0, X-CUBE-AZRTOS-L4_V2.0.0, X-CUBE-AZRTOS-L5_V2.0.0, X-CUBE-AZRTOS-WB_V2.0.0, X-CUBE-AZRTOS-WL_V2.0.0, X-CUBE-BLE1_V7.1.0, X-CUBE-BLE2_V3.3.0, X-CUBE-BLEMGR_V4.1.0, X-CUBE-EEPRMA1_V5.2.0, X-CUBE-FREERTOS_V1.3.1, X-CUBE-GNSS1_V6.0.0, X-CUBE-MEMS1_V11.3.0, X-CUBE-NFC4_V3.0.0, X-CUBE-NFC7_V2.0.0, X-CUBE-SFXS2LP1_V4.0.0, X-CUBE-ST67W61_V1.0.0, X-CUBE-SUBG2_V5.0.0, X-CUBE-TOF1_V3.4.3]
2025-10-10 23:06:56,149 [INFO] ApiDb:240 - Found 880 in-development CPN: [B-G473E-ZEST1S, B-WB1M-WPAN1, B-WBA5M-WPAN, B-WL5M-SUBG1, NUCLEO-C031C6, NUCLEO-C051C8, NUCLEO-C071RB, NUCLEO-C092RC, NUCLEO-H503RB, NUCLEO-H533RE, NUCLEO-H563ZI, NUCLEO-H7S3L8, NUCLEO-N657X0-Q, NUCLEO-U031R8, NUCLEO-U083RC, NUCLEO-U385RG-Q, NUCLEO-U545RE-Q, NUCLEO-U5A5ZJ-Q, NUCLEO-WB05KZ, NUCLEO-WB07CC, NUCLEO-WB09KE, NUCLEO-WBA52CG, NUCLEO-WBA55CG, NUCLEO-WL33CC1, NUCLEO-WL33CC2, STEVAL-PROTEUS1, STEVAL-SMARTAG2, STEVAL-STWINBX1, STM320518-EVAL, STM32C0116-DK, STM32C011D6Y3TR, STM32C011D6Y6TR, STM32C011F4P3, STM32C011F4P6, STM32C011F4U3, STM32C011F4U6TR, STM32C011F6P3, STM32C011F6P6, STM32C011F6U3, STM32C011F6U6TR, STM32C011J4M3, STM32C011J4M6, STM32C011J6M3, STM32C011J6M6, STM32C0316-DK, STM32C031C4T3, STM32C031C4T6, STM32C031C4U3, STM32C031C4U6, STM32C031C6T3, STM32C031C6T6, STM32C031C6U3, STM32C031C6U6, STM32C031F4P3, STM32C031F4P6, STM32C031F6P3, STM32C031F6P6, STM32C031G4U3, STM32C031G4U6, STM32C031G6U3, STM32C031G6U6, STM32C031K4T3, STM32C031K4T6, STM32C031K4U3, STM32C031K4U6, STM32C031K6T3, STM32C031K6T6, STM32C031K6U3, STM32C031K6U6, STM32C051C6T6, STM32C051C6U6, STM32C051C8T6, STM32C051C8U6, STM32C051D8Y6TR, STM32C051F6P6, STM32C051F8P6, STM32C051G6U6, STM32C051G8U6, STM32C051K6T6, STM32C051K6U6, STM32C051K8T6, STM32C071C8T6, STM32C071C8T6N, STM32C071C8U6, STM32C071C8U6N, STM32C071CBT6, STM32C071CBT6N, STM32C071CBU6, STM32C071CBU6N, STM32C071F8P6, STM32C071F8P6N, STM32C071FBP6, STM32C071FBP6N, STM32C071FBY6TR, STM32C071G8U6, STM32C071G8U6N, STM32C071GBU6, STM32C071GBU6N, STM32C071K8T6, STM32C071K8T6N, STM32C071K8U6, STM32C071K8U6N, STM32C071KBT6, STM32C071KBT6N, STM32C071KBU6, STM32C071KBU6N, STM32C071R8T6, STM32C071R8T6N, STM32C071RBI6N, STM32C071RBT6, STM32C071RBT6N, STM32C091CBT6, STM32C091CBU6, STM32C091CCT6, STM32C091CCU6, STM32C091ECY6TR, STM32C091FBP6, STM32C091FCP6, STM32C091GBU6, STM32C091GCU6, STM32C091KBT6, STM32C091KBU6, STM32C091KCT6, STM32C091KCU6, STM32C091RBT6, STM32C091RCI6, STM32C091RCT6, STM32C092CBT6, STM32C092CBU6, STM32C092CCT6, STM32C092CCU6, STM32C092ECY6TR, STM32C092FBP6, STM32C092FCP6, STM32C092GBU6, STM32C092GCU6, STM32C092KBT6, STM32C092KBU6, STM32C092KCT6, STM32C092KCU6, STM32C092RBT6, STM32C092RCI6, STM32C092RCT6, STM32G071K8TXN, STM32G071K8UXN, STM32G081GBU6N, STM32G081KBT6N, STM32G081KBUXN, STM32G0B1CCT6N, STM32G0B1KCT6, STM32G0B1NEY6TR, STM32G0B1RCT6N, STM32G0C1CCT6, STM32G0C1CCT6N, STM32G0C1CCU6N, STM32G0C1CET6N, STM32G0C1CEU6N, STM32G0C1KCT6, STM32G0C1NEY6TR, STM32G0C1RCI6N, STM32G0C1RCT6N, STM32G0C1REI6N, STM32G0C1RET6N, STM32G0C1VCI6, STM32G0C1VEI6, STM32G411C6T3, STM32G411C6T6, STM32G411C6U3, STM32G411C6U6, STM32G411C8T3, STM32G411C8T6, STM32G411C8U3, STM32G411C8U6, STM32G411CBT3, STM32G411CBT6, STM32G411CBU3, STM32G411CBU6, STM32G411K6T3, STM32G411K6T6, STM32G411K6U3, STM32G411K6U6, STM32G411K8T3, STM32G411K8T6, STM32G411K8U3, STM32G411K8U6, STM32G411KBT3, STM32G411KBT6, STM32G411KBU3, STM32G411KBU6, STM32G411M6T3, STM32G411M6T6, STM32G411M8T3, STM32G411M8T6, STM32G411MBT3, STM32G411MBT6, STM32G411R6T3, STM32G411R6T6, STM32G411R8T3, STM32G411R8T6, STM32G411RBT3, STM32G411RBT6, STM32G414CBT3, STM32G414CBT6, STM32G414CBU3, STM32G414CBU6, STM32G414CCT3, STM32G414CCT6, STM32G414CCU3, STM32G414CCU6, STM32G414MBT3, STM32G414MBT6, STM32G414MCT3, STM32G414MCT6, STM32G414RBT3, STM32G414RBT6, STM32G414RCT3, STM32G414RCT6, STM32G414VBT3, STM32G414VBT6, STM32G414VCT3, STM32G414VCT6, STM32G431CBT3Z, STM32G431RBT3Z, STM32G471CCT6, STM32G471CCU6, STM32G471CET3, STM32G471CET6, STM32G471CEU3, STM32G471CEU6, STM32G471MCT6, STM32G471MET3, STM32G471MET6, STM32G471MEY6TR, STM32G471QCT6, STM32G471QET3, STM32G471RCT6, STM32G471RET3, STM32G471RET6, STM32G471VCH6, STM32G471VCI6, STM32G471VCT6, STM32G471VEH3, STM32G471VEH6, STM32G471VEI3, STM32G471VEI6, STM32G471VET3, STM32G471VET6, STM32G473QET3Z, STM32G473RET3Z, STM32G474CCT6, STM32G491RET3Z, STM32H503CBT6, STM32H503CBU6, STM32H503EBY6TR, STM32H503KBU6, STM32H503RBT6, STM32H523CCT6, STM32H523CCU6, STM32H523CET6, STM32H523CEU6, STM32H523HEY6TR, STM32H523RCT6, STM32H523RET6, STM32H523VCI6, STM32H523VCT6, STM32H523VEI6, STM32H523VET6, STM32H523ZCJ6, STM32H523ZCT6, STM32H523ZEJ6, STM32H523ZET6, STM32H533CET6, STM32H533CEU6, STM32H533HEY6TR, STM32H533RET6, STM32H533VEI6, STM32H533VET6, STM32H533ZEJ6, STM32H533ZET6, STM32H562AGI6, STM32H562AII6, STM32H562IGK6, STM32H562IGT6, STM32H562IIK6, STM32H562IIT6, STM32H562RGT6, STM32H562RGV6, STM32H562RIT6, STM32H562RIV6, STM32H562VGT6, STM32H562VIT6, STM32H562ZGT6, STM32H562ZIT6, STM32H563AGI6, STM32H563AII3Q, STM32H563AII6, STM32H563IGK6, STM32H563IGT6, STM32H563IIK3Q, STM32H563IIK6, STM32H563IIT3Q, STM32H563IIT6, STM32H563MIY3QTR, STM32H563RGT6, STM32H563RGV6, STM32H563RIT6, STM32H563RIV6, STM32H563VGT6, STM32H563VIT3Q, STM32H563VIT6, STM32H563ZGT6, STM32H563ZIT3Q, STM32H563ZIT6, STM32H573AII3Q, STM32H573AII6, STM32H573I-DK, STM32H573IIK3Q, STM32H573IIK6, STM32H573IIT3Q, STM32H573IIT6, STM32H573MIY3QTR, STM32H573RIT6, STM32H573RIV6, STM32H573VIT3Q, STM32H573VIT6, STM32H573ZIT3Q, STM32H573ZIT6, STM32H7R3A8I6, STM32H7R3I8K6, STM32H7R3I8T6, STM32H7R3L8H6, STM32H7R3L8H6H, STM32H7R3R8V6, STM32H7R3V8H6, STM32H7R3V8T6, STM32H7R3V8Y6TR, STM32H7R3Z8J6, STM32H7R3Z8T6, STM32H7R7A8I6, STM32H7R7I8K6, STM32H7R7I8T6, STM32H7R7L8H6, STM32H7R7L8H6H, STM32H7R7Z8J6, STM32H7S3A8I6, STM32H7S3I8K6, STM32H7S3I8T6, STM32H7S3L8H6, STM32H7S3L8H6H, STM32H7S3R8V6, STM32H7S3V8H6, STM32H7S3V8T6, STM32H7S3V8Y6TR, STM32H7S3Z8J6, STM32H7S3Z8T6, STM32H7S78-DK, STM32H7S7A8I6, STM32H7S7I8K6, STM32H7S7I8T6, STM32H7S7L8H6, STM32H7S7L8H6H, STM32H7S7Z8J6, STM32L4R5QGI6STR, STM32MP131AAE3, STM32MP131AAF3, STM32MP131AAG3, STM32MP131CAE3, STM32MP131CAF3, STM32MP131CAG3, STM32MP131DAE7, STM32MP131DAF7, STM32MP131DAG7, STM32MP131FAE7, STM32MP131FAF7, STM32MP131FAG7, STM32MP133AAE3, STM32MP133AAF3, STM32MP133AAG3, STM32MP133CAE3, STM32MP133CAF3, STM32MP133CAG3, STM32MP133DAE7, STM32MP133DAF7, STM32MP133DAG7, STM32MP133FAE7, STM32MP133FAF7, STM32MP133FAG7, STM32MP135AAE3, STM32MP135AAF3, STM32MP135AAG3, STM32MP135CAE3, STM32MP135CAF3, STM32MP135CAG3, STM32MP135DAE7, STM32MP135DAF7, STM32MP135DAG7, STM32MP135F-DK, STM32MP135FAE7, STM32MP135FAF7, STM32MP135FAF7T, STM32MP135FAF7U, STM32MP135FAG7, STM32MP211AAL3, STM32MP211AAM3, STM32MP211AAN3, STM32MP211AAO3, STM32MP211CAL3, STM32MP211CAM3, STM32MP211CAN3, STM32MP211CAO3, STM32MP211DAL3, STM32MP211DAM3, STM32MP211DAN3, STM32MP211DAO3, STM32MP211FAL3, STM32MP211FAM3, STM32MP211FAN3, STM32MP211FAO3, STM32MP213AAL3, STM32MP213AAM3, STM32MP213AAN3, STM32MP213AAO3, STM32MP213CAL3, STM32MP213CAM3, STM32MP213CAN3, STM32MP213CAO3, STM32MP213DAL3, STM32MP213DAM3, STM32MP213DAN3, STM32MP213DAO3, STM32MP213FAL3, STM32MP213FAM3, STM32MP213FAN3, STM32MP213FAO3, STM32MP215AAL3, STM32MP215AAM3, STM32MP215AAN3, STM32MP215AAO3, STM32MP215CAL3, STM32MP215CAM3, STM32MP215CAN3, STM32MP215CAO3, STM32MP215DAL3, STM32MP215DAM3, STM32MP215DAN3, STM32MP215DAO3, STM32MP215F-DK, STM32MP215FAL3, STM32MP215FAM3, STM32MP215FAN3, STM32MP215FAO3, STM32MP231AAJ3, STM32MP231AAK3, STM32MP231AAL3, STM32MP231CAJ3, STM32MP231CAK3, STM32MP231CAL3, STM32MP231DAJ3, STM32MP231DAK3, STM32MP231DAL3, STM32MP231FAJ3, STM32MP231FAK3, STM32MP231FAL3, STM32MP233AAJ3, STM32MP233AAK3, STM32MP233AAL3, STM32MP233CAJ3, STM32MP233CAK3, STM32MP233CAL3, STM32MP233DAJ3, STM32MP233DAK3, STM32MP233DAL3, STM32MP233FAJ3, STM32MP233FAK3, STM32MP233FAL3, STM32MP235AAJ3, STM32MP235AAK3, STM32MP235AAL3, STM32MP235CAJ3, STM32MP235CAK3, STM32MP235CAL3, STM32MP235DAJ3, STM32MP235DAK3, STM32MP235DAL3, STM32MP235FAJ3, STM32MP235FAK3, STM32MP235FAL3, STM32MP251AAI3, STM32MP251AAK3, STM32MP251AAL3, STM32MP251CAI3, STM32MP251CAK3, STM32MP251CAL3, STM32MP251DAI3, STM32MP251DAK3, STM32MP251DAL3, STM32MP251FAI3, STM32MP251FAK3, STM32MP251FAL3, STM32MP253AAI3, STM32MP253AAK3, STM32MP253AAL3, STM32MP253CAI3, STM32MP253CAK3, STM32MP253CAL3, STM32MP253DAI3, STM32MP253DAK3, STM32MP253DAL3, STM32MP253FAI3, STM32MP253FAK3, STM32MP253FAL3, STM32MP255AAI3, STM32MP255AAK3, STM32MP255AAL3, STM32MP255CAI3, STM32MP255CAK3, STM32MP255CAL3, STM32MP255DAI3, STM32MP255DAK3, STM32MP255DAL3, STM32MP255FAI3, STM32MP255FAK3, STM32MP255FAL3, STM32MP257AAI3, STM32MP257AAK3, STM32MP257AAL3, STM32MP257CAI3, STM32MP257CAK3, STM32MP257CAL3, STM32MP257DAI3, STM32MP257DAK3, STM32MP257DAL3, STM32MP257F-DK, STM32MP257F-EV1, STM32MP257FAI3, STM32MP257FAK3, STM32MP257FAL3, STM32N645A0H3Q, STM32N645B0H3Q, STM32N645I0H3Q, STM32N645L0H3Q, STM32N645X0H3Q, STM32N645Z0H3Q, STM32N647A0H3Q, STM32N647B0H3Q, STM32N647I0H3Q, STM32N647L0H3Q, STM32N647X0H3Q, STM32N647Z0H3Q, STM32N655A0H3Q, STM32N655B0H3Q, STM32N655I0H3Q, STM32N655L0H3Q, STM32N655X0H3Q, STM32N655Z0H3Q, STM32N6570-DK, STM32N657A0H3Q, STM32N657B0H3Q, STM32N657I0H3Q, STM32N657L0H3Q, STM32N657X0H3Q, STM32N657Z0H3Q, STM32U031C6T6, STM32U031C6U6, STM32U031C8T6, STM32U031C8U6, STM32U031F4P6, STM32U031F6P6, STM32U031F8P6, STM32U031G6Y6TR, STM32U031G8Y6TR, STM32U031K4U6, STM32U031K6U6, STM32U031K8U6, STM32U031R6I6, STM32U031R6T6, STM32U031R8I6, STM32U031R8T6, STM32U073C8T6, STM32U073C8U6, STM32U073CBT6, STM32U073CBU6, STM32U073CCT6, STM32U073CCU6, STM32U073H8Y6TR, STM32U073HBY6TR, STM32U073HCY6TR, STM32U073K8U6, STM32U073KBU6, STM32U073KCU6, STM32U073M8I6, STM32U073M8T6, STM32U073MBI6, STM32U073MBT6, STM32U073MCI6, STM32U073MCT6, STM32U073R8I6, STM32U073R8T6, STM32U073RBI6, STM32U073RBT6, STM32U073RCI6, STM32U073RCT6, STM32U083C-DK, STM32U083CCT6, STM32U083CCU6, STM32U083HCY6TR, STM32U083KCU6, STM32U083MCI6, STM32U083MCT6, STM32U083RCI6, STM32U083RCT6, STM32U375CET6, STM32U375CET6Q, STM32U375CEU6, STM32U375CEU6Q, STM32U375CEY6QTR, STM32U375CGT6, STM32U375CGT6Q, STM32U375CGU6, STM32U375CGU6Q, STM32U375CGY6QTR, STM32U375KEU6, STM32U375KGU6, STM32U375REI6, STM32U375REI6Q, STM32U375RET6, STM32U375RET6Q, STM32U375REY6GTR, STM32U375REY6QTR, STM32U375RGI6, STM32U375RGI6Q, STM32U375RGT6, STM32U375RGT6Q, STM32U375RGY6GTR, STM32U375RGY6QTR, STM32U375VEI6, STM32U375VEI6Q, STM32U375VET6, STM32U375VET6Q, STM32U375VGI6, STM32U375VGI6Q, STM32U375VGT6, STM32U375VGT6Q, STM32U385CGT6, STM32U385CGT6Q, STM32U385CGU6, STM32U385CGU6Q, STM32U385CGY6QTR, STM32U385KGU6, STM32U385RGI6, STM32U385RGI6Q, STM32U385RGT6, STM32U385RGT6Q, STM32U385RGY6GTR, STM32U385RGY6QTR, STM32U385VGI6, STM32U385VGI6Q, STM32U385VGT6, STM32U385VGT6Q, STM32U535CBT6, STM32U535CBT6Q, STM32U535CBU6, STM32U535CBU6Q, STM32U535CCT6, STM32U535CCT6Q, STM32U535CCU6, STM32U535CCU6Q, STM32U535CET6, STM32U535CET6Q, STM32U535CEU6, STM32U535CEU6Q, STM32U535JEY6QTR, STM32U535NCY6QTR, STM32U535NEY6QTR, STM32U535RBI6, STM32U535RBI6Q, STM32U535RBT6, STM32U535RBT6Q, STM32U535RCI6, STM32U535RCI6Q, STM32U535RCT6, STM32U535RCT6Q, STM32U535REI6, STM32U535REI6Q, STM32U535RET6, STM32U535RET6Q, STM32U535VCI6, STM32U535VCI6Q, STM32U535VCT6, STM32U535VCT6Q, STM32U535VEI6, STM32U535VEI6Q, STM32U535VET6, STM32U535VET6Q, STM32U545CET6, STM32U545CET6Q, STM32U545CEU6, STM32U545CEU6Q, STM32U545JEY6QTR, STM32U545NEY6QTR, STM32U545REI6, STM32U545REI6Q, STM32U545RET6, STM32U545RET6Q, STM32U545VEI6, STM32U545VEI6Q, STM32U545VET6, STM32U545VET6Q, STM32U595AIH6, STM32U595AIH6Q, STM32U595AJH6, STM32U595AJH6Q, STM32U595QII6, STM32U595QII6Q, STM32U595QJI6, STM32U595QJI6Q, STM32U595RIT6, STM32U595RIT6Q, STM32U595RJT6, STM32U595RJT6Q, STM32U595VIT6, STM32U595VIT6Q, STM32U595VJT6, STM32U595VJT6Q, STM32U595ZIT6, STM32U595ZIT6Q, STM32U595ZIY6QTR, STM32U595ZJT6, STM32U595ZJT6Q, STM32U595ZJY6QTR, STM32U599BJY6QTR, STM32U599NIH6Q, STM32U599NJH6Q, STM32U599VIT6Q, STM32U599VJT6, STM32U599VJT6Q, STM32U599ZIT6Q, STM32U599ZIY6QTR, STM32U599ZJT6Q, STM32U599ZJY6QTR, STM32U5A5AJH6, STM32U5A5AJH6Q, STM32U5A5QII3Q , STM32U5A5QJI6, STM32U5A5QJI6Q, STM32U5A5RJT6, STM32U5A5RJT6Q, STM32U5A5VJT6, STM32U5A5VJT6Q, STM32U5A5ZJT6, STM32U5A5ZJT6Q, STM32U5A5ZJY6QTR, STM32U5A9BJY6QTR, STM32U5A9J-DK, STM32U5A9NJH6Q, STM32U5A9VJT6Q, STM32U5A9ZJT6Q, STM32U5A9ZJY6QTR, STM32U5F7VIT6, STM32U5F7VIT6Q, STM32U5F7VJT6, STM32U5F7VJT6Q, STM32U5F9BJY6QTR, STM32U5F9NJH6Q, STM32U5F9VIT6Q, STM32U5F9VJT6Q, STM32U5F9ZIJ6QTR, STM32U5F9ZIT6Q, STM32U5F9ZJJ6QTR, STM32U5F9ZJT6Q, STM32U5G7VJT6, STM32U5G7VJT6Q, STM32U5G9BJY6QTR, STM32U5G9J-DK1, STM32U5G9J-DK2, STM32U5G9NJH6Q, STM32U5G9VJT6Q, STM32U5G9ZJJ6QTR, STM32U5G9ZJT6Q, STM32WB05KZV6TR, STM32WB05KZV7TR, STM32WB05TZF6TR, STM32WB05TZF7TR, STM32WB06CCF6TR, STM32WB06CCF7TR, STM32WB06CCV6TR, STM32WB06CCV7TR, STM32WB06KCV6TR, STM32WB06KCV7TR, STM32WB07CCF6TR, STM32WB07CCF7TR, STM32WB07CCV6TR, STM32WB07CCV7TR, STM32WB07KCV6TR, STM32WB07KCV7TR, STM32WB09KEV6TR, STM32WB09KEV7TR, STM32WB09TEF6TR, STM32WB09TEF7TR, STM32WB1MMCH6, STM32WBA50KGU6, STM32WBA50KGU6TR, STM32WBA52CEU6, STM32WBA52CEU6TR, STM32WBA52CEU7, STM32WBA52CEU7TR, STM32WBA52CGU6, STM32WBA52CGU6TR, STM32WBA52CGU6U, STM32WBA52CGU7, STM32WBA52CGU7TR, STM32WBA52KEU6, STM32WBA52KEU6TR, STM32WBA52KGU6, STM32WBA52KGU6TR, STM32WBA54CEU6, STM32WBA54CEU6TR, STM32WBA54CEU7, STM32WBA54CEU7TR, STM32WBA54CGU6, STM32WBA54CGU6TR, STM32WBA54CGU7, STM32WBA54CGU7TR, STM32WBA54KEU6, STM32WBA54KEU6TR, STM32WBA54KEU7, STM32WBA54KEU7TR, STM32WBA54KGU6, STM32WBA54KGU6TR, STM32WBA54KGU7, STM32WBA54KGU7TR, STM32WBA55CEU6, STM32WBA55CEU6TR, STM32WBA55CEU7, STM32WBA55CEU7TR, STM32WBA55CGU6, STM32WBA55CGU6TR, STM32WBA55CGU6U, STM32WBA55CGU7, STM32WBA55CGU7TR, STM32WBA55G-DK1, STM32WBA55HEF6, STM32WBA55HEF7, STM32WBA55HGF6, STM32WBA55HGF7, STM32WBA55UEI6, STM32WBA55UEI6TR, STM32WBA55UEI7, STM32WBA55UEI7TR, STM32WBA55UGI6, STM32WBA55UGI6TR, STM32WBA55UGI7, STM32WBA55UGI7TR, STM32WBA5MMGH6TR, STM32WBA62MGF6, STM32WBA62MIF6, STM32WBA65MGF7, STM32WBA65MIF6, STM32WBA65MIF7, STM32WL30K8V6, STM32WL30KBV6, STM32WL31C8V6, STM32WL31CBV6, STM32WL31K8V6, STM32WL31KBV6, STM32WL33C8V6, STM32WL33C8V6X, STM32WL33CBV6, STM32WL33CBV6X, STM32WL33CCV6, STM32WL33CCV6A, STM32WL33CCV6X, STM32WL33K8V7, STM32WL33K8V7X, STM32WL33KBV7 , STM32WL33KBV7X, STM32WL33KCV7, STM32WL33KCV7X, STM32WL5MOCH6, STM32WL5MOCH6TR]
2025-10-10 23:06:56,153 [INFO] DbMcus:218 - Found 4801 MCUs, 4801 are supported
2025-10-10 23:06:56,154 [INFO] ApiDb:423 - Load user favorites file /home/oleksii/.stm32cubeide/favorites.mcus.txt: 0 item(s)
2025-10-10 23:06:56,154 [INFO] ApiDb:427 - User favorites MCUs=[]
2025-10-10 23:06:56,154 [INFO] DbMcus:224 - Set 0 / 0 favorites MCUs
2025-10-10 23:06:56,456 [INFO] ApiDb:668 - CubeFinder database Data Model version=2.1
2025-10-10 23:06:56,456 [INFO] ApiDb:669 - CubeFinder database Configuration version=3.0.39
2025-10-10 23:06:56,456 [INFO] ApiDb:670 - CubeFinder database generation date=2025-08-25 (1756130511)
2025-10-10 23:06:56,456 [INFO] ApiDb:671 - CubeFinder database FW Pack versions=[FP-ATR-ASTRA1_V2.0.0, FP-SNS-FLIGHT1_V5.1.0, FP-SNS-MOTENV1_V5.0.0, FP-SNS-MOTENVWB1_V1.4.0, FP-SNS-SMARTAG2_V1.2.0, FP-SNS-STBOX1_V2.1.0, STM32Cube_FW_C0_V1.4.0, STM32Cube_FW_F4_V1.28.3, STM32Cube_FW_F7_V1.17.4, STM32Cube_FW_G0_V1.6.2, STM32Cube_FW_G4_V1.6.1, STM32Cube_FW_H5_V1.5.0, STM32Cube_FW_H7RS_V1.2.0, STM32Cube_FW_H7_V1.12.1, STM32Cube_FW_L0_V1.12.2, STM32Cube_FW_L4_V1.18.1, STM32Cube_FW_L5_V1.5.1, STM32Cube_FW_N6_V1.2.0, STM32Cube_FW_U0_V1.3.0, STM32Cube_FW_U3_V1.2.0, STM32Cube_FW_U5_V1.8.0, STM32Cube_FW_WB0_V1.3.0, STM32Cube_FW_WBA_V1.7.0, STM32Cube_FW_WB_V1.23.0, STM32Cube_FW_WL3_V1.2.0, STM32Cube_FW_WL_V1.3.1, X-CUBE-ALGOBUILD_V1.4.0, X-CUBE-ALS_V1.0.2, X-CUBE-AZRTOS-F4_V1.1.0, X-CUBE-AZRTOS-F7_V1.1.0, X-CUBE-AZRTOS-G0_V1.1.0, X-CUBE-AZRTOS-G4_V2.0.0, X-CUBE-AZRTOS-H7RS_V1.1.0, X-CUBE-AZRTOS-H7_V3.4.0, X-CUBE-AZRTOS-L4_V2.0.0, X-CUBE-AZRTOS-L5_V2.0.0, X-CUBE-AZRTOS-WB_V2.0.0, X-CUBE-AZRTOS-WL_V2.0.0, X-CUBE-BLE1_V7.1.0, X-CUBE-BLE2_V3.3.0, X-CUBE-BLEMGR_V4.1.0, X-CUBE-EEPRMA1_V5.2.0, X-CUBE-FREERTOS_V1.3.1, X-CUBE-GNSS1_V6.0.0, X-CUBE-MEMS1_V11.3.0, X-CUBE-NFC4_V3.0.0, X-CUBE-NFC7_V2.0.0, X-CUBE-SFXS2LP1_V4.0.0, X-CUBE-ST67W61_V1.0.0, X-CUBE-SUBG2_V5.0.0, X-CUBE-TOF1_V3.4.3]
2025-10-10 23:06:56,487 [INFO] DbBoardsSqlite:226 - include board P-NUCLEO-WB55-NUCLEO as a kit item of type 'Nucleo-64'
2025-10-10 23:06:56,487 [INFO] DbBoardsSqlite:226 - include board P-NUCLEO-WB55-USBDONGLE as a kit item of type 'Nucleo USB Dongle'
2025-10-10 23:06:56,487 [INFO] DbBoardsSqlite:226 - include board STEVAL-IDP005V1 as a kit item of type 'Evaluation Board'
2025-10-10 23:06:56,487 [INFO] DbBoardsSqlite:226 - include board STEVAL-IDP005V2 as a kit item of type 'Evaluation Board'
2025-10-10 23:06:56,511 [INFO] ApiDb:240 - Found 880 in-development CPN: [B-G473E-ZEST1S, B-WB1M-WPAN1, B-WBA5M-WPAN, B-WL5M-SUBG1, NUCLEO-C031C6, NUCLEO-C051C8, NUCLEO-C071RB, NUCLEO-C092RC, NUCLEO-H503RB, NUCLEO-H533RE, NUCLEO-H563ZI, NUCLEO-H7S3L8, NUCLEO-N657X0-Q, NUCLEO-U031R8, NUCLEO-U083RC, NUCLEO-U385RG-Q, NUCLEO-U545RE-Q, NUCLEO-U5A5ZJ-Q, NUCLEO-WB05KZ, NUCLEO-WB07CC, NUCLEO-WB09KE, NUCLEO-WBA52CG, NUCLEO-WBA55CG, NUCLEO-WL33CC1, NUCLEO-WL33CC2, STEVAL-PROTEUS1, STEVAL-SMARTAG2, STEVAL-STWINBX1, STM320518-EVAL, STM32C0116-DK, STM32C011D6Y3TR, STM32C011D6Y6TR, STM32C011F4P3, STM32C011F4P6, STM32C011F4U3, STM32C011F4U6TR, STM32C011F6P3, STM32C011F6P6, STM32C011F6U3, STM32C011F6U6TR, STM32C011J4M3, STM32C011J4M6, STM32C011J6M3, STM32C011J6M6, STM32C0316-DK, STM32C031C4T3, STM32C031C4T6, STM32C031C4U3, STM32C031C4U6, STM32C031C6T3, STM32C031C6T6, STM32C031C6U3, STM32C031C6U6, STM32C031F4P3, STM32C031F4P6, STM32C031F6P3, STM32C031F6P6, STM32C031G4U3, STM32C031G4U6, STM32C031G6U3, STM32C031G6U6, STM32C031K4T3, STM32C031K4T6, STM32C031K4U3, STM32C031K4U6, STM32C031K6T3, STM32C031K6T6, STM32C031K6U3, STM32C031K6U6, STM32C051C6T6, STM32C051C6U6, STM32C051C8T6, STM32C051C8U6, STM32C051D8Y6TR, STM32C051F6P6, STM32C051F8P6, STM32C051G6U6, STM32C051G8U6, STM32C051K6T6, STM32C051K6U6, STM32C051K8T6, STM32C071C8T6, STM32C071C8T6N, STM32C071C8U6, STM32C071C8U6N, STM32C071CBT6, STM32C071CBT6N, STM32C071CBU6, STM32C071CBU6N, STM32C071F8P6, STM32C071F8P6N, STM32C071FBP6, STM32C071FBP6N, STM32C071FBY6TR, STM32C071G8U6, STM32C071G8U6N, STM32C071GBU6, STM32C071GBU6N, STM32C071K8T6, STM32C071K8T6N, STM32C071K8U6, STM32C071K8U6N, STM32C071KBT6, STM32C071KBT6N, STM32C071KBU6, STM32C071KBU6N, STM32C071R8T6, STM32C071R8T6N, STM32C071RBI6N, STM32C071RBT6, STM32C071RBT6N, STM32C091CBT6, STM32C091CBU6, STM32C091CCT6, STM32C091CCU6, STM32C091ECY6TR, STM32C091FBP6, STM32C091FCP6, STM32C091GBU6, STM32C091GCU6, STM32C091KBT6, STM32C091KBU6, STM32C091KCT6, STM32C091KCU6, STM32C091RBT6, STM32C091RCI6, STM32C091RCT6, STM32C092CBT6, STM32C092CBU6, STM32C092CCT6, STM32C092CCU6, STM32C092ECY6TR, STM32C092FBP6, STM32C092FCP6, STM32C092GBU6, STM32C092GCU6, STM32C092KBT6, STM32C092KBU6, STM32C092KCT6, STM32C092KCU6, STM32C092RBT6, STM32C092RCI6, STM32C092RCT6, STM32G071K8TXN, STM32G071K8UXN, STM32G081GBU6N, STM32G081KBT6N, STM32G081KBUXN, STM32G0B1CCT6N, STM32G0B1KCT6, STM32G0B1NEY6TR, STM32G0B1RCT6N, STM32G0C1CCT6, STM32G0C1CCT6N, STM32G0C1CCU6N, STM32G0C1CET6N, STM32G0C1CEU6N, STM32G0C1KCT6, STM32G0C1NEY6TR, STM32G0C1RCI6N, STM32G0C1RCT6N, STM32G0C1REI6N, STM32G0C1RET6N, STM32G0C1VCI6, STM32G0C1VEI6, STM32G411C6T3, STM32G411C6T6, STM32G411C6U3, STM32G411C6U6, STM32G411C8T3, STM32G411C8T6, STM32G411C8U3, STM32G411C8U6, STM32G411CBT3, STM32G411CBT6, STM32G411CBU3, STM32G411CBU6, STM32G411K6T3, STM32G411K6T6, STM32G411K6U3, STM32G411K6U6, STM32G411K8T3, STM32G411K8T6, STM32G411K8U3, STM32G411K8U6, STM32G411KBT3, STM32G411KBT6, STM32G411KBU3, STM32G411KBU6, STM32G411M6T3, STM32G411M6T6, STM32G411M8T3, STM32G411M8T6, STM32G411MBT3, STM32G411MBT6, STM32G411R6T3, STM32G411R6T6, STM32G411R8T3, STM32G411R8T6, STM32G411RBT3, STM32G411RBT6, STM32G414CBT3, STM32G414CBT6, STM32G414CBU3, STM32G414CBU6, STM32G414CCT3, STM32G414CCT6, STM32G414CCU3, STM32G414CCU6, STM32G414MBT3, STM32G414MBT6, STM32G414MCT3, STM32G414MCT6, STM32G414RBT3, STM32G414RBT6, STM32G414RCT3, STM32G414RCT6, STM32G414VBT3, STM32G414VBT6, STM32G414VCT3, STM32G414VCT6, STM32G431CBT3Z, STM32G431RBT3Z, STM32G471CCT6, STM32G471CCU6, STM32G471CET3, STM32G471CET6, STM32G471CEU3, STM32G471CEU6, STM32G471MCT6, STM32G471MET3, STM32G471MET6, STM32G471MEY6TR, STM32G471QCT6, STM32G471QET3, STM32G471RCT6, STM32G471RET3, STM32G471RET6, STM32G471VCH6, STM32G471VCI6, STM32G471VCT6, STM32G471VEH3, STM32G471VEH6, STM32G471VEI3, STM32G471VEI6, STM32G471VET3, STM32G471VET6, STM32G473QET3Z, STM32G473RET3Z, STM32G474CCT6, STM32G491RET3Z, STM32H503CBT6, STM32H503CBU6, STM32H503EBY6TR, STM32H503KBU6, STM32H503RBT6, STM32H523CCT6, STM32H523CCU6, STM32H523CET6, STM32H523CEU6, STM32H523HEY6TR, STM32H523RCT6, STM32H523RET6, STM32H523VCI6, STM32H523VCT6, STM32H523VEI6, STM32H523VET6, STM32H523ZCJ6, STM32H523ZCT6, STM32H523ZEJ6, STM32H523ZET6, STM32H533CET6, STM32H533CEU6, STM32H533HEY6TR, STM32H533RET6, STM32H533VEI6, STM32H533VET6, STM32H533ZEJ6, STM32H533ZET6, STM32H562AGI6, STM32H562AII6, STM32H562IGK6, STM32H562IGT6, STM32H562IIK6, STM32H562IIT6, STM32H562RGT6, STM32H562RGV6, STM32H562RIT6, STM32H562RIV6, STM32H562VGT6, STM32H562VIT6, STM32H562ZGT6, STM32H562ZIT6, STM32H563AGI6, STM32H563AII3Q, STM32H563AII6, STM32H563IGK6, STM32H563IGT6, STM32H563IIK3Q, STM32H563IIK6, STM32H563IIT3Q, STM32H563IIT6, STM32H563MIY3QTR, STM32H563RGT6, STM32H563RGV6, STM32H563RIT6, STM32H563RIV6, STM32H563VGT6, STM32H563VIT3Q, STM32H563VIT6, STM32H563ZGT6, STM32H563ZIT3Q, STM32H563ZIT6, STM32H573AII3Q, STM32H573AII6, STM32H573I-DK, STM32H573IIK3Q, STM32H573IIK6, STM32H573IIT3Q, STM32H573IIT6, STM32H573MIY3QTR, STM32H573RIT6, STM32H573RIV6, STM32H573VIT3Q, STM32H573VIT6, STM32H573ZIT3Q, STM32H573ZIT6, STM32H7R3A8I6, STM32H7R3I8K6, STM32H7R3I8T6, STM32H7R3L8H6, STM32H7R3L8H6H, STM32H7R3R8V6, STM32H7R3V8H6, STM32H7R3V8T6, STM32H7R3V8Y6TR, STM32H7R3Z8J6, STM32H7R3Z8T6, STM32H7R7A8I6, STM32H7R7I8K6, STM32H7R7I8T6, STM32H7R7L8H6, STM32H7R7L8H6H, STM32H7R7Z8J6, STM32H7S3A8I6, STM32H7S3I8K6, STM32H7S3I8T6, STM32H7S3L8H6, STM32H7S3L8H6H, STM32H7S3R8V6, STM32H7S3V8H6, STM32H7S3V8T6, STM32H7S3V8Y6TR, STM32H7S3Z8J6, STM32H7S3Z8T6, STM32H7S78-DK, STM32H7S7A8I6, STM32H7S7I8K6, STM32H7S7I8T6, STM32H7S7L8H6, STM32H7S7L8H6H, STM32H7S7Z8J6, STM32L4R5QGI6STR, STM32MP131AAE3, STM32MP131AAF3, STM32MP131AAG3, STM32MP131CAE3, STM32MP131CAF3, STM32MP131CAG3, STM32MP131DAE7, STM32MP131DAF7, STM32MP131DAG7, STM32MP131FAE7, STM32MP131FAF7, STM32MP131FAG7, STM32MP133AAE3, STM32MP133AAF3, STM32MP133AAG3, STM32MP133CAE3, STM32MP133CAF3, STM32MP133CAG3, STM32MP133DAE7, STM32MP133DAF7, STM32MP133DAG7, STM32MP133FAE7, STM32MP133FAF7, STM32MP133FAG7, STM32MP135AAE3, STM32MP135AAF3, STM32MP135AAG3, STM32MP135CAE3, STM32MP135CAF3, STM32MP135CAG3, STM32MP135DAE7, STM32MP135DAF7, STM32MP135DAG7, STM32MP135F-DK, STM32MP135FAE7, STM32MP135FAF7, STM32MP135FAF7T, STM32MP135FAF7U, STM32MP135FAG7, STM32MP211AAL3, STM32MP211AAM3, STM32MP211AAN3, STM32MP211AAO3, STM32MP211CAL3, STM32MP211CAM3, STM32MP211CAN3, STM32MP211CAO3, STM32MP211DAL3, STM32MP211DAM3, STM32MP211DAN3, STM32MP211DAO3, STM32MP211FAL3, STM32MP211FAM3, STM32MP211FAN3, STM32MP211FAO3, STM32MP213AAL3, STM32MP213AAM3, STM32MP213AAN3, STM32MP213AAO3, STM32MP213CAL3, STM32MP213CAM3, STM32MP213CAN3, STM32MP213CAO3, STM32MP213DAL3, STM32MP213DAM3, STM32MP213DAN3, STM32MP213DAO3, STM32MP213FAL3, STM32MP213FAM3, STM32MP213FAN3, STM32MP213FAO3, STM32MP215AAL3, STM32MP215AAM3, STM32MP215AAN3, STM32MP215AAO3, STM32MP215CAL3, STM32MP215CAM3, STM32MP215CAN3, STM32MP215CAO3, STM32MP215DAL3, STM32MP215DAM3, STM32MP215DAN3, STM32MP215DAO3, STM32MP215F-DK, STM32MP215FAL3, STM32MP215FAM3, STM32MP215FAN3, STM32MP215FAO3, STM32MP231AAJ3, STM32MP231AAK3, STM32MP231AAL3, STM32MP231CAJ3, STM32MP231CAK3, STM32MP231CAL3, STM32MP231DAJ3, STM32MP231DAK3, STM32MP231DAL3, STM32MP231FAJ3, STM32MP231FAK3, STM32MP231FAL3, STM32MP233AAJ3, STM32MP233AAK3, STM32MP233AAL3, STM32MP233CAJ3, STM32MP233CAK3, STM32MP233CAL3, STM32MP233DAJ3, STM32MP233DAK3, STM32MP233DAL3, STM32MP233FAJ3, STM32MP233FAK3, STM32MP233FAL3, STM32MP235AAJ3, STM32MP235AAK3, STM32MP235AAL3, STM32MP235CAJ3, STM32MP235CAK3, STM32MP235CAL3, STM32MP235DAJ3, STM32MP235DAK3, STM32MP235DAL3, STM32MP235FAJ3, STM32MP235FAK3, STM32MP235FAL3, STM32MP251AAI3, STM32MP251AAK3, STM32MP251AAL3, STM32MP251CAI3, STM32MP251CAK3, STM32MP251CAL3, STM32MP251DAI3, STM32MP251DAK3, STM32MP251DAL3, STM32MP251FAI3, STM32MP251FAK3, STM32MP251FAL3, STM32MP253AAI3, STM32MP253AAK3, STM32MP253AAL3, STM32MP253CAI3, STM32MP253CAK3, STM32MP253CAL3, STM32MP253DAI3, STM32MP253DAK3, STM32MP253DAL3, STM32MP253FAI3, STM32MP253FAK3, STM32MP253FAL3, STM32MP255AAI3, STM32MP255AAK3, STM32MP255AAL3, STM32MP255CAI3, STM32MP255CAK3, STM32MP255CAL3, STM32MP255DAI3, STM32MP255DAK3, STM32MP255DAL3, STM32MP255FAI3, STM32MP255FAK3, STM32MP255FAL3, STM32MP257AAI3, STM32MP257AAK3, STM32MP257AAL3, STM32MP257CAI3, STM32MP257CAK3, STM32MP257CAL3, STM32MP257DAI3, STM32MP257DAK3, STM32MP257DAL3, STM32MP257F-DK, STM32MP257F-EV1, STM32MP257FAI3, STM32MP257FAK3, STM32MP257FAL3, STM32N645A0H3Q, STM32N645B0H3Q, STM32N645I0H3Q, STM32N645L0H3Q, STM32N645X0H3Q, STM32N645Z0H3Q, STM32N647A0H3Q, STM32N647B0H3Q, STM32N647I0H3Q, STM32N647L0H3Q, STM32N647X0H3Q, STM32N647Z0H3Q, STM32N655A0H3Q, STM32N655B0H3Q, STM32N655I0H3Q, STM32N655L0H3Q, STM32N655X0H3Q, STM32N655Z0H3Q, STM32N6570-DK, STM32N657A0H3Q, STM32N657B0H3Q, STM32N657I0H3Q, STM32N657L0H3Q, STM32N657X0H3Q, STM32N657Z0H3Q, STM32U031C6T6, STM32U031C6U6, STM32U031C8T6, STM32U031C8U6, STM32U031F4P6, STM32U031F6P6, STM32U031F8P6, STM32U031G6Y6TR, STM32U031G8Y6TR, STM32U031K4U6, STM32U031K6U6, STM32U031K8U6, STM32U031R6I6, STM32U031R6T6, STM32U031R8I6, STM32U031R8T6, STM32U073C8T6, STM32U073C8U6, STM32U073CBT6, STM32U073CBU6, STM32U073CCT6, STM32U073CCU6, STM32U073H8Y6TR, STM32U073HBY6TR, STM32U073HCY6TR, STM32U073K8U6, STM32U073KBU6, STM32U073KCU6, STM32U073M8I6, STM32U073M8T6, STM32U073MBI6, STM32U073MBT6, STM32U073MCI6, STM32U073MCT6, STM32U073R8I6, STM32U073R8T6, STM32U073RBI6, STM32U073RBT6, STM32U073RCI6, STM32U073RCT6, STM32U083C-DK, STM32U083CCT6, STM32U083CCU6, STM32U083HCY6TR, STM32U083KCU6, STM32U083MCI6, STM32U083MCT6, STM32U083RCI6, STM32U083RCT6, STM32U375CET6, STM32U375CET6Q, STM32U375CEU6, STM32U375CEU6Q, STM32U375CEY6QTR, STM32U375CGT6, STM32U375CGT6Q, STM32U375CGU6, STM32U375CGU6Q, STM32U375CGY6QTR, STM32U375KEU6, STM32U375KGU6, STM32U375REI6, STM32U375REI6Q, STM32U375RET6, STM32U375RET6Q, STM32U375REY6GTR, STM32U375REY6QTR, STM32U375RGI6, STM32U375RGI6Q, STM32U375RGT6, STM32U375RGT6Q, STM32U375RGY6GTR, STM32U375RGY6QTR, STM32U375VEI6, STM32U375VEI6Q, STM32U375VET6, STM32U375VET6Q, STM32U375VGI6, STM32U375VGI6Q, STM32U375VGT6, STM32U375VGT6Q, STM32U385CGT6, STM32U385CGT6Q, STM32U385CGU6, STM32U385CGU6Q, STM32U385CGY6QTR, STM32U385KGU6, STM32U385RGI6, STM32U385RGI6Q, STM32U385RGT6, STM32U385RGT6Q, STM32U385RGY6GTR, STM32U385RGY6QTR, STM32U385VGI6, STM32U385VGI6Q, STM32U385VGT6, STM32U385VGT6Q, STM32U535CBT6, STM32U535CBT6Q, STM32U535CBU6, STM32U535CBU6Q, STM32U535CCT6, STM32U535CCT6Q, STM32U535CCU6, STM32U535CCU6Q, STM32U535CET6, STM32U535CET6Q, STM32U535CEU6, STM32U535CEU6Q, STM32U535JEY6QTR, STM32U535NCY6QTR, STM32U535NEY6QTR, STM32U535RBI6, STM32U535RBI6Q, STM32U535RBT6, STM32U535RBT6Q, STM32U535RCI6, STM32U535RCI6Q, STM32U535RCT6, STM32U535RCT6Q, STM32U535REI6, STM32U535REI6Q, STM32U535RET6, STM32U535RET6Q, STM32U535VCI6, STM32U535VCI6Q, STM32U535VCT6, STM32U535VCT6Q, STM32U535VEI6, STM32U535VEI6Q, STM32U535VET6, STM32U535VET6Q, STM32U545CET6, STM32U545CET6Q, STM32U545CEU6, STM32U545CEU6Q, STM32U545JEY6QTR, STM32U545NEY6QTR, STM32U545REI6, STM32U545REI6Q, STM32U545RET6, STM32U545RET6Q, STM32U545VEI6, STM32U545VEI6Q, STM32U545VET6, STM32U545VET6Q, STM32U595AIH6, STM32U595AIH6Q, STM32U595AJH6, STM32U595AJH6Q, STM32U595QII6, STM32U595QII6Q, STM32U595QJI6, STM32U595QJI6Q, STM32U595RIT6, STM32U595RIT6Q, STM32U595RJT6, STM32U595RJT6Q, STM32U595VIT6, STM32U595VIT6Q, STM32U595VJT6, STM32U595VJT6Q, STM32U595ZIT6, STM32U595ZIT6Q, STM32U595ZIY6QTR, STM32U595ZJT6, STM32U595ZJT6Q, STM32U595ZJY6QTR, STM32U599BJY6QTR, STM32U599NIH6Q, STM32U599NJH6Q, STM32U599VIT6Q, STM32U599VJT6, STM32U599VJT6Q, STM32U599ZIT6Q, STM32U599ZIY6QTR, STM32U599ZJT6Q, STM32U599ZJY6QTR, STM32U5A5AJH6, STM32U5A5AJH6Q, STM32U5A5QII3Q , STM32U5A5QJI6, STM32U5A5QJI6Q, STM32U5A5RJT6, STM32U5A5RJT6Q, STM32U5A5VJT6, STM32U5A5VJT6Q, STM32U5A5ZJT6, STM32U5A5ZJT6Q, STM32U5A5ZJY6QTR, STM32U5A9BJY6QTR, STM32U5A9J-DK, STM32U5A9NJH6Q, STM32U5A9VJT6Q, STM32U5A9ZJT6Q, STM32U5A9ZJY6QTR, STM32U5F7VIT6, STM32U5F7VIT6Q, STM32U5F7VJT6, STM32U5F7VJT6Q, STM32U5F9BJY6QTR, STM32U5F9NJH6Q, STM32U5F9VIT6Q, STM32U5F9VJT6Q, STM32U5F9ZIJ6QTR, STM32U5F9ZIT6Q, STM32U5F9ZJJ6QTR, STM32U5F9ZJT6Q, STM32U5G7VJT6, STM32U5G7VJT6Q, STM32U5G9BJY6QTR, STM32U5G9J-DK1, STM32U5G9J-DK2, STM32U5G9NJH6Q, STM32U5G9VJT6Q, STM32U5G9ZJJ6QTR, STM32U5G9ZJT6Q, STM32WB05KZV6TR, STM32WB05KZV7TR, STM32WB05TZF6TR, STM32WB05TZF7TR, STM32WB06CCF6TR, STM32WB06CCF7TR, STM32WB06CCV6TR, STM32WB06CCV7TR, STM32WB06KCV6TR, STM32WB06KCV7TR, STM32WB07CCF6TR, STM32WB07CCF7TR, STM32WB07CCV6TR, STM32WB07CCV7TR, STM32WB07KCV6TR, STM32WB07KCV7TR, STM32WB09KEV6TR, STM32WB09KEV7TR, STM32WB09TEF6TR, STM32WB09TEF7TR, STM32WB1MMCH6, STM32WBA50KGU6, STM32WBA50KGU6TR, STM32WBA52CEU6, STM32WBA52CEU6TR, STM32WBA52CEU7, STM32WBA52CEU7TR, STM32WBA52CGU6, STM32WBA52CGU6TR, STM32WBA52CGU6U, STM32WBA52CGU7, STM32WBA52CGU7TR, STM32WBA52KEU6, STM32WBA52KEU6TR, STM32WBA52KGU6, STM32WBA52KGU6TR, STM32WBA54CEU6, STM32WBA54CEU6TR, STM32WBA54CEU7, STM32WBA54CEU7TR, STM32WBA54CGU6, STM32WBA54CGU6TR, STM32WBA54CGU7, STM32WBA54CGU7TR, STM32WBA54KEU6, STM32WBA54KEU6TR, STM32WBA54KEU7, STM32WBA54KEU7TR, STM32WBA54KGU6, STM32WBA54KGU6TR, STM32WBA54KGU7, STM32WBA54KGU7TR, STM32WBA55CEU6, STM32WBA55CEU6TR, STM32WBA55CEU7, STM32WBA55CEU7TR, STM32WBA55CGU6, STM32WBA55CGU6TR, STM32WBA55CGU6U, STM32WBA55CGU7, STM32WBA55CGU7TR, STM32WBA55G-DK1, STM32WBA55HEF6, STM32WBA55HEF7, STM32WBA55HGF6, STM32WBA55HGF7, STM32WBA55UEI6, STM32WBA55UEI6TR, STM32WBA55UEI7, STM32WBA55UEI7TR, STM32WBA55UGI6, STM32WBA55UGI6TR, STM32WBA55UGI7, STM32WBA55UGI7TR, STM32WBA5MMGH6TR, STM32WBA62MGF6, STM32WBA62MIF6, STM32WBA65MGF7, STM32WBA65MIF6, STM32WBA65MIF7, STM32WL30K8V6, STM32WL30KBV6, STM32WL31C8V6, STM32WL31CBV6, STM32WL31K8V6, STM32WL31KBV6, STM32WL33C8V6, STM32WL33C8V6X, STM32WL33CBV6, STM32WL33CBV6X, STM32WL33CCV6, STM32WL33CCV6A, STM32WL33CCV6X, STM32WL33K8V7, STM32WL33K8V7X, STM32WL33KBV7 , STM32WL33KBV7X, STM32WL33KCV7, STM32WL33KCV7X, STM32WL5MOCH6, STM32WL5MOCH6TR]
2025-10-10 23:06:56,589 [INFO] BoardInfo:889 - No configuration file found for board P-NUCLEO-WB55
2025-10-10 23:06:56,590 [INFO] DbBoards:161 - Kit is not supported: P-NUCLEO-WB55
2025-10-10 23:06:56,592 [INFO] BoardInfo:889 - No configuration file found for board STEVAL-BFA001V1B
2025-10-10 23:06:56,592 [INFO] DbBoards:161 - Kit is not supported: STEVAL-BFA001V1B
2025-10-10 23:06:56,593 [INFO] BoardInfo:889 - No configuration file found for board STEVAL-BFA001V2B
2025-10-10 23:06:56,593 [INFO] DbBoards:161 - Kit is not supported: STEVAL-BFA001V2B
2025-10-10 23:06:56,664 [INFO] DbBoards:168 - Found 212 boards, 209 are supported
2025-10-10 23:06:56,665 [INFO] DbBoards:169 - Found 212 boards, 43 of them is supported for  Bsp
2025-10-10 23:06:56,666 [INFO] ApiDb:423 - Load user favorites file /home/oleksii/.stm32cubeide/favorites.boards.txt: 0 item(s)
2025-10-10 23:06:56,666 [INFO] ApiDb:427 - User favorites Boards=[]
2025-10-10 23:06:56,666 [INFO] DbBoards:198 - Set 0 / 0 favorites Boards
2025-10-10 23:06:56,666 [INFO] McuFinderGlobals:76 - Set McuFinderConnectedMode to true
2025-10-10 23:06:56,670 [INFO] MultiScanPanel:200 - Auto-refresh data requested => check proxy status ongoing
2025-10-10 23:06:56,671 [INFO] FinderPluginLoader:96 - Searching for filters in installed packs
2025-10-10 23:06:57,535 [INFO] LoadUrlFilesThread:185 - End of LoadServerUrlFiles without Thread
2025-10-10 23:06:57,540 [INFO] DetailPanel:341 - Set advertising image to /home/oleksii/STM32Cube/Repository//en.mcu-finder-stm32n6dk.jpg
2025-10-10 23:07:01,148 [INFO] MultiScanPanel:200 - Auto-refresh data requested => check proxy status ongoing
2025-10-10 23:07:01,217 [INFO] LoadUrlFilesThread:185 - End of LoadServerUrlFiles without Thread
2025-10-10 23:07:01,218 [INFO] DetailPanel:341 - Set advertising image to /home/oleksii/STM32Cube/Repository//en.mcu-finder-stm32n6dk.jpg
2025-10-10 23:07:01,225 [INFO] DbBoards:642 - Loading board mini-images...
2025-10-10 23:07:02,617 [ERROR] DbBoards:659 - Image file not found for board STM32MP215F-DK: /home/oleksii/.stmcufinder/plugins/mcufinder//mcu//boards_images/STM32MP215F-DK.jpg
2025-10-10 23:07:02,696 [INFO] DbBoards:665 - Loaded 211 board mini-images
2025-10-10 23:08:23,229 [INFO] MainUpdater:2872 - connection check result : 10
2025-10-10 23:08:23,229 [INFO] MainUpdater:2872 - connection check result : 10
2025-10-10 23:08:23,243 [INFO] MicroXplorer:468 - Change Database Path : 
2025-10-10 23:08:23,243 [INFO] MicroXplorer:498 - Change Database Version : DB.6.0.150
2025-10-10 23:08:23,246 [WARN] ThirdParty:871 - waiting for thirdparty lock release [close project]
2025-10-10 23:08:23,246 [INFO] ThirdParty:873 - entering critical section [close project]
2025-10-10 23:08:23,246 [INFO] ThirdParty:883 - exiting critical section [close project]
2025-10-10 23:08:23,247 [INFO] PinOutPanel:1589 - setPackage(No Configuration,No Configuration)
2025-10-10 23:08:23,248 [INFO] UtilMem:75 - Begin LoadConfig() Used Memory: 856490904 Bytes (1073741824)
2025-10-10 23:08:23,250 [INFO] OpenFileManager:355 - Change cursor
2025-10-10 23:08:23,273 [INFO] ProjectFactory:514 - No CPN specified for board STM32F407G-DISC1 => set CPN to STM32F407VGT6
2025-10-10 23:08:23,274 [INFO] Mcu:2029 - Initializing MCU STM32F407V(E-G)Tx STM32F407VGTx STM32F407VGT6
2025-10-10 23:08:24,158 [INFO] Context:786 - Trying to add GPIOservice into a context  which must be forbidden
2025-10-10 23:08:24,501 [INFO] Rule:233 - rule 117617 - U5Cobra4M][GTZC] default value MPCBB3 and MPCBB5 - Not Secured memory - MPCBB1 is applicable
2025-10-10 23:08:24,501 [INFO] Rule:233 - rule 117617 - U5Cobra4M][GTZC] default value MPCBB3 and MPCBB5 - Not Secured memory - MPCBB1 is applicable
2025-10-10 23:08:24,501 [INFO] Rule:233 - rule 117617 - U5Cobra4M][GTZC] default value MPCBB3 and MPCBB5 - Not Secured memory - MPCBB2 is applicable
2025-10-10 23:08:24,501 [INFO] Rule:233 - rule 117617 - U5Cobra4M][GTZC] default value MPCBB3 and MPCBB5 - Not Secured memory - MPCBB2 is applicable
2025-10-10 23:08:24,501 [INFO] Rule:233 - rule 117617 - U5Cobra4M][GTZC] default value MPCBB3 and MPCBB5 - Not Secured memory - MPCBB3 is applicable
2025-10-10 23:08:24,501 [INFO] Rule:233 - rule 117617 - U5Cobra4M][GTZC] default value MPCBB3 and MPCBB5 - Not Secured memory - MPCBB3 is applicable
2025-10-10 23:08:24,501 [INFO] Rule:233 - rule 117617 - U5Cobra4M][GTZC] default value MPCBB3 and MPCBB5 - Not Secured memory - MPCBB4 is applicable
2025-10-10 23:08:24,501 [INFO] Rule:233 - rule 117617 - U5Cobra4M][GTZC] default value MPCBB3 and MPCBB5 - Not Secured memory - MPCBB4 is applicable
2025-10-10 23:08:24,501 [INFO] Rule:233 - rule 117617 - U5Cobra4M][GTZC] default value MPCBB3 and MPCBB5 - Secured memory - MPCBB1 is applicable
2025-10-10 23:08:24,501 [INFO] Rule:233 - rule 117617 - U5Cobra4M][GTZC] default value MPCBB3 and MPCBB5 - Secured memory - MPCBB2 is applicable
2025-10-10 23:08:24,501 [INFO] Rule:233 - rule 117617 - U5Cobra4M][GTZC] default value MPCBB3 and MPCBB5 - Secured memory - MPCBB3 is applicable
2025-10-10 23:08:24,501 [INFO] Rule:233 - rule 117617 - U5Cobra4M][GTZC] default value MPCBB3 and MPCBB5 - Secured memory - MPCBB4 is applicable
2025-10-10 23:08:24,501 [INFO] Rule:233 - rule 117617 - U5Cobra4M][GTZC] default value MPCBB3 and MPCBB5 - Privileged memory - MPCBB1 is applicable
2025-10-10 23:08:24,502 [INFO] Rule:233 - rule 117617 - U5Cobra4M][GTZC] default value MPCBB3 and MPCBB5 - Privileged memory - MPCBB2 is applicable
2025-10-10 23:08:24,502 [INFO] Rule:233 - rule 117617 - U5Cobra4M][GTZC] default value MPCBB3 and MPCBB5 - Privileged memory - MPCBB3 is applicable
2025-10-10 23:08:24,502 [INFO] Rule:233 - rule 117617 - U5Cobra4M][GTZC] default value MPCBB3 and MPCBB5 - Privileged memory - MPCBB4 is applicable
2025-10-10 23:08:24,502 [INFO] Rule:233 - rule 117617 - U5Cobra4M][GTZC] default value MPCBB3 and MPCBB5 - Not Privileged memory - MPCBB1 is applicable
2025-10-10 23:08:24,502 [INFO] Rule:233 - rule 117617 - U5Cobra4M][GTZC] default value MPCBB3 and MPCBB5 - Not Privileged memory - MPCBB2 is applicable
2025-10-10 23:08:24,502 [INFO] Rule:233 - rule 117617 - U5Cobra4M][GTZC] default value MPCBB3 and MPCBB5 - Not Privileged memory - MPCBB3 is applicable
2025-10-10 23:08:24,502 [INFO] Rule:233 - rule 117617 - U5Cobra4M][GTZC] default value MPCBB3 and MPCBB5 - Not Privileged memory - MPCBB4 is applicable
2025-10-10 23:08:24,502 [INFO] Rule:233 - rule 117617 - U5Cobra4M][GTZC] default value MPCBB3 and MPCBB5 - Privileged memory - MPCBB1 is applicable
2025-10-10 23:08:24,502 [INFO] Rule:233 - rule 117617 - U5Cobra4M][GTZC] default value MPCBB3 and MPCBB5 - Privileged memory - MPCBB2 is applicable
2025-10-10 23:08:24,502 [INFO] Rule:233 - rule 117617 - U5Cobra4M][GTZC] default value MPCBB3 and MPCBB5 - Privileged memory - MPCBB3 is applicable
2025-10-10 23:08:24,502 [INFO] Rule:233 - rule 117617 - U5Cobra4M][GTZC] default value MPCBB3 and MPCBB5 - Privileged memory - MPCBB4 is applicable
2025-10-10 23:08:24,502 [INFO] Rule:233 - rule 117617 - U5Cobra4M][GTZC] default value MPCBB3 and MPCBB5 - Privileged memory - MPCBB1 is applicable
2025-10-10 23:08:24,502 [INFO] Rule:233 - rule 117617 - U5Cobra4M][GTZC] default value MPCBB3 and MPCBB5 - Privileged memory - MPCBB2 is applicable
2025-10-10 23:08:24,502 [INFO] Rule:233 - rule 117617 - U5Cobra4M][GTZC] default value MPCBB3 and MPCBB5 - Privileged memory - MPCBB3 is applicable
2025-10-10 23:08:24,502 [INFO] Rule:233 - rule 117617 - U5Cobra4M][GTZC] default value MPCBB3 and MPCBB5 - Privileged memory - MPCBB4 is applicable
2025-10-10 23:08:24,502 [INFO] Rule:233 - rule 117617 - U5Cobra4M][GTZC] default value MPCBB3 and MPCBB5 - Not Privileged memory - MPCBB1 is applicable
2025-10-10 23:08:24,503 [INFO] Rule:233 - rule 117617 - U5Cobra4M][GTZC] default value MPCBB3 and MPCBB5 - Not Privileged memory - MPCBB2 is applicable
2025-10-10 23:08:24,503 [INFO] Rule:233 - rule 117617 - U5Cobra4M][GTZC] default value MPCBB3 and MPCBB5 - Not Privileged memory - MPCBB3 is applicable
2025-10-10 23:08:24,503 [INFO] Rule:233 - rule 117617 - U5Cobra4M][GTZC] default value MPCBB3 and MPCBB5 - Not Privileged memory - MPCBB4 is applicable
2025-10-10 23:08:24,503 [INFO] Rule:233 - rule 117617 - U5Cobra4M][GTZC] default value MPCBB3 and MPCBB5 - Privileged memory - MPCBB1 is applicable
2025-10-10 23:08:24,503 [INFO] Rule:233 - rule 117617 - U5Cobra4M][GTZC] default value MPCBB3 and MPCBB5 - Privileged memory - MPCBB2 is applicable
2025-10-10 23:08:24,503 [INFO] Rule:233 - rule 117617 - U5Cobra4M][GTZC] default value MPCBB3 and MPCBB5 - Privileged memory - MPCBB3 is applicable
2025-10-10 23:08:24,503 [INFO] Rule:233 - rule 117617 - U5Cobra4M][GTZC] default value MPCBB3 and MPCBB5 - Privileged memory - MPCBB4 is applicable
2025-10-10 23:08:24,503 [INFO] Rule:233 - rule Rename SubGHz_Phy SUBGHZ_APPLICATION SUBGHZ_PINGPONG to SUBGHZ_ADV_APPLICATION is applicable
2025-10-10 23:08:24,503 [INFO] Rule:233 - rule Rename Enabled to IBEACON is applicable
2025-10-10 23:08:24,503 [INFO] Rule:233 - rule GTZC_S instance for project manager is applicable
2025-10-10 23:08:24,504 [INFO] Rule:233 - rule GTZC_S instance for context M33S is applicable
2025-10-10 23:08:24,504 [INFO] Rule:233 - rule GTZC_S instance value for IP GTZC is applicable
2025-10-10 23:08:24,504 [INFO] Rule:233 - rule GTZC_S instance for mcu.IP is applicable
2025-10-10 23:08:24,504 [INFO] Rule:233 - rule GTZC_S instance for VP is applicable
2025-10-10 23:08:24,504 [INFO] Rule:233 - rule GTZC_S instance for signal is applicable
2025-10-10 23:08:24,504 [INFO] Rule:233 - rule GTZC_S instance for mcu.Pin is applicable
2025-10-10 23:08:24,504 [INFO] Rule:233 - rule GTZC_S instance for VP is applicable
2025-10-10 23:08:24,504 [INFO] Rule:233 - rule GTZC_S instance for signal is applicable
2025-10-10 23:08:24,504 [INFO] Rule:233 - rule GTZC_S instance for mcu is applicable
2025-10-10 23:08:24,504 [INFO] Rule:233 - rule GTZC_S instance for mcu.Pin is applicable
2025-10-10 23:08:24,504 [INFO] Rule:233 - rule GTZC_S instance value for IP GTZC is applicable
2025-10-10 23:08:24,504 [INFO] Rule:233 - rule GTZC_S instance for project manager is applicable
2025-10-10 23:08:24,504 [INFO] Rule:233 - rule GTZC_S instance for context M33S is applicable
2025-10-10 23:08:24,505 [INFO] Rule:233 - rule GTZC_S instance for VP is applicable
2025-10-10 23:08:24,505 [INFO] Rule:233 - rule GTZC_S instance for signal is applicable
2025-10-10 23:08:24,505 [INFO] Rule:233 - rule SPDIFRX instance for mcu is applicable
2025-10-10 23:08:24,505 [INFO] Rule:233 - rule Rename Tracer Mode is applicable
2025-10-10 23:08:24,505 [INFO] Rule:233 - rule SPDIFRX instance value for IP SPDIFRX is applicable
2025-10-10 23:08:24,505 [INFO] Rule:233 - rule SPDIFRX instance for signal is applicable
2025-10-10 23:08:24,505 [INFO] Rule:233 - rule SPDIFRX instance for project manager is applicable
2025-10-10 23:08:24,505 [INFO] Rule:233 - rule SPDIFRX instance for project manager is applicable
2025-10-10 23:08:24,505 [INFO] Rule:233 - rule ADC Scan  fix with FW F7 is applicable
2025-10-10 23:08:24,505 [INFO] Rule:233 - rule ADC Scan  fix with FW F7 is applicable
2025-10-10 23:08:24,505 [INFO] Rule:233 - rule WakeUp0 Mode is applicable
2025-10-10 23:08:24,505 [INFO] Rule:233 - rule WakeUp0 SIGNAL is applicable
2025-10-10 23:08:24,505 [INFO] Rule:233 - rule WakeUp1 Mode is applicable
2025-10-10 23:08:24,505 [INFO] Rule:233 - rule WakeUp1 SIGNAL is applicable
2025-10-10 23:08:24,505 [INFO] Rule:233 - rule WakeUp2 Mode is applicable
2025-10-10 23:08:24,505 [INFO] Rule:233 - rule WakeUp2 SIGNAL is applicable
2025-10-10 23:08:24,506 [INFO] Rule:233 - rule WakeUp4 Mode is applicable
2025-10-10 23:08:24,506 [INFO] Rule:233 - rule WakeUp4 SIGNAL is applicable
2025-10-10 23:08:24,506 [INFO] Rule:233 - rule WakeUp5 Mode is applicable
2025-10-10 23:08:24,506 [INFO] Rule:233 - rule WakeUp5 SIGNAL is applicable
2025-10-10 23:08:24,506 [INFO] Rule:233 - rule Add RTC Activate Clock Source is applicable
2025-10-10 23:08:24,506 [INFO] Rule:233 - rule Add RTC Activate Calendar 1 is applicable
2025-10-10 23:08:24,506 [INFO] Rule:233 - rule Add RTC Activate Calendar 2 is applicable
2025-10-10 23:08:24,506 [INFO] Rule:233 - rule Add RTC Activate Calendar 3 is applicable
2025-10-10 23:08:24,506 [INFO] Rule:233 - rule UART/USART TX Mode is applicable
2025-10-10 23:08:24,506 [INFO] Rule:233 - rule UART/USART RX Mode is applicable
2025-10-10 23:08:24,506 [INFO] Rule:233 - rule UART/USART RX TX Mode is applicable
2025-10-10 23:08:24,506 [INFO] Rule:233 - rule UART/USART PARITY NONE is applicable
2025-10-10 23:08:24,506 [INFO] Rule:233 - rule UART/USART PARITY EVEN is applicable
2025-10-10 23:08:24,506 [INFO] Rule:233 - rule UART/USART PARITY ODD is applicable
2025-10-10 23:08:24,506 [INFO] Rule:233 - rule USART StopBits 1 is applicable
2025-10-10 23:08:24,506 [INFO] Rule:233 - rule USART StopBits 2 is applicable
2025-10-10 23:08:24,506 [INFO] Rule:233 - rule USART StopBits 1.5 is applicable
2025-10-10 23:08:24,506 [INFO] Rule:233 - rule USART StopBits 0.5 is applicable
2025-10-10 23:08:24,506 [INFO] Rule:233 - rule UART/USART WORD LENGTH 7 is applicable
2025-10-10 23:08:24,506 [INFO] Rule:233 - rule UART/USART WORD LENGTH 8 is applicable
2025-10-10 23:08:24,506 [INFO] Rule:233 - rule UART/USART WORD LENGTH 9 is applicable
2025-10-10 23:08:24,506 [INFO] Rule:233 - rule Rename FMC NAND NCE signal is applicable
2025-10-10 23:08:24,506 [INFO] Rule:233 - rule Rename FMC NAND INT signal is applicable
2025-10-10 23:08:24,506 [INFO] Rule:233 - rule Change Default Value for LSE Drive Capability for WB family is applicable
2025-10-10 23:08:24,506 [INFO] Rule:233 - rule Change Default Value for ADC Clock Prescaler G0 family is applicable
2025-10-10 23:08:24,506 [INFO] Rule:233 - rule Change Default Value for ADC ExternalTrigConv L4 family is applicable
2025-10-10 23:08:24,506 [INFO] Rule:233 - rule Change Default Value for ADC ExternalTrigInjecConv L4 family is applicable
2025-10-10 23:08:24,506 [INFO] Rule:233 - rule Change Default Value for ADC ExternalTrigConv F3 family is applicable
2025-10-10 23:08:24,507 [INFO] Rule:233 - rule Change Default Value for ADC ExternalTrigInjecConv F3 family is applicable
2025-10-10 23:08:24,507 [INFO] Rule:233 - rule Change Default Value for ADC ExternalTrigConv Goldfish serie is applicable
2025-10-10 23:08:24,507 [INFO] Rule:233 - rule Change Default Value for ADC ExternalTrigInjecConv Goldfish serie is applicable
2025-10-10 23:08:24,507 [INFO] Rule:233 - rule Change Default Value for ADC ExternalTrigConv L0 family is applicable
2025-10-10 23:08:24,507 [INFO] Rule:233 - rule Change Default Value for ADC ExternalTrigConv F0 family is applicable
2025-10-10 23:08:24,507 [INFO] Rule:233 - rule Change Default Value for ADC ExternalTrigConvn L1 family is applicable
2025-10-10 23:08:24,507 [INFO] Rule:233 - rule Change Default Value for ADC ExternalTrigInjecConv L1 family is applicable
2025-10-10 23:08:24,507 [INFO] Rule:233 - rule Change Default Value for ADC ExternalTrigConv F1 family is applicable
2025-10-10 23:08:24,507 [INFO] Rule:233 - rule Change Default Value for ADC ExternalTrigInjecConv F1 family is applicable
2025-10-10 23:08:24,507 [INFO] Rule:233 - rule Change Default Value for ADC ExternalTrigConv F7 family is applicable
2025-10-10 23:08:24,507 [INFO] Rule:233 - rule Change Default Value for ADC ExternalTrigInjecConv F7 family is applicable
2025-10-10 23:08:24,507 [INFO] Rule:233 - rule Change Default Value for ADC ExternalTrigConv F4 and F2 family is applicable
2025-10-10 23:08:24,507 [INFO] Rule:233 - rule Change Default Value for ADC ExternalTrigInjecConv F4 and F2 family is applicable
2025-10-10 23:08:24,507 [INFO] Rule:233 - rule ADC SamplingTime fix with FW L0  is applicable
2025-10-10 23:08:24,507 [INFO] Rule:233 - rule ADC SamplingTime fix with FW L0  is applicable
2025-10-10 23:08:24,507 [INFO] Rule:233 - rule ADC SamplingTime fix with FW L0 is applicable
2025-10-10 23:08:24,507 [INFO] Rule:233 - rule ADC SamplingTime fix with FW L0 is applicable
2025-10-10 23:08:24,507 [INFO] Rule:233 - rule ADC SamplingTime fix with FW L0  is applicable
2025-10-10 23:08:24,507 [INFO] Rule:233 - rule ADC SamplingTime fix with FW L0 is applicable
2025-10-10 23:08:24,508 [INFO] Rule:233 - rule Rename USB_OE Signal is applicable
2025-10-10 23:08:24,508 [INFO] Rule:233 - rule Rename Activate_OE Mode is applicable
2025-10-10 23:08:24,508 [INFO] Rule:233 - rule Rename DIE462/DIE415 pin PC14/OSC32_IN -> PC14-OSC32_IN (PC14) is applicable
2025-10-10 23:08:24,508 [INFO] Rule:233 - rule Rename DIE462/DIE415 pin PC15/OSC32_OUT -> PC15-OSC32_OUT (PC15) is applicable
2025-10-10 23:08:24,508 [INFO] Rule:233 - rule Rename DIE462/DIE415 pin PH0/OSC_IN -> PH0-OSC_IN (PH0) is applicable
2025-10-10 23:08:24,508 [INFO] Rule:233 - rule Rename DIE462/DIE415 pin PH1/OSC_OUT -> PH1-OSC_OUT (PH1) is applicable
2025-10-10 23:08:24,508 [INFO] Rule:233 - rule Rename DIE462 pin PA13 -> PA13 (JTMS/SWDIO) is applicable
2025-10-10 23:08:24,508 [INFO] Rule:233 - rule Rename DIE415 pin PA13 -> PA13 (JTMS/SWDIO) is applicable
2025-10-10 23:08:24,508 [INFO] Rule:233 - rule Rename DIE462 pin PA14 -> PA14 (JTCK/SWCLK) is applicable
2025-10-10 23:08:24,508 [INFO] Rule:233 - rule Rename DIE415 pin PA14 -> PA14 (JTCK/SWCLK) is applicable
2025-10-10 23:08:24,508 [INFO] Rule:233 - rule Rename DIE462/DIE415 pin PA15 -> PA15 (JTDI) is applicable
2025-10-10 23:08:24,508 [INFO] Rule:233 - rule Rename DIE462 pin PB3 -> PB3 (JTD0/TRACESWO) is applicable
2025-10-10 23:08:24,508 [INFO] Rule:233 - rule Rename DIE415 pin PB3 -> PB3 (JTD0-TRACESWO) is applicable
2025-10-10 23:08:24,508 [INFO] Rule:233 - rule Rename DIE462/DIE415 pin PB4 -> PB4 (NJTRST) is applicable
2025-10-10 23:08:24,508 [INFO] Rule:233 - rule Rename DIE462 pin PH3/BOOT0 -> PH3-BOOT0 (BOOT0) is applicable
2025-10-10 23:08:24,509 [INFO] Rule:233 - rule Rename CRYP DataEncryptionTypesList to Algorithm is applicable
2025-10-10 23:08:24,509 [INFO] Rule:233 - rule Rename AES DataEncryptionTypesList to Algorithm is applicable
2025-10-10 23:08:24,509 [INFO] Rule:233 - rule Rename TDESECB to CRYP_TDES_ECB is applicable
2025-10-10 23:08:24,509 [INFO] Rule:233 - rule Rename TDESCBC to CRYP_TDES_CBC is applicable
2025-10-10 23:08:24,509 [INFO] Rule:233 - rule Rename DESECB to CRYP_DES_ECB is applicable
2025-10-10 23:08:24,509 [INFO] Rule:233 - rule Rename DESCBC to CRYP_DES_CBC is applicable
2025-10-10 23:08:24,509 [INFO] Rule:233 - rule Rename AESECB to CRYP_AES_ECB is applicable
2025-10-10 23:08:24,509 [INFO] Rule:233 - rule Rename AESCBC to CRYP_AES_CBC is applicable
2025-10-10 23:08:24,509 [INFO] Rule:233 - rule Rename AESCTR to CRYP_AES_CTR is applicable
2025-10-10 23:08:24,509 [INFO] Rule:233 - rule Rename AESGCM to CRYP_AES_GCM is applicable
2025-10-10 23:08:24,509 [INFO] Rule:233 - rule Rename AESCCM to CRYP_AES_CCM is applicable
2025-10-10 23:08:24,509 [INFO] Rule:233 - rule Rename CAN TimeSeg1 to BS1 is applicable
2025-10-10 23:08:24,509 [INFO] Rule:233 - rule Rename CAN TimeSeg2 to BS2 is applicable
2025-10-10 23:08:24,509 [INFO] Rule:233 - rule Rename CAN SyncJumpWidth to SJW is applicable
2025-10-10 23:08:24,509 [INFO] Rule:233 - rule TimeTriggeredMode to TTCM is applicable
2025-10-10 23:08:24,509 [INFO] Rule:233 - rule Rename CAN AutoBusOff to ABOM is applicable
2025-10-10 23:08:24,509 [INFO] Rule:233 - rule Rename CAN AutoWakeUp to AWUM is applicable
2025-10-10 23:08:24,509 [INFO] Rule:233 - rule Rename CAN AutoRetransmission to NART is applicable
2025-10-10 23:08:24,509 [INFO] Rule:233 - rule Rename CAN ReceiveFifoLocked to RFLM is applicable
2025-10-10 23:08:24,509 [INFO] Rule:233 - rule Rename CAN TransmitFifoPriority to TXFP is applicable
2025-10-10 23:08:24,509 [INFO] Rule:233 - rule Rename HRTIMER HRTIM_OUTPUTFAULTLEVEL_HIGH in HRTIMER HRTIM_OUTPUTFAULTLEVEL_HIGHZ is applicable
2025-10-10 23:08:24,509 [INFO] Rule:233 - rule Rename TIMER TIM_CLEARINPUTSOURCE_OCREFCLR in  TIMER TIM_CLEARINPUTSOURCE_NONE for F7 family is applicable
2025-10-10 23:08:24,509 [INFO] Rule:233 - rule FDCAN_R1 - Rename FDCAN mode Master into Classic is applicable
2025-10-10 23:08:24,509 [INFO] Rule:233 - rule FDCAN_R2 - Rename FDCAN mode Slave into Classic is applicable
2025-10-10 23:08:24,509 [INFO] Rule:233 - rule FDCAN1_R3 - if PA10.Mode=FullDuplex, add Pin PA12 is applicable
2025-10-10 23:08:24,509 [INFO] Rule:233 - rule FDCAN1_R3 - if PA9.Mode=FullDuplex, add Pin PA11 is applicable
2025-10-10 23:08:24,509 [INFO] Rule:233 - rule FDCAN1_R3 - Alternatepin_1 - if PE1.Mode=FullDuplex, add Pin PB9 is applicable
2025-10-10 23:08:24,509 [INFO] Rule:233 - rule FDCAN1_R3 - Alternatepin_1 - if PE0.Mode=FullDuplex, add Pin PB8 is applicable
2025-10-10 23:08:24,510 [INFO] Rule:233 - rule FDCAN1_R3 - Alternatepin_2 - if PD5.Mode=FullDuplex, add Pin PD1 is applicable
2025-10-10 23:08:24,510 [INFO] Rule:233 - rule FDCAN1_R3 - Alternatepin_2 - if PD4.Mode=FullDuplex, add Pin PD0 is applicable
2025-10-10 23:08:24,510 [INFO] Rule:233 - rule FDCAN1_R4 - Rename Mode FullDuplex into Enable FDCAN_TXFD for pin PA10 is applicable
2025-10-10 23:08:24,510 [INFO] Rule:233 - rule FDCAN1_R4 - Rename Mode FullDuplex into Enable FDCAN_TXFD for pin PA9 is applicable
2025-10-10 23:08:24,510 [INFO] Rule:233 - rule FDCAN1_R4 - Alternatepin_1 - Rename Mode FullDuplex into Enable FDCAN_TXFD for pin PE1 is applicable
2025-10-10 23:08:24,510 [INFO] Rule:233 - rule FDCAN1_R4 - Alternatepin_1 - Rename Mode FullDuplex into Enable FDCAN_TXFD for pin PE0 is applicable
2025-10-10 23:08:24,510 [INFO] Rule:233 - rule FDCAN1_R4 - Alternatepin_2 - Rename Mode FullDuplex into Enable FDCAN_TXFD for pin PD5 is applicable
2025-10-10 23:08:24,510 [INFO] Rule:233 - rule FDCAN1_R4 - Alternatepin_2 - Rename Mode FullDuplex into Enable FDCAN_TXFD for pin PD4 is applicable
2025-10-10 23:08:24,510 [INFO] Rule:233 - rule FDCAN2_R3 - if PD10.Mode=FullDuplex, add Pin PB13 is applicable
2025-10-10 23:08:24,510 [INFO] Rule:233 - rule FDCAN2_R3 - if PD9.Mode=FullDuplex, add Pin PB12 is applicable
2025-10-10 23:08:24,510 [INFO] Rule:233 - rule FDCAN2_R3 - Alternatepin_1 - if PB7.Mode=FullDuplex, add Pin PB6 is applicable
2025-10-10 23:08:24,510 [INFO] Rule:233 - rule FDCAN2_R3 - Alternatepin_1 - if PD9.Mode=FullDuplex, add Pin PB12 is applicable
2025-10-10 23:08:24,510 [INFO] Rule:233 - rule FDCAN2_R4 - Rename Mode FullDuplex into Enable FDCAN_TXFD for pin PD10 is applicable
2025-10-10 23:08:24,510 [INFO] Rule:233 - rule FDCAN2_R4 - Rename Mode FullDuplex into Enable FDCAN_TXFD for pin PD9 is applicable
2025-10-10 23:08:24,510 [INFO] Rule:233 - rule FDCAN2_R4 - Alternatepin_1 - Rename Mode FullDuplex into Enable FDCAN_TXFD for pin PB7 is applicable
2025-10-10 23:08:24,510 [INFO] Rule:233 - rule FDCAN2_R4 - Alternatepin_1 - Rename Mode FullDuplex into Enable FDCAN_TXFD for pin PD6 is applicable
2025-10-10 23:08:24,510 [INFO] Rule:233 - rule USART TxPinLevelInvertParam Mode is applicable
2025-10-10 23:08:24,510 [INFO] Rule:233 - rule USART RxPinLevelInvertParam Mode is applicable
2025-10-10 23:08:24,510 [INFO] Rule:233 - rule USART DataInvertParam Mode is applicable
2025-10-10 23:08:24,510 [INFO] Rule:233 - rule USART SwapParam Mode is applicable
2025-10-10 23:08:24,510 [INFO] Rule:233 - rule USART OverrunDisableParam Mode is applicable
2025-10-10 23:08:24,510 [INFO] Rule:233 - rule USART DMADisableonRxErrorParam Mode is applicable
2025-10-10 23:08:24,510 [INFO] Rule:233 - rule USART MSBFirstParam Mode is applicable
2025-10-10 23:08:24,510 [INFO] Rule:233 - rule Update MwName for USB_DEVICE is applicable
2025-10-10 23:08:24,511 [INFO] Rule:233 - rule Change PWR_Regulator_Voltage_Scale Default Value for RCC  H7 family is applicable
2025-10-10 23:08:24,511 [INFO] Rule:233 - rule UART/USART IPParameter rename Prescaler parameter to ClockPrescaler is applicable
2025-10-10 23:08:24,511 [INFO] Rule:233 - rule UART/USART Prescaler rename Prescaler parameter to ClockPrescaler is applicable
2025-10-10 23:08:24,511 [INFO] Rule:233 - rule TIM1CLockSelection is applicable
2025-10-10 23:08:24,511 [INFO] Rule:233 - rule TIM15CLockSelection is applicable
2025-10-10 23:08:24,511 [INFO] Rule:233 - rule align RCC SDMMC3CLockSelection default value on MP1 is applicable
2025-10-10 23:08:24,511 [INFO] Rule:233 - rule align RCC SDMMC12CLockSelection default value on MP1 is applicable
2025-10-10 23:08:24,511 [INFO] Rule:233 - rule align RCC QSPICLockSelection default value on MP1 is applicable
2025-10-10 23:08:24,511 [INFO] Rule:233 - rule align RCC QSPICLockSelection default value on MP1 is applicable
2025-10-10 23:08:24,511 [INFO] Rule:233 - rule align RCC SPI6CLockSelection default value on MP1 is applicable
2025-10-10 23:08:24,511 [INFO] Rule:233 - rule align RCC LPTIM23CLockSelection default value on MP1 is applicable
2025-10-10 23:08:24,511 [INFO] Rule:233 - rule align RCC LPTIM1CLockSelection default value on MP1 is applicable
2025-10-10 23:08:24,511 [INFO] Rule:233 - rule align RCC USART1CLockSelection default value on MP1 is applicable
2025-10-10 23:08:24,511 [INFO] Rule:233 - rule align RCC USART24CLockSelection default value on MP1 is applicable
2025-10-10 23:08:24,511 [INFO] Rule:233 - rule align RCC USART6CLockSelection default value on MP1 is applicable
2025-10-10 23:08:24,511 [INFO] Rule:233 - rule align RCC UART78CLockSelection default value on MP1 is applicable
2025-10-10 23:08:24,511 [INFO] Rule:233 - rule align RCC USART35CLockSelection default value on MP1 is applicable
2025-10-10 23:08:24,511 [INFO] Rule:233 - rule align RCC SPI45CLockSelection default value on MP1 is applicable
2025-10-10 23:08:24,511 [INFO] Rule:233 - rule align RCC I2C46CLockSelection BCLK value on MP1 is applicable
2025-10-10 23:08:24,511 [INFO] Rule:233 - rule align RCC SPI45CLockSelection default value on MP1 is applicable
2025-10-10 23:08:24,511 [INFO] Rule:233 - rule align RCC I2C12CLockSelection default value on MP1 is applicable
2025-10-10 23:08:24,511 [INFO] Rule:233 - rule align RCC I2C35CLockSelection default value on MP1 is applicable
2025-10-10 23:08:24,511 [INFO] Rule:233 - rule align RCC LPTIM45CLockSelection default value on MP1 is applicable
2025-10-10 23:08:24,511 [INFO] Rule:233 - rule Rename DCMI PIXCK signal is applicable
2025-10-10 23:08:24,511 [INFO] Rule:233 - rule Change Default Value for I2C46CLockSelection MP1 family is applicable
2025-10-10 23:08:24,511 [INFO] Rule:233 - rule Change Default Value for UART for G4, G0 and WB families is applicable
2025-10-10 23:08:24,511 [INFO] Rule:233 - rule Change Default Value for USART for G4, G0 and WB families is applicable
2025-10-10 23:08:24,511 [INFO] Rule:233 - rule Change Default Value for USART for G4 family is applicable
2025-10-10 23:08:24,511 [INFO] Rule:233 - rule Change USART1CLockSelection refparam name for MP1 is applicable
2025-10-10 23:08:24,511 [INFO] Rule:233 - rule Change USART2CLockSelection refparam name for MP1 is applicable
2025-10-10 23:08:24,511 [INFO] Rule:233 - rule Change USART3CLockSelection refparam name for MP1 is applicable
2025-10-10 23:08:24,511 [INFO] Rule:233 - rule Change UART4CLockSelection refparam name for MP1 is applicable
2025-10-10 23:08:24,511 [INFO] Rule:233 - rule Change UART5CLockSelection refparam name for MP1 is applicable
2025-10-10 23:08:24,511 [INFO] Rule:233 - rule Change LPUART1CLockSelection refparam name for MP1 is applicable
2025-10-10 23:08:24,511 [INFO] Rule:233 - rule Change LPTIM1CLockSelection refparam name for MP1 is applicable
2025-10-10 23:08:24,511 [INFO] Rule:233 - rule Change LPTIM2CLockSelection refparam name for MP1 is applicable
2025-10-10 23:08:24,512 [INFO] Rule:233 - rule Change RCC_MCO1Source refparam name for MP1 is applicable
2025-10-10 23:08:24,512 [INFO] Rule:233 - rule Change LSCOSource1 refparam name for MP1 is applicable
2025-10-10 23:08:24,512 [INFO] Rule:233 - rule Change SMPSCLockSelection refparam name for MP1 is applicable
2025-10-10 23:08:24,512 [INFO] Rule:233 - rule Change LPTIM3CLockSelection refparam name for MP1 is applicable
2025-10-10 23:08:24,512 [INFO] Rule:233 - rule Change MPCBB* Default Template Mode to Parameters is applicable
2025-10-10 23:08:24,512 [INFO] Rule:233 - rule Change MPCWM* or MPCBB* Secure Mode to Parameters is applicable
2025-10-10 23:08:24,512 [INFO] Rule:233 - rule Change MPCWM* or MPCBB* No Secure Mode to Parameters is applicable
2025-10-10 23:08:24,512 [INFO] Rule:233 - rule Change TZSC IP Secure Mode to Parameters is applicable
2025-10-10 23:08:24,512 [INFO] Rule:233 - rule Change TZSC IP No Secure Mode to Parameters is applicable
2025-10-10 23:08:24,512 [INFO] Rule:233 - rule Change TZSC IP Privilege Mode to Parameters is applicable
2025-10-10 23:08:24,512 [INFO] Rule:233 - rule Change TZSC IP No Privilege Mode to Parameters is applicable
2025-10-10 23:08:24,512 [INFO] Rule:233 - rule Change TZIC IT Secure Mode to Parameters is applicable
2025-10-10 23:08:24,512 [INFO] Rule:233 - rule Change TZIC IT No Secure Mode to Parameters is applicable
2025-10-10 23:08:24,512 [INFO] Rule:233 - rule Add MPCBB1_NonSecureArea_Start_Address value with referenced to MPCBB1_NonSecureArea_Start value is applicable
2025-10-10 23:08:24,512 [INFO] Rule:233 - rule Add MPCBB2_NonSecureArea_Start_Address value with referenced to MPCBB2_NonSecureArea_Start value is applicable
2025-10-10 23:08:24,512 [INFO] Rule:233 - rule Add MPCWM1_NonSecureArea*_Start_Address value with referenced to MPCWM1_NonSecureArea*_Start value is applicable
2025-10-10 23:08:24,512 [INFO] Rule:233 - rule Add MPCWM2_NonSecureArea*_Start_Address value with referenced to MPCWM2_NonSecureArea*_Start value is applicable
2025-10-10 23:08:24,512 [INFO] Rule:233 - rule Add MPCWM3_NonSecureArea_Start_Address value with referenced to MPCWM3_NonSecureArea_Start value is applicable
2025-10-10 23:08:24,512 [INFO] Rule:233 - rule Change Default Value for PLL1UserDefinedConfig is applicable
2025-10-10 23:08:24,512 [INFO] Rule:233 - rule Change GPIO_PuPd Default Value for USART in async mode is applicable
2025-10-10 23:08:24,512 [INFO] Rule:233 - rule Change SMPSDivider Default Value is applicable
2025-10-10 23:08:24,512 [INFO] Rule:233 - rule OPAMP is applicable
2025-10-10 23:08:24,512 [INFO] Rule:233 - rule LPUART IPParameter rename Prescaler parameter to ClockPrescaler for STM32H7 is applicable
2025-10-10 23:08:24,512 [INFO] Rule:233 - rule LPUART IPParameter rename Prescaler parameter to ClockPrescaler for STM32H7 is applicable
2025-10-10 23:08:24,512 [INFO] Rule:233 - rule LPUART IPParameter rename Prescaler parameter to ClockPrescaler for STM32WB is applicable
2025-10-10 23:08:24,512 [INFO] Rule:233 - rule LPUART IPParameter rename Prescaler parameter to ClockPrescaler for STM32WB is applicable
2025-10-10 23:08:24,512 [INFO] Rule:233 - rule LPUART IPParameter rename Prescaler parameter to ClockPrescaler for STM32G4 is applicable
2025-10-10 23:08:24,512 [INFO] Rule:233 - rule LPUART IPParameter rename Prescaler parameter to ClockPrescaler for STM32G4 is applicable
2025-10-10 23:08:24,512 [INFO] Rule:233 - rule LPUART IPParameter rename Prescaler parameter to ClockPrescaler for STM32L5 is applicable
2025-10-10 23:08:24,512 [INFO] Rule:233 - rule LPUART IPParameter rename Prescaler parameter to ClockPrescaler for STM32L5 is applicable
2025-10-10 23:08:24,512 [INFO] Rule:233 - rule LPUART IPParameter rename Prescaler parameter to ClockPrescaler for STM32G4 is applicable
2025-10-10 23:08:24,512 [INFO] Rule:233 - rule LPUART IPParameter rename Prescaler parameter to ClockPrescaler for STM32G4 is applicable
2025-10-10 23:08:24,512 [INFO] Rule:233 - rule USB device lib V2.5.3 for L0 rename USBD_SUPPORT_USER_STRING parameter to USBD_SUPPORT_USER_STRING_DESC4 is applicable
2025-10-10 23:08:24,512 [INFO] Rule:233 - rule I2SCLockSelection clock entry align is applicable
2025-10-10 23:08:24,512 [INFO] Rule:233 - rule Assign TIMx context if used as SYS timebase is applicable
2025-10-10 23:08:24,512 [INFO] Rule:233 - rule Change GPIO_Pu Default Value for I2C is applicable
2025-10-10 23:08:24,513 [INFO] Rule:233 - rule Change GPIO_Pu Default Value for SMBus is applicable
2025-10-10 23:08:24,513 [INFO] Rule:233 - rule change FDCAN default value is applicable
2025-10-10 23:08:24,513 [INFO] Rule:233 - rule Change mode sai is applicable
2025-10-10 23:08:24,513 [INFO] Rule:233 - rule **Change sai mode is applicable
2025-10-10 23:08:24,513 [INFO] Rule:233 - rule Rename STM32WPAN CFG_BLE_IRK to CFG_BLE_IR is applicable
2025-10-10 23:08:24,513 [INFO] Rule:233 - rule Rename STM32WPAN CFG_BLE_ERK to CFG_BLE_ER is applicable
2025-10-10 23:08:24,513 [INFO] Rule:233 - rule Rename STM32WPAN CFG_BLE_IRK_HEX to CFG_BLE_IR_HEX is applicable
2025-10-10 23:08:24,513 [INFO] Rule:233 - rule Rename STM32WPAN CFG_BLE_ERK_HEX to CFG_BLE_ER_HEX is applicable
2025-10-10 23:08:24,513 [INFO] Rule:233 - rule Adapt Old IOC before rework replace old CORTEX_M33/CORTEX_M55 attributes by the new one. is applicable
2025-10-10 23:08:24,513 [INFO] Rule:233 - rule Rename parametre of RCC RCC_APBDBG_DIV2 to RCC_TIMPRES_DIV2 is applicable
2025-10-10 23:08:24,513 [INFO] Rule:233 - rule Rename DIE493 pin PA10 [PA12] -> PA10 is applicable
2025-10-10 23:08:24,513 [INFO] Rule:233 - rule Rename DIE493 pin PA9 [PA11] -> PA9 is applicable
2025-10-10 23:08:24,513 [INFO] Rule:233 - rule Rename DIE492 PartNumber CPN STM32WBA5MJGHx -> STM32WBA5MMGHx is applicable
2025-10-10 23:08:24,513 [INFO] Rule:233 - rule Rename DIE492 PartNumber  Name STM32WBA5MJGHx -> STM32WBA5MMGHx is applicable
2025-10-10 23:08:24,513 [INFO] Rule:233 - rule Rename DIE492 PartNumber UserName STM32WBA5MJGHx -> STM32WBA5MMGHx is applicable
2025-10-10 23:08:24,513 [INFO] Rule:233 - rule Rename DIE492 PartNumber DeviceId STM32WBA5MJGHx -> STM32WBA5MMGHx is applicable
2025-10-10 23:08:24,513 [INFO] Rule:233 - rule Adapt Old IOC CSI. is applicable
2025-10-10 23:08:24,513 [INFO] Rule:233 - rule Adapt Old IOC DCMIPP. is applicable
2025-10-10 23:08:24,513 [INFO] Rule:233 - rule Adapt Old IOC DCMIPP Mode Parallel. is applicable
2025-10-10 23:08:24,513 [INFO] Rule:233 - rule Adapt Old IOC LTDC. is applicable
2025-10-10 23:08:24,513 [INFO] Rule:233 - rule Rename STM32MP2 RIF Peripheral LTDC RIF.RISUP.LTDC_L0L1.Privilege -> RIF.RISUP.LTDC_L1L2.Privilege is applicable
2025-10-10 23:08:24,513 [INFO] Rule:233 - rule Rename STM32MP2 RIF Peripheral LTDC RIF.RISUP.LTDC_L0L1.Privilege -> RIF.RISUP.LTDC_L1L2.Privilege is applicable
2025-10-10 23:08:24,513 [INFO] Rule:233 - rule Rename STM32MP2 RIF Peripheral LTDC RIF.RISUP.LTDC_L0L1.Lock -> RIF.RISUP.LTDC_L1L2.Lock is applicable
2025-10-10 23:08:24,513 [INFO] Rule:233 - rule Rename STM32MP2 RIF Peripheral LTDC RIF.RISUP.LTDC_L2.Lock -> RIF.RISUP.LTDC_L3.Lock is applicable
2025-10-10 23:08:24,513 [INFO] Rule:233 - rule Adapt the old IOC example for updating the SYS when it is misconfigured. is applicable
2025-10-10 23:08:24,513 [INFO] Rule:233 - rule Rename STM32C09 Mcu.Package LQFP64 -> LQFP48 is applicable
2025-10-10 23:08:24,513 [INFO] Rule:233 - rule Adapt the old IOC example for updating the SYS when it is misconfigured. is applicable
2025-10-10 23:08:24,513 [INFO] Rule:233 - rule Adapt the old IOC example for updating the SYS when it is misconfigured. is applicable
2025-10-10 23:08:24,538 [INFO] DbConfProperties:307 - Apply Compatibility (54/282 Rules)
2025-10-10 23:08:24,571 [INFO] ImportTextPane:234 - (OptionalMessage_ERROR) Unable to find key (Mcu.ThirdPartyNb) in loaded IOC file
2025-10-10 23:08:24,573 [INFO] ImportTextPane:234 - (OptionalMessage_ERROR) Pin35 (VP_RIF_VS_RIF1) cannot be retrieved for this MCU
2025-10-10 23:08:24,639 [INFO] RtosManager:558 - Registered RTOS mode: class=CMSIS, group=RTOS, mode=CMSIS_V1, owner=FREERTOS
2025-10-10 23:08:24,640 [INFO] RtosManager:558 - Registered RTOS mode: class=CMSIS, group=RTOS2, mode=CMSIS_V2, owner=FREERTOS
2025-10-10 23:08:24,640 [INFO] RtosManager:558 - Registered RTOS mode: class=RTOS, group=Core, mode=CMSIS_V1, owner=FREERTOS
2025-10-10 23:08:24,640 [INFO] RtosManager:558 - Registered RTOS mode: class=RTOS, group=Core, mode=CMSIS_V2, owner=FREERTOS
2025-10-10 23:08:24,640 [WARN] ModelIntegratedComponent:184 - Missing modes for component STMicroelectronics:FreeRTOS:0.0.1:STMicroelectronics:RTOS:FreeRTOS:Core:::10.2.0:
2025-10-10 23:08:24,655 [WARN] ModelIntegratedComponent:63 - No mode defined for component null
2025-10-10 23:08:24,655 [WARN] ModelIntegratedComponent:63 - No mode defined for component null
2025-10-10 23:08:24,655 [WARN] ModelIntegratedComponent:63 - No mode defined for component null
2025-10-10 23:08:24,655 [WARN] ModelIntegratedComponent:63 - No mode defined for component null
2025-10-10 23:08:24,655 [WARN] ModelIntegratedComponent:63 - No mode defined for component null
2025-10-10 23:08:24,655 [WARN] ModelIntegratedComponent:63 - No mode defined for component null
2025-10-10 23:08:24,655 [WARN] ModelIntegratedComponent:63 - No mode defined for component null
2025-10-10 23:08:24,656 [WARN] ModelIntegratedComponent:63 - No mode defined for component null
2025-10-10 23:08:24,656 [WARN] ModelIntegratedComponent:63 - No mode defined for component null
2025-10-10 23:08:24,656 [WARN] ModelIntegratedComponent:63 - No mode defined for component null
2025-10-10 23:08:24,656 [WARN] ModelIntegratedComponent:63 - No mode defined for component null
2025-10-10 23:08:24,656 [WARN] ModelIntegratedComponent:63 - No mode defined for component null
2025-10-10 23:08:24,656 [WARN] ModelIntegratedComponent:63 - No mode defined for component null
2025-10-10 23:08:24,656 [WARN] ModelIntegratedComponent:63 - No mode defined for component null
2025-10-10 23:08:24,656 [WARN] ModelIntegratedComponent:63 - No mode defined for component null
2025-10-10 23:08:24,656 [WARN] ModelIntegratedComponent:63 - No mode defined for component null
2025-10-10 23:08:24,656 [WARN] ModelIntegratedComponent:63 - No mode defined for component null
2025-10-10 23:08:24,656 [WARN] ModelIntegratedComponent:63 - No mode defined for component null
2025-10-10 23:08:24,656 [WARN] ModelIntegratedComponent:63 - No mode defined for component null
2025-10-10 23:08:24,656 [WARN] ModelIntegratedComponent:63 - No mode defined for component null
2025-10-10 23:08:24,656 [WARN] ModelIntegratedComponent:63 - No mode defined for component null
2025-10-10 23:08:24,656 [WARN] ModelIntegratedComponent:63 - No mode defined for component null
2025-10-10 23:08:24,656 [WARN] ModelIntegratedComponent:63 - No mode defined for component null
2025-10-10 23:08:24,656 [WARN] ModelIntegratedComponent:63 - No mode defined for component null
2025-10-10 23:08:24,656 [WARN] ModelIntegratedComponent:63 - No mode defined for component null
2025-10-10 23:08:24,656 [WARN] ModelIntegratedComponent:63 - No mode defined for component null
2025-10-10 23:08:24,656 [WARN] ModelIntegratedComponent:63 - No mode defined for component null
2025-10-10 23:08:24,656 [WARN] ModelIntegratedComponent:63 - No mode defined for component null
2025-10-10 23:08:24,656 [WARN] ModelIntegratedComponent:63 - No mode defined for component null
2025-10-10 23:08:24,656 [WARN] ModelIntegratedComponent:63 - No mode defined for component null
2025-10-10 23:08:24,656 [WARN] ModelIntegratedComponent:63 - No mode defined for component null
2025-10-10 23:08:24,656 [WARN] ModelIntegratedComponent:63 - No mode defined for component null
2025-10-10 23:08:24,656 [WARN] ModelIntegratedComponent:63 - No mode defined for component null
2025-10-10 23:08:24,656 [WARN] ModelIntegratedComponent:63 - No mode defined for component null
2025-10-10 23:08:24,656 [WARN] ModelIntegratedComponent:63 - No mode defined for component null
2025-10-10 23:08:24,656 [WARN] ModelPack:524 - Component already loaded: STMicroelectronics:HAL Drivers:0.0.0:STMicroelectronics:Device:STMicro_Driver:XSPI:HAL::0.0.1:HAL_XSPI
2025-10-10 23:08:24,738 [INFO] ThirdPartyModel:298 - Start build external matchings
2025-10-10 23:08:25,234 [INFO] ThirdPartyModel:316 - End build external matchings
2025-10-10 23:08:25,247 [INFO] ImportTextPane:234 - (OptionalMessage_ERROR) IP (RCC) : Parameter (RTCHSEDivFreq_Value) has invalid value (4000000)
2025-10-10 23:08:25,379 [INFO] UtilMem:75 - End LoadConfig() Used Memory: 828769704 Bytes (1073741824)
2025-10-10 23:08:25,502 [WARN] ThirdParty:833 - waiting for thirdparty lock release [change project]
2025-10-10 23:08:25,503 [INFO] ThirdParty:835 - entering critical section [change project]
2025-10-10 23:08:25,503 [INFO] ThirdParty:1030 - CMSIS Pack Vendor :STMicroelectronics X-CUBE-PM33A1 1.0.0
2025-10-10 23:08:25,503 [INFO] ThirdParty:1030 - CMSIS Pack Vendor :STMicroelectronics USBPD 4.1
2025-10-10 23:08:25,503 [INFO] ThirdParty:1030 - CMSIS Pack Vendor :STMicroelectronics X-CUBE-NFC9 1.0.0
2025-10-10 23:08:25,503 [INFO] ThirdParty:1030 - CMSIS Pack Vendor :STMicroelectronics USB_HOST 2.0.0
2025-10-10 23:08:25,503 [INFO] ThirdParty:1030 - CMSIS Pack Vendor :STMicroelectronics FP-SNS-MOTENVWB1 1.4.0
2025-10-10 23:08:25,503 [INFO] ThirdParty:1030 - CMSIS Pack Vendor :STMicroelectronics X-CUBE-AZRTOS-F4 1.1.0
2025-10-10 23:08:25,503 [INFO] ThirdParty:1030 - CMSIS Pack Vendor :STMicroelectronics LIBJPEG 8.0.0
2025-10-10 23:08:25,503 [INFO] ThirdParty:1030 - CMSIS Pack Vendor :STMicroelectronics FP-ATR-ASTRA1 2.0.2
2025-10-10 23:08:25,503 [INFO] ThirdParty:1030 - CMSIS Pack Vendor :wolfSSL I-CUBE-wolfSSL 5.8.2
2025-10-10 23:08:25,503 [INFO] ThirdParty:1030 - CMSIS Pack Vendor :STMicroelectronics X-CUBE-BLE1 7.1.0
2025-10-10 23:08:25,503 [INFO] ThirdParty:1030 - CMSIS Pack Vendor :Avnet-IotConnect X-CUBE-IoTC-DA16k-PMOD 1.0.0
2025-10-10 23:08:25,503 [INFO] ThirdParty:1030 - CMSIS Pack Vendor :STMicroelectronics X-CUBE-SMBUS 2.1.0
2025-10-10 23:08:25,503 [INFO] ThirdParty:1030 - CMSIS Pack Vendor :wolfSSL I-CUBE-wolfMQTT 1.19.2
2025-10-10 23:08:25,503 [INFO] ThirdParty:1030 - CMSIS Pack Vendor :STMicroelectronics USB_DEVICE 3.0.0
2025-10-10 23:08:25,503 [INFO] ThirdParty:1030 - CMSIS Pack Vendor :STMicroelectronics X-CUBE-ISPU 2.1.0
2025-10-10 23:08:25,503 [INFO] ThirdParty:1030 - CMSIS Pack Vendor :STMicroelectronics X-CUBE-EEPRMA1 5.2.0
2025-10-10 23:08:25,503 [INFO] ThirdParty:1030 - CMSIS Pack Vendor :STMicroelectronics X-CUBE-BLEMGR 4.1.0
2025-10-10 23:08:25,503 [INFO] ThirdParty:1030 - CMSIS Pack Vendor :STMicroelectronics X-CUBE-AZRTOS-WB 2.0.0
2025-10-10 23:08:25,503 [INFO] ThirdParty:1030 - CMSIS Pack Vendor :STMicroelectronics X-CUBE-ST60 1.0.0
2025-10-10 23:08:25,503 [INFO] ThirdParty:1030 - CMSIS Pack Vendor :STMicroelectronics X-CUBE-GNSS1 7.0.1
2025-10-10 23:08:25,503 [INFO] ThirdParty:1030 - CMSIS Pack Vendor :STMicroelectronics X-CUBE-NFC12 1.0.0
2025-10-10 23:08:25,503 [INFO] ThirdParty:1030 - CMSIS Pack Vendor :STMicroelectronics X-CUBE-AZRTOS-F7 1.1.0
2025-10-10 23:08:25,503 [INFO] ThirdParty:1030 - CMSIS Pack Vendor :STMicroelectronics X-CUBE-AZRTOS-L5 2.0.0
2025-10-10 23:08:25,503 [INFO] ThirdParty:1030 - CMSIS Pack Vendor :STMicroelectronics X-CUBE-TOUCHGFX 4.25.0
2025-10-10 23:08:25,503 [INFO] ThirdParty:1030 - CMSIS Pack Vendor :STMicroelectronics USB_DEVICE 2.0.0
2025-10-10 23:08:25,503 [INFO] ThirdParty:1030 - CMSIS Pack Vendor :STMicroelectronics X-CUBE-NFC6 3.1.0
2025-10-10 23:08:25,503 [INFO] ThirdParty:1030 - CMSIS Pack Vendor :quantropi X-CUBE-qispace-sdk-base 2.1.0
2025-10-10 23:08:25,503 [INFO] ThirdParty:1030 - CMSIS Pack Vendor :STMicroelectronics FreeRTOS 0.0.1
2025-10-10 23:08:25,503 [INFO] ThirdParty:1030 - CMSIS Pack Vendor :STMicroelectronics X-CUBE-AZRTOS-G0 1.1.0
2025-10-10 23:08:25,503 [INFO] ThirdParty:1030 - CMSIS Pack Vendor :STMicroelectronics X-CUBE-SAFEA1 1.2.2
2025-10-10 23:08:25,503 [INFO] ThirdParty:1030 - CMSIS Pack Vendor :STMicroelectronics X-CUBE-NFC4 3.0.0
2025-10-10 23:08:25,503 [INFO] ThirdParty:1030 - CMSIS Pack Vendor :STMicroelectronics X-CUBE-SUBG2 5.0.0
2025-10-10 23:08:25,503 [INFO] ThirdParty:1030 - CMSIS Pack Vendor :STMicroelectronics X-CUBE-AZRTOS-H7RS 1.1.0
2025-10-10 23:08:25,503 [INFO] ThirdParty:1030 - CMSIS Pack Vendor :STMicroelectronics STM32_WPAN 1.0.0
2025-10-10 23:08:25,503 [INFO] ThirdParty:1030 - CMSIS Pack Vendor :EmbeddedOffice I-CUBE-FS-RTOS 1.0.1
2025-10-10 23:08:25,503 [INFO] ThirdParty:1030 - CMSIS Pack Vendor :STMicroelectronics lwIP 2.0.3
2025-10-10 23:08:25,503 [INFO] ThirdParty:1030 - CMSIS Pack Vendor :WES I-CUBE-Cesium 1.4.0
2025-10-10 23:08:25,503 [INFO] ThirdParty:1030 - CMSIS Pack Vendor :Cesanta I-CUBE-Mongoose 7.13.0
2025-10-10 23:08:25,503 [INFO] ThirdParty:1030 - CMSIS Pack Vendor :STMicroelectronics USB_HOST 1.0.0
2025-10-10 23:08:25,503 [INFO] ThirdParty:1030 - CMSIS Pack Vendor :Infineon AIROC-Wi-Fi-Bluetooth-STM32 1.7.1
2025-10-10 23:08:25,503 [INFO] ThirdParty:1030 - CMSIS Pack Vendor :STMicroelectronics X-CUBE-AZRTOS-G4 2.0.0
2025-10-10 23:08:25,503 [INFO] ThirdParty:1030 - CMSIS Pack Vendor :STMicroelectronics X-CUBE-WB05N 2.0.0
2025-10-10 23:08:25,503 [INFO] ThirdParty:1030 - CMSIS Pack Vendor :STMicroelectronics PDM2PCM 3.1.0
2025-10-10 23:08:25,503 [INFO] ThirdParty:1030 - CMSIS Pack Vendor :STMicroelectronics PDM2PCM 3.3.0
2025-10-10 23:08:25,503 [INFO] ThirdParty:1030 - CMSIS Pack Vendor :wolfSSL I-CUBE-wolfTPM 3.8.0
2025-10-10 23:08:25,503 [INFO] ThirdParty:1030 - CMSIS Pack Vendor :STMicroelectronics X-CUBE-AZRTOS-H7 3.4.0
2025-10-10 23:08:25,503 [INFO] ThirdParty:1030 - CMSIS Pack Vendor :STMicroelectronics X-CUBE-DISPLAY 3.0.0
2025-10-10 23:08:25,503 [INFO] ThirdParty:1030 - CMSIS Pack Vendor :wolfSSL I-CUBE-wolfSSH 1.4.20
2025-10-10 23:08:25,503 [INFO] ThirdParty:1030 - CMSIS Pack Vendor :STMicroelectronics X-CUBE-NFC7 2.0.0
2025-10-10 23:08:25,503 [INFO] ThirdParty:1030 - CMSIS Pack Vendor :STMicroelectronics X-CUBE-TCPP 4.2.0
2025-10-10 23:08:25,503 [INFO] ThirdParty:1030 - CMSIS Pack Vendor :RealThread X-CUBE-RT-Thread_Nano 4.1.1
2025-10-10 23:08:25,503 [INFO] ThirdParty:1030 - CMSIS Pack Vendor :STMicroelectronics FP-ATR-SIGFOX1 3.2.0
2025-10-10 23:08:25,503 [INFO] ThirdParty:1030 - CMSIS Pack Vendor :STMicroelectronics X-CUBE-NFC10 1.0.0
2025-10-10 23:08:25,503 [INFO] ThirdParty:1030 - CMSIS Pack Vendor :STMicroelectronics X-CUBE-FREERTOS 1.3.1
2025-10-10 23:08:25,503 [INFO] ThirdParty:1030 - CMSIS Pack Vendor :STMicroelectronics HAL Drivers 0.0.0
2025-10-10 23:08:25,503 [INFO] ThirdParty:1030 - CMSIS Pack Vendor :STMicroelectronics MBEDTLS 2.16.2
2025-10-10 23:08:25,503 [INFO] ThirdParty:1030 - CMSIS Pack Vendor :STMicroelectronics X-CUBE-IPS 3.1.0
2025-10-10 23:08:25,503 [INFO] ThirdParty:1030 - CMSIS Pack Vendor :STMicroelectronics X-CUBE-ALS 1.0.2
2025-10-10 23:08:25,503 [INFO] ThirdParty:1030 - CMSIS Pack Vendor :emotas I-CUBE-CANOPEN 1.3.0
2025-10-10 23:08:25,503 [INFO] ThirdParty:1030 - CMSIS Pack Vendor :STMicroelectronics MBEDTLS 2.14.1
2025-10-10 23:08:25,504 [INFO] ThirdParty:1030 - CMSIS Pack Vendor :ITTIA_DB I-CUBE-ITTIADB 8.9.0
2025-10-10 23:08:25,504 [INFO] ThirdParty:1030 - CMSIS Pack Vendor :STMicroelectronics X-CUBE-TOUCHGFX 4.26.0
2025-10-10 23:08:25,504 [INFO] ThirdParty:1030 - CMSIS Pack Vendor :STMicroelectronics X-CUBE-STSE01 1.0.0
2025-10-10 23:08:25,504 [INFO] ThirdParty:1030 - CMSIS Pack Vendor :STMicroelectronics X-CUBE-ST67W61 1.0.0
2025-10-10 23:08:25,504 [INFO] ThirdParty:1030 - CMSIS Pack Vendor :STMicroelectronics FP-SNS-STBOX1 2.1.0
2025-10-10 23:08:25,504 [INFO] ThirdParty:1030 - CMSIS Pack Vendor :STMicroelectronics X-CUBE-AI 10.2.0
2025-10-10 23:08:25,504 [INFO] ThirdParty:1030 - CMSIS Pack Vendor :STMicroelectronics FP-SNS-STAIOTCFT 1.0.0
2025-10-10 23:08:25,504 [INFO] ThirdParty:1030 - CMSIS Pack Vendor :STMicroelectronics ThreadX 1.0.0
2025-10-10 23:08:25,504 [INFO] ThirdParty:1030 - CMSIS Pack Vendor :STMicroelectronics FP-SNS-SMARTAG2 1.2.0
2025-10-10 23:08:25,504 [INFO] ThirdParty:1030 - CMSIS Pack Vendor :STMicroelectronics FP-SNS-FLIGHT1 5.1.0
2025-10-10 23:08:25,504 [INFO] ThirdParty:1030 - CMSIS Pack Vendor :STMicroelectronics X-CUBE-AZRTOS-WL 2.0.0
2025-10-10 23:08:25,504 [INFO] ThirdParty:1030 - CMSIS Pack Vendor :SEGGER I-CUBE-embOS 1.3.1
2025-10-10 23:08:25,504 [INFO] ThirdParty:1030 - CMSIS Pack Vendor :STMicroelectronics X-CUBE-ALGOBUILD 1.4.0
2025-10-10 23:08:25,504 [INFO] ThirdParty:1030 - CMSIS Pack Vendor :STMicroelectronics X-CUBE-DPower 1.3.0
2025-10-10 23:08:25,504 [INFO] ThirdParty:1030 - CMSIS Pack Vendor :STMicroelectronics X-CUBE-MEMS1 11.3.0
2025-10-10 23:08:25,504 [INFO] ThirdParty:1030 - CMSIS Pack Vendor :STMicroelectronics FP-SNS-MOTENV1 5.0.0
2025-10-10 23:08:25,504 [INFO] ThirdParty:1030 - CMSIS Pack Vendor :STMicroelectronics USB_DEVICE 1.0.0
2025-10-10 23:08:25,504 [INFO] ThirdParty:1030 - CMSIS Pack Vendor :STMicroelectronics X-CUBE-AZRTOS-L4 2.0.0
2025-10-10 23:08:25,504 [INFO] ThirdParty:1030 - CMSIS Pack Vendor :STMicroelectronics ThreadX 0.0.2
2025-10-10 23:08:25,504 [INFO] ThirdParty:1030 - CMSIS Pack Vendor :STMicroelectronics lwIP 2.1.2
2025-10-10 23:08:25,504 [INFO] ThirdParty:1030 - CMSIS Pack Vendor :STMicroelectronics X-CUBE-SFXS2LP1 4.0.0
2025-10-10 23:08:25,504 [INFO] ThirdParty:1030 - CMSIS Pack Vendor :STMicroelectronics X-CUBE-BLE2 3.3.0
2025-10-10 23:08:25,504 [INFO] ThirdParty:1030 - CMSIS Pack Vendor :STMicroelectronics X-CUBE-TOF1 3.4.3
2025-10-10 23:08:25,504 [INFO] ThirdParty:1030 - CMSIS Pack Vendor :STMicroelectronics PDM2PCM 3.2.0
2025-10-10 23:08:25,504 [INFO] ThirdParty:841 - exiting critical section [change project]
2025-10-10 23:08:25,823 [INFO] PinOutPanel:1589 - setPackage(No Configuration,No Configuration)
2025-10-10 23:08:25,824 [INFO] PinOutPanel:1589 - setPackage(STM32F407VGTx,LQFP100)
2025-10-10 23:08:26,058 [INFO] UtilMem:75 - Before build in PCC Used Memory: 892462864 Bytes (1073741824)
2025-10-10 23:08:26,432 [INFO] UtilMem:75 - After build in PCC Used Memory: 829485376 Bytes (1073741824)
2025-10-10 23:08:26,471 [INFO] ApiDbMcu:532 - Load IP Config File for USB_HOST
2025-10-10 23:08:26,473 [WARN] BspModel:444 - BSP dependency skipped because of component: name='IOExpander', api='Unknown'
2025-10-10 23:08:26,501 [INFO] IPUIPlugin:80 - create IPUIPlugin
2025-10-10 23:08:26,502 [INFO] IPUIPlugin:80 - create IPUIPlugin
2025-10-10 23:08:26,502 [INFO] IPUIPlugin:80 - create IPUIPlugin
2025-10-10 23:08:26,502 [INFO] IPUIPlugin:80 - create IPUIPlugin
2025-10-10 23:08:26,502 [INFO] IPUIPlugin:80 - create IPUIPlugin
2025-10-10 23:08:26,502 [INFO] IPUIPlugin:80 - create IPUIPlugin
2025-10-10 23:08:26,502 [INFO] IPUIPlugin:80 - create IPUIPlugin
2025-10-10 23:08:26,502 [INFO] IPUIPlugin:80 - create IPUIPlugin
2025-10-10 23:08:26,502 [INFO] IPUIPlugin:80 - create IPUIPlugin
2025-10-10 23:08:26,502 [INFO] IPUIPlugin:80 - create IPUIPlugin
2025-10-10 23:08:26,502 [INFO] IPUIPlugin:80 - create IPUIPlugin
2025-10-10 23:08:26,502 [INFO] IPUIPlugin:80 - create IPUIPlugin
2025-10-10 23:08:26,502 [INFO] IPUIPlugin:80 - create IPUIPlugin
2025-10-10 23:08:26,502 [INFO] IPUIPlugin:80 - create IPUIPlugin
2025-10-10 23:08:26,503 [INFO] IPUIPlugin:80 - create IPUIPlugin
2025-10-10 23:08:26,503 [INFO] IPUIPlugin:80 - create IPUIPlugin
2025-10-10 23:08:26,503 [INFO] IPUIPlugin:80 - create IPUIPlugin
2025-10-10 23:08:26,503 [INFO] IPUIPlugin:80 - create IPUIPlugin
2025-10-10 23:08:26,503 [INFO] IPUIPlugin:80 - create IPUIPlugin
2025-10-10 23:08:26,503 [INFO] IPUIPlugin:80 - create IPUIPlugin
2025-10-10 23:08:26,504 [INFO] IPUIPlugin:80 - create IPUIPlugin
2025-10-10 23:08:26,504 [INFO] IPUIPlugin:80 - create IPUIPlugin
2025-10-10 23:08:26,504 [INFO] IPUIPlugin:80 - create IPUIPlugin
2025-10-10 23:08:26,504 [INFO] IPUIPlugin:80 - create IPUIPlugin
2025-10-10 23:08:26,504 [INFO] IPUIPlugin:80 - create IPUIPlugin
2025-10-10 23:08:26,504 [INFO] IPUIPlugin:80 - create IPUIPlugin
2025-10-10 23:08:26,504 [INFO] IPUIPlugin:80 - create IPUIPlugin
2025-10-10 23:08:26,504 [INFO] IPUIPlugin:80 - create IPUIPlugin
2025-10-10 23:08:26,504 [INFO] IPUIPlugin:80 - create IPUIPlugin
2025-10-10 23:08:26,504 [INFO] IPUIPlugin:80 - create IPUIPlugin
2025-10-10 23:08:26,504 [INFO] IPUIPlugin:80 - create IPUIPlugin
2025-10-10 23:08:26,505 [INFO] IPUIPlugin:80 - create IPUIPlugin
2025-10-10 23:08:26,505 [INFO] IPUIPlugin:80 - create IPUIPlugin
2025-10-10 23:08:26,505 [INFO] IPUIPlugin:80 - create IPUIPlugin
2025-10-10 23:08:26,505 [INFO] IPUIPlugin:80 - create IPUIPlugin
2025-10-10 23:08:26,505 [INFO] IPUIPlugin:80 - create IPUIPlugin
2025-10-10 23:08:26,505 [INFO] IPUIPlugin:80 - create IPUIPlugin
2025-10-10 23:08:26,505 [INFO] IPUIPlugin:80 - create IPUIPlugin
2025-10-10 23:08:26,505 [INFO] IPUIPlugin:80 - create IPUIPlugin
2025-10-10 23:08:26,505 [INFO] IPUIPlugin:80 - create IPUIPlugin
2025-10-10 23:08:26,505 [INFO] IPUIPlugin:80 - create IPUIPlugin
2025-10-10 23:08:26,505 [INFO] IPUIPlugin:80 - create IPUIPlugin
2025-10-10 23:08:26,505 [INFO] IPUIPlugin:80 - create IPUIPlugin
2025-10-10 23:08:26,505 [INFO] IPUIPlugin:80 - create IPUIPlugin
2025-10-10 23:08:26,505 [INFO] IPUIPlugin:80 - create IPUIPlugin
2025-10-10 23:08:26,505 [INFO] IPUIPlugin:80 - create IPUIPlugin
2025-10-10 23:08:26,505 [INFO] IPUIPlugin:80 - create IPUIPlugin
2025-10-10 23:08:26,505 [INFO] IPUIPlugin:80 - create IPUIPlugin
2025-10-10 23:08:26,505 [INFO] IPUIPlugin:80 - create IPUIPlugin
2025-10-10 23:08:26,505 [INFO] IPUIPlugin:80 - create IPUIPlugin
2025-10-10 23:08:26,506 [INFO] IPUIPlugin:80 - create IPUIPlugin
2025-10-10 23:08:26,506 [INFO] IPUIPlugin:80 - create IPUIPlugin
2025-10-10 23:08:26,506 [INFO] IPUIPlugin:80 - create IPUIPlugin
2025-10-10 23:08:26,506 [INFO] IPUIPlugin:80 - create IPUIPlugin
2025-10-10 23:08:26,506 [INFO] IPUIPlugin:80 - create IPUIPlugin
2025-10-10 23:08:26,507 [INFO] IPUIPlugin:80 - create IPUIPlugin
2025-10-10 23:08:26,507 [INFO] IPUIPlugin:80 - create IPUIPlugin
2025-10-10 23:08:26,507 [INFO] IPUIPlugin:80 - create IPUIPlugin
2025-10-10 23:08:26,511 [INFO] ApiDbMcu:532 - Load IP Config File for PDM2PCM
2025-10-10 23:08:26,515 [WARN] IP:2250 - I2C_Coeff_DF not found: check if there is a RefParameter without a condition.
2025-10-10 23:08:26,515 [WARN] IP:2250 - Analog_Filter not found: check if there is a RefParameter without a condition.
2025-10-10 23:08:26,521 [INFO] I2sManager:658 - 9.6E7
2025-10-10 23:08:26,521 [INFO] I2sManager:195 - I2S Clock Value : 9.6E7
2025-10-10 23:08:26,521 [INFO] I2sManager:553 - AudioClock : 93750Divider : 2Odd : 0
2025-10-10 23:08:26,617 [INFO] CADModel:165 - CPN selected for project levelSTM32F407VGT6
2025-10-10 23:08:26,617 [INFO] CADModel:114 - Register for checkConnection events
2025-10-10 23:08:26,674 [INFO] OpenFileManager:386 - Restore cursor
2025-10-10 23:08:26,796 [WARN] IP:2250 - I2C_Coeff_DF not found: check if there is a RefParameter without a condition.
2025-10-10 23:08:26,796 [WARN] IP:2250 - Analog_Filter not found: check if there is a RefParameter without a condition.
2025-10-10 23:08:26,796 [WARN] IP:2250 - I2C_Coeff_DF not found: check if there is a RefParameter without a condition.
2025-10-10 23:08:26,796 [WARN] IP:2250 - Analog_Filter not found: check if there is a RefParameter without a condition.
2025-10-10 23:08:27,001 [INFO] UtilMem:75 - End SaveConfig() Used Memory: 835343392 Bytes (1073741824)
2025-10-10 23:08:27,057 [INFO] UtilMem:75 - End SaveConfig() Used Memory: 857363488 Bytes (1073741824)
2025-10-10 23:08:27,376 [INFO] BlockDiagram:2775 - set Specific Code input for plugin: SPI
2025-10-10 23:08:27,376 [INFO] BlockDiagram:2775 - set Specific Code input for plugin: I2S
2025-10-10 23:08:27,376 [INFO] BlockDiagram:2775 - set Specific Code input for plugin: SYS
2025-10-10 23:08:27,376 [INFO] BlockDiagram:2775 - set Specific Code input for plugin: RCC
2025-10-10 23:08:27,376 [INFO] BlockDiagram:2775 - set Specific Code input for plugin: I2C
2025-10-10 23:08:27,376 [INFO] BlockDiagram:2775 - set Specific Code input for plugin: USB_OTG_FS
2025-10-10 23:08:27,376 [INFO] BlockDiagram:2775 - set Specific Code input for plugin: NVIC
2025-10-10 23:08:27,376 [INFO] BlockDiagram:2775 - set Specific Code input for plugin: USB_HOST
2025-10-10 23:08:27,377 [INFO] BlockDiagram:2775 - set Specific Code input for plugin: GPIO
2025-10-10 23:08:27,377 [INFO] CodeGenerator:892 - code generatio: config db path: /opt/st/stm32cubeide_1.19.0/plugins/com.st.stm32cube.common.mx_6.15.0.202507011659//db/
2025-10-10 23:08:27,380 [WARN] IP:2250 - I2C_Coeff_DF not found: check if there is a RefParameter without a condition.
2025-10-10 23:08:27,380 [WARN] IP:2250 - Analog_Filter not found: check if there is a RefParameter without a condition.
2025-10-10 23:08:27,540 [INFO] CodeEngine:265 - oldGeneratedFile, /home/oleksii/STM32CubeIDE/workspace_1.19.0/workspace_embedded/Lab1/MXTmpFiles/license.tmp_save
2025-10-10 23:08:27,746 [INFO] CodeEngine:289 - Generated code: /home/oleksii/STM32CubeIDE/workspace_1.19.0/workspace_embedded/Lab1/MXTmpFiles/license.tmp
2025-10-10 23:08:27,835 [INFO] CodeEngine:265 - oldGeneratedFile, /home/oleksii/STM32CubeIDE/workspace_1.19.0/workspace_embedded/Lab1/MXTmpFiles/gpio.tmp_save
2025-10-10 23:08:27,963 [INFO] CodeEngine:289 - Generated code: /home/oleksii/STM32CubeIDE/workspace_1.19.0/workspace_embedded/Lab1/MXTmpFiles/gpio.tmp
2025-10-10 23:08:28,027 [WARN] IPConfigManager:3238 - Warning: the RefConfig PWREx_EnableUSBVoltageDetector is not available in your config.xml file
2025-10-10 23:08:28,031 [INFO] CodeEngine:265 - oldGeneratedFile, /home/oleksii/STM32CubeIDE/workspace_1.19.0/workspace_embedded/Lab1/MXTmpFiles/usb_otg_fs_vars.tmp_save
2025-10-10 23:08:28,078 [INFO] CodeEngine:289 - Generated code: /home/oleksii/STM32CubeIDE/workspace_1.19.0/workspace_embedded/Lab1/MXTmpFiles/usb_otg_fs_vars.tmp
2025-10-10 23:08:28,079 [INFO] CodeEngine:265 - oldGeneratedFile, /home/oleksii/STM32CubeIDE/workspace_1.19.0/workspace_embedded/Lab1/MXTmpFiles/usb_otg_fs_inc.tmp_save
2025-10-10 23:08:28,117 [INFO] CodeEngine:289 - Generated code: /home/oleksii/STM32CubeIDE/workspace_1.19.0/workspace_embedded/Lab1/MXTmpFiles/usb_otg_fs_inc.tmp
2025-10-10 23:08:28,118 [INFO] CodeEngine:265 - oldGeneratedFile, /home/oleksii/STM32CubeIDE/workspace_1.19.0/workspace_embedded/Lab1/MXTmpFiles/usb_otg_fs_HalInit.tmp_save
2025-10-10 23:08:28,173 [INFO] CodeEngine:289 - Generated code: /home/oleksii/STM32CubeIDE/workspace_1.19.0/workspace_embedded/Lab1/MXTmpFiles/usb_otg_fs_HalInit.tmp
2025-10-10 23:08:28,174 [INFO] CodeEngine:265 - oldGeneratedFile, /home/oleksii/STM32CubeIDE/workspace_1.19.0/workspace_embedded/Lab1/MXTmpFiles/usb_otg_fs_Msp.tmp_save
2025-10-10 23:08:28,238 [INFO] CodeEngine:289 - Generated code: /home/oleksii/STM32CubeIDE/workspace_1.19.0/workspace_embedded/Lab1/MXTmpFiles/usb_otg_fs_Msp.tmp
2025-10-10 23:08:28,393 [INFO] CodeEngine:265 - oldGeneratedFile, /home/oleksii/STM32CubeIDE/workspace_1.19.0/workspace_embedded/Lab1/USB_HOST/App/usb_host.c_save
2025-10-10 23:08:28,441 [INFO] CodeEngine:289 - Generated code: /home/oleksii/STM32CubeIDE/workspace_1.19.0/workspace_embedded/Lab1/USB_HOST/App/usb_host.c
2025-10-10 23:08:28,442 [INFO] CodeEngine:265 - oldGeneratedFile, /home/oleksii/STM32CubeIDE/workspace_1.19.0/workspace_embedded/Lab1/USB_HOST/App/usb_host.h_save
2025-10-10 23:08:28,495 [INFO] CodeEngine:289 - Generated code: /home/oleksii/STM32CubeIDE/workspace_1.19.0/workspace_embedded/Lab1/USB_HOST/App/usb_host.h
2025-10-10 23:08:28,496 [INFO] CodeEngine:265 - oldGeneratedFile, /home/oleksii/STM32CubeIDE/workspace_1.19.0/workspace_embedded/Lab1/USB_HOST/Target/usbh_conf.h_save
2025-10-10 23:08:28,547 [INFO] CodeEngine:289 - Generated code: /home/oleksii/STM32CubeIDE/workspace_1.19.0/workspace_embedded/Lab1/USB_HOST/Target/usbh_conf.h
2025-10-10 23:08:28,548 [INFO] CodeEngine:265 - oldGeneratedFile, /home/oleksii/STM32CubeIDE/workspace_1.19.0/workspace_embedded/Lab1/USB_HOST/Target/usbh_conf.c_save
2025-10-10 23:08:28,591 [INFO] CodeEngine:289 - Generated code: /home/oleksii/STM32CubeIDE/workspace_1.19.0/workspace_embedded/Lab1/USB_HOST/Target/usbh_conf.c
2025-10-10 23:08:28,592 [INFO] CodeEngine:265 - oldGeneratedFile, /home/oleksii/STM32CubeIDE/workspace_1.19.0/workspace_embedded/Lab1/USB_HOST/Target/usbh_platform.c_save
2025-10-10 23:08:28,632 [INFO] CodeEngine:289 - Generated code: /home/oleksii/STM32CubeIDE/workspace_1.19.0/workspace_embedded/Lab1/USB_HOST/Target/usbh_platform.c
2025-10-10 23:08:28,633 [INFO] CodeEngine:265 - oldGeneratedFile, /home/oleksii/STM32CubeIDE/workspace_1.19.0/workspace_embedded/Lab1/USB_HOST/Target/usbh_platform.h_save
2025-10-10 23:08:28,672 [INFO] CodeEngine:289 - Generated code: /home/oleksii/STM32CubeIDE/workspace_1.19.0/workspace_embedded/Lab1/USB_HOST/Target/usbh_platform.h
2025-10-10 23:08:28,677 [INFO] CodeEngine:265 - oldGeneratedFile, /home/oleksii/STM32CubeIDE/workspace_1.19.0/workspace_embedded/Lab1/Core/Src/stm32f4xx_it.c_save
2025-10-10 23:08:28,739 [INFO] CodeEngine:289 - Generated code: /home/oleksii/STM32CubeIDE/workspace_1.19.0/workspace_embedded/Lab1/Core/Src/stm32f4xx_it.c
2025-10-10 23:08:28,740 [INFO] CodeEngine:265 - oldGeneratedFile, /home/oleksii/STM32CubeIDE/workspace_1.19.0/workspace_embedded/Lab1/Core/Inc/stm32f4xx_it.h_save
2025-10-10 23:08:28,779 [INFO] CodeEngine:289 - Generated code: /home/oleksii/STM32CubeIDE/workspace_1.19.0/workspace_embedded/Lab1/Core/Inc/stm32f4xx_it.h
2025-10-10 23:08:28,785 [INFO] CodeEngine:265 - oldGeneratedFile, /home/oleksii/STM32CubeIDE/workspace_1.19.0/workspace_embedded/Lab1/Core/Src/stm32f4xx_hal_msp.c_save
2025-10-10 23:08:28,854 [INFO] CodeEngine:289 - Generated code: /home/oleksii/STM32CubeIDE/workspace_1.19.0/workspace_embedded/Lab1/Core/Src/stm32f4xx_hal_msp.c
2025-10-10 23:08:28,855 [INFO] CodeEngine:265 - oldGeneratedFile, /home/oleksii/STM32CubeIDE/workspace_1.19.0/workspace_embedded/Lab1/MXTmpFiles/system.tmp_save
2025-10-10 23:08:28,892 [INFO] CodeEngine:289 - Generated code: /home/oleksii/STM32CubeIDE/workspace_1.19.0/workspace_embedded/Lab1/MXTmpFiles/system.tmp
2025-10-10 23:08:28,894 [INFO] CodeEngine:321 - oldGeneratedFile, /home/oleksii/STM32CubeIDE/workspace_1.19.0/workspace_embedded/Lab1/Core/Inc/stm32f4xx_hal_conf.h_save
2025-10-10 23:08:28,936 [INFO] CodeEngine:345 - Generated code: /home/oleksii/STM32CubeIDE/workspace_1.19.0/workspace_embedded/Lab1/Core/Inc/stm32f4xx_hal_conf.h
2025-10-10 23:08:28,958 [INFO] ApiDbMcu:532 - Load IP Config File for I2C1
2025-10-10 23:08:28,959 [INFO] ApiDbMcu:532 - Load IP Config File for I2S3
2025-10-10 23:08:28,960 [INFO] ApiDbMcu:532 - Load IP Config File for SPI1
2025-10-10 23:08:28,962 [INFO] ApiDbMcu:532 - Load IP Config File for RCC
2025-10-10 23:08:28,966 [INFO] CodeEngine:265 - oldGeneratedFile, /home/oleksii/STM32CubeIDE/workspace_1.19.0/workspace_embedded/Lab1/Core/Inc/main.h_save
2025-10-10 23:08:29,019 [INFO] CodeEngine:289 - Generated code: /home/oleksii/STM32CubeIDE/workspace_1.19.0/workspace_embedded/Lab1/Core/Inc/main.h
2025-10-10 23:08:29,020 [INFO] CodeEngine:265 - oldGeneratedFile, /home/oleksii/STM32CubeIDE/workspace_1.19.0/workspace_embedded/Lab1/Core/Src/main.c_save
2025-10-10 23:08:29,095 [INFO] CodeEngine:289 - Generated code: /home/oleksii/STM32CubeIDE/workspace_1.19.0/workspace_embedded/Lab1/Core/Src/main.c
2025-10-10 23:08:29,289 [INFO] ProjectBuilder:3606 - Time for Copy HAL[1] : 36mS.
2025-10-10 23:08:29,293 [INFO] ProjectBuilder:5216 - Project Generator version: 4.7.0-B52
2025-10-10 23:08:29,375 [INFO] ConfigFileManager:1595 - The Die is : DIE413
2025-10-10 23:08:29,377 [INFO] ApiDbMcu:532 - Load IP Config File for FATFS
2025-10-10 23:08:29,379 [INFO] ApiDbMcu:532 - Load IP Config File for FREERTOS
2025-10-10 23:08:29,380 [INFO] ApiDbMcu:532 - Load IP Config File for LIBJPEG
2025-10-10 23:08:29,383 [INFO] ApiDbMcu:532 - Load IP Config File for LWIP
2025-10-10 23:08:29,386 [INFO] ApiDbMcu:532 - Load IP Config File for MBEDTLS
2025-10-10 23:08:29,391 [INFO] ApiDbMcu:532 - Load IP Config File for USB_DEVICE
2025-10-10 23:08:29,621 [INFO] LogOutputStream:77 - [STDOUT_REDIRECT] 
2025-10-10 23:08:30,804 [INFO] ProjectBuilder:5496 - Time for Generating toolchain IDE Files: 1512mS.
2025-10-10 23:08:30,804 [INFO] ProjectBuilder:3463 - Time for Copy CMSIS : 0mS.
2025-10-10 23:08:30,805 [INFO] ProjectBuilder:3463 - Time for Copy CMSIS : 0mS.
2025-10-10 23:08:31,108 [INFO] McuFinderGlobals:76 - Set McuFinderConnectedMode to true
2025-10-10 23:08:31,110 [INFO] ApiDb:448 - Save user favorites file /home/oleksii/.stm32cubeide/favorites.mcus.txt: 0 item(s)
2025-10-10 23:08:31,110 [INFO] ApiDb:452 - User favorites MCUs=[]
2025-10-10 23:08:31,110 [INFO] ApiDb:448 - Save user favorites file /home/oleksii/.stm32cubeide/favorites.boards.txt: 0 item(s)
2025-10-10 23:08:31,110 [INFO] ApiDb:452 - User favorites Boards=[]
2025-10-10 23:09:37,441 [ERROR] LogOutputStream:75 - [STDERR_REDIRECT] 
2025-10-10 23:10:31,303 [INFO] Activator:176 - 


2025-10-10 23:10:31,304 [INFO] Activator:177 - !SESSION log4j initialized
2025-10-10 23:10:32,742 [INFO] LogOutputStream:77 - [STDOUT_REDIRECT] 
2025-10-10 23:10:33,878 [INFO] ApplicationProperties:184 - Using Application install path: /opt/st/stm32cubeide_1.19.0/plugins/com.st.stm32cube.common.mx_6.15.0.202507011659
2025-10-10 23:10:33,886 [INFO] DbMcusXml:78 - Set database path to: /opt/st/stm32cubeide_1.19.0/plugins/com.st.stm32cube.common.mx_6.15.0.202507011659//db//mcu/
2025-10-10 23:10:33,886 [INFO] ApiDb:274 - Set plugin database path to: /opt/st/stm32cubeide_1.19.0/plugins/com.st.stm32cube.common.mx_6.15.0.202507011659//db//plugins/boardmanager/
2025-10-10 23:10:33,886 [WARN] ApiDb:259 - Overriding images path with different value:  => /opt/st/stm32cubeide_1.19.0/plugins/com.st.stm32cube.common.mx_6.15.0.202507011659//db//plugins/mcufinder/images/
2025-10-10 23:10:33,888 [INFO] ApiDb:250 - Set database path to: /home/oleksii/.stmcufinder/plugins/mcufinder//mcu/
2025-10-10 23:10:33,888 [INFO] DbMcusAds:125 - Set database path to: /home/oleksii/.stmcufinder/plugins/mcufinder//mcu/
2025-10-10 23:10:33,889 [INFO] CrossReferenceDbSqlite:203 - Set database path to: /home/oleksii/.stmcufinder/plugins/mcufinder//mcu/cs/
2025-10-10 23:10:33,948 [INFO] RulesReader:64 - Compatibility file has been processed (317 Rules)
2025-10-10 23:10:33,978 [INFO] DbMcusXml:78 - Set database path to: /opt/st/stm32cubeide_1.19.0/plugins/com.st.stm32cube.common.mx_6.15.0.202507011659//db//mcu/
2025-10-10 23:10:33,978 [INFO] ApiDb:274 - Set plugin database path to: /opt/st/stm32cubeide_1.19.0/plugins/com.st.stm32cube.common.mx_6.15.0.202507011659//db//plugins/boardmanager/
2025-10-10 23:10:33,978 [INFO] ApiDb:261 - Set plugin images path to: /opt/st/stm32cubeide_1.19.0/plugins/com.st.stm32cube.common.mx_6.15.0.202507011659//db//plugins/mcufinder/images/
2025-10-10 23:10:33,978 [WARN] DbFile:41 - Overriding database path with different value: /home/oleksii/.stmcufinder/plugins/mcufinder/ => /home/oleksii/.stmcufinder/plugins/mcufinder
2025-10-10 23:10:33,978 [INFO] ApiDb:250 - Set database path to: /home/oleksii/.stmcufinder/plugins/mcufinder//mcu/
2025-10-10 23:10:33,978 [WARN] DbFile:41 - Overriding database path with different value: /home/oleksii/.stmcufinder/plugins/mcufinder/ => /home/oleksii/.stmcufinder/plugins/mcufinder
2025-10-10 23:10:33,978 [INFO] DbMcusAds:125 - Set database path to: /home/oleksii/.stmcufinder/plugins/mcufinder//mcu/
2025-10-10 23:10:33,979 [WARN] DbFile:41 - Overriding database path with different value: /home/oleksii/.stmcufinder/plugins/mcufinder/ => /home/oleksii/.stmcufinder/plugins/mcufinder
2025-10-10 23:10:33,979 [WARN] DbFile:41 - Overriding database path with different value: /home/oleksii/.stmcufinder/plugins/mcufinder/ => /home/oleksii/.stmcufinder/plugins/mcufinder
2025-10-10 23:10:33,979 [INFO] CrossReferenceDbSqlite:203 - Set database path to: /home/oleksii/.stmcufinder/plugins/mcufinder//mcu/cs/
2025-10-10 23:10:34,009 [INFO] MainPanel:274 - HeapMemory: 268435456
2025-10-10 23:10:34,066 [INFO] DbMcusXml:78 - Set database path to: /opt/st/stm32cubeide_1.19.0/plugins/com.st.stm32cube.common.mx_6.15.0.202507011659//db//mcu/
2025-10-10 23:10:34,066 [INFO] ApiDb:274 - Set plugin database path to: /opt/st/stm32cubeide_1.19.0/plugins/com.st.stm32cube.common.mx_6.15.0.202507011659//db//plugins/boardmanager/
2025-10-10 23:10:34,066 [INFO] ApiDb:261 - Set plugin images path to: /opt/st/stm32cubeide_1.19.0/plugins/com.st.stm32cube.common.mx_6.15.0.202507011659//db//plugins/mcufinder/images/
2025-10-10 23:10:34,067 [WARN] DbFile:41 - Overriding database path with different value: /home/oleksii/.stmcufinder/plugins/mcufinder/ => /home/oleksii/.stmcufinder/plugins/mcufinder
2025-10-10 23:10:34,067 [INFO] ApiDb:250 - Set database path to: /home/oleksii/.stmcufinder/plugins/mcufinder//mcu/
2025-10-10 23:10:34,067 [WARN] DbFile:41 - Overriding database path with different value: /home/oleksii/.stmcufinder/plugins/mcufinder/ => /home/oleksii/.stmcufinder/plugins/mcufinder
2025-10-10 23:10:34,067 [INFO] DbMcusAds:125 - Set database path to: /home/oleksii/.stmcufinder/plugins/mcufinder//mcu/
2025-10-10 23:10:34,067 [WARN] DbFile:41 - Overriding database path with different value: /home/oleksii/.stmcufinder/plugins/mcufinder/ => /home/oleksii/.stmcufinder/plugins/mcufinder
2025-10-10 23:10:34,067 [WARN] DbFile:41 - Overriding database path with different value: /home/oleksii/.stmcufinder/plugins/mcufinder/ => /home/oleksii/.stmcufinder/plugins/mcufinder
2025-10-10 23:10:34,067 [INFO] CrossReferenceDbSqlite:203 - Set database path to: /home/oleksii/.stmcufinder/plugins/mcufinder//mcu/cs/
2025-10-10 23:10:34,075 [INFO] ApplicationProperties:184 - Using Application install path: /opt/st/stm32cubeide_1.19.0/plugins/com.st.stm32cube.common.mx_6.15.0.202507011659
2025-10-10 23:10:34,076 [INFO] PluginManage:196 - Search for loadable plugins [exclusion list=, ]
2025-10-10 23:10:34,076 [INFO] PluginManage:310 - Check plugin analytics
2025-10-10 23:10:34,159 [INFO] AnalyticsPlugin:253 - Accepted Software Licenses: 
2025-10-10 23:10:34,159 [INFO] AnalyticsPlugin:255 - Accepted CMSIS Pack Licenses: 
2025-10-10 23:10:34,159 [INFO] AnalyticsPlugin:257 - Accepted Firmware Licenses: FW.F4.1.28.0
2025-10-10 23:10:34,160 [INFO] PluginManage:359 - Loaded plugin analytics (category:tool,tabindex:-1)
2025-10-10 23:10:34,160 [INFO] PluginManage:310 - Check plugin cadmodel
2025-10-10 23:10:34,162 [INFO] CADModel:105 - Init CAD model plugin
2025-10-10 23:10:34,162 [INFO] PluginManage:359 - Loaded plugin cadmodel (category:power,tabindex:5)
2025-10-10 23:10:34,162 [INFO] PluginManage:310 - Check plugin clock
2025-10-10 23:10:34,166 [INFO] PluginManage:359 - Loaded plugin clock (category:base,tabindex:2)
2025-10-10 23:10:34,166 [INFO] PluginManage:310 - Check plugin ddr
2025-10-10 23:10:34,167 [INFO] PluginManage:359 - Loaded plugin ddr (category:tool,tabindex:6)
2025-10-10 23:10:34,167 [INFO] PluginManage:310 - Check plugin filemanager
2025-10-10 23:10:34,256 [INFO] PluginManage:359 - Loaded plugin filemanager (category:base,tabindex:10)
2025-10-10 23:10:34,256 [INFO] PluginManage:310 - Check plugin ipmanager
2025-10-10 23:10:34,259 [INFO] PluginManage:359 - Loaded plugin ipmanager (category:base,tabindex:5)
2025-10-10 23:10:34,259 [INFO] PluginManage:310 - Check plugin lpbam
2025-10-10 23:10:34,270 [INFO] PluginManage:359 - Loaded plugin lpbam (category:base,tabindex:0)
2025-10-10 23:10:34,271 [INFO] PluginManage:310 - Check plugin memorymap
2025-10-10 23:10:34,277 [INFO] PluginManage:359 - Loaded plugin memorymap (category:base,tabindex:4)
2025-10-10 23:10:34,277 [INFO] PluginManage:310 - Check plugin pinoutandconfiguration
2025-10-10 23:10:34,281 [INFO] PluginManage:359 - Loaded plugin pinoutandconfiguration (category:base,tabindex:1)
2025-10-10 23:10:34,281 [INFO] PluginManage:310 - Check plugin pinoutconfig
2025-10-10 23:10:34,325 [WARN] SupportedApi:132 - Cannot load RTOS API schema: s4s-elt-must-match.1: The content of 'definitions' must match (annotation?, (simpleType | complexType)?, (unique | key | keyref)*)). A problem was found starting at: attribute.
2025-10-10 23:10:34,386 [INFO] PluginManage:359 - Loaded plugin pinoutconfig (category:base,tabindex:0)
2025-10-10 23:10:34,386 [INFO] PluginManage:310 - Check plugin power
2025-10-10 23:10:34,390 [INFO] PluginManage:359 - Loaded plugin power (category:power,tabindex:4)
2025-10-10 23:10:34,390 [INFO] PluginManage:310 - Check plugin projectmanager
2025-10-10 23:10:34,398 [INFO] PluginManage:359 - Loaded plugin projectmanager (category:projectmanager,tabindex:4)
2025-10-10 23:10:34,399 [INFO] PluginManage:310 - Check plugin rif
2025-10-10 23:10:34,402 [INFO] PluginManage:359 - Loaded plugin rif (category:base,tabindex:3)
2025-10-10 23:10:34,402 [INFO] PluginManage:310 - Check plugin thirdparty
2025-10-10 23:10:34,460 [INFO] PluginManage:359 - Loaded plugin thirdparty (category:base,tabindex:-1)
2025-10-10 23:10:34,460 [WARN] IntegrityCheckThread:84 - waiting for thirdparty lock release [integrity check]
2025-10-10 23:10:34,460 [INFO] PluginManage:310 - Check plugin tools
2025-10-10 23:10:34,460 [INFO] IntegrityCheckThread:86 - entering critical section [integrity check]
2025-10-10 23:10:34,460 [INFO] ThirdPartyUpdaterWithRetryManager:70 - Updater plugin not ready yet. [1/15]
2025-10-10 23:10:34,461 [INFO] PluginManage:359 - Loaded plugin tools (category:base,tabindex:7)
2025-10-10 23:10:34,461 [INFO] PluginManage:310 - Check plugin tutovideos
2025-10-10 23:10:34,560 [INFO] PluginManage:359 - Loaded plugin tutovideos (category:base,tabindex:-1)
2025-10-10 23:10:34,560 [INFO] PluginManage:310 - Check plugin updater
2025-10-10 23:10:34,571 [INFO] PluginManage:359 - Loaded plugin updater (category:base,tabindex:12)
2025-10-10 23:10:34,571 [INFO] PluginManage:310 - Check plugin userauth
2025-10-10 23:10:34,573 [INFO] UserAuth:118 - Init User Auth plugin
2025-10-10 23:10:34,573 [INFO] PluginManage:359 - Loaded plugin userauth (category:base,tabindex:14)
2025-10-10 23:10:34,573 [INFO] PluginManage:283 - PluginManage : Loaded plugins [18]
2025-10-10 23:10:34,657 [INFO] PinOutPanel:1589 - setPackage(No Configuration,No Configuration)
2025-10-10 23:10:34,690 [INFO] CADModel:165 - CPN selected for project level
2025-10-10 23:10:34,690 [INFO] CADModel:114 - Register for checkConnection events
2025-10-10 23:10:34,693 [INFO] IPUIPlugin:80 - create IPUIPlugin
2025-10-10 23:10:34,694 [INFO] PluginManager:220 - loadIPPluginJar : add radio
2025-10-10 23:10:34,695 [INFO] IPUIPlugin:80 - create IPUIPlugin
2025-10-10 23:10:34,696 [INFO] PluginManager:220 - loadIPPluginJar : add spi
2025-10-10 23:10:34,696 [INFO] IPUIPlugin:80 - create IPUIPlugin
2025-10-10 23:10:34,696 [INFO] PluginManager:220 - loadIPPluginJar : add tsc
2025-10-10 23:10:34,699 [INFO] IPUIPlugin:80 - create IPUIPlugin
2025-10-10 23:10:34,699 [INFO] PluginManager:220 - loadIPPluginJar : add fmc
2025-10-10 23:10:34,699 [INFO] IPUIPlugin:80 - create IPUIPlugin
2025-10-10 23:10:34,699 [INFO] PluginManager:220 - loadIPPluginJar : add hash
2025-10-10 23:10:34,700 [INFO] IPUIPlugin:80 - create IPUIPlugin
2025-10-10 23:10:34,700 [INFO] PluginManager:220 - loadIPPluginJar : add extmemmanager
2025-10-10 23:10:34,701 [INFO] IPUIPlugin:80 - create IPUIPlugin
2025-10-10 23:10:34,701 [INFO] PluginManager:220 - loadIPPluginJar : add tim
2025-10-10 23:10:34,701 [INFO] IPUIPlugin:80 - create IPUIPlugin
2025-10-10 23:10:34,702 [INFO] PluginManager:220 - loadIPPluginJar : add ltdc
2025-10-10 23:10:34,702 [INFO] IPUIPlugin:80 - create IPUIPlugin
2025-10-10 23:10:34,702 [INFO] PluginManager:220 - loadIPPluginJar : add quadspi
2025-10-10 23:10:34,704 [INFO] IPUIPlugin:80 - create IPUIPlugin
2025-10-10 23:10:34,704 [INFO] PluginManager:220 - loadIPPluginJar : add gic
2025-10-10 23:10:34,705 [INFO] IPUIPlugin:80 - create IPUIPlugin
2025-10-10 23:10:34,705 [INFO] PluginManager:220 - loadIPPluginJar : add comp
2025-10-10 23:10:34,705 [INFO] IPUIPlugin:80 - create IPUIPlugin
2025-10-10 23:10:34,706 [INFO] PluginManager:220 - loadIPPluginJar : add fatfs
2025-10-10 23:10:34,708 [INFO] IPUIPlugin:80 - create IPUIPlugin
2025-10-10 23:10:34,708 [INFO] PluginManager:220 - loadIPPluginJar : add linkedlist
2025-10-10 23:10:34,709 [INFO] IPUIPlugin:80 - create IPUIPlugin
2025-10-10 23:10:34,709 [INFO] PluginManager:220 - loadIPPluginJar : add ucpd
2025-10-10 23:10:34,710 [INFO] IPUIPlugin:80 - create IPUIPlugin
2025-10-10 23:10:34,710 [INFO] PluginManager:220 - loadIPPluginJar : add ddr_ctrl_phy
2025-10-10 23:10:34,711 [INFO] IPUIPlugin:80 - create IPUIPlugin
2025-10-10 23:10:34,711 [INFO] PluginManager:220 - loadIPPluginJar : add gfxmmu
2025-10-10 23:10:34,712 [INFO] IPUIPlugin:80 - create IPUIPlugin
2025-10-10 23:10:34,712 [INFO] PluginManager:220 - loadIPPluginJar : add usart
2025-10-10 23:10:34,714 [INFO] IPUIPlugin:80 - create IPUIPlugin
2025-10-10 23:10:34,714 [INFO] PluginManager:220 - loadIPPluginJar : add dma
2025-10-10 23:10:34,715 [INFO] IPUIPlugin:80 - create IPUIPlugin
2025-10-10 23:10:34,715 [INFO] PluginManager:220 - loadIPPluginJar : add aes
2025-10-10 23:10:34,717 [INFO] IPUIPlugin:80 - create IPUIPlugin
2025-10-10 23:10:34,718 [INFO] PluginManager:220 - loadIPPluginJar : add plateformsettings
2025-10-10 23:10:34,719 [INFO] IPUIPlugin:80 - create IPUIPlugin
2025-10-10 23:10:34,719 [INFO] PluginManager:220 - loadIPPluginJar : add genericplugin
2025-10-10 23:10:34,720 [INFO] IPUIPlugin:80 - create IPUIPlugin
2025-10-10 23:10:34,720 [INFO] PluginManager:220 - loadIPPluginJar : add pdm2pcm
2025-10-10 23:10:34,721 [INFO] IPUIPlugin:80 - create IPUIPlugin
2025-10-10 23:10:34,722 [INFO] PluginManager:220 - loadIPPluginJar : add ipddr
2025-10-10 23:10:34,723 [INFO] IPUIPlugin:80 - create IPUIPlugin
2025-10-10 23:10:34,723 [INFO] PluginManager:220 - loadIPPluginJar : add opamp
2025-10-10 23:10:34,724 [INFO] IPUIPlugin:80 - create IPUIPlugin
2025-10-10 23:10:34,724 [INFO] PluginManager:220 - loadIPPluginJar : add dma3
2025-10-10 23:10:34,725 [INFO] IPUIPlugin:80 - create IPUIPlugin
2025-10-10 23:10:34,725 [INFO] PluginManager:220 - loadIPPluginJar : add dfsdm
2025-10-10 23:10:34,725 [INFO] IPUIPlugin:80 - create IPUIPlugin
2025-10-10 23:10:34,725 [INFO] PluginManager:220 - loadIPPluginJar : add ts
2025-10-10 23:10:34,727 [INFO] IPUIPlugin:80 - create IPUIPlugin
2025-10-10 23:10:34,727 [INFO] PluginManager:220 - loadIPPluginJar : add nvic
2025-10-10 23:10:34,727 [INFO] IPUIPlugin:80 - create IPUIPlugin
2025-10-10 23:10:34,728 [INFO] PluginManager:220 - loadIPPluginJar : add cryp
2025-10-10 23:10:34,729 [INFO] IPUIPlugin:80 - create IPUIPlugin
2025-10-10 23:10:34,730 [INFO] PluginManager:220 - loadIPPluginJar : add freertos
2025-10-10 23:10:34,731 [INFO] IPUIPlugin:80 - create IPUIPlugin
2025-10-10 23:10:34,731 [INFO] PluginManager:220 - loadIPPluginJar : add resmgrutility
2025-10-10 23:10:34,732 [INFO] IPUIPlugin:80 - create IPUIPlugin
2025-10-10 23:10:34,732 [INFO] PluginManager:220 - loadIPPluginJar : add gtzc
2025-10-10 23:10:34,732 [INFO] IPUIPlugin:80 - create IPUIPlugin
2025-10-10 23:10:34,732 [INFO] PluginManager:220 - loadIPPluginJar : add tracer_emb
2025-10-10 23:10:34,735 [INFO] IPUIPlugin:80 - create IPUIPlugin
2025-10-10 23:10:34,735 [INFO] PluginManager:220 - loadIPPluginJar : add stm32_wpan
2025-10-10 23:10:34,736 [INFO] IPUIPlugin:80 - create IPUIPlugin
2025-10-10 23:10:34,736 [INFO] PluginManager:220 - loadIPPluginJar : add gpio
2025-10-10 23:10:34,737 [INFO] IPUIPlugin:80 - create IPUIPlugin
2025-10-10 23:10:34,737 [INFO] PluginManager:220 - loadIPPluginJar : add sai
2025-10-10 23:10:34,739 [INFO] IPUIPlugin:80 - create IPUIPlugin
2025-10-10 23:10:34,739 [INFO] PluginManager:220 - loadIPPluginJar : add usbx
2025-10-10 23:10:34,740 [INFO] IPUIPlugin:80 - create IPUIPlugin
2025-10-10 23:10:34,740 [INFO] PluginManager:220 - loadIPPluginJar : add touchsensing
2025-10-10 23:10:34,741 [INFO] IPUIPlugin:80 - create IPUIPlugin
2025-10-10 23:10:34,741 [INFO] PluginManager:220 - loadIPPluginJar : add openamp
2025-10-10 23:10:34,742 [INFO] IPUIPlugin:80 - create IPUIPlugin
2025-10-10 23:10:34,742 [INFO] PluginManager:220 - loadIPPluginJar : add i3c
2025-10-10 23:10:34,743 [INFO] IPUIPlugin:80 - create IPUIPlugin
2025-10-10 23:10:34,743 [INFO] PluginManager:220 - loadIPPluginJar : add i2s
2025-10-10 23:10:34,744 [INFO] IPUIPlugin:80 - create IPUIPlugin
2025-10-10 23:10:34,744 [INFO] PluginManager:220 - loadIPPluginJar : add can
2025-10-10 23:10:34,745 [INFO] IPUIPlugin:80 - create IPUIPlugin
2025-10-10 23:10:34,745 [INFO] PluginManager:220 - loadIPPluginJar : add lorawan
2025-10-10 23:10:34,747 [INFO] IPUIPlugin:80 - create IPUIPlugin
2025-10-10 23:10:34,747 [INFO] PluginManager:220 - loadIPPluginJar : add adc
2025-10-10 23:10:34,748 [INFO] IPUIPlugin:80 - create IPUIPlugin
2025-10-10 23:10:34,748 [INFO] PluginManager:220 - loadIPPluginJar : add i2c
2025-10-10 23:10:34,751 [INFO] IPUIPlugin:80 - create IPUIPlugin
2025-10-10 23:10:34,751 [INFO] PluginManager:220 - loadIPPluginJar : add mdma
2025-10-10 23:10:34,839 [FATAL] Updater:351 - Updater called before beeing initialized
2025-10-10 23:10:34,851 [INFO] RulesReader:64 - Compatibility file has been processed (317 Rules)
2025-10-10 23:10:34,858 [INFO] RulesReader:64 - Compatibility file has been processed (317 Rules)
2025-10-10 23:10:34,862 [INFO] CADModel:165 - CPN selected for project level
2025-10-10 23:10:34,862 [INFO] CADModel:114 - Register for checkConnection events
2025-10-10 23:10:34,862 [FATAL] Updater:351 - Updater called before beeing initialized
2025-10-10 23:10:34,862 [ERROR] CADModel:125 - Updater not yet initialized, retry later 
2025-10-10 23:10:34,928 [FATAL] Updater:351 - Updater called before beeing initialized
2025-10-10 23:10:34,929 [INFO] CADModel:165 - CPN selected for project level
2025-10-10 23:10:34,929 [INFO] CADModel:114 - Register for checkConnection events
2025-10-10 23:10:34,929 [FATAL] Updater:351 - Updater called before beeing initialized
2025-10-10 23:10:34,929 [ERROR] CADModel:125 - Updater not yet initialized, retry later 
2025-10-10 23:10:34,931 [FATAL] Updater:351 - Updater called before beeing initialized
2025-10-10 23:10:34,993 [FATAL] Updater:351 - Updater called before beeing initialized
2025-10-10 23:10:34,996 [INFO] DbMcusAds:53 - JSON generation date=Thu Oct 02 12:36:05 EEST 2025 (1759397765645)
2025-10-10 23:10:34,996 [FATAL] Updater:351 - Updater called before beeing initialized
2025-10-10 23:10:35,020 [WARN] DetailPanel:346 - Failed to get advertising image, set to default
2025-10-10 23:10:35,065 [FATAL] Updater:351 - Updater called before beeing initialized
2025-10-10 23:10:35,067 [FATAL] Updater:351 - Updater called before beeing initialized
2025-10-10 23:10:35,067 [FATAL] Updater:351 - Updater called before beeing initialized
2025-10-10 23:10:35,067 [WARN] DetailPanel:346 - Failed to get advertising image, set to default
2025-10-10 23:10:35,067 [FATAL] Updater:351 - Updater called before beeing initialized
2025-10-10 23:10:35,088 [ERROR] Updater:1198 - MainUpdater not yet initialized. External WinMGr cannot be set.
2025-10-10 23:10:35,088 [INFO] Updater:1134 - Updater Version found : 6.15.0
2025-10-10 23:10:35,097 [INFO] ApplicationProperties:184 - Using Application install path: /opt/st/stm32cubeide_1.19.0/plugins/com.st.stm32cube.common.mx_6.15.0.202507011659
2025-10-10 23:10:35,350 [INFO] MainUpdater:2872 - connection check result : 10
2025-10-10 23:10:35,351 [INFO] MainUpdater:289 - Updater Check For Update Now.
2025-10-10 23:10:35,351 [INFO] MicroXplorer:498 - Change Database Version : DB.6.0.150
2025-10-10 23:10:35,354 [INFO] McuFinderGlobals:63 - Set McuFinder mode to 2 (CubeIDE integrated)
2025-10-10 23:10:35,354 [INFO] UserAuth:487 - Internet connection configuration mode: 1
2025-10-10 23:10:35,361 [INFO] JxBrowserEngine:152 - Initiate JxBrowser Engine with user profile folder
2025-10-10 23:10:35,520 [INFO] CheckServerUpdateThread:120 - End of CheckServer Thread
2025-10-10 23:10:35,735 [INFO] WebApp:169 - Instantiating new browser for Auth
2025-10-10 23:10:36,099 [INFO] WebApp:463 - Apply proxy settings
2025-10-10 23:10:36,100 [INFO] WebApp:548 - Chromium requires no authentication
2025-10-10 23:10:36,104 [INFO] WebApp:491 - Direct internet connection detected
2025-10-10 23:10:36,113 [INFO] WebApp:900 - Register for checkConnection events
2025-10-10 23:10:36,113 [INFO] WebApp:463 - Apply proxy settings
2025-10-10 23:10:36,113 [INFO] WebApp:548 - Chromium requires no authentication
2025-10-10 23:10:36,114 [INFO] WebApp:491 - Direct internet connection detected
2025-10-10 23:10:36,194 [INFO] WebApp:225 - Starting web application
2025-10-10 23:10:36,194 [INFO] WebApp:593 - Web application path used /opt/st/stm32cubeide_1.19.0/plugins/com.st.stm32cube.common.mx_6.15.0.202507011659/db/plugins/mcufinder/reactClient1/index.html
2025-10-10 23:10:36,244 [INFO] UserAuth:487 - Internet connection configuration mode: 1
2025-10-10 23:10:36,376 [INFO] WebApp:191 - Connection restablished
2025-10-10 23:10:37,530 [WARN] PackLoader:240 - Cannot read IP mode file for STMicroelectronics.FP-SNS-MOTENVWB1.1.4.0
2025-10-10 23:10:37,535 [WARN] PackLoader:240 - Cannot read IP mode file for STMicroelectronics.FP-ATR-ASTRA1.2.0.2
2025-10-10 23:10:37,540 [WARN] PackLoader:240 - Cannot read IP mode file for STMicroelectronics.X-CUBE-SMBUS.2.1.0
2025-10-10 23:10:37,543 [WARN] PackLoader:240 - Cannot read IP mode file for STMicroelectronics.X-CUBE-ST60.1.0.0
2025-10-10 23:10:37,571 [WARN] PackLoader:240 - Cannot read IP mode file for STMicroelectronics.X-CUBE-AZRTOS-F7.1.1.0
2025-10-10 23:10:37,582 [WARN] PackLoader:240 - Cannot read IP mode file for WES.I-CUBE-Cesium.1.4.0
2025-10-10 23:10:37,607 [WARN] PackLoader:240 - Cannot read IP mode file for Infineon.AIROC-Wi-Fi-Bluetooth-STM32.1.7.1
2025-10-10 23:10:37,634 [WARN] PackLoader:240 - Cannot read IP mode file for STMicroelectronics.X-CUBE-AZRTOS-H7.3.4.0
2025-10-10 23:10:37,644 [WARN] PackLoader:240 - Cannot read IP mode file for STMicroelectronics.X-CUBE-DISPLAY.3.0.0
2025-10-10 23:10:37,654 [WARN] PackLoader:240 - Cannot read IP mode file for STMicroelectronics.X-CUBE-NFC10.1.0.0
2025-10-10 23:10:37,659 [WARN] PackLoader:240 - Cannot read IP mode file for emotas.I-CUBE-CANOPEN.1.3.0
2025-10-10 23:10:37,663 [WARN] PackLoader:240 - Cannot read IP mode file for STMicroelectronics.FP-SNS-STBOX1.2.1.0
2025-10-10 23:10:37,666 [WARN] PackLoader:240 - Cannot read IP mode file for STMicroelectronics.FP-SNS-SMARTAG2.1.2.0
2025-10-10 23:10:37,669 [WARN] PackLoader:240 - Cannot read IP mode file for STMicroelectronics.FP-SNS-FLIGHT1.5.1.0
2025-10-10 23:10:37,674 [INFO] LogOutputStream:77 - [STDOUT_REDIRECT] 1 : Invalid condition id : UX_CORESTACK_Condition cause : null
2025-10-10 23:10:37,674 [INFO] LogOutputStream:77 - [STDOUT_REDIRECT] 1 : Invalid condition id : UX_CORESTACK_Condition cause : null
2025-10-10 23:10:37,674 [INFO] LogOutputStream:77 - [STDOUT_REDIRECT] 1 : Invalid condition id : UX_CORESTACK_Condition cause : null
2025-10-10 23:10:37,674 [INFO] LogOutputStream:77 - [STDOUT_REDIRECT] 1 : Invalid condition id : UX_CORESTACK_Condition cause : null
2025-10-10 23:10:37,675 [INFO] LogOutputStream:77 - [STDOUT_REDIRECT] 1 : Invalid condition id : UX_CORESTACK_Condition cause : null
2025-10-10 23:10:37,676 [WARN] PackLoader:240 - Cannot read IP mode file for STMicroelectronics.X-CUBE-AZRTOS-WL.2.0.0
2025-10-10 23:10:37,679 [WARN] PackLoader:240 - Cannot read IP mode file for STMicroelectronics.FP-SNS-MOTENV1.5.0.0
2025-10-10 23:10:37,681 [WARN] PackLoader:240 - Cannot read IP mode file for STMicroelectronics.X-CUBE-BLE2.3.3.0
2025-10-10 23:10:37,684 [WARN] PackLoader:240 - Cannot read IP mode file for STMicroelectronics.X-CUBE-NFC9.1.0.0
2025-10-10 23:10:37,687 [WARN] PackLoader:240 - Cannot read IP mode file for wolfSSL.I-CUBE-wolfSSL.5.8.2
2025-10-10 23:10:37,689 [WARN] PackLoader:240 - Cannot read IP mode file for STMicroelectronics.X-CUBE-BLE1.7.1.0
2025-10-10 23:10:37,691 [WARN] PackLoader:240 - Cannot read IP mode file for wolfSSL.I-CUBE-wolfMQTT.1.19.2
2025-10-10 23:10:37,693 [WARN] PackLoader:240 - Cannot read IP mode file for STMicroelectronics.X-CUBE-EEPRMA1.5.2.0
2025-10-10 23:10:37,702 [WARN] PackLoader:240 - Cannot read IP mode file for STMicroelectronics.X-CUBE-AZRTOS-G0.1.1.0
2025-10-10 23:10:37,705 [WARN] PackLoader:240 - Cannot read IP mode file for STMicroelectronics.X-CUBE-SAFEA1.1.2.2
2025-10-10 23:10:37,708 [WARN] PackLoader:240 - Cannot read IP mode file for STMicroelectronics.X-CUBE-NFC4.3.0.0
2025-10-10 23:10:37,712 [WARN] PackLoader:240 - Cannot read IP mode file for EmbeddedOffice.I-CUBE-FS-RTOS.1.0.1
2025-10-10 23:10:37,715 [WARN] PackLoader:240 - Cannot read IP mode file for STMicroelectronics.X-CUBE-WB05N.2.0.0
2025-10-10 23:10:37,717 [WARN] PackLoader:240 - Cannot read IP mode file for wolfSSL.I-CUBE-wolfTPM.3.8.0
2025-10-10 23:10:37,720 [WARN] PackLoader:240 - Cannot read IP mode file for STMicroelectronics.X-CUBE-TCPP.4.2.0
2025-10-10 23:10:37,722 [WARN] PackLoader:240 - Cannot read IP mode file for RealThread.X-CUBE-RT-Thread_Nano.4.1.1
2025-10-10 23:10:37,724 [WARN] PackLoader:240 - Cannot read IP mode file for STMicroelectronics.FP-ATR-SIGFOX1.3.2.0
2025-10-10 23:10:37,726 [WARN] PackLoader:240 - Cannot read IP mode file for ITTIA_DB.I-CUBE-ITTIADB.8.9.0
2025-10-10 23:10:37,729 [WARN] PackLoader:240 - Cannot read IP mode file for STMicroelectronics.X-CUBE-ST67W61.1.0.0
2025-10-10 23:10:37,731 [WARN] PackLoader:240 - Cannot read IP mode file for STMicroelectronics.X-CUBE-AI.10.2.0
2025-10-10 23:10:37,743 [WARN] PackLoader:240 - Cannot read IP mode file for SEGGER.I-CUBE-embOS.1.3.1
2025-10-10 23:10:37,777 [WARN] PackLoader:240 - Cannot read IP mode file for STMicroelectronics.X-CUBE-ALGOBUILD.1.4.0
2025-10-10 23:10:37,831 [WARN] PackLoader:240 - Cannot read IP mode file for STMicroelectronics.X-CUBE-MEMS1.11.3.0
2025-10-10 23:10:37,913 [WARN] PackLoader:240 - Cannot read IP mode file for STMicroelectronics.X-CUBE-PM33A1.1.0.0
2025-10-10 23:10:37,925 [WARN] PackLoader:240 - Cannot read IP mode file for STMicroelectronics.X-CUBE-AZRTOS-F4.1.1.0
2025-10-10 23:10:37,929 [WARN] PackLoader:240 - Cannot read IP mode file for Avnet-IotConnect.X-CUBE-IoTC-DA16k-PMOD.1.0.0
2025-10-10 23:10:37,931 [WARN] PackLoader:240 - Cannot read IP mode file for STMicroelectronics.X-CUBE-ISPU.2.1.0
2025-10-10 23:10:37,935 [WARN] PackLoader:240 - Cannot read IP mode file for STMicroelectronics.X-CUBE-NFC12.1.0.0
2025-10-10 23:10:37,949 [WARN] PackLoader:240 - Cannot read IP mode file for STMicroelectronics.X-CUBE-AZRTOS-L5.2.0.0
2025-10-10 23:10:37,956 [WARN] PackLoader:240 - Cannot read IP mode file for STMicroelectronics.X-CUBE-NFC6.3.1.0
2025-10-10 23:10:37,962 [WARN] PackLoader:240 - Cannot read IP mode file for STMicroelectronics.X-CUBE-FREERTOS.1.3.1
2025-10-10 23:10:37,964 [WARN] PackLoader:240 - Cannot read IP mode file for STMicroelectronics.X-CUBE-TOUCHGFX.4.26.0
2025-10-10 23:10:37,967 [WARN] PackLoader:240 - Cannot read IP mode file for STMicroelectronics.FP-SNS-STAIOTCFT.1.0.0
2025-10-10 23:10:37,971 [WARN] PackLoader:240 - Cannot read IP mode file for STMicroelectronics.X-CUBE-DPower.1.3.0
2025-10-10 23:10:37,984 [WARN] ConditionMgr:438 - getConditionDescription Invalid condition id : LAN8742 Phy interface Condition cause : null
2025-10-10 23:10:37,985 [WARN] PackLoader:240 - Cannot read IP mode file for STMicroelectronics.X-CUBE-AZRTOS-L4.2.0.0
2025-10-10 23:10:37,986 [WARN] ConditionMgr:1044 - genDependencies : Invalid condition id : LAN8742 Phy interface Condition cause : null
2025-10-10 23:10:37,986 [WARN] ConditionMgr:1044 - genDependencies : Invalid condition id : LAN8742 Phy interface Condition cause : null
2025-10-10 23:10:37,987 [WARN] ConditionMgr:1044 - genDependencies : Invalid condition id : LAN8742 Phy interface Condition cause : null
2025-10-10 23:10:37,992 [WARN] PackLoader:240 - Cannot read IP mode file for STMicroelectronics.X-CUBE-SFXS2LP1.4.0.0
2025-10-10 23:10:37,999 [WARN] PackLoader:240 - Cannot read IP mode file for STMicroelectronics.X-CUBE-BLEMGR.4.1.0
2025-10-10 23:10:38,010 [WARN] ConditionMgr:438 - getConditionDescription Invalid condition id : UX DEVICE CLASS RTOS Condition cause : null
2025-10-10 23:10:38,011 [WARN] ConditionMgr:438 - getConditionDescription Invalid condition id : UX DEVICE CLASS RTOS Condition cause : null
2025-10-10 23:10:38,012 [WARN] PackLoader:240 - Cannot read IP mode file for STMicroelectronics.X-CUBE-AZRTOS-WB.2.0.0
2025-10-10 23:10:38,013 [WARN] ConditionMgr:1044 - genDependencies : Invalid condition id : UX DEVICE CLASS RTOS Condition cause : null
2025-10-10 23:10:38,013 [WARN] ConditionMgr:1044 - genDependencies : Invalid condition id : UX DEVICE CLASS RTOS Condition cause : null
2025-10-10 23:10:38,013 [WARN] ConditionMgr:1044 - genDependencies : Invalid condition id : UX DEVICE CLASS RTOS Condition cause : null
2025-10-10 23:10:38,013 [WARN] ConditionMgr:1044 - genDependencies : Invalid condition id : UX DEVICE CLASS RTOS Condition cause : null
2025-10-10 23:10:38,013 [WARN] ConditionMgr:1044 - genDependencies : Invalid condition id : UX DEVICE CLASS RTOS Condition cause : null
2025-10-10 23:10:38,017 [WARN] PackLoader:240 - Cannot read IP mode file for STMicroelectronics.X-CUBE-GNSS1.7.0.1
2025-10-10 23:10:38,020 [WARN] PackLoader:240 - Cannot read IP mode file for STMicroelectronics.X-CUBE-TOUCHGFX.4.25.0
2025-10-10 23:10:38,022 [WARN] ConditionMgr:438 - getConditionDescription Invalid condition id : Cortex-A Device cause : null
2025-10-10 23:10:38,031 [WARN] ConditionMgr:1044 - genDependencies : Invalid condition id : Cortex-A Device cause : null
2025-10-10 23:10:38,032 [WARN] ConditionMgr:1044 - genDependencies : Invalid condition id : Cortex-A Device cause : null
2025-10-10 23:10:38,032 [WARN] ConditionMgr:1044 - genDependencies : Invalid condition id : Cortex-A Device cause : null
2025-10-10 23:10:38,038 [WARN] PackLoader:240 - Cannot read IP mode file for STMicroelectronics.X-CUBE-SUBG2.5.0.0
2025-10-10 23:10:38,057 [WARN] PackLoader:240 - Cannot read IP mode file for STMicroelectronics.X-CUBE-AZRTOS-H7RS.1.1.0
2025-10-10 23:10:38,061 [WARN] PackLoader:240 - Cannot read IP mode file for Cesanta.I-CUBE-Mongoose.7.13.0
2025-10-10 23:10:38,069 [WARN] PackLoader:240 - Cannot read IP mode file for STMicroelectronics.X-CUBE-AZRTOS-G4.2.0.0
2025-10-10 23:10:38,072 [WARN] PackLoader:240 - Cannot read IP mode file for wolfSSL.I-CUBE-wolfSSH.1.4.20
2025-10-10 23:10:38,074 [WARN] PackLoader:240 - Cannot read IP mode file for STMicroelectronics.X-CUBE-NFC7.2.0.0
2025-10-10 23:10:38,081 [WARN] PackLoader:240 - Cannot read IP mode file for STMicroelectronics.X-CUBE-IPS.3.1.0
2025-10-10 23:10:38,086 [WARN] PackLoader:240 - Cannot read IP mode file for STMicroelectronics.X-CUBE-ALS.1.0.2
2025-10-10 23:10:38,089 [WARN] PackLoader:240 - Cannot read IP mode file for STMicroelectronics.X-CUBE-STSE01.1.0.0
2025-10-10 23:10:38,093 [WARN] PackLoader:240 - Cannot read IP mode file for STMicroelectronics.X-CUBE-TOF1.3.4.3
2025-10-10 23:10:38,099 [INFO] ThirdParty:978 - Integrity check success = true
2025-10-10 23:10:38,099 [INFO] IntegrityCheckThread:100 - exiting critical section [integrity check]
2025-10-10 23:10:38,099 [INFO] IntegrityCheckThread:103 - End integrity checks thread
2025-10-10 23:12:07,907 [ERROR] LogOutputStream:75 - [STDERR_REDIRECT] 
2025-10-10 23:12:47,900 [INFO] Activator:176 - 


2025-10-10 23:12:47,901 [INFO] Activator:177 - !SESSION log4j initialized
2025-10-10 23:12:50,683 [INFO] LogOutputStream:77 - [STDOUT_REDIRECT] 
2025-10-10 23:12:51,075 [INFO] ApplicationProperties:184 - Using Application install path: /opt/st/stm32cubeide_1.19.0/plugins/com.st.stm32cube.common.mx_6.15.0.202507011659
2025-10-10 23:12:51,084 [INFO] DbMcusXml:78 - Set database path to: /opt/st/stm32cubeide_1.19.0/plugins/com.st.stm32cube.common.mx_6.15.0.202507011659//db//mcu/
2025-10-10 23:12:51,084 [INFO] ApiDb:274 - Set plugin database path to: /opt/st/stm32cubeide_1.19.0/plugins/com.st.stm32cube.common.mx_6.15.0.202507011659//db//plugins/boardmanager/
2025-10-10 23:12:51,085 [WARN] ApiDb:259 - Overriding images path with different value:  => /opt/st/stm32cubeide_1.19.0/plugins/com.st.stm32cube.common.mx_6.15.0.202507011659//db//plugins/mcufinder/images/
2025-10-10 23:12:51,086 [INFO] ApiDb:250 - Set database path to: /home/oleksii/.stmcufinder/plugins/mcufinder//mcu/
2025-10-10 23:12:51,087 [INFO] DbMcusAds:125 - Set database path to: /home/oleksii/.stmcufinder/plugins/mcufinder//mcu/
2025-10-10 23:12:51,088 [INFO] CrossReferenceDbSqlite:203 - Set database path to: /home/oleksii/.stmcufinder/plugins/mcufinder//mcu/cs/
2025-10-10 23:12:51,155 [INFO] RulesReader:64 - Compatibility file has been processed (317 Rules)
2025-10-10 23:12:51,187 [INFO] DbMcusXml:78 - Set database path to: /opt/st/stm32cubeide_1.19.0/plugins/com.st.stm32cube.common.mx_6.15.0.202507011659//db//mcu/
2025-10-10 23:12:51,187 [INFO] ApiDb:274 - Set plugin database path to: /opt/st/stm32cubeide_1.19.0/plugins/com.st.stm32cube.common.mx_6.15.0.202507011659//db//plugins/boardmanager/
2025-10-10 23:12:51,187 [INFO] ApiDb:261 - Set plugin images path to: /opt/st/stm32cubeide_1.19.0/plugins/com.st.stm32cube.common.mx_6.15.0.202507011659//db//plugins/mcufinder/images/
2025-10-10 23:12:51,187 [WARN] DbFile:41 - Overriding database path with different value: /home/oleksii/.stmcufinder/plugins/mcufinder/ => /home/oleksii/.stmcufinder/plugins/mcufinder
2025-10-10 23:12:51,187 [INFO] ApiDb:250 - Set database path to: /home/oleksii/.stmcufinder/plugins/mcufinder//mcu/
2025-10-10 23:12:51,187 [WARN] DbFile:41 - Overriding database path with different value: /home/oleksii/.stmcufinder/plugins/mcufinder/ => /home/oleksii/.stmcufinder/plugins/mcufinder
2025-10-10 23:12:51,187 [INFO] DbMcusAds:125 - Set database path to: /home/oleksii/.stmcufinder/plugins/mcufinder//mcu/
2025-10-10 23:12:51,187 [WARN] DbFile:41 - Overriding database path with different value: /home/oleksii/.stmcufinder/plugins/mcufinder/ => /home/oleksii/.stmcufinder/plugins/mcufinder
2025-10-10 23:12:51,187 [WARN] DbFile:41 - Overriding database path with different value: /home/oleksii/.stmcufinder/plugins/mcufinder/ => /home/oleksii/.stmcufinder/plugins/mcufinder
2025-10-10 23:12:51,187 [INFO] CrossReferenceDbSqlite:203 - Set database path to: /home/oleksii/.stmcufinder/plugins/mcufinder//mcu/cs/
2025-10-10 23:12:51,223 [INFO] MainPanel:274 - HeapMemory: 268435456
2025-10-10 23:12:51,293 [INFO] DbMcusXml:78 - Set database path to: /opt/st/stm32cubeide_1.19.0/plugins/com.st.stm32cube.common.mx_6.15.0.202507011659//db//mcu/
2025-10-10 23:12:51,293 [INFO] ApiDb:274 - Set plugin database path to: /opt/st/stm32cubeide_1.19.0/plugins/com.st.stm32cube.common.mx_6.15.0.202507011659//db//plugins/boardmanager/
2025-10-10 23:12:51,293 [INFO] ApiDb:261 - Set plugin images path to: /opt/st/stm32cubeide_1.19.0/plugins/com.st.stm32cube.common.mx_6.15.0.202507011659//db//plugins/mcufinder/images/
2025-10-10 23:12:51,293 [WARN] DbFile:41 - Overriding database path with different value: /home/oleksii/.stmcufinder/plugins/mcufinder/ => /home/oleksii/.stmcufinder/plugins/mcufinder
2025-10-10 23:12:51,293 [INFO] ApiDb:250 - Set database path to: /home/oleksii/.stmcufinder/plugins/mcufinder//mcu/
2025-10-10 23:12:51,293 [WARN] DbFile:41 - Overriding database path with different value: /home/oleksii/.stmcufinder/plugins/mcufinder/ => /home/oleksii/.stmcufinder/plugins/mcufinder
2025-10-10 23:12:51,293 [INFO] DbMcusAds:125 - Set database path to: /home/oleksii/.stmcufinder/plugins/mcufinder//mcu/
2025-10-10 23:12:51,293 [WARN] DbFile:41 - Overriding database path with different value: /home/oleksii/.stmcufinder/plugins/mcufinder/ => /home/oleksii/.stmcufinder/plugins/mcufinder
2025-10-10 23:12:51,293 [WARN] DbFile:41 - Overriding database path with different value: /home/oleksii/.stmcufinder/plugins/mcufinder/ => /home/oleksii/.stmcufinder/plugins/mcufinder
2025-10-10 23:12:51,293 [INFO] CrossReferenceDbSqlite:203 - Set database path to: /home/oleksii/.stmcufinder/plugins/mcufinder//mcu/cs/
2025-10-10 23:12:51,302 [INFO] ApplicationProperties:184 - Using Application install path: /opt/st/stm32cubeide_1.19.0/plugins/com.st.stm32cube.common.mx_6.15.0.202507011659
2025-10-10 23:12:51,302 [INFO] PluginManage:196 - Search for loadable plugins [exclusion list=, ]
2025-10-10 23:12:51,303 [INFO] PluginManage:310 - Check plugin analytics
2025-10-10 23:12:51,392 [INFO] AnalyticsPlugin:253 - Accepted Software Licenses: 
2025-10-10 23:12:51,392 [INFO] AnalyticsPlugin:255 - Accepted CMSIS Pack Licenses: 
2025-10-10 23:12:51,392 [INFO] AnalyticsPlugin:257 - Accepted Firmware Licenses: FW.F4.1.28.0
2025-10-10 23:12:51,393 [INFO] PluginManage:359 - Loaded plugin analytics (category:tool,tabindex:-1)
2025-10-10 23:12:51,393 [INFO] PluginManage:310 - Check plugin cadmodel
2025-10-10 23:12:51,395 [INFO] CADModel:105 - Init CAD model plugin
2025-10-10 23:12:51,395 [INFO] PluginManage:359 - Loaded plugin cadmodel (category:power,tabindex:5)
2025-10-10 23:12:51,395 [INFO] PluginManage:310 - Check plugin clock
2025-10-10 23:12:51,399 [INFO] PluginManage:359 - Loaded plugin clock (category:base,tabindex:2)
2025-10-10 23:12:51,399 [INFO] PluginManage:310 - Check plugin ddr
2025-10-10 23:12:51,400 [INFO] PluginManage:359 - Loaded plugin ddr (category:tool,tabindex:6)
2025-10-10 23:12:51,400 [INFO] PluginManage:310 - Check plugin filemanager
2025-10-10 23:12:51,483 [INFO] PluginManage:359 - Loaded plugin filemanager (category:base,tabindex:10)
2025-10-10 23:12:51,483 [INFO] PluginManage:310 - Check plugin ipmanager
2025-10-10 23:12:51,485 [INFO] PluginManage:359 - Loaded plugin ipmanager (category:base,tabindex:5)
2025-10-10 23:12:51,486 [INFO] PluginManage:310 - Check plugin lpbam
2025-10-10 23:12:51,490 [INFO] PluginManage:359 - Loaded plugin lpbam (category:base,tabindex:0)
2025-10-10 23:12:51,490 [INFO] PluginManage:310 - Check plugin memorymap
2025-10-10 23:12:51,496 [INFO] PluginManage:359 - Loaded plugin memorymap (category:base,tabindex:4)
2025-10-10 23:12:51,497 [INFO] PluginManage:310 - Check plugin pinoutandconfiguration
2025-10-10 23:12:51,501 [INFO] PluginManage:359 - Loaded plugin pinoutandconfiguration (category:base,tabindex:1)
2025-10-10 23:12:51,501 [INFO] PluginManage:310 - Check plugin pinoutconfig
2025-10-10 23:12:51,548 [WARN] SupportedApi:132 - Cannot load RTOS API schema: s4s-elt-must-match.1: The content of 'definitions' must match (annotation?, (simpleType | complexType)?, (unique | key | keyref)*)). A problem was found starting at: attribute.
2025-10-10 23:12:51,624 [INFO] PluginManage:359 - Loaded plugin pinoutconfig (category:base,tabindex:0)
2025-10-10 23:12:51,624 [INFO] PluginManage:310 - Check plugin power
2025-10-10 23:12:51,628 [INFO] PluginManage:359 - Loaded plugin power (category:power,tabindex:4)
2025-10-10 23:12:51,628 [INFO] PluginManage:310 - Check plugin projectmanager
2025-10-10 23:12:51,638 [INFO] PluginManage:359 - Loaded plugin projectmanager (category:projectmanager,tabindex:4)
2025-10-10 23:12:51,638 [INFO] PluginManage:310 - Check plugin rif
2025-10-10 23:12:51,642 [INFO] PluginManage:359 - Loaded plugin rif (category:base,tabindex:3)
2025-10-10 23:12:51,642 [INFO] PluginManage:310 - Check plugin thirdparty
2025-10-10 23:12:51,709 [INFO] PluginManage:359 - Loaded plugin thirdparty (category:base,tabindex:-1)
2025-10-10 23:12:51,709 [WARN] IntegrityCheckThread:84 - waiting for thirdparty lock release [integrity check]
2025-10-10 23:12:51,709 [INFO] PluginManage:310 - Check plugin tools
2025-10-10 23:12:51,709 [INFO] IntegrityCheckThread:86 - entering critical section [integrity check]
2025-10-10 23:12:51,709 [INFO] ThirdPartyUpdaterWithRetryManager:70 - Updater plugin not ready yet. [1/15]
2025-10-10 23:12:51,710 [INFO] PluginManage:359 - Loaded plugin tools (category:base,tabindex:7)
2025-10-10 23:12:51,710 [INFO] PluginManage:310 - Check plugin tutovideos
2025-10-10 23:12:51,822 [INFO] PluginManage:359 - Loaded plugin tutovideos (category:base,tabindex:-1)
2025-10-10 23:12:51,822 [INFO] PluginManage:310 - Check plugin updater
2025-10-10 23:12:51,834 [INFO] PluginManage:359 - Loaded plugin updater (category:base,tabindex:12)
2025-10-10 23:12:51,834 [INFO] PluginManage:310 - Check plugin userauth
2025-10-10 23:12:51,836 [INFO] UserAuth:118 - Init User Auth plugin
2025-10-10 23:12:51,836 [INFO] PluginManage:359 - Loaded plugin userauth (category:base,tabindex:14)
2025-10-10 23:12:51,836 [INFO] PluginManage:283 - PluginManage : Loaded plugins [18]
2025-10-10 23:12:51,928 [INFO] PinOutPanel:1589 - setPackage(No Configuration,No Configuration)
2025-10-10 23:12:51,963 [INFO] CADModel:165 - CPN selected for project level
2025-10-10 23:12:51,963 [INFO] CADModel:114 - Register for checkConnection events
2025-10-10 23:12:51,967 [INFO] IPUIPlugin:80 - create IPUIPlugin
2025-10-10 23:12:51,967 [INFO] PluginManager:220 - loadIPPluginJar : add radio
2025-10-10 23:12:51,969 [INFO] IPUIPlugin:80 - create IPUIPlugin
2025-10-10 23:12:51,970 [INFO] PluginManager:220 - loadIPPluginJar : add spi
2025-10-10 23:12:51,970 [INFO] IPUIPlugin:80 - create IPUIPlugin
2025-10-10 23:12:51,970 [INFO] PluginManager:220 - loadIPPluginJar : add tsc
2025-10-10 23:12:51,973 [INFO] IPUIPlugin:80 - create IPUIPlugin
2025-10-10 23:12:51,973 [INFO] PluginManager:220 - loadIPPluginJar : add fmc
2025-10-10 23:12:51,974 [INFO] IPUIPlugin:80 - create IPUIPlugin
2025-10-10 23:12:51,974 [INFO] PluginManager:220 - loadIPPluginJar : add hash
2025-10-10 23:12:51,975 [INFO] IPUIPlugin:80 - create IPUIPlugin
2025-10-10 23:12:51,975 [INFO] PluginManager:220 - loadIPPluginJar : add extmemmanager
2025-10-10 23:12:51,976 [INFO] IPUIPlugin:80 - create IPUIPlugin
2025-10-10 23:12:51,976 [INFO] PluginManager:220 - loadIPPluginJar : add tim
2025-10-10 23:12:51,976 [INFO] IPUIPlugin:80 - create IPUIPlugin
2025-10-10 23:12:51,976 [INFO] PluginManager:220 - loadIPPluginJar : add ltdc
2025-10-10 23:12:51,977 [INFO] IPUIPlugin:80 - create IPUIPlugin
2025-10-10 23:12:51,977 [INFO] PluginManager:220 - loadIPPluginJar : add quadspi
2025-10-10 23:12:51,979 [INFO] IPUIPlugin:80 - create IPUIPlugin
2025-10-10 23:12:51,979 [INFO] PluginManager:220 - loadIPPluginJar : add gic
2025-10-10 23:12:51,980 [INFO] IPUIPlugin:80 - create IPUIPlugin
2025-10-10 23:12:51,980 [INFO] PluginManager:220 - loadIPPluginJar : add comp
2025-10-10 23:12:51,981 [INFO] IPUIPlugin:80 - create IPUIPlugin
2025-10-10 23:12:51,981 [INFO] PluginManager:220 - loadIPPluginJar : add fatfs
2025-10-10 23:12:51,984 [INFO] IPUIPlugin:80 - create IPUIPlugin
2025-10-10 23:12:51,984 [INFO] PluginManager:220 - loadIPPluginJar : add linkedlist
2025-10-10 23:12:51,985 [INFO] IPUIPlugin:80 - create IPUIPlugin
2025-10-10 23:12:51,985 [INFO] PluginManager:220 - loadIPPluginJar : add ucpd
2025-10-10 23:12:51,986 [INFO] IPUIPlugin:80 - create IPUIPlugin
2025-10-10 23:12:51,986 [INFO] PluginManager:220 - loadIPPluginJar : add ddr_ctrl_phy
2025-10-10 23:12:51,987 [INFO] IPUIPlugin:80 - create IPUIPlugin
2025-10-10 23:12:51,987 [INFO] PluginManager:220 - loadIPPluginJar : add gfxmmu
2025-10-10 23:12:51,988 [INFO] IPUIPlugin:80 - create IPUIPlugin
2025-10-10 23:12:51,988 [INFO] PluginManager:220 - loadIPPluginJar : add usart
2025-10-10 23:12:51,991 [INFO] IPUIPlugin:80 - create IPUIPlugin
2025-10-10 23:12:51,991 [INFO] PluginManager:220 - loadIPPluginJar : add dma
2025-10-10 23:12:51,992 [INFO] IPUIPlugin:80 - create IPUIPlugin
2025-10-10 23:12:51,992 [INFO] PluginManager:220 - loadIPPluginJar : add aes
2025-10-10 23:12:51,994 [INFO] IPUIPlugin:80 - create IPUIPlugin
2025-10-10 23:12:51,995 [INFO] PluginManager:220 - loadIPPluginJar : add plateformsettings
2025-10-10 23:12:51,996 [INFO] IPUIPlugin:80 - create IPUIPlugin
2025-10-10 23:12:51,996 [INFO] PluginManager:220 - loadIPPluginJar : add genericplugin
2025-10-10 23:12:51,997 [INFO] IPUIPlugin:80 - create IPUIPlugin
2025-10-10 23:12:51,998 [INFO] PluginManager:220 - loadIPPluginJar : add pdm2pcm
2025-10-10 23:12:51,999 [INFO] IPUIPlugin:80 - create IPUIPlugin
2025-10-10 23:12:51,999 [INFO] PluginManager:220 - loadIPPluginJar : add ipddr
2025-10-10 23:12:52,000 [INFO] IPUIPlugin:80 - create IPUIPlugin
2025-10-10 23:12:52,000 [INFO] PluginManager:220 - loadIPPluginJar : add opamp
2025-10-10 23:12:52,002 [INFO] IPUIPlugin:80 - create IPUIPlugin
2025-10-10 23:12:52,002 [INFO] PluginManager:220 - loadIPPluginJar : add dma3
2025-10-10 23:12:52,003 [INFO] IPUIPlugin:80 - create IPUIPlugin
2025-10-10 23:12:52,003 [INFO] PluginManager:220 - loadIPPluginJar : add dfsdm
2025-10-10 23:12:52,003 [INFO] IPUIPlugin:80 - create IPUIPlugin
2025-10-10 23:12:52,003 [INFO] PluginManager:220 - loadIPPluginJar : add ts
2025-10-10 23:12:52,005 [INFO] IPUIPlugin:80 - create IPUIPlugin
2025-10-10 23:12:52,005 [INFO] PluginManager:220 - loadIPPluginJar : add nvic
2025-10-10 23:12:52,006 [INFO] IPUIPlugin:80 - create IPUIPlugin
2025-10-10 23:12:52,006 [INFO] PluginManager:220 - loadIPPluginJar : add cryp
2025-10-10 23:12:52,008 [INFO] IPUIPlugin:80 - create IPUIPlugin
2025-10-10 23:12:52,008 [INFO] PluginManager:220 - loadIPPluginJar : add freertos
2025-10-10 23:12:52,009 [INFO] IPUIPlugin:80 - create IPUIPlugin
2025-10-10 23:12:52,009 [INFO] PluginManager:220 - loadIPPluginJar : add resmgrutility
2025-10-10 23:12:52,010 [INFO] IPUIPlugin:80 - create IPUIPlugin
2025-10-10 23:12:52,011 [INFO] PluginManager:220 - loadIPPluginJar : add gtzc
2025-10-10 23:12:52,011 [INFO] IPUIPlugin:80 - create IPUIPlugin
2025-10-10 23:12:52,011 [INFO] PluginManager:220 - loadIPPluginJar : add tracer_emb
2025-10-10 23:12:52,014 [INFO] IPUIPlugin:80 - create IPUIPlugin
2025-10-10 23:12:52,014 [INFO] PluginManager:220 - loadIPPluginJar : add stm32_wpan
2025-10-10 23:12:52,016 [INFO] IPUIPlugin:80 - create IPUIPlugin
2025-10-10 23:12:52,016 [INFO] PluginManager:220 - loadIPPluginJar : add gpio
2025-10-10 23:12:52,017 [INFO] IPUIPlugin:80 - create IPUIPlugin
2025-10-10 23:12:52,017 [INFO] PluginManager:220 - loadIPPluginJar : add sai
2025-10-10 23:12:52,018 [INFO] IPUIPlugin:80 - create IPUIPlugin
2025-10-10 23:12:52,018 [INFO] PluginManager:220 - loadIPPluginJar : add usbx
2025-10-10 23:12:52,020 [INFO] IPUIPlugin:80 - create IPUIPlugin
2025-10-10 23:12:52,020 [INFO] PluginManager:220 - loadIPPluginJar : add touchsensing
2025-10-10 23:12:52,021 [INFO] IPUIPlugin:80 - create IPUIPlugin
2025-10-10 23:12:52,021 [INFO] PluginManager:220 - loadIPPluginJar : add openamp
2025-10-10 23:12:52,022 [INFO] IPUIPlugin:80 - create IPUIPlugin
2025-10-10 23:12:52,022 [INFO] PluginManager:220 - loadIPPluginJar : add i3c
2025-10-10 23:12:52,023 [INFO] IPUIPlugin:80 - create IPUIPlugin
2025-10-10 23:12:52,023 [INFO] PluginManager:220 - loadIPPluginJar : add i2s
2025-10-10 23:12:52,024 [INFO] IPUIPlugin:80 - create IPUIPlugin
2025-10-10 23:12:52,024 [INFO] PluginManager:220 - loadIPPluginJar : add can
2025-10-10 23:12:52,025 [INFO] IPUIPlugin:80 - create IPUIPlugin
2025-10-10 23:12:52,025 [INFO] PluginManager:220 - loadIPPluginJar : add lorawan
2025-10-10 23:12:52,028 [INFO] IPUIPlugin:80 - create IPUIPlugin
2025-10-10 23:12:52,028 [INFO] PluginManager:220 - loadIPPluginJar : add adc
2025-10-10 23:12:52,029 [INFO] IPUIPlugin:80 - create IPUIPlugin
2025-10-10 23:12:52,029 [INFO] PluginManager:220 - loadIPPluginJar : add i2c
2025-10-10 23:12:52,032 [INFO] IPUIPlugin:80 - create IPUIPlugin
2025-10-10 23:12:52,032 [INFO] PluginManager:220 - loadIPPluginJar : add mdma
2025-10-10 23:12:52,121 [FATAL] Updater:351 - Updater called before beeing initialized
2025-10-10 23:12:52,138 [INFO] RulesReader:64 - Compatibility file has been processed (317 Rules)
2025-10-10 23:12:52,146 [INFO] RulesReader:64 - Compatibility file has been processed (317 Rules)
2025-10-10 23:12:52,151 [INFO] CADModel:165 - CPN selected for project level
2025-10-10 23:12:52,151 [INFO] CADModel:114 - Register for checkConnection events
2025-10-10 23:12:52,151 [FATAL] Updater:351 - Updater called before beeing initialized
2025-10-10 23:12:52,151 [ERROR] CADModel:125 - Updater not yet initialized, retry later 
2025-10-10 23:12:52,222 [FATAL] Updater:351 - Updater called before beeing initialized
2025-10-10 23:12:52,223 [INFO] CADModel:165 - CPN selected for project level
2025-10-10 23:12:52,223 [INFO] CADModel:114 - Register for checkConnection events
2025-10-10 23:12:52,223 [FATAL] Updater:351 - Updater called before beeing initialized
2025-10-10 23:12:52,223 [ERROR] CADModel:125 - Updater not yet initialized, retry later 
2025-10-10 23:12:52,225 [FATAL] Updater:351 - Updater called before beeing initialized
2025-10-10 23:12:52,275 [FATAL] Updater:351 - Updater called before beeing initialized
2025-10-10 23:12:52,277 [INFO] DbMcusAds:53 - JSON generation date=Thu Oct 02 12:36:05 EEST 2025 (1759397765645)
2025-10-10 23:12:52,277 [FATAL] Updater:351 - Updater called before beeing initialized
2025-10-10 23:12:52,298 [WARN] DetailPanel:346 - Failed to get advertising image, set to default
2025-10-10 23:12:52,342 [FATAL] Updater:351 - Updater called before beeing initialized
2025-10-10 23:12:52,343 [FATAL] Updater:351 - Updater called before beeing initialized
2025-10-10 23:12:52,343 [FATAL] Updater:351 - Updater called before beeing initialized
2025-10-10 23:12:52,343 [WARN] DetailPanel:346 - Failed to get advertising image, set to default
2025-10-10 23:12:52,344 [FATAL] Updater:351 - Updater called before beeing initialized
2025-10-10 23:12:52,363 [ERROR] Updater:1198 - MainUpdater not yet initialized. External WinMGr cannot be set.
2025-10-10 23:12:52,364 [INFO] Updater:1134 - Updater Version found : 6.15.0
2025-10-10 23:12:52,374 [INFO] ApplicationProperties:184 - Using Application install path: /opt/st/stm32cubeide_1.19.0/plugins/com.st.stm32cube.common.mx_6.15.0.202507011659
2025-10-10 23:12:52,607 [INFO] MainUpdater:2872 - connection check result : 10
2025-10-10 23:12:52,607 [INFO] MainUpdater:289 - Updater Check For Update Now.
2025-10-10 23:12:52,608 [INFO] MicroXplorer:498 - Change Database Version : DB.6.0.150
2025-10-10 23:12:52,610 [INFO] McuFinderGlobals:63 - Set McuFinder mode to 2 (CubeIDE integrated)
2025-10-10 23:12:52,610 [INFO] UserAuth:487 - Internet connection configuration mode: 1
2025-10-10 23:12:52,619 [INFO] JxBrowserEngine:152 - Initiate JxBrowser Engine with user profile folder
2025-10-10 23:12:52,757 [INFO] CheckServerUpdateThread:120 - End of CheckServer Thread
2025-10-10 23:12:52,993 [INFO] WebApp:169 - Instantiating new browser for Auth
2025-10-10 23:12:53,404 [INFO] WebApp:463 - Apply proxy settings
2025-10-10 23:12:53,405 [INFO] WebApp:548 - Chromium requires no authentication
2025-10-10 23:12:53,408 [INFO] WebApp:491 - Direct internet connection detected
2025-10-10 23:12:53,417 [INFO] WebApp:900 - Register for checkConnection events
2025-10-10 23:12:53,418 [INFO] WebApp:463 - Apply proxy settings
2025-10-10 23:12:53,418 [INFO] WebApp:548 - Chromium requires no authentication
2025-10-10 23:12:53,418 [INFO] WebApp:491 - Direct internet connection detected
2025-10-10 23:12:53,491 [INFO] WebApp:225 - Starting web application
2025-10-10 23:12:53,492 [INFO] WebApp:593 - Web application path used /opt/st/stm32cubeide_1.19.0/plugins/com.st.stm32cube.common.mx_6.15.0.202507011659/db/plugins/mcufinder/reactClient1/index.html
2025-10-10 23:12:53,542 [INFO] UserAuth:487 - Internet connection configuration mode: 1
2025-10-10 23:12:53,649 [INFO] WebApp:191 - Connection restablished
2025-10-10 23:12:54,802 [WARN] PackLoader:240 - Cannot read IP mode file for STMicroelectronics.FP-SNS-MOTENVWB1.1.4.0
2025-10-10 23:12:54,806 [WARN] PackLoader:240 - Cannot read IP mode file for STMicroelectronics.FP-ATR-ASTRA1.2.0.2
2025-10-10 23:12:54,809 [WARN] PackLoader:240 - Cannot read IP mode file for STMicroelectronics.X-CUBE-SMBUS.2.1.0
2025-10-10 23:12:54,811 [WARN] PackLoader:240 - Cannot read IP mode file for STMicroelectronics.X-CUBE-ST60.1.0.0
2025-10-10 23:12:54,826 [WARN] PackLoader:240 - Cannot read IP mode file for STMicroelectronics.X-CUBE-AZRTOS-F7.1.1.0
2025-10-10 23:12:54,835 [WARN] PackLoader:240 - Cannot read IP mode file for WES.I-CUBE-Cesium.1.4.0
2025-10-10 23:12:54,859 [WARN] PackLoader:240 - Cannot read IP mode file for Infineon.AIROC-Wi-Fi-Bluetooth-STM32.1.7.1
2025-10-10 23:12:54,885 [WARN] PackLoader:240 - Cannot read IP mode file for STMicroelectronics.X-CUBE-AZRTOS-H7.3.4.0
2025-10-10 23:12:54,895 [WARN] PackLoader:240 - Cannot read IP mode file for STMicroelectronics.X-CUBE-DISPLAY.3.0.0
2025-10-10 23:12:54,919 [WARN] PackLoader:240 - Cannot read IP mode file for STMicroelectronics.X-CUBE-NFC10.1.0.0
2025-10-10 23:12:54,924 [WARN] PackLoader:240 - Cannot read IP mode file for emotas.I-CUBE-CANOPEN.1.3.0
2025-10-10 23:12:54,930 [WARN] PackLoader:240 - Cannot read IP mode file for STMicroelectronics.FP-SNS-STBOX1.2.1.0
2025-10-10 23:12:54,937 [WARN] PackLoader:240 - Cannot read IP mode file for STMicroelectronics.FP-SNS-SMARTAG2.1.2.0
2025-10-10 23:12:54,940 [WARN] PackLoader:240 - Cannot read IP mode file for STMicroelectronics.FP-SNS-FLIGHT1.5.1.0
2025-10-10 23:12:54,947 [INFO] LogOutputStream:77 - [STDOUT_REDIRECT] 1 : Invalid condition id : UX_CORESTACK_Condition cause : null
2025-10-10 23:12:54,948 [INFO] LogOutputStream:77 - [STDOUT_REDIRECT] 1 : Invalid condition id : UX_CORESTACK_Condition cause : null
2025-10-10 23:12:54,948 [INFO] LogOutputStream:77 - [STDOUT_REDIRECT] 1 : Invalid condition id : UX_CORESTACK_Condition cause : null
2025-10-10 23:12:54,948 [INFO] LogOutputStream:77 - [STDOUT_REDIRECT] 1 : Invalid condition id : UX_CORESTACK_Condition cause : null
2025-10-10 23:12:54,949 [INFO] LogOutputStream:77 - [STDOUT_REDIRECT] 1 : Invalid condition id : UX_CORESTACK_Condition cause : null
2025-10-10 23:12:54,952 [WARN] PackLoader:240 - Cannot read IP mode file for STMicroelectronics.X-CUBE-AZRTOS-WL.2.0.0
2025-10-10 23:12:54,956 [WARN] PackLoader:240 - Cannot read IP mode file for STMicroelectronics.FP-SNS-MOTENV1.5.0.0
2025-10-10 23:12:54,962 [WARN] PackLoader:240 - Cannot read IP mode file for STMicroelectronics.X-CUBE-BLE2.3.3.0
2025-10-10 23:12:54,966 [WARN] PackLoader:240 - Cannot read IP mode file for STMicroelectronics.X-CUBE-NFC9.1.0.0
2025-10-10 23:12:54,970 [WARN] PackLoader:240 - Cannot read IP mode file for wolfSSL.I-CUBE-wolfSSL.5.8.2
2025-10-10 23:12:54,973 [WARN] PackLoader:240 - Cannot read IP mode file for STMicroelectronics.X-CUBE-BLE1.7.1.0
2025-10-10 23:12:54,975 [WARN] PackLoader:240 - Cannot read IP mode file for wolfSSL.I-CUBE-wolfMQTT.1.19.2
2025-10-10 23:12:54,979 [WARN] PackLoader:240 - Cannot read IP mode file for STMicroelectronics.X-CUBE-EEPRMA1.5.2.0
2025-10-10 23:12:54,994 [WARN] PackLoader:240 - Cannot read IP mode file for STMicroelectronics.X-CUBE-AZRTOS-G0.1.1.0
2025-10-10 23:12:55,001 [WARN] PackLoader:240 - Cannot read IP mode file for STMicroelectronics.X-CUBE-SAFEA1.1.2.2
2025-10-10 23:12:55,005 [WARN] PackLoader:240 - Cannot read IP mode file for STMicroelectronics.X-CUBE-NFC4.3.0.0
2025-10-10 23:12:55,013 [WARN] PackLoader:240 - Cannot read IP mode file for EmbeddedOffice.I-CUBE-FS-RTOS.1.0.1
2025-10-10 23:12:55,017 [WARN] PackLoader:240 - Cannot read IP mode file for STMicroelectronics.X-CUBE-WB05N.2.0.0
2025-10-10 23:12:55,020 [WARN] PackLoader:240 - Cannot read IP mode file for wolfSSL.I-CUBE-wolfTPM.3.8.0
2025-10-10 23:12:55,024 [WARN] PackLoader:240 - Cannot read IP mode file for STMicroelectronics.X-CUBE-TCPP.4.2.0
2025-10-10 23:12:55,028 [WARN] PackLoader:240 - Cannot read IP mode file for RealThread.X-CUBE-RT-Thread_Nano.4.1.1
2025-10-10 23:12:55,031 [WARN] PackLoader:240 - Cannot read IP mode file for STMicroelectronics.FP-ATR-SIGFOX1.3.2.0
2025-10-10 23:12:55,036 [WARN] PackLoader:240 - Cannot read IP mode file for ITTIA_DB.I-CUBE-ITTIADB.8.9.0
2025-10-10 23:12:55,040 [WARN] PackLoader:240 - Cannot read IP mode file for STMicroelectronics.X-CUBE-ST67W61.1.0.0
2025-10-10 23:12:55,043 [WARN] PackLoader:240 - Cannot read IP mode file for STMicroelectronics.X-CUBE-AI.10.2.0
2025-10-10 23:12:55,070 [WARN] PackLoader:240 - Cannot read IP mode file for SEGGER.I-CUBE-embOS.1.3.1
2025-10-10 23:12:55,109 [WARN] PackLoader:240 - Cannot read IP mode file for STMicroelectronics.X-CUBE-ALGOBUILD.1.4.0
2025-10-10 23:12:55,151 [WARN] PackLoader:240 - Cannot read IP mode file for STMicroelectronics.X-CUBE-MEMS1.11.3.0
2025-10-10 23:12:55,235 [WARN] PackLoader:240 - Cannot read IP mode file for STMicroelectronics.X-CUBE-PM33A1.1.0.0
2025-10-10 23:12:55,248 [WARN] PackLoader:240 - Cannot read IP mode file for STMicroelectronics.X-CUBE-AZRTOS-F4.1.1.0
2025-10-10 23:12:55,252 [WARN] PackLoader:240 - Cannot read IP mode file for Avnet-IotConnect.X-CUBE-IoTC-DA16k-PMOD.1.0.0
2025-10-10 23:12:55,255 [WARN] PackLoader:240 - Cannot read IP mode file for STMicroelectronics.X-CUBE-ISPU.2.1.0
2025-10-10 23:12:55,259 [WARN] PackLoader:240 - Cannot read IP mode file for STMicroelectronics.X-CUBE-NFC12.1.0.0
2025-10-10 23:12:55,271 [WARN] PackLoader:240 - Cannot read IP mode file for STMicroelectronics.X-CUBE-AZRTOS-L5.2.0.0
2025-10-10 23:12:55,278 [WARN] PackLoader:240 - Cannot read IP mode file for STMicroelectronics.X-CUBE-NFC6.3.1.0
2025-10-10 23:12:55,283 [WARN] PackLoader:240 - Cannot read IP mode file for STMicroelectronics.X-CUBE-FREERTOS.1.3.1
2025-10-10 23:12:55,286 [WARN] PackLoader:240 - Cannot read IP mode file for STMicroelectronics.X-CUBE-TOUCHGFX.4.26.0
2025-10-10 23:12:55,289 [WARN] PackLoader:240 - Cannot read IP mode file for STMicroelectronics.FP-SNS-STAIOTCFT.1.0.0
2025-10-10 23:12:55,292 [WARN] PackLoader:240 - Cannot read IP mode file for STMicroelectronics.X-CUBE-DPower.1.3.0
2025-10-10 23:12:55,305 [WARN] ConditionMgr:438 - getConditionDescription Invalid condition id : LAN8742 Phy interface Condition cause : null
2025-10-10 23:12:55,306 [WARN] PackLoader:240 - Cannot read IP mode file for STMicroelectronics.X-CUBE-AZRTOS-L4.2.0.0
2025-10-10 23:12:55,307 [WARN] ConditionMgr:1044 - genDependencies : Invalid condition id : LAN8742 Phy interface Condition cause : null
2025-10-10 23:12:55,307 [WARN] ConditionMgr:1044 - genDependencies : Invalid condition id : LAN8742 Phy interface Condition cause : null
2025-10-10 23:12:55,307 [WARN] ConditionMgr:1044 - genDependencies : Invalid condition id : LAN8742 Phy interface Condition cause : null
2025-10-10 23:12:55,312 [WARN] PackLoader:240 - Cannot read IP mode file for STMicroelectronics.X-CUBE-SFXS2LP1.4.0.0
2025-10-10 23:12:55,320 [WARN] PackLoader:240 - Cannot read IP mode file for STMicroelectronics.X-CUBE-BLEMGR.4.1.0
2025-10-10 23:12:55,328 [WARN] ConditionMgr:438 - getConditionDescription Invalid condition id : UX DEVICE CLASS RTOS Condition cause : null
2025-10-10 23:12:55,328 [WARN] ConditionMgr:438 - getConditionDescription Invalid condition id : UX DEVICE CLASS RTOS Condition cause : null
2025-10-10 23:12:55,329 [WARN] PackLoader:240 - Cannot read IP mode file for STMicroelectronics.X-CUBE-AZRTOS-WB.2.0.0
2025-10-10 23:12:55,330 [WARN] ConditionMgr:1044 - genDependencies : Invalid condition id : UX DEVICE CLASS RTOS Condition cause : null
2025-10-10 23:12:55,330 [WARN] ConditionMgr:1044 - genDependencies : Invalid condition id : UX DEVICE CLASS RTOS Condition cause : null
2025-10-10 23:12:55,330 [WARN] ConditionMgr:1044 - genDependencies : Invalid condition id : UX DEVICE CLASS RTOS Condition cause : null
2025-10-10 23:12:55,330 [WARN] ConditionMgr:1044 - genDependencies : Invalid condition id : UX DEVICE CLASS RTOS Condition cause : null
2025-10-10 23:12:55,330 [WARN] ConditionMgr:1044 - genDependencies : Invalid condition id : UX DEVICE CLASS RTOS Condition cause : null
2025-10-10 23:12:55,333 [WARN] PackLoader:240 - Cannot read IP mode file for STMicroelectronics.X-CUBE-GNSS1.7.0.1
2025-10-10 23:12:55,335 [WARN] PackLoader:240 - Cannot read IP mode file for STMicroelectronics.X-CUBE-TOUCHGFX.4.25.0
2025-10-10 23:12:55,337 [WARN] ConditionMgr:438 - getConditionDescription Invalid condition id : Cortex-A Device cause : null
2025-10-10 23:12:55,345 [WARN] ConditionMgr:1044 - genDependencies : Invalid condition id : Cortex-A Device cause : null
2025-10-10 23:12:55,345 [WARN] ConditionMgr:1044 - genDependencies : Invalid condition id : Cortex-A Device cause : null
2025-10-10 23:12:55,345 [WARN] ConditionMgr:1044 - genDependencies : Invalid condition id : Cortex-A Device cause : null
2025-10-10 23:12:55,349 [WARN] PackLoader:240 - Cannot read IP mode file for STMicroelectronics.X-CUBE-SUBG2.5.0.0
2025-10-10 23:12:55,362 [WARN] PackLoader:240 - Cannot read IP mode file for STMicroelectronics.X-CUBE-AZRTOS-H7RS.1.1.0
2025-10-10 23:12:55,365 [WARN] PackLoader:240 - Cannot read IP mode file for Cesanta.I-CUBE-Mongoose.7.13.0
2025-10-10 23:12:55,375 [WARN] PackLoader:240 - Cannot read IP mode file for STMicroelectronics.X-CUBE-AZRTOS-G4.2.0.0
2025-10-10 23:12:55,379 [WARN] PackLoader:240 - Cannot read IP mode file for wolfSSL.I-CUBE-wolfSSH.1.4.20
2025-10-10 23:12:55,381 [WARN] PackLoader:240 - Cannot read IP mode file for STMicroelectronics.X-CUBE-NFC7.2.0.0
2025-10-10 23:12:55,390 [WARN] PackLoader:240 - Cannot read IP mode file for STMicroelectronics.X-CUBE-IPS.3.1.0
2025-10-10 23:12:55,397 [WARN] PackLoader:240 - Cannot read IP mode file for STMicroelectronics.X-CUBE-ALS.1.0.2
2025-10-10 23:12:55,402 [WARN] PackLoader:240 - Cannot read IP mode file for STMicroelectronics.X-CUBE-STSE01.1.0.0
2025-10-10 23:12:55,410 [WARN] PackLoader:240 - Cannot read IP mode file for STMicroelectronics.X-CUBE-TOF1.3.4.3
2025-10-10 23:12:55,430 [INFO] ThirdParty:978 - Integrity check success = true
2025-10-10 23:12:55,431 [INFO] IntegrityCheckThread:100 - exiting critical section [integrity check]
2025-10-10 23:12:55,431 [INFO] IntegrityCheckThread:103 - End integrity checks thread
2025-10-10 23:13:37,819 [INFO] McuFinderGlobals:63 - Set McuFinder mode to 2 (CubeIDE integrated)
2025-10-10 23:13:37,822 [INFO] MainUpdater:2872 - connection check result : 10
2025-10-10 23:13:37,822 [INFO] MainUpdater:2872 - connection check result : 10
2025-10-10 23:13:37,835 [INFO] MicroXplorer:468 - Change Database Path : 
2025-10-10 23:13:37,835 [INFO] MicroXplorer:498 - Change Database Version : DB.6.0.150
2025-10-10 23:13:37,839 [WARN] ThirdParty:871 - waiting for thirdparty lock release [close project]
2025-10-10 23:13:37,839 [INFO] ThirdParty:873 - entering critical section [close project]
2025-10-10 23:13:37,840 [INFO] ThirdParty:883 - exiting critical section [close project]
2025-10-10 23:13:37,841 [INFO] PinOutPanel:1589 - setPackage(No Configuration,No Configuration)
2025-10-10 23:13:37,843 [INFO] UtilMem:75 - Begin LoadConfig() Used Memory: 519189320 Bytes (680525824)
2025-10-10 23:13:37,844 [INFO] MicroXplorer:468 - Change Database Path : 
2025-10-10 23:13:37,844 [INFO] MicroXplorer:498 - Change Database Version : DB.6.0.150
2025-10-10 23:13:37,844 [INFO] OpenFileManager:355 - Change cursor
2025-10-10 23:13:37,872 [INFO] Mcu:2029 - Initializing MCU STM32F407V(E-G)Tx STM32F407VGTx STM32F407VGT6
2025-10-10 23:13:38,974 [INFO] Context:786 - Trying to add GPIOservice into a context  which must be forbidden
2025-10-10 23:13:39,373 [INFO] ImportTextPane:234 - (OptionalMessage_ERROR) Pin35 (VP_RIF_VS_RIF1) cannot be retrieved for this MCU
2025-10-10 23:13:39,464 [INFO] RtosManager:558 - Registered RTOS mode: class=CMSIS, group=RTOS, mode=CMSIS_V1, owner=FREERTOS
2025-10-10 23:13:39,464 [INFO] RtosManager:558 - Registered RTOS mode: class=CMSIS, group=RTOS2, mode=CMSIS_V2, owner=FREERTOS
2025-10-10 23:13:39,464 [INFO] RtosManager:558 - Registered RTOS mode: class=RTOS, group=Core, mode=CMSIS_V1, owner=FREERTOS
2025-10-10 23:13:39,465 [INFO] RtosManager:558 - Registered RTOS mode: class=RTOS, group=Core, mode=CMSIS_V2, owner=FREERTOS
2025-10-10 23:13:39,466 [WARN] ModelIntegratedComponent:184 - Missing modes for component STMicroelectronics:FreeRTOS:0.0.1:STMicroelectronics:RTOS:FreeRTOS:Core:::10.2.0:
2025-10-10 23:13:39,497 [WARN] ModelIntegratedComponent:63 - No mode defined for component null
2025-10-10 23:13:39,498 [WARN] ModelIntegratedComponent:63 - No mode defined for component null
2025-10-10 23:13:39,498 [WARN] ModelIntegratedComponent:63 - No mode defined for component null
2025-10-10 23:13:39,498 [WARN] ModelIntegratedComponent:63 - No mode defined for component null
2025-10-10 23:13:39,498 [WARN] ModelIntegratedComponent:63 - No mode defined for component null
2025-10-10 23:13:39,498 [WARN] ModelIntegratedComponent:63 - No mode defined for component null
2025-10-10 23:13:39,498 [WARN] ModelIntegratedComponent:63 - No mode defined for component null
2025-10-10 23:13:39,498 [WARN] ModelIntegratedComponent:63 - No mode defined for component null
2025-10-10 23:13:39,498 [WARN] ModelIntegratedComponent:63 - No mode defined for component null
2025-10-10 23:13:39,498 [WARN] ModelIntegratedComponent:63 - No mode defined for component null
2025-10-10 23:13:39,498 [WARN] ModelIntegratedComponent:63 - No mode defined for component null
2025-10-10 23:13:39,498 [WARN] ModelIntegratedComponent:63 - No mode defined for component null
2025-10-10 23:13:39,498 [WARN] ModelIntegratedComponent:63 - No mode defined for component null
2025-10-10 23:13:39,498 [WARN] ModelIntegratedComponent:63 - No mode defined for component null
2025-10-10 23:13:39,499 [WARN] ModelIntegratedComponent:63 - No mode defined for component null
2025-10-10 23:13:39,499 [WARN] ModelIntegratedComponent:63 - No mode defined for component null
2025-10-10 23:13:39,499 [WARN] ModelIntegratedComponent:63 - No mode defined for component null
2025-10-10 23:13:39,499 [WARN] ModelIntegratedComponent:63 - No mode defined for component null
2025-10-10 23:13:39,499 [WARN] ModelIntegratedComponent:63 - No mode defined for component null
2025-10-10 23:13:39,499 [WARN] ModelIntegratedComponent:63 - No mode defined for component null
2025-10-10 23:13:39,499 [WARN] ModelIntegratedComponent:63 - No mode defined for component null
2025-10-10 23:13:39,499 [WARN] ModelIntegratedComponent:63 - No mode defined for component null
2025-10-10 23:13:39,499 [WARN] ModelIntegratedComponent:63 - No mode defined for component null
2025-10-10 23:13:39,499 [WARN] ModelIntegratedComponent:63 - No mode defined for component null
2025-10-10 23:13:39,499 [WARN] ModelIntegratedComponent:63 - No mode defined for component null
2025-10-10 23:13:39,499 [WARN] ModelIntegratedComponent:63 - No mode defined for component null
2025-10-10 23:13:39,499 [WARN] ModelIntegratedComponent:63 - No mode defined for component null
2025-10-10 23:13:39,499 [WARN] ModelIntegratedComponent:63 - No mode defined for component null
2025-10-10 23:13:39,499 [WARN] ModelIntegratedComponent:63 - No mode defined for component null
2025-10-10 23:13:39,500 [WARN] ModelIntegratedComponent:63 - No mode defined for component null
2025-10-10 23:13:39,500 [WARN] ModelIntegratedComponent:63 - No mode defined for component null
2025-10-10 23:13:39,500 [WARN] ModelIntegratedComponent:63 - No mode defined for component null
2025-10-10 23:13:39,500 [WARN] ModelIntegratedComponent:63 - No mode defined for component null
2025-10-10 23:13:39,500 [WARN] ModelIntegratedComponent:63 - No mode defined for component null
2025-10-10 23:13:39,500 [WARN] ModelIntegratedComponent:63 - No mode defined for component null
2025-10-10 23:13:39,500 [WARN] ModelPack:524 - Component already loaded: STMicroelectronics:HAL Drivers:0.0.0:STMicroelectronics:Device:STMicro_Driver:XSPI:HAL::0.0.1:HAL_XSPI
2025-10-10 23:13:39,578 [INFO] ThirdPartyModel:298 - Start build external matchings
2025-10-10 23:13:39,949 [INFO] ThirdPartyModel:316 - End build external matchings
2025-10-10 23:13:39,967 [INFO] ImportTextPane:234 - (OptionalMessage_ERROR) IP (RCC) : Parameter (RTCHSEDivFreq_Value) has invalid value (4000000)
2025-10-10 23:13:40,133 [INFO] ApiDb:581 - Connected to CubeFinder SQLite database (/home/oleksii/.stmcufinder/plugins/mcufinder/mcu/cube-finder-db.db)
2025-10-10 23:13:40,164 [INFO] ApiDb:668 - CubeFinder database Data Model version=2.1
2025-10-10 23:13:40,164 [INFO] ApiDb:669 - CubeFinder database Configuration version=3.0.39
2025-10-10 23:13:40,164 [INFO] ApiDb:670 - CubeFinder database generation date=2025-08-25 (1756130511)
2025-10-10 23:13:40,164 [INFO] ApiDb:671 - CubeFinder database FW Pack versions=[FP-ATR-ASTRA1_V2.0.0, FP-SNS-FLIGHT1_V5.1.0, FP-SNS-MOTENV1_V5.0.0, FP-SNS-MOTENVWB1_V1.4.0, FP-SNS-SMARTAG2_V1.2.0, FP-SNS-STBOX1_V2.1.0, STM32Cube_FW_C0_V1.4.0, STM32Cube_FW_F4_V1.28.3, STM32Cube_FW_F7_V1.17.4, STM32Cube_FW_G0_V1.6.2, STM32Cube_FW_G4_V1.6.1, STM32Cube_FW_H5_V1.5.0, STM32Cube_FW_H7RS_V1.2.0, STM32Cube_FW_H7_V1.12.1, STM32Cube_FW_L0_V1.12.2, STM32Cube_FW_L4_V1.18.1, STM32Cube_FW_L5_V1.5.1, STM32Cube_FW_N6_V1.2.0, STM32Cube_FW_U0_V1.3.0, STM32Cube_FW_U3_V1.2.0, STM32Cube_FW_U5_V1.8.0, STM32Cube_FW_WB0_V1.3.0, STM32Cube_FW_WBA_V1.7.0, STM32Cube_FW_WB_V1.23.0, STM32Cube_FW_WL3_V1.2.0, STM32Cube_FW_WL_V1.3.1, X-CUBE-ALGOBUILD_V1.4.0, X-CUBE-ALS_V1.0.2, X-CUBE-AZRTOS-F4_V1.1.0, X-CUBE-AZRTOS-F7_V1.1.0, X-CUBE-AZRTOS-G0_V1.1.0, X-CUBE-AZRTOS-G4_V2.0.0, X-CUBE-AZRTOS-H7RS_V1.1.0, X-CUBE-AZRTOS-H7_V3.4.0, X-CUBE-AZRTOS-L4_V2.0.0, X-CUBE-AZRTOS-L5_V2.0.0, X-CUBE-AZRTOS-WB_V2.0.0, X-CUBE-AZRTOS-WL_V2.0.0, X-CUBE-BLE1_V7.1.0, X-CUBE-BLE2_V3.3.0, X-CUBE-BLEMGR_V4.1.0, X-CUBE-EEPRMA1_V5.2.0, X-CUBE-FREERTOS_V1.3.1, X-CUBE-GNSS1_V6.0.0, X-CUBE-MEMS1_V11.3.0, X-CUBE-NFC4_V3.0.0, X-CUBE-NFC7_V2.0.0, X-CUBE-SFXS2LP1_V4.0.0, X-CUBE-ST67W61_V1.0.0, X-CUBE-SUBG2_V5.0.0, X-CUBE-TOF1_V3.4.3]
2025-10-10 23:13:40,203 [INFO] DbBoardsSqlite:226 - include board P-NUCLEO-WB55-NUCLEO as a kit item of type 'Nucleo-64'
2025-10-10 23:13:40,204 [INFO] DbBoardsSqlite:226 - include board P-NUCLEO-WB55-USBDONGLE as a kit item of type 'Nucleo USB Dongle'
2025-10-10 23:13:40,204 [INFO] DbBoardsSqlite:226 - include board STEVAL-IDP005V1 as a kit item of type 'Evaluation Board'
2025-10-10 23:13:40,204 [INFO] DbBoardsSqlite:226 - include board STEVAL-IDP005V2 as a kit item of type 'Evaluation Board'
2025-10-10 23:13:40,230 [INFO] ApiDb:240 - Found 880 in-development CPN: [B-G473E-ZEST1S, B-WB1M-WPAN1, B-WBA5M-WPAN, B-WL5M-SUBG1, NUCLEO-C031C6, NUCLEO-C051C8, NUCLEO-C071RB, NUCLEO-C092RC, NUCLEO-H503RB, NUCLEO-H533RE, NUCLEO-H563ZI, NUCLEO-H7S3L8, NUCLEO-N657X0-Q, NUCLEO-U031R8, NUCLEO-U083RC, NUCLEO-U385RG-Q, NUCLEO-U545RE-Q, NUCLEO-U5A5ZJ-Q, NUCLEO-WB05KZ, NUCLEO-WB07CC, NUCLEO-WB09KE, NUCLEO-WBA52CG, NUCLEO-WBA55CG, NUCLEO-WL33CC1, NUCLEO-WL33CC2, STEVAL-PROTEUS1, STEVAL-SMARTAG2, STEVAL-STWINBX1, STM320518-EVAL, STM32C0116-DK, STM32C011D6Y3TR, STM32C011D6Y6TR, STM32C011F4P3, STM32C011F4P6, STM32C011F4U3, STM32C011F4U6TR, STM32C011F6P3, STM32C011F6P6, STM32C011F6U3, STM32C011F6U6TR, STM32C011J4M3, STM32C011J4M6, STM32C011J6M3, STM32C011J6M6, STM32C0316-DK, STM32C031C4T3, STM32C031C4T6, STM32C031C4U3, STM32C031C4U6, STM32C031C6T3, STM32C031C6T6, STM32C031C6U3, STM32C031C6U6, STM32C031F4P3, STM32C031F4P6, STM32C031F6P3, STM32C031F6P6, STM32C031G4U3, STM32C031G4U6, STM32C031G6U3, STM32C031G6U6, STM32C031K4T3, STM32C031K4T6, STM32C031K4U3, STM32C031K4U6, STM32C031K6T3, STM32C031K6T6, STM32C031K6U3, STM32C031K6U6, STM32C051C6T6, STM32C051C6U6, STM32C051C8T6, STM32C051C8U6, STM32C051D8Y6TR, STM32C051F6P6, STM32C051F8P6, STM32C051G6U6, STM32C051G8U6, STM32C051K6T6, STM32C051K6U6, STM32C051K8T6, STM32C071C8T6, STM32C071C8T6N, STM32C071C8U6, STM32C071C8U6N, STM32C071CBT6, STM32C071CBT6N, STM32C071CBU6, STM32C071CBU6N, STM32C071F8P6, STM32C071F8P6N, STM32C071FBP6, STM32C071FBP6N, STM32C071FBY6TR, STM32C071G8U6, STM32C071G8U6N, STM32C071GBU6, STM32C071GBU6N, STM32C071K8T6, STM32C071K8T6N, STM32C071K8U6, STM32C071K8U6N, STM32C071KBT6, STM32C071KBT6N, STM32C071KBU6, STM32C071KBU6N, STM32C071R8T6, STM32C071R8T6N, STM32C071RBI6N, STM32C071RBT6, STM32C071RBT6N, STM32C091CBT6, STM32C091CBU6, STM32C091CCT6, STM32C091CCU6, STM32C091ECY6TR, STM32C091FBP6, STM32C091FCP6, STM32C091GBU6, STM32C091GCU6, STM32C091KBT6, STM32C091KBU6, STM32C091KCT6, STM32C091KCU6, STM32C091RBT6, STM32C091RCI6, STM32C091RCT6, STM32C092CBT6, STM32C092CBU6, STM32C092CCT6, STM32C092CCU6, STM32C092ECY6TR, STM32C092FBP6, STM32C092FCP6, STM32C092GBU6, STM32C092GCU6, STM32C092KBT6, STM32C092KBU6, STM32C092KCT6, STM32C092KCU6, STM32C092RBT6, STM32C092RCI6, STM32C092RCT6, STM32G071K8TXN, STM32G071K8UXN, STM32G081GBU6N, STM32G081KBT6N, STM32G081KBUXN, STM32G0B1CCT6N, STM32G0B1KCT6, STM32G0B1NEY6TR, STM32G0B1RCT6N, STM32G0C1CCT6, STM32G0C1CCT6N, STM32G0C1CCU6N, STM32G0C1CET6N, STM32G0C1CEU6N, STM32G0C1KCT6, STM32G0C1NEY6TR, STM32G0C1RCI6N, STM32G0C1RCT6N, STM32G0C1REI6N, STM32G0C1RET6N, STM32G0C1VCI6, STM32G0C1VEI6, STM32G411C6T3, STM32G411C6T6, STM32G411C6U3, STM32G411C6U6, STM32G411C8T3, STM32G411C8T6, STM32G411C8U3, STM32G411C8U6, STM32G411CBT3, STM32G411CBT6, STM32G411CBU3, STM32G411CBU6, STM32G411K6T3, STM32G411K6T6, STM32G411K6U3, STM32G411K6U6, STM32G411K8T3, STM32G411K8T6, STM32G411K8U3, STM32G411K8U6, STM32G411KBT3, STM32G411KBT6, STM32G411KBU3, STM32G411KBU6, STM32G411M6T3, STM32G411M6T6, STM32G411M8T3, STM32G411M8T6, STM32G411MBT3, STM32G411MBT6, STM32G411R6T3, STM32G411R6T6, STM32G411R8T3, STM32G411R8T6, STM32G411RBT3, STM32G411RBT6, STM32G414CBT3, STM32G414CBT6, STM32G414CBU3, STM32G414CBU6, STM32G414CCT3, STM32G414CCT6, STM32G414CCU3, STM32G414CCU6, STM32G414MBT3, STM32G414MBT6, STM32G414MCT3, STM32G414MCT6, STM32G414RBT3, STM32G414RBT6, STM32G414RCT3, STM32G414RCT6, STM32G414VBT3, STM32G414VBT6, STM32G414VCT3, STM32G414VCT6, STM32G431CBT3Z, STM32G431RBT3Z, STM32G471CCT6, STM32G471CCU6, STM32G471CET3, STM32G471CET6, STM32G471CEU3, STM32G471CEU6, STM32G471MCT6, STM32G471MET3, STM32G471MET6, STM32G471MEY6TR, STM32G471QCT6, STM32G471QET3, STM32G471RCT6, STM32G471RET3, STM32G471RET6, STM32G471VCH6, STM32G471VCI6, STM32G471VCT6, STM32G471VEH3, STM32G471VEH6, STM32G471VEI3, STM32G471VEI6, STM32G471VET3, STM32G471VET6, STM32G473QET3Z, STM32G473RET3Z, STM32G474CCT6, STM32G491RET3Z, STM32H503CBT6, STM32H503CBU6, STM32H503EBY6TR, STM32H503KBU6, STM32H503RBT6, STM32H523CCT6, STM32H523CCU6, STM32H523CET6, STM32H523CEU6, STM32H523HEY6TR, STM32H523RCT6, STM32H523RET6, STM32H523VCI6, STM32H523VCT6, STM32H523VEI6, STM32H523VET6, STM32H523ZCJ6, STM32H523ZCT6, STM32H523ZEJ6, STM32H523ZET6, STM32H533CET6, STM32H533CEU6, STM32H533HEY6TR, STM32H533RET6, STM32H533VEI6, STM32H533VET6, STM32H533ZEJ6, STM32H533ZET6, STM32H562AGI6, STM32H562AII6, STM32H562IGK6, STM32H562IGT6, STM32H562IIK6, STM32H562IIT6, STM32H562RGT6, STM32H562RGV6, STM32H562RIT6, STM32H562RIV6, STM32H562VGT6, STM32H562VIT6, STM32H562ZGT6, STM32H562ZIT6, STM32H563AGI6, STM32H563AII3Q, STM32H563AII6, STM32H563IGK6, STM32H563IGT6, STM32H563IIK3Q, STM32H563IIK6, STM32H563IIT3Q, STM32H563IIT6, STM32H563MIY3QTR, STM32H563RGT6, STM32H563RGV6, STM32H563RIT6, STM32H563RIV6, STM32H563VGT6, STM32H563VIT3Q, STM32H563VIT6, STM32H563ZGT6, STM32H563ZIT3Q, STM32H563ZIT6, STM32H573AII3Q, STM32H573AII6, STM32H573I-DK, STM32H573IIK3Q, STM32H573IIK6, STM32H573IIT3Q, STM32H573IIT6, STM32H573MIY3QTR, STM32H573RIT6, STM32H573RIV6, STM32H573VIT3Q, STM32H573VIT6, STM32H573ZIT3Q, STM32H573ZIT6, STM32H7R3A8I6, STM32H7R3I8K6, STM32H7R3I8T6, STM32H7R3L8H6, STM32H7R3L8H6H, STM32H7R3R8V6, STM32H7R3V8H6, STM32H7R3V8T6, STM32H7R3V8Y6TR, STM32H7R3Z8J6, STM32H7R3Z8T6, STM32H7R7A8I6, STM32H7R7I8K6, STM32H7R7I8T6, STM32H7R7L8H6, STM32H7R7L8H6H, STM32H7R7Z8J6, STM32H7S3A8I6, STM32H7S3I8K6, STM32H7S3I8T6, STM32H7S3L8H6, STM32H7S3L8H6H, STM32H7S3R8V6, STM32H7S3V8H6, STM32H7S3V8T6, STM32H7S3V8Y6TR, STM32H7S3Z8J6, STM32H7S3Z8T6, STM32H7S78-DK, STM32H7S7A8I6, STM32H7S7I8K6, STM32H7S7I8T6, STM32H7S7L8H6, STM32H7S7L8H6H, STM32H7S7Z8J6, STM32L4R5QGI6STR, STM32MP131AAE3, STM32MP131AAF3, STM32MP131AAG3, STM32MP131CAE3, STM32MP131CAF3, STM32MP131CAG3, STM32MP131DAE7, STM32MP131DAF7, STM32MP131DAG7, STM32MP131FAE7, STM32MP131FAF7, STM32MP131FAG7, STM32MP133AAE3, STM32MP133AAF3, STM32MP133AAG3, STM32MP133CAE3, STM32MP133CAF3, STM32MP133CAG3, STM32MP133DAE7, STM32MP133DAF7, STM32MP133DAG7, STM32MP133FAE7, STM32MP133FAF7, STM32MP133FAG7, STM32MP135AAE3, STM32MP135AAF3, STM32MP135AAG3, STM32MP135CAE3, STM32MP135CAF3, STM32MP135CAG3, STM32MP135DAE7, STM32MP135DAF7, STM32MP135DAG7, STM32MP135F-DK, STM32MP135FAE7, STM32MP135FAF7, STM32MP135FAF7T, STM32MP135FAF7U, STM32MP135FAG7, STM32MP211AAL3, STM32MP211AAM3, STM32MP211AAN3, STM32MP211AAO3, STM32MP211CAL3, STM32MP211CAM3, STM32MP211CAN3, STM32MP211CAO3, STM32MP211DAL3, STM32MP211DAM3, STM32MP211DAN3, STM32MP211DAO3, STM32MP211FAL3, STM32MP211FAM3, STM32MP211FAN3, STM32MP211FAO3, STM32MP213AAL3, STM32MP213AAM3, STM32MP213AAN3, STM32MP213AAO3, STM32MP213CAL3, STM32MP213CAM3, STM32MP213CAN3, STM32MP213CAO3, STM32MP213DAL3, STM32MP213DAM3, STM32MP213DAN3, STM32MP213DAO3, STM32MP213FAL3, STM32MP213FAM3, STM32MP213FAN3, STM32MP213FAO3, STM32MP215AAL3, STM32MP215AAM3, STM32MP215AAN3, STM32MP215AAO3, STM32MP215CAL3, STM32MP215CAM3, STM32MP215CAN3, STM32MP215CAO3, STM32MP215DAL3, STM32MP215DAM3, STM32MP215DAN3, STM32MP215DAO3, STM32MP215F-DK, STM32MP215FAL3, STM32MP215FAM3, STM32MP215FAN3, STM32MP215FAO3, STM32MP231AAJ3, STM32MP231AAK3, STM32MP231AAL3, STM32MP231CAJ3, STM32MP231CAK3, STM32MP231CAL3, STM32MP231DAJ3, STM32MP231DAK3, STM32MP231DAL3, STM32MP231FAJ3, STM32MP231FAK3, STM32MP231FAL3, STM32MP233AAJ3, STM32MP233AAK3, STM32MP233AAL3, STM32MP233CAJ3, STM32MP233CAK3, STM32MP233CAL3, STM32MP233DAJ3, STM32MP233DAK3, STM32MP233DAL3, STM32MP233FAJ3, STM32MP233FAK3, STM32MP233FAL3, STM32MP235AAJ3, STM32MP235AAK3, STM32MP235AAL3, STM32MP235CAJ3, STM32MP235CAK3, STM32MP235CAL3, STM32MP235DAJ3, STM32MP235DAK3, STM32MP235DAL3, STM32MP235FAJ3, STM32MP235FAK3, STM32MP235FAL3, STM32MP251AAI3, STM32MP251AAK3, STM32MP251AAL3, STM32MP251CAI3, STM32MP251CAK3, STM32MP251CAL3, STM32MP251DAI3, STM32MP251DAK3, STM32MP251DAL3, STM32MP251FAI3, STM32MP251FAK3, STM32MP251FAL3, STM32MP253AAI3, STM32MP253AAK3, STM32MP253AAL3, STM32MP253CAI3, STM32MP253CAK3, STM32MP253CAL3, STM32MP253DAI3, STM32MP253DAK3, STM32MP253DAL3, STM32MP253FAI3, STM32MP253FAK3, STM32MP253FAL3, STM32MP255AAI3, STM32MP255AAK3, STM32MP255AAL3, STM32MP255CAI3, STM32MP255CAK3, STM32MP255CAL3, STM32MP255DAI3, STM32MP255DAK3, STM32MP255DAL3, STM32MP255FAI3, STM32MP255FAK3, STM32MP255FAL3, STM32MP257AAI3, STM32MP257AAK3, STM32MP257AAL3, STM32MP257CAI3, STM32MP257CAK3, STM32MP257CAL3, STM32MP257DAI3, STM32MP257DAK3, STM32MP257DAL3, STM32MP257F-DK, STM32MP257F-EV1, STM32MP257FAI3, STM32MP257FAK3, STM32MP257FAL3, STM32N645A0H3Q, STM32N645B0H3Q, STM32N645I0H3Q, STM32N645L0H3Q, STM32N645X0H3Q, STM32N645Z0H3Q, STM32N647A0H3Q, STM32N647B0H3Q, STM32N647I0H3Q, STM32N647L0H3Q, STM32N647X0H3Q, STM32N647Z0H3Q, STM32N655A0H3Q, STM32N655B0H3Q, STM32N655I0H3Q, STM32N655L0H3Q, STM32N655X0H3Q, STM32N655Z0H3Q, STM32N6570-DK, STM32N657A0H3Q, STM32N657B0H3Q, STM32N657I0H3Q, STM32N657L0H3Q, STM32N657X0H3Q, STM32N657Z0H3Q, STM32U031C6T6, STM32U031C6U6, STM32U031C8T6, STM32U031C8U6, STM32U031F4P6, STM32U031F6P6, STM32U031F8P6, STM32U031G6Y6TR, STM32U031G8Y6TR, STM32U031K4U6, STM32U031K6U6, STM32U031K8U6, STM32U031R6I6, STM32U031R6T6, STM32U031R8I6, STM32U031R8T6, STM32U073C8T6, STM32U073C8U6, STM32U073CBT6, STM32U073CBU6, STM32U073CCT6, STM32U073CCU6, STM32U073H8Y6TR, STM32U073HBY6TR, STM32U073HCY6TR, STM32U073K8U6, STM32U073KBU6, STM32U073KCU6, STM32U073M8I6, STM32U073M8T6, STM32U073MBI6, STM32U073MBT6, STM32U073MCI6, STM32U073MCT6, STM32U073R8I6, STM32U073R8T6, STM32U073RBI6, STM32U073RBT6, STM32U073RCI6, STM32U073RCT6, STM32U083C-DK, STM32U083CCT6, STM32U083CCU6, STM32U083HCY6TR, STM32U083KCU6, STM32U083MCI6, STM32U083MCT6, STM32U083RCI6, STM32U083RCT6, STM32U375CET6, STM32U375CET6Q, STM32U375CEU6, STM32U375CEU6Q, STM32U375CEY6QTR, STM32U375CGT6, STM32U375CGT6Q, STM32U375CGU6, STM32U375CGU6Q, STM32U375CGY6QTR, STM32U375KEU6, STM32U375KGU6, STM32U375REI6, STM32U375REI6Q, STM32U375RET6, STM32U375RET6Q, STM32U375REY6GTR, STM32U375REY6QTR, STM32U375RGI6, STM32U375RGI6Q, STM32U375RGT6, STM32U375RGT6Q, STM32U375RGY6GTR, STM32U375RGY6QTR, STM32U375VEI6, STM32U375VEI6Q, STM32U375VET6, STM32U375VET6Q, STM32U375VGI6, STM32U375VGI6Q, STM32U375VGT6, STM32U375VGT6Q, STM32U385CGT6, STM32U385CGT6Q, STM32U385CGU6, STM32U385CGU6Q, STM32U385CGY6QTR, STM32U385KGU6, STM32U385RGI6, STM32U385RGI6Q, STM32U385RGT6, STM32U385RGT6Q, STM32U385RGY6GTR, STM32U385RGY6QTR, STM32U385VGI6, STM32U385VGI6Q, STM32U385VGT6, STM32U385VGT6Q, STM32U535CBT6, STM32U535CBT6Q, STM32U535CBU6, STM32U535CBU6Q, STM32U535CCT6, STM32U535CCT6Q, STM32U535CCU6, STM32U535CCU6Q, STM32U535CET6, STM32U535CET6Q, STM32U535CEU6, STM32U535CEU6Q, STM32U535JEY6QTR, STM32U535NCY6QTR, STM32U535NEY6QTR, STM32U535RBI6, STM32U535RBI6Q, STM32U535RBT6, STM32U535RBT6Q, STM32U535RCI6, STM32U535RCI6Q, STM32U535RCT6, STM32U535RCT6Q, STM32U535REI6, STM32U535REI6Q, STM32U535RET6, STM32U535RET6Q, STM32U535VCI6, STM32U535VCI6Q, STM32U535VCT6, STM32U535VCT6Q, STM32U535VEI6, STM32U535VEI6Q, STM32U535VET6, STM32U535VET6Q, STM32U545CET6, STM32U545CET6Q, STM32U545CEU6, STM32U545CEU6Q, STM32U545JEY6QTR, STM32U545NEY6QTR, STM32U545REI6, STM32U545REI6Q, STM32U545RET6, STM32U545RET6Q, STM32U545VEI6, STM32U545VEI6Q, STM32U545VET6, STM32U545VET6Q, STM32U595AIH6, STM32U595AIH6Q, STM32U595AJH6, STM32U595AJH6Q, STM32U595QII6, STM32U595QII6Q, STM32U595QJI6, STM32U595QJI6Q, STM32U595RIT6, STM32U595RIT6Q, STM32U595RJT6, STM32U595RJT6Q, STM32U595VIT6, STM32U595VIT6Q, STM32U595VJT6, STM32U595VJT6Q, STM32U595ZIT6, STM32U595ZIT6Q, STM32U595ZIY6QTR, STM32U595ZJT6, STM32U595ZJT6Q, STM32U595ZJY6QTR, STM32U599BJY6QTR, STM32U599NIH6Q, STM32U599NJH6Q, STM32U599VIT6Q, STM32U599VJT6, STM32U599VJT6Q, STM32U599ZIT6Q, STM32U599ZIY6QTR, STM32U599ZJT6Q, STM32U599ZJY6QTR, STM32U5A5AJH6, STM32U5A5AJH6Q, STM32U5A5QII3Q , STM32U5A5QJI6, STM32U5A5QJI6Q, STM32U5A5RJT6, STM32U5A5RJT6Q, STM32U5A5VJT6, STM32U5A5VJT6Q, STM32U5A5ZJT6, STM32U5A5ZJT6Q, STM32U5A5ZJY6QTR, STM32U5A9BJY6QTR, STM32U5A9J-DK, STM32U5A9NJH6Q, STM32U5A9VJT6Q, STM32U5A9ZJT6Q, STM32U5A9ZJY6QTR, STM32U5F7VIT6, STM32U5F7VIT6Q, STM32U5F7VJT6, STM32U5F7VJT6Q, STM32U5F9BJY6QTR, STM32U5F9NJH6Q, STM32U5F9VIT6Q, STM32U5F9VJT6Q, STM32U5F9ZIJ6QTR, STM32U5F9ZIT6Q, STM32U5F9ZJJ6QTR, STM32U5F9ZJT6Q, STM32U5G7VJT6, STM32U5G7VJT6Q, STM32U5G9BJY6QTR, STM32U5G9J-DK1, STM32U5G9J-DK2, STM32U5G9NJH6Q, STM32U5G9VJT6Q, STM32U5G9ZJJ6QTR, STM32U5G9ZJT6Q, STM32WB05KZV6TR, STM32WB05KZV7TR, STM32WB05TZF6TR, STM32WB05TZF7TR, STM32WB06CCF6TR, STM32WB06CCF7TR, STM32WB06CCV6TR, STM32WB06CCV7TR, STM32WB06KCV6TR, STM32WB06KCV7TR, STM32WB07CCF6TR, STM32WB07CCF7TR, STM32WB07CCV6TR, STM32WB07CCV7TR, STM32WB07KCV6TR, STM32WB07KCV7TR, STM32WB09KEV6TR, STM32WB09KEV7TR, STM32WB09TEF6TR, STM32WB09TEF7TR, STM32WB1MMCH6, STM32WBA50KGU6, STM32WBA50KGU6TR, STM32WBA52CEU6, STM32WBA52CEU6TR, STM32WBA52CEU7, STM32WBA52CEU7TR, STM32WBA52CGU6, STM32WBA52CGU6TR, STM32WBA52CGU6U, STM32WBA52CGU7, STM32WBA52CGU7TR, STM32WBA52KEU6, STM32WBA52KEU6TR, STM32WBA52KGU6, STM32WBA52KGU6TR, STM32WBA54CEU6, STM32WBA54CEU6TR, STM32WBA54CEU7, STM32WBA54CEU7TR, STM32WBA54CGU6, STM32WBA54CGU6TR, STM32WBA54CGU7, STM32WBA54CGU7TR, STM32WBA54KEU6, STM32WBA54KEU6TR, STM32WBA54KEU7, STM32WBA54KEU7TR, STM32WBA54KGU6, STM32WBA54KGU6TR, STM32WBA54KGU7, STM32WBA54KGU7TR, STM32WBA55CEU6, STM32WBA55CEU6TR, STM32WBA55CEU7, STM32WBA55CEU7TR, STM32WBA55CGU6, STM32WBA55CGU6TR, STM32WBA55CGU6U, STM32WBA55CGU7, STM32WBA55CGU7TR, STM32WBA55G-DK1, STM32WBA55HEF6, STM32WBA55HEF7, STM32WBA55HGF6, STM32WBA55HGF7, STM32WBA55UEI6, STM32WBA55UEI6TR, STM32WBA55UEI7, STM32WBA55UEI7TR, STM32WBA55UGI6, STM32WBA55UGI6TR, STM32WBA55UGI7, STM32WBA55UGI7TR, STM32WBA5MMGH6TR, STM32WBA62MGF6, STM32WBA62MIF6, STM32WBA65MGF7, STM32WBA65MIF6, STM32WBA65MIF7, STM32WL30K8V6, STM32WL30KBV6, STM32WL31C8V6, STM32WL31CBV6, STM32WL31K8V6, STM32WL31KBV6, STM32WL33C8V6, STM32WL33C8V6X, STM32WL33CBV6, STM32WL33CBV6X, STM32WL33CCV6, STM32WL33CCV6A, STM32WL33CCV6X, STM32WL33K8V7, STM32WL33K8V7X, STM32WL33KBV7 , STM32WL33KBV7X, STM32WL33KCV7, STM32WL33KCV7X, STM32WL5MOCH6, STM32WL5MOCH6TR]
2025-10-10 23:13:40,309 [INFO] BoardInfo:889 - No configuration file found for board P-NUCLEO-WB55
2025-10-10 23:13:40,309 [INFO] DbBoards:161 - Kit is not supported: P-NUCLEO-WB55
2025-10-10 23:13:40,311 [INFO] BoardInfo:889 - No configuration file found for board STEVAL-BFA001V1B
2025-10-10 23:13:40,312 [INFO] DbBoards:161 - Kit is not supported: STEVAL-BFA001V1B
2025-10-10 23:13:40,312 [INFO] BoardInfo:889 - No configuration file found for board STEVAL-BFA001V2B
2025-10-10 23:13:40,312 [INFO] DbBoards:161 - Kit is not supported: STEVAL-BFA001V2B
2025-10-10 23:13:40,397 [INFO] DbBoards:168 - Found 212 boards, 209 are supported
2025-10-10 23:13:40,397 [INFO] DbBoards:169 - Found 212 boards, 43 of them is supported for  Bsp
2025-10-10 23:13:40,401 [INFO] ApiDb:668 - CubeFinder database Data Model version=2.1
2025-10-10 23:13:40,402 [INFO] ApiDb:669 - CubeFinder database Configuration version=3.0.39
2025-10-10 23:13:40,402 [INFO] ApiDb:670 - CubeFinder database generation date=2025-08-25 (1756130511)
2025-10-10 23:13:40,402 [INFO] ApiDb:671 - CubeFinder database FW Pack versions=[FP-ATR-ASTRA1_V2.0.0, FP-SNS-FLIGHT1_V5.1.0, FP-SNS-MOTENV1_V5.0.0, FP-SNS-MOTENVWB1_V1.4.0, FP-SNS-SMARTAG2_V1.2.0, FP-SNS-STBOX1_V2.1.0, STM32Cube_FW_C0_V1.4.0, STM32Cube_FW_F4_V1.28.3, STM32Cube_FW_F7_V1.17.4, STM32Cube_FW_G0_V1.6.2, STM32Cube_FW_G4_V1.6.1, STM32Cube_FW_H5_V1.5.0, STM32Cube_FW_H7RS_V1.2.0, STM32Cube_FW_H7_V1.12.1, STM32Cube_FW_L0_V1.12.2, STM32Cube_FW_L4_V1.18.1, STM32Cube_FW_L5_V1.5.1, STM32Cube_FW_N6_V1.2.0, STM32Cube_FW_U0_V1.3.0, STM32Cube_FW_U3_V1.2.0, STM32Cube_FW_U5_V1.8.0, STM32Cube_FW_WB0_V1.3.0, STM32Cube_FW_WBA_V1.7.0, STM32Cube_FW_WB_V1.23.0, STM32Cube_FW_WL3_V1.2.0, STM32Cube_FW_WL_V1.3.1, X-CUBE-ALGOBUILD_V1.4.0, X-CUBE-ALS_V1.0.2, X-CUBE-AZRTOS-F4_V1.1.0, X-CUBE-AZRTOS-F7_V1.1.0, X-CUBE-AZRTOS-G0_V1.1.0, X-CUBE-AZRTOS-G4_V2.0.0, X-CUBE-AZRTOS-H7RS_V1.1.0, X-CUBE-AZRTOS-H7_V3.4.0, X-CUBE-AZRTOS-L4_V2.0.0, X-CUBE-AZRTOS-L5_V2.0.0, X-CUBE-AZRTOS-WB_V2.0.0, X-CUBE-AZRTOS-WL_V2.0.0, X-CUBE-BLE1_V7.1.0, X-CUBE-BLE2_V3.3.0, X-CUBE-BLEMGR_V4.1.0, X-CUBE-EEPRMA1_V5.2.0, X-CUBE-FREERTOS_V1.3.1, X-CUBE-GNSS1_V6.0.0, X-CUBE-MEMS1_V11.3.0, X-CUBE-NFC4_V3.0.0, X-CUBE-NFC7_V2.0.0, X-CUBE-SFXS2LP1_V4.0.0, X-CUBE-ST67W61_V1.0.0, X-CUBE-SUBG2_V5.0.0, X-CUBE-TOF1_V3.4.3]
2025-10-10 23:13:42,280 [INFO] ApiDb:240 - Found 880 in-development CPN: [B-G473E-ZEST1S, B-WB1M-WPAN1, B-WBA5M-WPAN, B-WL5M-SUBG1, NUCLEO-C031C6, NUCLEO-C051C8, NUCLEO-C071RB, NUCLEO-C092RC, NUCLEO-H503RB, NUCLEO-H533RE, NUCLEO-H563ZI, NUCLEO-H7S3L8, NUCLEO-N657X0-Q, NUCLEO-U031R8, NUCLEO-U083RC, NUCLEO-U385RG-Q, NUCLEO-U545RE-Q, NUCLEO-U5A5ZJ-Q, NUCLEO-WB05KZ, NUCLEO-WB07CC, NUCLEO-WB09KE, NUCLEO-WBA52CG, NUCLEO-WBA55CG, NUCLEO-WL33CC1, NUCLEO-WL33CC2, STEVAL-PROTEUS1, STEVAL-SMARTAG2, STEVAL-STWINBX1, STM320518-EVAL, STM32C0116-DK, STM32C011D6Y3TR, STM32C011D6Y6TR, STM32C011F4P3, STM32C011F4P6, STM32C011F4U3, STM32C011F4U6TR, STM32C011F6P3, STM32C011F6P6, STM32C011F6U3, STM32C011F6U6TR, STM32C011J4M3, STM32C011J4M6, STM32C011J6M3, STM32C011J6M6, STM32C0316-DK, STM32C031C4T3, STM32C031C4T6, STM32C031C4U3, STM32C031C4U6, STM32C031C6T3, STM32C031C6T6, STM32C031C6U3, STM32C031C6U6, STM32C031F4P3, STM32C031F4P6, STM32C031F6P3, STM32C031F6P6, STM32C031G4U3, STM32C031G4U6, STM32C031G6U3, STM32C031G6U6, STM32C031K4T3, STM32C031K4T6, STM32C031K4U3, STM32C031K4U6, STM32C031K6T3, STM32C031K6T6, STM32C031K6U3, STM32C031K6U6, STM32C051C6T6, STM32C051C6U6, STM32C051C8T6, STM32C051C8U6, STM32C051D8Y6TR, STM32C051F6P6, STM32C051F8P6, STM32C051G6U6, STM32C051G8U6, STM32C051K6T6, STM32C051K6U6, STM32C051K8T6, STM32C071C8T6, STM32C071C8T6N, STM32C071C8U6, STM32C071C8U6N, STM32C071CBT6, STM32C071CBT6N, STM32C071CBU6, STM32C071CBU6N, STM32C071F8P6, STM32C071F8P6N, STM32C071FBP6, STM32C071FBP6N, STM32C071FBY6TR, STM32C071G8U6, STM32C071G8U6N, STM32C071GBU6, STM32C071GBU6N, STM32C071K8T6, STM32C071K8T6N, STM32C071K8U6, STM32C071K8U6N, STM32C071KBT6, STM32C071KBT6N, STM32C071KBU6, STM32C071KBU6N, STM32C071R8T6, STM32C071R8T6N, STM32C071RBI6N, STM32C071RBT6, STM32C071RBT6N, STM32C091CBT6, STM32C091CBU6, STM32C091CCT6, STM32C091CCU6, STM32C091ECY6TR, STM32C091FBP6, STM32C091FCP6, STM32C091GBU6, STM32C091GCU6, STM32C091KBT6, STM32C091KBU6, STM32C091KCT6, STM32C091KCU6, STM32C091RBT6, STM32C091RCI6, STM32C091RCT6, STM32C092CBT6, STM32C092CBU6, STM32C092CCT6, STM32C092CCU6, STM32C092ECY6TR, STM32C092FBP6, STM32C092FCP6, STM32C092GBU6, STM32C092GCU6, STM32C092KBT6, STM32C092KBU6, STM32C092KCT6, STM32C092KCU6, STM32C092RBT6, STM32C092RCI6, STM32C092RCT6, STM32G071K8TXN, STM32G071K8UXN, STM32G081GBU6N, STM32G081KBT6N, STM32G081KBUXN, STM32G0B1CCT6N, STM32G0B1KCT6, STM32G0B1NEY6TR, STM32G0B1RCT6N, STM32G0C1CCT6, STM32G0C1CCT6N, STM32G0C1CCU6N, STM32G0C1CET6N, STM32G0C1CEU6N, STM32G0C1KCT6, STM32G0C1NEY6TR, STM32G0C1RCI6N, STM32G0C1RCT6N, STM32G0C1REI6N, STM32G0C1RET6N, STM32G0C1VCI6, STM32G0C1VEI6, STM32G411C6T3, STM32G411C6T6, STM32G411C6U3, STM32G411C6U6, STM32G411C8T3, STM32G411C8T6, STM32G411C8U3, STM32G411C8U6, STM32G411CBT3, STM32G411CBT6, STM32G411CBU3, STM32G411CBU6, STM32G411K6T3, STM32G411K6T6, STM32G411K6U3, STM32G411K6U6, STM32G411K8T3, STM32G411K8T6, STM32G411K8U3, STM32G411K8U6, STM32G411KBT3, STM32G411KBT6, STM32G411KBU3, STM32G411KBU6, STM32G411M6T3, STM32G411M6T6, STM32G411M8T3, STM32G411M8T6, STM32G411MBT3, STM32G411MBT6, STM32G411R6T3, STM32G411R6T6, STM32G411R8T3, STM32G411R8T6, STM32G411RBT3, STM32G411RBT6, STM32G414CBT3, STM32G414CBT6, STM32G414CBU3, STM32G414CBU6, STM32G414CCT3, STM32G414CCT6, STM32G414CCU3, STM32G414CCU6, STM32G414MBT3, STM32G414MBT6, STM32G414MCT3, STM32G414MCT6, STM32G414RBT3, STM32G414RBT6, STM32G414RCT3, STM32G414RCT6, STM32G414VBT3, STM32G414VBT6, STM32G414VCT3, STM32G414VCT6, STM32G431CBT3Z, STM32G431RBT3Z, STM32G471CCT6, STM32G471CCU6, STM32G471CET3, STM32G471CET6, STM32G471CEU3, STM32G471CEU6, STM32G471MCT6, STM32G471MET3, STM32G471MET6, STM32G471MEY6TR, STM32G471QCT6, STM32G471QET3, STM32G471RCT6, STM32G471RET3, STM32G471RET6, STM32G471VCH6, STM32G471VCI6, STM32G471VCT6, STM32G471VEH3, STM32G471VEH6, STM32G471VEI3, STM32G471VEI6, STM32G471VET3, STM32G471VET6, STM32G473QET3Z, STM32G473RET3Z, STM32G474CCT6, STM32G491RET3Z, STM32H503CBT6, STM32H503CBU6, STM32H503EBY6TR, STM32H503KBU6, STM32H503RBT6, STM32H523CCT6, STM32H523CCU6, STM32H523CET6, STM32H523CEU6, STM32H523HEY6TR, STM32H523RCT6, STM32H523RET6, STM32H523VCI6, STM32H523VCT6, STM32H523VEI6, STM32H523VET6, STM32H523ZCJ6, STM32H523ZCT6, STM32H523ZEJ6, STM32H523ZET6, STM32H533CET6, STM32H533CEU6, STM32H533HEY6TR, STM32H533RET6, STM32H533VEI6, STM32H533VET6, STM32H533ZEJ6, STM32H533ZET6, STM32H562AGI6, STM32H562AII6, STM32H562IGK6, STM32H562IGT6, STM32H562IIK6, STM32H562IIT6, STM32H562RGT6, STM32H562RGV6, STM32H562RIT6, STM32H562RIV6, STM32H562VGT6, STM32H562VIT6, STM32H562ZGT6, STM32H562ZIT6, STM32H563AGI6, STM32H563AII3Q, STM32H563AII6, STM32H563IGK6, STM32H563IGT6, STM32H563IIK3Q, STM32H563IIK6, STM32H563IIT3Q, STM32H563IIT6, STM32H563MIY3QTR, STM32H563RGT6, STM32H563RGV6, STM32H563RIT6, STM32H563RIV6, STM32H563VGT6, STM32H563VIT3Q, STM32H563VIT6, STM32H563ZGT6, STM32H563ZIT3Q, STM32H563ZIT6, STM32H573AII3Q, STM32H573AII6, STM32H573I-DK, STM32H573IIK3Q, STM32H573IIK6, STM32H573IIT3Q, STM32H573IIT6, STM32H573MIY3QTR, STM32H573RIT6, STM32H573RIV6, STM32H573VIT3Q, STM32H573VIT6, STM32H573ZIT3Q, STM32H573ZIT6, STM32H7R3A8I6, STM32H7R3I8K6, STM32H7R3I8T6, STM32H7R3L8H6, STM32H7R3L8H6H, STM32H7R3R8V6, STM32H7R3V8H6, STM32H7R3V8T6, STM32H7R3V8Y6TR, STM32H7R3Z8J6, STM32H7R3Z8T6, STM32H7R7A8I6, STM32H7R7I8K6, STM32H7R7I8T6, STM32H7R7L8H6, STM32H7R7L8H6H, STM32H7R7Z8J6, STM32H7S3A8I6, STM32H7S3I8K6, STM32H7S3I8T6, STM32H7S3L8H6, STM32H7S3L8H6H, STM32H7S3R8V6, STM32H7S3V8H6, STM32H7S3V8T6, STM32H7S3V8Y6TR, STM32H7S3Z8J6, STM32H7S3Z8T6, STM32H7S78-DK, STM32H7S7A8I6, STM32H7S7I8K6, STM32H7S7I8T6, STM32H7S7L8H6, STM32H7S7L8H6H, STM32H7S7Z8J6, STM32L4R5QGI6STR, STM32MP131AAE3, STM32MP131AAF3, STM32MP131AAG3, STM32MP131CAE3, STM32MP131CAF3, STM32MP131CAG3, STM32MP131DAE7, STM32MP131DAF7, STM32MP131DAG7, STM32MP131FAE7, STM32MP131FAF7, STM32MP131FAG7, STM32MP133AAE3, STM32MP133AAF3, STM32MP133AAG3, STM32MP133CAE3, STM32MP133CAF3, STM32MP133CAG3, STM32MP133DAE7, STM32MP133DAF7, STM32MP133DAG7, STM32MP133FAE7, STM32MP133FAF7, STM32MP133FAG7, STM32MP135AAE3, STM32MP135AAF3, STM32MP135AAG3, STM32MP135CAE3, STM32MP135CAF3, STM32MP135CAG3, STM32MP135DAE7, STM32MP135DAF7, STM32MP135DAG7, STM32MP135F-DK, STM32MP135FAE7, STM32MP135FAF7, STM32MP135FAF7T, STM32MP135FAF7U, STM32MP135FAG7, STM32MP211AAL3, STM32MP211AAM3, STM32MP211AAN3, STM32MP211AAO3, STM32MP211CAL3, STM32MP211CAM3, STM32MP211CAN3, STM32MP211CAO3, STM32MP211DAL3, STM32MP211DAM3, STM32MP211DAN3, STM32MP211DAO3, STM32MP211FAL3, STM32MP211FAM3, STM32MP211FAN3, STM32MP211FAO3, STM32MP213AAL3, STM32MP213AAM3, STM32MP213AAN3, STM32MP213AAO3, STM32MP213CAL3, STM32MP213CAM3, STM32MP213CAN3, STM32MP213CAO3, STM32MP213DAL3, STM32MP213DAM3, STM32MP213DAN3, STM32MP213DAO3, STM32MP213FAL3, STM32MP213FAM3, STM32MP213FAN3, STM32MP213FAO3, STM32MP215AAL3, STM32MP215AAM3, STM32MP215AAN3, STM32MP215AAO3, STM32MP215CAL3, STM32MP215CAM3, STM32MP215CAN3, STM32MP215CAO3, STM32MP215DAL3, STM32MP215DAM3, STM32MP215DAN3, STM32MP215DAO3, STM32MP215F-DK, STM32MP215FAL3, STM32MP215FAM3, STM32MP215FAN3, STM32MP215FAO3, STM32MP231AAJ3, STM32MP231AAK3, STM32MP231AAL3, STM32MP231CAJ3, STM32MP231CAK3, STM32MP231CAL3, STM32MP231DAJ3, STM32MP231DAK3, STM32MP231DAL3, STM32MP231FAJ3, STM32MP231FAK3, STM32MP231FAL3, STM32MP233AAJ3, STM32MP233AAK3, STM32MP233AAL3, STM32MP233CAJ3, STM32MP233CAK3, STM32MP233CAL3, STM32MP233DAJ3, STM32MP233DAK3, STM32MP233DAL3, STM32MP233FAJ3, STM32MP233FAK3, STM32MP233FAL3, STM32MP235AAJ3, STM32MP235AAK3, STM32MP235AAL3, STM32MP235CAJ3, STM32MP235CAK3, STM32MP235CAL3, STM32MP235DAJ3, STM32MP235DAK3, STM32MP235DAL3, STM32MP235FAJ3, STM32MP235FAK3, STM32MP235FAL3, STM32MP251AAI3, STM32MP251AAK3, STM32MP251AAL3, STM32MP251CAI3, STM32MP251CAK3, STM32MP251CAL3, STM32MP251DAI3, STM32MP251DAK3, STM32MP251DAL3, STM32MP251FAI3, STM32MP251FAK3, STM32MP251FAL3, STM32MP253AAI3, STM32MP253AAK3, STM32MP253AAL3, STM32MP253CAI3, STM32MP253CAK3, STM32MP253CAL3, STM32MP253DAI3, STM32MP253DAK3, STM32MP253DAL3, STM32MP253FAI3, STM32MP253FAK3, STM32MP253FAL3, STM32MP255AAI3, STM32MP255AAK3, STM32MP255AAL3, STM32MP255CAI3, STM32MP255CAK3, STM32MP255CAL3, STM32MP255DAI3, STM32MP255DAK3, STM32MP255DAL3, STM32MP255FAI3, STM32MP255FAK3, STM32MP255FAL3, STM32MP257AAI3, STM32MP257AAK3, STM32MP257AAL3, STM32MP257CAI3, STM32MP257CAK3, STM32MP257CAL3, STM32MP257DAI3, STM32MP257DAK3, STM32MP257DAL3, STM32MP257F-DK, STM32MP257F-EV1, STM32MP257FAI3, STM32MP257FAK3, STM32MP257FAL3, STM32N645A0H3Q, STM32N645B0H3Q, STM32N645I0H3Q, STM32N645L0H3Q, STM32N645X0H3Q, STM32N645Z0H3Q, STM32N647A0H3Q, STM32N647B0H3Q, STM32N647I0H3Q, STM32N647L0H3Q, STM32N647X0H3Q, STM32N647Z0H3Q, STM32N655A0H3Q, STM32N655B0H3Q, STM32N655I0H3Q, STM32N655L0H3Q, STM32N655X0H3Q, STM32N655Z0H3Q, STM32N6570-DK, STM32N657A0H3Q, STM32N657B0H3Q, STM32N657I0H3Q, STM32N657L0H3Q, STM32N657X0H3Q, STM32N657Z0H3Q, STM32U031C6T6, STM32U031C6U6, STM32U031C8T6, STM32U031C8U6, STM32U031F4P6, STM32U031F6P6, STM32U031F8P6, STM32U031G6Y6TR, STM32U031G8Y6TR, STM32U031K4U6, STM32U031K6U6, STM32U031K8U6, STM32U031R6I6, STM32U031R6T6, STM32U031R8I6, STM32U031R8T6, STM32U073C8T6, STM32U073C8U6, STM32U073CBT6, STM32U073CBU6, STM32U073CCT6, STM32U073CCU6, STM32U073H8Y6TR, STM32U073HBY6TR, STM32U073HCY6TR, STM32U073K8U6, STM32U073KBU6, STM32U073KCU6, STM32U073M8I6, STM32U073M8T6, STM32U073MBI6, STM32U073MBT6, STM32U073MCI6, STM32U073MCT6, STM32U073R8I6, STM32U073R8T6, STM32U073RBI6, STM32U073RBT6, STM32U073RCI6, STM32U073RCT6, STM32U083C-DK, STM32U083CCT6, STM32U083CCU6, STM32U083HCY6TR, STM32U083KCU6, STM32U083MCI6, STM32U083MCT6, STM32U083RCI6, STM32U083RCT6, STM32U375CET6, STM32U375CET6Q, STM32U375CEU6, STM32U375CEU6Q, STM32U375CEY6QTR, STM32U375CGT6, STM32U375CGT6Q, STM32U375CGU6, STM32U375CGU6Q, STM32U375CGY6QTR, STM32U375KEU6, STM32U375KGU6, STM32U375REI6, STM32U375REI6Q, STM32U375RET6, STM32U375RET6Q, STM32U375REY6GTR, STM32U375REY6QTR, STM32U375RGI6, STM32U375RGI6Q, STM32U375RGT6, STM32U375RGT6Q, STM32U375RGY6GTR, STM32U375RGY6QTR, STM32U375VEI6, STM32U375VEI6Q, STM32U375VET6, STM32U375VET6Q, STM32U375VGI6, STM32U375VGI6Q, STM32U375VGT6, STM32U375VGT6Q, STM32U385CGT6, STM32U385CGT6Q, STM32U385CGU6, STM32U385CGU6Q, STM32U385CGY6QTR, STM32U385KGU6, STM32U385RGI6, STM32U385RGI6Q, STM32U385RGT6, STM32U385RGT6Q, STM32U385RGY6GTR, STM32U385RGY6QTR, STM32U385VGI6, STM32U385VGI6Q, STM32U385VGT6, STM32U385VGT6Q, STM32U535CBT6, STM32U535CBT6Q, STM32U535CBU6, STM32U535CBU6Q, STM32U535CCT6, STM32U535CCT6Q, STM32U535CCU6, STM32U535CCU6Q, STM32U535CET6, STM32U535CET6Q, STM32U535CEU6, STM32U535CEU6Q, STM32U535JEY6QTR, STM32U535NCY6QTR, STM32U535NEY6QTR, STM32U535RBI6, STM32U535RBI6Q, STM32U535RBT6, STM32U535RBT6Q, STM32U535RCI6, STM32U535RCI6Q, STM32U535RCT6, STM32U535RCT6Q, STM32U535REI6, STM32U535REI6Q, STM32U535RET6, STM32U535RET6Q, STM32U535VCI6, STM32U535VCI6Q, STM32U535VCT6, STM32U535VCT6Q, STM32U535VEI6, STM32U535VEI6Q, STM32U535VET6, STM32U535VET6Q, STM32U545CET6, STM32U545CET6Q, STM32U545CEU6, STM32U545CEU6Q, STM32U545JEY6QTR, STM32U545NEY6QTR, STM32U545REI6, STM32U545REI6Q, STM32U545RET6, STM32U545RET6Q, STM32U545VEI6, STM32U545VEI6Q, STM32U545VET6, STM32U545VET6Q, STM32U595AIH6, STM32U595AIH6Q, STM32U595AJH6, STM32U595AJH6Q, STM32U595QII6, STM32U595QII6Q, STM32U595QJI6, STM32U595QJI6Q, STM32U595RIT6, STM32U595RIT6Q, STM32U595RJT6, STM32U595RJT6Q, STM32U595VIT6, STM32U595VIT6Q, STM32U595VJT6, STM32U595VJT6Q, STM32U595ZIT6, STM32U595ZIT6Q, STM32U595ZIY6QTR, STM32U595ZJT6, STM32U595ZJT6Q, STM32U595ZJY6QTR, STM32U599BJY6QTR, STM32U599NIH6Q, STM32U599NJH6Q, STM32U599VIT6Q, STM32U599VJT6, STM32U599VJT6Q, STM32U599ZIT6Q, STM32U599ZIY6QTR, STM32U599ZJT6Q, STM32U599ZJY6QTR, STM32U5A5AJH6, STM32U5A5AJH6Q, STM32U5A5QII3Q , STM32U5A5QJI6, STM32U5A5QJI6Q, STM32U5A5RJT6, STM32U5A5RJT6Q, STM32U5A5VJT6, STM32U5A5VJT6Q, STM32U5A5ZJT6, STM32U5A5ZJT6Q, STM32U5A5ZJY6QTR, STM32U5A9BJY6QTR, STM32U5A9J-DK, STM32U5A9NJH6Q, STM32U5A9VJT6Q, STM32U5A9ZJT6Q, STM32U5A9ZJY6QTR, STM32U5F7VIT6, STM32U5F7VIT6Q, STM32U5F7VJT6, STM32U5F7VJT6Q, STM32U5F9BJY6QTR, STM32U5F9NJH6Q, STM32U5F9VIT6Q, STM32U5F9VJT6Q, STM32U5F9ZIJ6QTR, STM32U5F9ZIT6Q, STM32U5F9ZJJ6QTR, STM32U5F9ZJT6Q, STM32U5G7VJT6, STM32U5G7VJT6Q, STM32U5G9BJY6QTR, STM32U5G9J-DK1, STM32U5G9J-DK2, STM32U5G9NJH6Q, STM32U5G9VJT6Q, STM32U5G9ZJJ6QTR, STM32U5G9ZJT6Q, STM32WB05KZV6TR, STM32WB05KZV7TR, STM32WB05TZF6TR, STM32WB05TZF7TR, STM32WB06CCF6TR, STM32WB06CCF7TR, STM32WB06CCV6TR, STM32WB06CCV7TR, STM32WB06KCV6TR, STM32WB06KCV7TR, STM32WB07CCF6TR, STM32WB07CCF7TR, STM32WB07CCV6TR, STM32WB07CCV7TR, STM32WB07KCV6TR, STM32WB07KCV7TR, STM32WB09KEV6TR, STM32WB09KEV7TR, STM32WB09TEF6TR, STM32WB09TEF7TR, STM32WB1MMCH6, STM32WBA50KGU6, STM32WBA50KGU6TR, STM32WBA52CEU6, STM32WBA52CEU6TR, STM32WBA52CEU7, STM32WBA52CEU7TR, STM32WBA52CGU6, STM32WBA52CGU6TR, STM32WBA52CGU6U, STM32WBA52CGU7, STM32WBA52CGU7TR, STM32WBA52KEU6, STM32WBA52KEU6TR, STM32WBA52KGU6, STM32WBA52KGU6TR, STM32WBA54CEU6, STM32WBA54CEU6TR, STM32WBA54CEU7, STM32WBA54CEU7TR, STM32WBA54CGU6, STM32WBA54CGU6TR, STM32WBA54CGU7, STM32WBA54CGU7TR, STM32WBA54KEU6, STM32WBA54KEU6TR, STM32WBA54KEU7, STM32WBA54KEU7TR, STM32WBA54KGU6, STM32WBA54KGU6TR, STM32WBA54KGU7, STM32WBA54KGU7TR, STM32WBA55CEU6, STM32WBA55CEU6TR, STM32WBA55CEU7, STM32WBA55CEU7TR, STM32WBA55CGU6, STM32WBA55CGU6TR, STM32WBA55CGU6U, STM32WBA55CGU7, STM32WBA55CGU7TR, STM32WBA55G-DK1, STM32WBA55HEF6, STM32WBA55HEF7, STM32WBA55HGF6, STM32WBA55HGF7, STM32WBA55UEI6, STM32WBA55UEI6TR, STM32WBA55UEI7, STM32WBA55UEI7TR, STM32WBA55UGI6, STM32WBA55UGI6TR, STM32WBA55UGI7, STM32WBA55UGI7TR, STM32WBA5MMGH6TR, STM32WBA62MGF6, STM32WBA62MIF6, STM32WBA65MGF7, STM32WBA65MIF6, STM32WBA65MIF7, STM32WL30K8V6, STM32WL30KBV6, STM32WL31C8V6, STM32WL31CBV6, STM32WL31K8V6, STM32WL31KBV6, STM32WL33C8V6, STM32WL33C8V6X, STM32WL33CBV6, STM32WL33CBV6X, STM32WL33CCV6, STM32WL33CCV6A, STM32WL33CCV6X, STM32WL33K8V7, STM32WL33K8V7X, STM32WL33KBV7 , STM32WL33KBV7X, STM32WL33KCV7, STM32WL33KCV7X, STM32WL5MOCH6, STM32WL5MOCH6TR]
2025-10-10 23:13:42,284 [INFO] DbMcus:218 - Found 4801 MCUs, 4801 are supported
2025-10-10 23:13:42,285 [INFO] ApiDb:423 - Load user favorites file /home/oleksii/.stm32cubeide/favorites.mcus.txt: 0 item(s)
2025-10-10 23:13:42,285 [INFO] ApiDb:427 - User favorites MCUs=[]
2025-10-10 23:13:42,285 [INFO] DbMcus:224 - Set 0 / 0 favorites MCUs
2025-10-10 23:13:42,615 [INFO] ApiDb:423 - Load user favorites file /home/oleksii/.stm32cubeide/favorites.boards.txt: 0 item(s)
2025-10-10 23:13:42,615 [INFO] ApiDb:427 - User favorites Boards=[]
2025-10-10 23:13:42,616 [INFO] DbBoards:198 - Set 0 / 0 favorites Boards
2025-10-10 23:13:42,672 [INFO] UtilMem:75 - End LoadConfig() Used Memory: 843575512 Bytes (924844032)
2025-10-10 23:13:42,782 [WARN] ThirdParty:833 - waiting for thirdparty lock release [change project]
2025-10-10 23:13:42,782 [INFO] ThirdParty:835 - entering critical section [change project]
2025-10-10 23:13:42,782 [INFO] ThirdParty:1030 - CMSIS Pack Vendor :STMicroelectronics X-CUBE-PM33A1 1.0.0
2025-10-10 23:13:42,782 [INFO] ThirdParty:1030 - CMSIS Pack Vendor :STMicroelectronics USBPD 4.1
2025-10-10 23:13:42,782 [INFO] ThirdParty:1030 - CMSIS Pack Vendor :STMicroelectronics X-CUBE-NFC9 1.0.0
2025-10-10 23:13:42,782 [INFO] ThirdParty:1030 - CMSIS Pack Vendor :STMicroelectronics USB_HOST 2.0.0
2025-10-10 23:13:42,782 [INFO] ThirdParty:1030 - CMSIS Pack Vendor :STMicroelectronics FP-SNS-MOTENVWB1 1.4.0
2025-10-10 23:13:42,782 [INFO] ThirdParty:1030 - CMSIS Pack Vendor :STMicroelectronics X-CUBE-AZRTOS-F4 1.1.0
2025-10-10 23:13:42,782 [INFO] ThirdParty:1030 - CMSIS Pack Vendor :STMicroelectronics LIBJPEG 8.0.0
2025-10-10 23:13:42,782 [INFO] ThirdParty:1030 - CMSIS Pack Vendor :STMicroelectronics FP-ATR-ASTRA1 2.0.2
2025-10-10 23:13:42,782 [INFO] ThirdParty:1030 - CMSIS Pack Vendor :wolfSSL I-CUBE-wolfSSL 5.8.2
2025-10-10 23:13:42,782 [INFO] ThirdParty:1030 - CMSIS Pack Vendor :STMicroelectronics X-CUBE-BLE1 7.1.0
2025-10-10 23:13:42,782 [INFO] ThirdParty:1030 - CMSIS Pack Vendor :Avnet-IotConnect X-CUBE-IoTC-DA16k-PMOD 1.0.0
2025-10-10 23:13:42,783 [INFO] ThirdParty:1030 - CMSIS Pack Vendor :STMicroelectronics X-CUBE-SMBUS 2.1.0
2025-10-10 23:13:42,783 [INFO] ThirdParty:1030 - CMSIS Pack Vendor :wolfSSL I-CUBE-wolfMQTT 1.19.2
2025-10-10 23:13:42,783 [INFO] ThirdParty:1030 - CMSIS Pack Vendor :STMicroelectronics USB_DEVICE 3.0.0
2025-10-10 23:13:42,783 [INFO] ThirdParty:1030 - CMSIS Pack Vendor :STMicroelectronics X-CUBE-ISPU 2.1.0
2025-10-10 23:13:42,783 [INFO] ThirdParty:1030 - CMSIS Pack Vendor :STMicroelectronics X-CUBE-EEPRMA1 5.2.0
2025-10-10 23:13:42,783 [INFO] ThirdParty:1030 - CMSIS Pack Vendor :STMicroelectronics X-CUBE-BLEMGR 4.1.0
2025-10-10 23:13:42,783 [INFO] ThirdParty:1030 - CMSIS Pack Vendor :STMicroelectronics X-CUBE-AZRTOS-WB 2.0.0
2025-10-10 23:13:42,783 [INFO] ThirdParty:1030 - CMSIS Pack Vendor :STMicroelectronics X-CUBE-ST60 1.0.0
2025-10-10 23:13:42,783 [INFO] ThirdParty:1030 - CMSIS Pack Vendor :STMicroelectronics X-CUBE-GNSS1 7.0.1
2025-10-10 23:13:42,783 [INFO] ThirdParty:1030 - CMSIS Pack Vendor :STMicroelectronics X-CUBE-NFC12 1.0.0
2025-10-10 23:13:42,783 [INFO] ThirdParty:1030 - CMSIS Pack Vendor :STMicroelectronics X-CUBE-AZRTOS-F7 1.1.0
2025-10-10 23:13:42,783 [INFO] ThirdParty:1030 - CMSIS Pack Vendor :STMicroelectronics X-CUBE-AZRTOS-L5 2.0.0
2025-10-10 23:13:42,783 [INFO] ThirdParty:1030 - CMSIS Pack Vendor :STMicroelectronics X-CUBE-TOUCHGFX 4.25.0
2025-10-10 23:13:42,783 [INFO] ThirdParty:1030 - CMSIS Pack Vendor :STMicroelectronics USB_DEVICE 2.0.0
2025-10-10 23:13:42,783 [INFO] ThirdParty:1030 - CMSIS Pack Vendor :STMicroelectronics X-CUBE-NFC6 3.1.0
2025-10-10 23:13:42,783 [INFO] ThirdParty:1030 - CMSIS Pack Vendor :quantropi X-CUBE-qispace-sdk-base 2.1.0
2025-10-10 23:13:42,783 [INFO] ThirdParty:1030 - CMSIS Pack Vendor :STMicroelectronics FreeRTOS 0.0.1
2025-10-10 23:13:42,783 [INFO] ThirdParty:1030 - CMSIS Pack Vendor :STMicroelectronics X-CUBE-AZRTOS-G0 1.1.0
2025-10-10 23:13:42,783 [INFO] ThirdParty:1030 - CMSIS Pack Vendor :STMicroelectronics X-CUBE-SAFEA1 1.2.2
2025-10-10 23:13:42,783 [INFO] ThirdParty:1030 - CMSIS Pack Vendor :STMicroelectronics X-CUBE-NFC4 3.0.0
2025-10-10 23:13:42,783 [INFO] ThirdParty:1030 - CMSIS Pack Vendor :STMicroelectronics X-CUBE-SUBG2 5.0.0
2025-10-10 23:13:42,784 [INFO] ThirdParty:1030 - CMSIS Pack Vendor :STMicroelectronics X-CUBE-AZRTOS-H7RS 1.1.0
2025-10-10 23:13:42,784 [INFO] ThirdParty:1030 - CMSIS Pack Vendor :STMicroelectronics STM32_WPAN 1.0.0
2025-10-10 23:13:42,784 [INFO] ThirdParty:1030 - CMSIS Pack Vendor :EmbeddedOffice I-CUBE-FS-RTOS 1.0.1
2025-10-10 23:13:42,784 [INFO] ThirdParty:1030 - CMSIS Pack Vendor :STMicroelectronics lwIP 2.0.3
2025-10-10 23:13:42,784 [INFO] ThirdParty:1030 - CMSIS Pack Vendor :WES I-CUBE-Cesium 1.4.0
2025-10-10 23:13:42,784 [INFO] ThirdParty:1030 - CMSIS Pack Vendor :Cesanta I-CUBE-Mongoose 7.13.0
2025-10-10 23:13:42,784 [INFO] ThirdParty:1030 - CMSIS Pack Vendor :STMicroelectronics USB_HOST 1.0.0
2025-10-10 23:13:42,784 [INFO] ThirdParty:1030 - CMSIS Pack Vendor :Infineon AIROC-Wi-Fi-Bluetooth-STM32 1.7.1
2025-10-10 23:13:42,784 [INFO] ThirdParty:1030 - CMSIS Pack Vendor :STMicroelectronics X-CUBE-AZRTOS-G4 2.0.0
2025-10-10 23:13:42,784 [INFO] ThirdParty:1030 - CMSIS Pack Vendor :STMicroelectronics X-CUBE-WB05N 2.0.0
2025-10-10 23:13:42,784 [INFO] ThirdParty:1030 - CMSIS Pack Vendor :STMicroelectronics PDM2PCM 3.1.0
2025-10-10 23:13:42,784 [INFO] ThirdParty:1030 - CMSIS Pack Vendor :STMicroelectronics PDM2PCM 3.3.0
2025-10-10 23:13:42,784 [INFO] ThirdParty:1030 - CMSIS Pack Vendor :wolfSSL I-CUBE-wolfTPM 3.8.0
2025-10-10 23:13:42,784 [INFO] ThirdParty:1030 - CMSIS Pack Vendor :STMicroelectronics X-CUBE-AZRTOS-H7 3.4.0
2025-10-10 23:13:42,784 [INFO] ThirdParty:1030 - CMSIS Pack Vendor :STMicroelectronics X-CUBE-DISPLAY 3.0.0
2025-10-10 23:13:42,784 [INFO] ThirdParty:1030 - CMSIS Pack Vendor :wolfSSL I-CUBE-wolfSSH 1.4.20
2025-10-10 23:13:42,785 [INFO] ThirdParty:1030 - CMSIS Pack Vendor :STMicroelectronics X-CUBE-NFC7 2.0.0
2025-10-10 23:13:42,785 [INFO] ThirdParty:1030 - CMSIS Pack Vendor :STMicroelectronics X-CUBE-TCPP 4.2.0
2025-10-10 23:13:42,785 [INFO] ThirdParty:1030 - CMSIS Pack Vendor :RealThread X-CUBE-RT-Thread_Nano 4.1.1
2025-10-10 23:13:42,785 [INFO] ThirdParty:1030 - CMSIS Pack Vendor :STMicroelectronics FP-ATR-SIGFOX1 3.2.0
2025-10-10 23:13:42,785 [INFO] ThirdParty:1030 - CMSIS Pack Vendor :STMicroelectronics X-CUBE-NFC10 1.0.0
2025-10-10 23:13:42,785 [INFO] ThirdParty:1030 - CMSIS Pack Vendor :STMicroelectronics X-CUBE-FREERTOS 1.3.1
2025-10-10 23:13:42,785 [INFO] ThirdParty:1030 - CMSIS Pack Vendor :STMicroelectronics HAL Drivers 0.0.0
2025-10-10 23:13:42,785 [INFO] ThirdParty:1030 - CMSIS Pack Vendor :STMicroelectronics MBEDTLS 2.16.2
2025-10-10 23:13:42,785 [INFO] ThirdParty:1030 - CMSIS Pack Vendor :STMicroelectronics X-CUBE-IPS 3.1.0
2025-10-10 23:13:42,785 [INFO] ThirdParty:1030 - CMSIS Pack Vendor :STMicroelectronics X-CUBE-ALS 1.0.2
2025-10-10 23:13:42,785 [INFO] ThirdParty:1030 - CMSIS Pack Vendor :emotas I-CUBE-CANOPEN 1.3.0
2025-10-10 23:13:42,785 [INFO] ThirdParty:1030 - CMSIS Pack Vendor :STMicroelectronics MBEDTLS 2.14.1
2025-10-10 23:13:42,785 [INFO] ThirdParty:1030 - CMSIS Pack Vendor :ITTIA_DB I-CUBE-ITTIADB 8.9.0
2025-10-10 23:13:42,785 [INFO] ThirdParty:1030 - CMSIS Pack Vendor :STMicroelectronics X-CUBE-TOUCHGFX 4.26.0
2025-10-10 23:13:42,785 [INFO] ThirdParty:1030 - CMSIS Pack Vendor :STMicroelectronics X-CUBE-STSE01 1.0.0
2025-10-10 23:13:42,785 [INFO] ThirdParty:1030 - CMSIS Pack Vendor :STMicroelectronics X-CUBE-ST67W61 1.0.0
2025-10-10 23:13:42,785 [INFO] ThirdParty:1030 - CMSIS Pack Vendor :STMicroelectronics FP-SNS-STBOX1 2.1.0
2025-10-10 23:13:42,785 [INFO] ThirdParty:1030 - CMSIS Pack Vendor :STMicroelectronics X-CUBE-AI 10.2.0
2025-10-10 23:13:42,785 [INFO] ThirdParty:1030 - CMSIS Pack Vendor :STMicroelectronics FP-SNS-STAIOTCFT 1.0.0
2025-10-10 23:13:42,785 [INFO] ThirdParty:1030 - CMSIS Pack Vendor :STMicroelectronics ThreadX 1.0.0
2025-10-10 23:13:42,786 [INFO] ThirdParty:1030 - CMSIS Pack Vendor :STMicroelectronics FP-SNS-SMARTAG2 1.2.0
2025-10-10 23:13:42,786 [INFO] ThirdParty:1030 - CMSIS Pack Vendor :STMicroelectronics FP-SNS-FLIGHT1 5.1.0
2025-10-10 23:13:42,786 [INFO] ThirdParty:1030 - CMSIS Pack Vendor :STMicroelectronics X-CUBE-AZRTOS-WL 2.0.0
2025-10-10 23:13:42,786 [INFO] ThirdParty:1030 - CMSIS Pack Vendor :SEGGER I-CUBE-embOS 1.3.1
2025-10-10 23:13:42,786 [INFO] ThirdParty:1030 - CMSIS Pack Vendor :STMicroelectronics X-CUBE-ALGOBUILD 1.4.0
2025-10-10 23:13:42,786 [INFO] ThirdParty:1030 - CMSIS Pack Vendor :STMicroelectronics X-CUBE-DPower 1.3.0
2025-10-10 23:13:42,786 [INFO] ThirdParty:1030 - CMSIS Pack Vendor :STMicroelectronics X-CUBE-MEMS1 11.3.0
2025-10-10 23:13:42,786 [INFO] ThirdParty:1030 - CMSIS Pack Vendor :STMicroelectronics FP-SNS-MOTENV1 5.0.0
2025-10-10 23:13:42,786 [INFO] ThirdParty:1030 - CMSIS Pack Vendor :STMicroelectronics USB_DEVICE 1.0.0
2025-10-10 23:13:42,786 [INFO] ThirdParty:1030 - CMSIS Pack Vendor :STMicroelectronics X-CUBE-AZRTOS-L4 2.0.0
2025-10-10 23:13:42,786 [INFO] ThirdParty:1030 - CMSIS Pack Vendor :STMicroelectronics ThreadX 0.0.2
2025-10-10 23:13:42,786 [INFO] ThirdParty:1030 - CMSIS Pack Vendor :STMicroelectronics lwIP 2.1.2
2025-10-10 23:13:42,786 [INFO] ThirdParty:1030 - CMSIS Pack Vendor :STMicroelectronics X-CUBE-SFXS2LP1 4.0.0
2025-10-10 23:13:42,786 [INFO] ThirdParty:1030 - CMSIS Pack Vendor :STMicroelectronics X-CUBE-BLE2 3.3.0
2025-10-10 23:13:42,786 [INFO] ThirdParty:1030 - CMSIS Pack Vendor :STMicroelectronics X-CUBE-TOF1 3.4.3
2025-10-10 23:13:42,786 [INFO] ThirdParty:1030 - CMSIS Pack Vendor :STMicroelectronics PDM2PCM 3.2.0
2025-10-10 23:13:42,786 [INFO] ThirdParty:841 - exiting critical section [change project]
2025-10-10 23:13:43,105 [INFO] PinOutPanel:1589 - setPackage(No Configuration,No Configuration)
2025-10-10 23:13:43,106 [INFO] PinOutPanel:1589 - setPackage(STM32F407VGTx,LQFP100)
2025-10-10 23:13:43,348 [INFO] UtilMem:75 - Before build in PCC Used Memory: 836379160 Bytes (973078528)
2025-10-10 23:13:43,707 [INFO] UtilMem:75 - After build in PCC Used Memory: 540263936 Bytes (1021313024)
2025-10-10 23:13:43,746 [INFO] ApiDbMcu:532 - Load IP Config File for USB_HOST
2025-10-10 23:13:43,748 [WARN] BspModel:444 - BSP dependency skipped because of component: name='IOExpander', api='Unknown'
2025-10-10 23:13:43,784 [INFO] IPUIPlugin:80 - create IPUIPlugin
2025-10-10 23:13:43,784 [INFO] IPUIPlugin:80 - create IPUIPlugin
2025-10-10 23:13:43,785 [INFO] IPUIPlugin:80 - create IPUIPlugin
2025-10-10 23:13:43,785 [INFO] IPUIPlugin:80 - create IPUIPlugin
2025-10-10 23:13:43,785 [INFO] IPUIPlugin:80 - create IPUIPlugin
2025-10-10 23:13:43,785 [INFO] IPUIPlugin:80 - create IPUIPlugin
2025-10-10 23:13:43,785 [INFO] IPUIPlugin:80 - create IPUIPlugin
2025-10-10 23:13:43,785 [INFO] IPUIPlugin:80 - create IPUIPlugin
2025-10-10 23:13:43,786 [INFO] IPUIPlugin:80 - create IPUIPlugin
2025-10-10 23:13:43,786 [INFO] IPUIPlugin:80 - create IPUIPlugin
2025-10-10 23:13:43,786 [INFO] IPUIPlugin:80 - create IPUIPlugin
2025-10-10 23:13:43,786 [INFO] IPUIPlugin:80 - create IPUIPlugin
2025-10-10 23:13:43,786 [INFO] IPUIPlugin:80 - create IPUIPlugin
2025-10-10 23:13:43,786 [INFO] IPUIPlugin:80 - create IPUIPlugin
2025-10-10 23:13:43,786 [INFO] IPUIPlugin:80 - create IPUIPlugin
2025-10-10 23:13:43,787 [INFO] IPUIPlugin:80 - create IPUIPlugin
2025-10-10 23:13:43,787 [INFO] IPUIPlugin:80 - create IPUIPlugin
2025-10-10 23:13:43,787 [INFO] IPUIPlugin:80 - create IPUIPlugin
2025-10-10 23:13:43,787 [INFO] IPUIPlugin:80 - create IPUIPlugin
2025-10-10 23:13:43,787 [INFO] IPUIPlugin:80 - create IPUIPlugin
2025-10-10 23:13:43,788 [INFO] IPUIPlugin:80 - create IPUIPlugin
2025-10-10 23:13:43,788 [INFO] IPUIPlugin:80 - create IPUIPlugin
2025-10-10 23:13:43,788 [INFO] IPUIPlugin:80 - create IPUIPlugin
2025-10-10 23:13:43,788 [INFO] IPUIPlugin:80 - create IPUIPlugin
2025-10-10 23:13:43,788 [INFO] IPUIPlugin:80 - create IPUIPlugin
2025-10-10 23:13:43,788 [INFO] IPUIPlugin:80 - create IPUIPlugin
2025-10-10 23:13:43,789 [INFO] IPUIPlugin:80 - create IPUIPlugin
2025-10-10 23:13:43,789 [INFO] IPUIPlugin:80 - create IPUIPlugin
2025-10-10 23:13:43,789 [INFO] IPUIPlugin:80 - create IPUIPlugin
2025-10-10 23:13:43,789 [INFO] IPUIPlugin:80 - create IPUIPlugin
2025-10-10 23:13:43,790 [INFO] IPUIPlugin:80 - create IPUIPlugin
2025-10-10 23:13:43,790 [INFO] IPUIPlugin:80 - create IPUIPlugin
2025-10-10 23:13:43,791 [INFO] IPUIPlugin:80 - create IPUIPlugin
2025-10-10 23:13:43,791 [INFO] IPUIPlugin:80 - create IPUIPlugin
2025-10-10 23:13:43,791 [INFO] IPUIPlugin:80 - create IPUIPlugin
2025-10-10 23:13:43,791 [INFO] IPUIPlugin:80 - create IPUIPlugin
2025-10-10 23:13:43,791 [INFO] IPUIPlugin:80 - create IPUIPlugin
2025-10-10 23:13:43,791 [INFO] IPUIPlugin:80 - create IPUIPlugin
2025-10-10 23:13:43,791 [INFO] IPUIPlugin:80 - create IPUIPlugin
2025-10-10 23:13:43,791 [INFO] IPUIPlugin:80 - create IPUIPlugin
2025-10-10 23:13:43,791 [INFO] IPUIPlugin:80 - create IPUIPlugin
2025-10-10 23:13:43,791 [INFO] IPUIPlugin:80 - create IPUIPlugin
2025-10-10 23:13:43,791 [INFO] IPUIPlugin:80 - create IPUIPlugin
2025-10-10 23:13:43,792 [INFO] IPUIPlugin:80 - create IPUIPlugin
2025-10-10 23:13:43,792 [INFO] IPUIPlugin:80 - create IPUIPlugin
2025-10-10 23:13:43,792 [INFO] IPUIPlugin:80 - create IPUIPlugin
2025-10-10 23:13:43,792 [INFO] IPUIPlugin:80 - create IPUIPlugin
2025-10-10 23:13:43,792 [INFO] IPUIPlugin:80 - create IPUIPlugin
2025-10-10 23:13:43,792 [INFO] IPUIPlugin:80 - create IPUIPlugin
2025-10-10 23:13:43,792 [INFO] IPUIPlugin:80 - create IPUIPlugin
2025-10-10 23:13:43,793 [INFO] IPUIPlugin:80 - create IPUIPlugin
2025-10-10 23:13:43,793 [INFO] IPUIPlugin:80 - create IPUIPlugin
2025-10-10 23:13:43,793 [INFO] IPUIPlugin:80 - create IPUIPlugin
2025-10-10 23:13:43,793 [INFO] IPUIPlugin:80 - create IPUIPlugin
2025-10-10 23:13:43,794 [INFO] IPUIPlugin:80 - create IPUIPlugin
2025-10-10 23:13:43,794 [INFO] IPUIPlugin:80 - create IPUIPlugin
2025-10-10 23:13:43,794 [INFO] IPUIPlugin:80 - create IPUIPlugin
2025-10-10 23:13:43,795 [INFO] IPUIPlugin:80 - create IPUIPlugin
2025-10-10 23:13:43,799 [INFO] ApiDbMcu:532 - Load IP Config File for PDM2PCM
2025-10-10 23:13:43,804 [WARN] IP:2250 - I2C_Coeff_DF not found: check if there is a RefParameter without a condition.
2025-10-10 23:13:43,804 [WARN] IP:2250 - Analog_Filter not found: check if there is a RefParameter without a condition.
2025-10-10 23:13:43,810 [INFO] I2sManager:658 - 9.6E7
2025-10-10 23:13:43,810 [INFO] I2sManager:195 - I2S Clock Value : 9.6E7
2025-10-10 23:13:43,811 [INFO] I2sManager:553 - AudioClock : 93750Divider : 2Odd : 0
2025-10-10 23:13:43,955 [INFO] CADModel:165 - CPN selected for project levelSTM32F407VGT6
2025-10-10 23:13:43,955 [INFO] CADModel:114 - Register for checkConnection events
2025-10-10 23:13:44,016 [INFO] OpenFileManager:386 - Restore cursor
2025-10-10 23:13:44,153 [WARN] IP:2250 - I2C_Coeff_DF not found: check if there is a RefParameter without a condition.
2025-10-10 23:13:44,153 [WARN] IP:2250 - Analog_Filter not found: check if there is a RefParameter without a condition.
2025-10-10 23:13:44,153 [WARN] IP:2250 - I2C_Coeff_DF not found: check if there is a RefParameter without a condition.
2025-10-10 23:13:44,153 [WARN] IP:2250 - Analog_Filter not found: check if there is a RefParameter without a condition.
2025-10-10 23:14:05,071 [WARN] BspModel:444 - BSP dependency skipped because of component: name='IOExpander', api='Unknown'
2025-10-10 23:14:05,120 [WARN] IP:2250 - I2C_Coeff_DF not found: check if there is a RefParameter without a condition.
2025-10-10 23:14:05,120 [WARN] IP:2250 - Analog_Filter not found: check if there is a RefParameter without a condition.
2025-10-10 23:14:05,120 [WARN] IP:2250 - I2C_Coeff_DF not found: check if there is a RefParameter without a condition.
2025-10-10 23:14:05,120 [WARN] IP:2250 - Analog_Filter not found: check if there is a RefParameter without a condition.
2025-10-10 23:14:05,148 [WARN] IP:2250 - I2C_Coeff_DF not found: check if there is a RefParameter without a condition.
2025-10-10 23:14:05,148 [WARN] IP:2250 - Analog_Filter not found: check if there is a RefParameter without a condition.
2025-10-10 23:14:05,172 [WARN] IP:2250 - I2C_Coeff_DF not found: check if there is a RefParameter without a condition.
2025-10-10 23:14:05,172 [WARN] IP:2250 - Analog_Filter not found: check if there is a RefParameter without a condition.
2025-10-10 23:14:24,253 [WARN] BspModel:444 - BSP dependency skipped because of component: name='IOExpander', api='Unknown'
2025-10-10 23:14:24,298 [WARN] IP:2250 - I2C_Coeff_DF not found: check if there is a RefParameter without a condition.
2025-10-10 23:14:24,298 [WARN] IP:2250 - Analog_Filter not found: check if there is a RefParameter without a condition.
2025-10-10 23:14:24,298 [WARN] IP:2250 - I2C_Coeff_DF not found: check if there is a RefParameter without a condition.
2025-10-10 23:14:24,298 [WARN] IP:2250 - Analog_Filter not found: check if there is a RefParameter without a condition.
2025-10-10 23:14:24,320 [WARN] IP:2250 - I2C_Coeff_DF not found: check if there is a RefParameter without a condition.
2025-10-10 23:14:24,320 [WARN] IP:2250 - Analog_Filter not found: check if there is a RefParameter without a condition.
2025-10-10 23:14:24,341 [WARN] IP:2250 - I2C_Coeff_DF not found: check if there is a RefParameter without a condition.
2025-10-10 23:14:24,341 [WARN] IP:2250 - Analog_Filter not found: check if there is a RefParameter without a condition.
2025-10-10 23:14:33,937 [WARN] BspModel:444 - BSP dependency skipped because of component: name='IOExpander', api='Unknown'
2025-10-10 23:14:33,975 [WARN] IP:2250 - I2C_Coeff_DF not found: check if there is a RefParameter without a condition.
2025-10-10 23:14:33,975 [WARN] IP:2250 - Analog_Filter not found: check if there is a RefParameter without a condition.
2025-10-10 23:14:33,975 [WARN] IP:2250 - I2C_Coeff_DF not found: check if there is a RefParameter without a condition.
2025-10-10 23:14:33,975 [WARN] IP:2250 - Analog_Filter not found: check if there is a RefParameter without a condition.
2025-10-10 23:14:33,996 [WARN] IP:2250 - I2C_Coeff_DF not found: check if there is a RefParameter without a condition.
2025-10-10 23:14:33,996 [WARN] IP:2250 - Analog_Filter not found: check if there is a RefParameter without a condition.
2025-10-10 23:14:34,016 [WARN] IP:2250 - I2C_Coeff_DF not found: check if there is a RefParameter without a condition.
2025-10-10 23:14:34,016 [WARN] IP:2250 - Analog_Filter not found: check if there is a RefParameter without a condition.
2025-10-10 23:14:38,475 [WARN] BspModel:444 - BSP dependency skipped because of component: name='IOExpander', api='Unknown'
2025-10-10 23:14:38,517 [WARN] IP:2250 - I2C_Coeff_DF not found: check if there is a RefParameter without a condition.
2025-10-10 23:14:38,517 [WARN] IP:2250 - Analog_Filter not found: check if there is a RefParameter without a condition.
2025-10-10 23:14:38,517 [WARN] IP:2250 - I2C_Coeff_DF not found: check if there is a RefParameter without a condition.
2025-10-10 23:14:38,517 [WARN] IP:2250 - Analog_Filter not found: check if there is a RefParameter without a condition.
2025-10-10 23:14:38,538 [WARN] IP:2250 - I2C_Coeff_DF not found: check if there is a RefParameter without a condition.
2025-10-10 23:14:38,538 [WARN] IP:2250 - Analog_Filter not found: check if there is a RefParameter without a condition.
2025-10-10 23:14:38,558 [WARN] IP:2250 - I2C_Coeff_DF not found: check if there is a RefParameter without a condition.
2025-10-10 23:14:38,558 [WARN] IP:2250 - Analog_Filter not found: check if there is a RefParameter without a condition.
2025-10-10 23:15:06,576 [INFO] UtilMem:75 - End SaveConfig() Used Memory: 658396712 Bytes (1073741824)
2025-10-10 23:15:14,074 [INFO] UtilMem:75 - End SaveConfig() Used Memory: 717822584 Bytes (1073741824)
2025-10-10 23:15:17,873 [INFO] UtilMem:75 - End SaveConfig() Used Memory: 813769336 Bytes (1073741824)
2025-10-10 23:15:18,298 [INFO] BlockDiagram:2775 - set Specific Code input for plugin: SPI
2025-10-10 23:15:18,298 [INFO] BlockDiagram:2775 - set Specific Code input for plugin: I2S
2025-10-10 23:15:18,298 [INFO] BlockDiagram:2775 - set Specific Code input for plugin: SYS
2025-10-10 23:15:18,298 [INFO] BlockDiagram:2775 - set Specific Code input for plugin: RCC
2025-10-10 23:15:18,298 [INFO] BlockDiagram:2775 - set Specific Code input for plugin: I2C
2025-10-10 23:15:18,298 [INFO] BlockDiagram:2775 - set Specific Code input for plugin: USB_OTG_FS
2025-10-10 23:15:18,298 [INFO] BlockDiagram:2775 - set Specific Code input for plugin: NVIC
2025-10-10 23:15:18,298 [INFO] BlockDiagram:2775 - set Specific Code input for plugin: USB_HOST
2025-10-10 23:15:18,298 [INFO] BlockDiagram:2775 - set Specific Code input for plugin: GPIO
2025-10-10 23:15:18,299 [INFO] CodeGenerator:892 - code generatio: config db path: /opt/st/stm32cubeide_1.19.0/plugins/com.st.stm32cube.common.mx_6.15.0.202507011659//db/
2025-10-10 23:15:18,303 [WARN] IP:2250 - I2C_Coeff_DF not found: check if there is a RefParameter without a condition.
2025-10-10 23:15:18,303 [WARN] IP:2250 - Analog_Filter not found: check if there is a RefParameter without a condition.
2025-10-10 23:15:18,460 [INFO] CodeEngine:265 - oldGeneratedFile, /home/oleksii/STM32CubeIDE/workspace_1.19.0/workspace_embedded/Lab1/MXTmpFiles/license.tmp_save
2025-10-10 23:15:18,677 [INFO] CodeEngine:289 - Generated code: /home/oleksii/STM32CubeIDE/workspace_1.19.0/workspace_embedded/Lab1/MXTmpFiles/license.tmp
2025-10-10 23:15:18,733 [INFO] CodeEngine:265 - oldGeneratedFile, /home/oleksii/STM32CubeIDE/workspace_1.19.0/workspace_embedded/Lab1/MXTmpFiles/gpio.tmp_save
2025-10-10 23:15:18,828 [INFO] CodeEngine:289 - Generated code: /home/oleksii/STM32CubeIDE/workspace_1.19.0/workspace_embedded/Lab1/MXTmpFiles/gpio.tmp
2025-10-10 23:15:18,890 [WARN] IPConfigManager:3238 - Warning: the RefConfig PWREx_EnableUSBVoltageDetector is not available in your config.xml file
2025-10-10 23:15:18,894 [INFO] CodeEngine:265 - oldGeneratedFile, /home/oleksii/STM32CubeIDE/workspace_1.19.0/workspace_embedded/Lab1/MXTmpFiles/usb_otg_fs_vars.tmp_save
2025-10-10 23:15:18,939 [INFO] CodeEngine:289 - Generated code: /home/oleksii/STM32CubeIDE/workspace_1.19.0/workspace_embedded/Lab1/MXTmpFiles/usb_otg_fs_vars.tmp
2025-10-10 23:15:18,940 [INFO] CodeEngine:265 - oldGeneratedFile, /home/oleksii/STM32CubeIDE/workspace_1.19.0/workspace_embedded/Lab1/MXTmpFiles/usb_otg_fs_inc.tmp_save
2025-10-10 23:15:18,977 [INFO] CodeEngine:289 - Generated code: /home/oleksii/STM32CubeIDE/workspace_1.19.0/workspace_embedded/Lab1/MXTmpFiles/usb_otg_fs_inc.tmp
2025-10-10 23:15:18,978 [INFO] CodeEngine:265 - oldGeneratedFile, /home/oleksii/STM32CubeIDE/workspace_1.19.0/workspace_embedded/Lab1/MXTmpFiles/usb_otg_fs_HalInit.tmp_save
2025-10-10 23:15:19,029 [INFO] CodeEngine:289 - Generated code: /home/oleksii/STM32CubeIDE/workspace_1.19.0/workspace_embedded/Lab1/MXTmpFiles/usb_otg_fs_HalInit.tmp
2025-10-10 23:15:19,030 [INFO] CodeEngine:265 - oldGeneratedFile, /home/oleksii/STM32CubeIDE/workspace_1.19.0/workspace_embedded/Lab1/MXTmpFiles/usb_otg_fs_Msp.tmp_save
2025-10-10 23:15:19,099 [INFO] CodeEngine:289 - Generated code: /home/oleksii/STM32CubeIDE/workspace_1.19.0/workspace_embedded/Lab1/MXTmpFiles/usb_otg_fs_Msp.tmp
2025-10-10 23:15:19,255 [INFO] CodeEngine:265 - oldGeneratedFile, /home/oleksii/STM32CubeIDE/workspace_1.19.0/workspace_embedded/Lab1/USB_HOST/App/usb_host.c_save
2025-10-10 23:15:19,301 [INFO] CodeEngine:289 - Generated code: /home/oleksii/STM32CubeIDE/workspace_1.19.0/workspace_embedded/Lab1/USB_HOST/App/usb_host.c
2025-10-10 23:15:19,302 [INFO] CodeEngine:265 - oldGeneratedFile, /home/oleksii/STM32CubeIDE/workspace_1.19.0/workspace_embedded/Lab1/USB_HOST/App/usb_host.h_save
2025-10-10 23:15:19,342 [INFO] CodeEngine:289 - Generated code: /home/oleksii/STM32CubeIDE/workspace_1.19.0/workspace_embedded/Lab1/USB_HOST/App/usb_host.h
2025-10-10 23:15:19,342 [INFO] CodeEngine:265 - oldGeneratedFile, /home/oleksii/STM32CubeIDE/workspace_1.19.0/workspace_embedded/Lab1/USB_HOST/Target/usbh_conf.h_save
2025-10-10 23:15:19,389 [INFO] CodeEngine:289 - Generated code: /home/oleksii/STM32CubeIDE/workspace_1.19.0/workspace_embedded/Lab1/USB_HOST/Target/usbh_conf.h
2025-10-10 23:15:19,390 [INFO] CodeEngine:265 - oldGeneratedFile, /home/oleksii/STM32CubeIDE/workspace_1.19.0/workspace_embedded/Lab1/USB_HOST/Target/usbh_conf.c_save
2025-10-10 23:15:19,452 [INFO] CodeEngine:289 - Generated code: /home/oleksii/STM32CubeIDE/workspace_1.19.0/workspace_embedded/Lab1/USB_HOST/Target/usbh_conf.c
2025-10-10 23:15:19,453 [INFO] CodeEngine:265 - oldGeneratedFile, /home/oleksii/STM32CubeIDE/workspace_1.19.0/workspace_embedded/Lab1/USB_HOST/Target/usbh_platform.c_save
2025-10-10 23:15:19,491 [INFO] CodeEngine:289 - Generated code: /home/oleksii/STM32CubeIDE/workspace_1.19.0/workspace_embedded/Lab1/USB_HOST/Target/usbh_platform.c
2025-10-10 23:15:19,492 [INFO] CodeEngine:265 - oldGeneratedFile, /home/oleksii/STM32CubeIDE/workspace_1.19.0/workspace_embedded/Lab1/USB_HOST/Target/usbh_platform.h_save
2025-10-10 23:15:19,529 [INFO] CodeEngine:289 - Generated code: /home/oleksii/STM32CubeIDE/workspace_1.19.0/workspace_embedded/Lab1/USB_HOST/Target/usbh_platform.h
2025-10-10 23:15:19,533 [INFO] CodeEngine:265 - oldGeneratedFile, /home/oleksii/STM32CubeIDE/workspace_1.19.0/workspace_embedded/Lab1/Core/Src/stm32f4xx_it.c_save
2025-10-10 23:15:19,584 [INFO] CodeEngine:289 - Generated code: /home/oleksii/STM32CubeIDE/workspace_1.19.0/workspace_embedded/Lab1/Core/Src/stm32f4xx_it.c
2025-10-10 23:15:19,584 [INFO] CodeEngine:265 - oldGeneratedFile, /home/oleksii/STM32CubeIDE/workspace_1.19.0/workspace_embedded/Lab1/Core/Inc/stm32f4xx_it.h_save
2025-10-10 23:15:19,623 [INFO] CodeEngine:289 - Generated code: /home/oleksii/STM32CubeIDE/workspace_1.19.0/workspace_embedded/Lab1/Core/Inc/stm32f4xx_it.h
2025-10-10 23:15:19,629 [INFO] CodeEngine:265 - oldGeneratedFile, /home/oleksii/STM32CubeIDE/workspace_1.19.0/workspace_embedded/Lab1/Core/Src/stm32f4xx_hal_msp.c_save
2025-10-10 23:15:19,699 [INFO] CodeEngine:289 - Generated code: /home/oleksii/STM32CubeIDE/workspace_1.19.0/workspace_embedded/Lab1/Core/Src/stm32f4xx_hal_msp.c
2025-10-10 23:15:19,700 [INFO] CodeEngine:265 - oldGeneratedFile, /home/oleksii/STM32CubeIDE/workspace_1.19.0/workspace_embedded/Lab1/MXTmpFiles/system.tmp_save
2025-10-10 23:15:19,738 [INFO] CodeEngine:289 - Generated code: /home/oleksii/STM32CubeIDE/workspace_1.19.0/workspace_embedded/Lab1/MXTmpFiles/system.tmp
2025-10-10 23:15:19,740 [INFO] CodeEngine:321 - oldGeneratedFile, /home/oleksii/STM32CubeIDE/workspace_1.19.0/workspace_embedded/Lab1/Core/Inc/stm32f4xx_hal_conf.h_save
2025-10-10 23:15:19,783 [INFO] CodeEngine:345 - Generated code: /home/oleksii/STM32CubeIDE/workspace_1.19.0/workspace_embedded/Lab1/Core/Inc/stm32f4xx_hal_conf.h
2025-10-10 23:15:19,801 [INFO] ApiDbMcu:532 - Load IP Config File for I2C1
2025-10-10 23:15:19,803 [INFO] ApiDbMcu:532 - Load IP Config File for I2S3
2025-10-10 23:15:19,804 [INFO] ApiDbMcu:532 - Load IP Config File for SPI1
2025-10-10 23:15:19,806 [INFO] ApiDbMcu:532 - Load IP Config File for RCC
2025-10-10 23:15:19,811 [INFO] CodeEngine:265 - oldGeneratedFile, /home/oleksii/STM32CubeIDE/workspace_1.19.0/workspace_embedded/Lab1/Core/Inc/main.h_save
2025-10-10 23:15:19,863 [INFO] CodeEngine:289 - Generated code: /home/oleksii/STM32CubeIDE/workspace_1.19.0/workspace_embedded/Lab1/Core/Inc/main.h
2025-10-10 23:15:19,864 [INFO] CodeEngine:265 - oldGeneratedFile, /home/oleksii/STM32CubeIDE/workspace_1.19.0/workspace_embedded/Lab1/Core/Src/main.c_save
2025-10-10 23:15:19,940 [INFO] CodeEngine:289 - Generated code: /home/oleksii/STM32CubeIDE/workspace_1.19.0/workspace_embedded/Lab1/Core/Src/main.c
2025-10-10 23:15:20,105 [INFO] ProjectBuilder:3606 - Time for Copy HAL[1] : 15mS.
2025-10-10 23:15:20,108 [INFO] ProjectBuilder:5216 - Project Generator version: 4.7.0-B52
2025-10-10 23:15:20,174 [INFO] ConfigFileManager:1595 - The Die is : DIE413
2025-10-10 23:15:20,176 [INFO] ApiDbMcu:532 - Load IP Config File for FATFS
2025-10-10 23:15:20,179 [INFO] ApiDbMcu:532 - Load IP Config File for FREERTOS
2025-10-10 23:15:20,180 [INFO] ApiDbMcu:532 - Load IP Config File for LIBJPEG
2025-10-10 23:15:20,183 [INFO] ApiDbMcu:532 - Load IP Config File for LWIP
2025-10-10 23:15:20,186 [INFO] ApiDbMcu:532 - Load IP Config File for MBEDTLS
2025-10-10 23:15:20,191 [INFO] ApiDbMcu:532 - Load IP Config File for USB_DEVICE
2025-10-10 23:15:20,415 [INFO] LogOutputStream:77 - [STDOUT_REDIRECT] 
2025-10-10 23:15:20,977 [INFO] ProjectBuilder:5496 - Time for Generating toolchain IDE Files: 869mS.
2025-10-10 23:15:20,977 [INFO] ProjectBuilder:3463 - Time for Copy CMSIS : 0mS.
2025-10-10 23:15:20,978 [INFO] ProjectBuilder:3463 - Time for Copy CMSIS : 0mS.
2025-10-10 23:16:49,929 [INFO] MainUpdater:2872 - connection check result : 10
2025-10-10 23:16:50,135 [INFO] McuFinderGlobals:76 - Set McuFinderConnectedMode to true
2025-10-10 23:16:50,139 [INFO] MultiScanPanel:200 - Auto-refresh data requested => check proxy status ongoing
2025-10-10 23:16:50,140 [INFO] FinderPluginLoader:96 - Searching for filters in installed packs
2025-10-10 23:16:50,975 [INFO] LoadUrlFilesThread:185 - End of LoadServerUrlFiles without Thread
2025-10-10 23:16:50,995 [INFO] DetailPanel:341 - Set advertising image to /home/oleksii/STM32Cube/Repository//en.mcu-finder-stm32n6dk.jpg
2025-10-10 23:16:54,373 [INFO] MultiScanPanel:200 - Auto-refresh data requested => check proxy status ongoing
2025-10-10 23:16:54,458 [INFO] LoadUrlFilesThread:185 - End of LoadServerUrlFiles without Thread
2025-10-10 23:16:54,458 [INFO] DetailPanel:341 - Set advertising image to /home/oleksii/STM32Cube/Repository//en.mcu-finder-stm32n6dk.jpg
2025-10-10 23:16:54,464 [INFO] DbBoards:642 - Loading board mini-images...
2025-10-10 23:16:55,861 [ERROR] DbBoards:659 - Image file not found for board STM32MP215F-DK: /home/oleksii/.stmcufinder/plugins/mcufinder//mcu//boards_images/STM32MP215F-DK.jpg
2025-10-10 23:16:55,946 [INFO] DbBoards:665 - Loaded 211 board mini-images
2025-10-10 23:17:33,641 [INFO] MainUpdater:2872 - connection check result : 10
2025-10-10 23:17:33,641 [INFO] MainUpdater:2872 - connection check result : 10
2025-10-10 23:17:33,929 [INFO] I2sManager:658 - 9.6E7
2025-10-10 23:17:33,929 [INFO] I2sManager:195 - I2S Clock Value : 9.6E7
2025-10-10 23:17:33,929 [INFO] I2sManager:553 - AudioClock : 93750Divider : 2Odd : 0
2025-10-10 23:17:33,930 [INFO] MicroXplorer:468 - Change Database Path : 
2025-10-10 23:17:33,930 [INFO] MicroXplorer:498 - Change Database Version : DB.6.0.150
2025-10-10 23:17:33,939 [ERROR] ProjectManagerView:395 - 
java.lang.NullPointerException: Cannot invoke "javax.swing.JTextField.getText()" because the return value of "java.util.List.get(int)" is null
	at com.st.microxplorer.plugins.projectmanager.gui.ProjectChoiceTab$9.caretUpdate(ProjectChoiceTab.java:2706) ~[filemanager.jar:?]
	at javax.swing.text.JTextComponent.fireCaretUpdate(JTextComponent.java:408) ~[?:?]
	at javax.swing.text.JTextComponent$MutableCaretEvent.fire(JTextComponent.java:4484) ~[?:?]
	at javax.swing.text.JTextComponent$MutableCaretEvent.stateChanged(JTextComponent.java:4506) ~[?:?]
	at javax.swing.text.DefaultCaret.fireStateChanged(DefaultCaret.java:857) ~[?:?]
	at javax.swing.text.DefaultCaret.changeCaretPosition(DefaultCaret.java:1343) ~[?:?]
	at javax.swing.text.DefaultCaret.handleSetDot(DefaultCaret.java:1242) ~[?:?]
	at javax.swing.text.DefaultCaret.setDot(DefaultCaret.java:1223) ~[?:?]
	at javax.swing.text.DefaultCaret$Handler.insertUpdate(DefaultCaret.java:1819) ~[?:?]
	at javax.swing.text.AbstractDocument.fireInsertUpdate(AbstractDocument.java:227) ~[?:?]
	at javax.swing.text.AbstractDocument.handleInsertString(AbstractDocument.java:781) ~[?:?]
	at javax.swing.text.AbstractDocument.insertString(AbstractDocument.java:740) ~[?:?]
	at javax.swing.text.PlainDocument.insertString(PlainDocument.java:131) ~[?:?]
	at javax.swing.text.AbstractDocument.replace(AbstractDocument.java:699) ~[?:?]
	at javax.swing.text.JTextComponent.setText(JTextComponent.java:1725) ~[?:?]
	at com.st.microxplorer.plugins.projectmanager.gui.ProjectChoiceTab.createHeapStackFields(ProjectChoiceTab.java:993) ~[filemanager.jar:?]
	at com.st.microxplorer.plugins.projectmanager.gui.ProjectChoiceTab.buildLinkSettingsPanel(ProjectChoiceTab.java:3813) ~[filemanager.jar:?]
	at com.st.microxplorer.plugins.projectmanager.gui.ProjectChoiceTab.defineWindowsFields(ProjectChoiceTab.java:1987) ~[filemanager.jar:?]
	at com.st.microxplorer.plugins.projectmanager.gui.ProjectChoiceTab.updateSettings(ProjectChoiceTab.java:558) ~[filemanager.jar:?]
	at com.st.microxplorer.plugins.projectmanager.gui.ProjectSettingsPanel.UpdateDialog(ProjectSettingsPanel.java:247) ~[filemanager.jar:?]
	at com.st.microxplorer.plugins.projectmanager.ProjectManagerView.propertyChange(ProjectManagerView.java:392) ~[filemanager.jar:?]
	at java.beans.PropertyChangeSupport.fire(PropertyChangeSupport.java:343) ~[?:?]
	at java.beans.PropertyChangeSupport.firePropertyChange(PropertyChangeSupport.java:335) ~[?:?]
	at java.beans.PropertyChangeSupport.firePropertyChange(PropertyChangeSupport.java:268) ~[?:?]
	at com.st.microxplorer.util.MXPropertyChangeSupport.firePropertyChange(MXPropertyChangeSupport.java:54) ~[STM32CubeMX.jar:?]
	at com.st.microxplorer.mxsystem.MxSystem.closeConfig(MxSystem.java:899) ~[STM32CubeMX.jar:?]
	at com.st.microxplorer.maingui.MainPanel.closeConfig(MainPanel.java:792) ~[STM32CubeMX.jar:?]
	at com.st.microxplorer.plugins.filemanager.engine.OpenFileManager.loadConfigurationFile(OpenFileManager.java:288) ~[filemanager.jar:?]
	at com.st.microxplorer.plugins.filemanager.engine.MainFileManager.userLoadConfig(MainFileManager.java:364) ~[filemanager.jar:?]
	at com.st.microxplorer.plugins.filemanager.FileManagerView.getSpecificTask(FileManagerView.java:268) ~[filemanager.jar:?]
	at com.st.stm32cube.common.mx.editor.CubeMxEditor.getMxTabbedPaneInstance(CubeMxEditor.java:1191) ~[com.st.stm32cube.common.mx_6.15.0.202507011659/:?]
	at com.st.stm32cube.common.mx.editor.CubeMxEditor$12$1.createSwingComponent(CubeMxEditor.java:1068) ~[com.st.stm32cube.common.mx_6.15.0.202507011659/:?]
	at com.st.stm32cube.common.mx.oss.core.awtswtbridge.EmbeddedSwingComposite.doComponentCreation(EmbeddedSwingComposite.java:492) ~[com.st.stm32cube.common.mx.oss_6.15.0.202507011659/:?]
	at com.st.stm32cube.common.mx.oss.core.awtswtbridge.EmbeddedSwingComposite$4.run(EmbeddedSwingComposite.java:291) ~[com.st.stm32cube.common.mx.oss_6.15.0.202507011659/:?]
	at com.st.stm32cube.common.mx.oss.core.awtswtbridge.AwtEnvironment$2.run(AwtEnvironment.java:166) ~[com.st.stm32cube.common.mx.oss_6.15.0.202507011659/:?]
	at java.awt.event.InvocationEvent.dispatch(InvocationEvent.java:318) ~[?:?]
	at java.awt.EventQueue.dispatchEventImpl(EventQueue.java:773) ~[?:?]
	at java.awt.EventQueue$4.run(EventQueue.java:720) ~[?:?]
	at java.awt.EventQueue$4.run(EventQueue.java:714) ~[?:?]
	at java.security.AccessController.doPrivileged(AccessController.java:400) ~[?:?]
	at java.security.ProtectionDomain$JavaSecurityAccessImpl.doIntersectionPrivilege(ProtectionDomain.java:87) ~[?:?]
	at java.awt.EventQueue.dispatchEvent(EventQueue.java:742) ~[?:?]
	at java.awt.EventDispatchThread.pumpOneEventForFilters(EventDispatchThread.java:203) ~[?:?]
	at java.awt.EventDispatchThread.pumpEventsForFilter(EventDispatchThread.java:124) ~[?:?]
	at java.awt.EventDispatchThread.pumpEventsForHierarchy(EventDispatchThread.java:113) ~[?:?]
	at java.awt.EventDispatchThread.pumpEvents(EventDispatchThread.java:109) ~[?:?]
	at java.awt.EventDispatchThread.pumpEvents(EventDispatchThread.java:101) ~[?:?]
	at java.awt.EventDispatchThread.run(EventDispatchThread.java:90) ~[?:?]
2025-10-10 23:17:33,943 [WARN] ThirdParty:871 - waiting for thirdparty lock release [close project]
2025-10-10 23:17:33,944 [INFO] ThirdParty:873 - entering critical section [close project]
2025-10-10 23:17:33,944 [INFO] ThirdParty:883 - exiting critical section [close project]
2025-10-10 23:17:33,945 [INFO] PinOutPanel:1589 - setPackage(No Configuration,No Configuration)
2025-10-10 23:17:33,954 [WARN] IpParametersView:155 - Warning: This peripheral hasn't parameters
2025-10-10 23:17:33,961 [WARN] MainPanel:289 - <html><b><center>Warning: This peripheral has no parameters to be configured<br></b></html>
2025-10-10 23:17:33,967 [INFO] UtilMem:75 - Begin LoadConfig() Used Memory: 441656168 Bytes (919601152)
2025-10-10 23:17:33,967 [INFO] OpenFileManager:355 - Change cursor
2025-10-10 23:17:33,978 [INFO] RulesReader:64 - Compatibility file has been processed (317 Rules)
2025-10-10 23:17:33,981 [INFO] ProjectFactory:514 - No CPN specified for board STM32F407G-DISC1 => set CPN to STM32F407VGT6
2025-10-10 23:17:33,982 [INFO] Mcu:2029 - Initializing MCU STM32F407V(E-G)Tx STM32F407VGTx STM32F407VGT6
2025-10-10 23:17:34,613 [INFO] Context:786 - Trying to add GPIOservice into a context  which must be forbidden
2025-10-10 23:17:34,988 [INFO] Rule:233 - rule 117617 - U5Cobra4M][GTZC] default value MPCBB3 and MPCBB5 - Not Secured memory - MPCBB1 is applicable
2025-10-10 23:17:34,988 [INFO] Rule:233 - rule 117617 - U5Cobra4M][GTZC] default value MPCBB3 and MPCBB5 - Not Secured memory - MPCBB1 is applicable
2025-10-10 23:17:34,988 [INFO] Rule:233 - rule 117617 - U5Cobra4M][GTZC] default value MPCBB3 and MPCBB5 - Not Secured memory - MPCBB2 is applicable
2025-10-10 23:17:34,988 [INFO] Rule:233 - rule 117617 - U5Cobra4M][GTZC] default value MPCBB3 and MPCBB5 - Not Secured memory - MPCBB2 is applicable
2025-10-10 23:17:34,988 [INFO] Rule:233 - rule 117617 - U5Cobra4M][GTZC] default value MPCBB3 and MPCBB5 - Not Secured memory - MPCBB3 is applicable
2025-10-10 23:17:34,988 [INFO] Rule:233 - rule 117617 - U5Cobra4M][GTZC] default value MPCBB3 and MPCBB5 - Not Secured memory - MPCBB3 is applicable
2025-10-10 23:17:34,988 [INFO] Rule:233 - rule 117617 - U5Cobra4M][GTZC] default value MPCBB3 and MPCBB5 - Not Secured memory - MPCBB4 is applicable
2025-10-10 23:17:34,988 [INFO] Rule:233 - rule 117617 - U5Cobra4M][GTZC] default value MPCBB3 and MPCBB5 - Not Secured memory - MPCBB4 is applicable
2025-10-10 23:17:34,988 [INFO] Rule:233 - rule 117617 - U5Cobra4M][GTZC] default value MPCBB3 and MPCBB5 - Secured memory - MPCBB1 is applicable
2025-10-10 23:17:34,988 [INFO] Rule:233 - rule 117617 - U5Cobra4M][GTZC] default value MPCBB3 and MPCBB5 - Secured memory - MPCBB2 is applicable
2025-10-10 23:17:34,988 [INFO] Rule:233 - rule 117617 - U5Cobra4M][GTZC] default value MPCBB3 and MPCBB5 - Secured memory - MPCBB3 is applicable
2025-10-10 23:17:34,988 [INFO] Rule:233 - rule 117617 - U5Cobra4M][GTZC] default value MPCBB3 and MPCBB5 - Secured memory - MPCBB4 is applicable
2025-10-10 23:17:34,988 [INFO] Rule:233 - rule 117617 - U5Cobra4M][GTZC] default value MPCBB3 and MPCBB5 - Privileged memory - MPCBB1 is applicable
2025-10-10 23:17:34,988 [INFO] Rule:233 - rule 117617 - U5Cobra4M][GTZC] default value MPCBB3 and MPCBB5 - Privileged memory - MPCBB2 is applicable
2025-10-10 23:17:34,988 [INFO] Rule:233 - rule 117617 - U5Cobra4M][GTZC] default value MPCBB3 and MPCBB5 - Privileged memory - MPCBB3 is applicable
2025-10-10 23:17:34,988 [INFO] Rule:233 - rule 117617 - U5Cobra4M][GTZC] default value MPCBB3 and MPCBB5 - Privileged memory - MPCBB4 is applicable
2025-10-10 23:17:34,988 [INFO] Rule:233 - rule 117617 - U5Cobra4M][GTZC] default value MPCBB3 and MPCBB5 - Not Privileged memory - MPCBB1 is applicable
2025-10-10 23:17:34,988 [INFO] Rule:233 - rule 117617 - U5Cobra4M][GTZC] default value MPCBB3 and MPCBB5 - Not Privileged memory - MPCBB2 is applicable
2025-10-10 23:17:34,988 [INFO] Rule:233 - rule 117617 - U5Cobra4M][GTZC] default value MPCBB3 and MPCBB5 - Not Privileged memory - MPCBB3 is applicable
2025-10-10 23:17:34,988 [INFO] Rule:233 - rule 117617 - U5Cobra4M][GTZC] default value MPCBB3 and MPCBB5 - Not Privileged memory - MPCBB4 is applicable
2025-10-10 23:17:34,988 [INFO] Rule:233 - rule 117617 - U5Cobra4M][GTZC] default value MPCBB3 and MPCBB5 - Privileged memory - MPCBB1 is applicable
2025-10-10 23:17:34,988 [INFO] Rule:233 - rule 117617 - U5Cobra4M][GTZC] default value MPCBB3 and MPCBB5 - Privileged memory - MPCBB2 is applicable
2025-10-10 23:17:34,988 [INFO] Rule:233 - rule 117617 - U5Cobra4M][GTZC] default value MPCBB3 and MPCBB5 - Privileged memory - MPCBB3 is applicable
2025-10-10 23:17:34,988 [INFO] Rule:233 - rule 117617 - U5Cobra4M][GTZC] default value MPCBB3 and MPCBB5 - Privileged memory - MPCBB4 is applicable
2025-10-10 23:17:34,988 [INFO] Rule:233 - rule 117617 - U5Cobra4M][GTZC] default value MPCBB3 and MPCBB5 - Privileged memory - MPCBB1 is applicable
2025-10-10 23:17:34,988 [INFO] Rule:233 - rule 117617 - U5Cobra4M][GTZC] default value MPCBB3 and MPCBB5 - Privileged memory - MPCBB2 is applicable
2025-10-10 23:17:34,988 [INFO] Rule:233 - rule 117617 - U5Cobra4M][GTZC] default value MPCBB3 and MPCBB5 - Privileged memory - MPCBB3 is applicable
2025-10-10 23:17:34,988 [INFO] Rule:233 - rule 117617 - U5Cobra4M][GTZC] default value MPCBB3 and MPCBB5 - Privileged memory - MPCBB4 is applicable
2025-10-10 23:17:34,988 [INFO] Rule:233 - rule 117617 - U5Cobra4M][GTZC] default value MPCBB3 and MPCBB5 - Not Privileged memory - MPCBB1 is applicable
2025-10-10 23:17:34,989 [INFO] Rule:233 - rule 117617 - U5Cobra4M][GTZC] default value MPCBB3 and MPCBB5 - Not Privileged memory - MPCBB2 is applicable
2025-10-10 23:17:34,989 [INFO] Rule:233 - rule 117617 - U5Cobra4M][GTZC] default value MPCBB3 and MPCBB5 - Not Privileged memory - MPCBB3 is applicable
2025-10-10 23:17:34,989 [INFO] Rule:233 - rule 117617 - U5Cobra4M][GTZC] default value MPCBB3 and MPCBB5 - Not Privileged memory - MPCBB4 is applicable
2025-10-10 23:17:34,989 [INFO] Rule:233 - rule 117617 - U5Cobra4M][GTZC] default value MPCBB3 and MPCBB5 - Privileged memory - MPCBB1 is applicable
2025-10-10 23:17:34,989 [INFO] Rule:233 - rule 117617 - U5Cobra4M][GTZC] default value MPCBB3 and MPCBB5 - Privileged memory - MPCBB2 is applicable
2025-10-10 23:17:34,989 [INFO] Rule:233 - rule 117617 - U5Cobra4M][GTZC] default value MPCBB3 and MPCBB5 - Privileged memory - MPCBB3 is applicable
2025-10-10 23:17:34,989 [INFO] Rule:233 - rule 117617 - U5Cobra4M][GTZC] default value MPCBB3 and MPCBB5 - Privileged memory - MPCBB4 is applicable
2025-10-10 23:17:34,989 [INFO] Rule:233 - rule Rename SubGHz_Phy SUBGHZ_APPLICATION SUBGHZ_PINGPONG to SUBGHZ_ADV_APPLICATION is applicable
2025-10-10 23:17:34,989 [INFO] Rule:233 - rule Rename Enabled to IBEACON is applicable
2025-10-10 23:17:34,989 [INFO] Rule:233 - rule GTZC_S instance for project manager is applicable
2025-10-10 23:17:34,989 [INFO] Rule:233 - rule GTZC_S instance for context M33S is applicable
2025-10-10 23:17:34,989 [INFO] Rule:233 - rule GTZC_S instance value for IP GTZC is applicable
2025-10-10 23:17:34,989 [INFO] Rule:233 - rule GTZC_S instance for mcu.IP is applicable
2025-10-10 23:17:34,989 [INFO] Rule:233 - rule GTZC_S instance for VP is applicable
2025-10-10 23:17:34,989 [INFO] Rule:233 - rule GTZC_S instance for signal is applicable
2025-10-10 23:17:34,989 [INFO] Rule:233 - rule GTZC_S instance for mcu.Pin is applicable
2025-10-10 23:17:34,989 [INFO] Rule:233 - rule GTZC_S instance for VP is applicable
2025-10-10 23:17:34,989 [INFO] Rule:233 - rule GTZC_S instance for signal is applicable
2025-10-10 23:17:34,989 [INFO] Rule:233 - rule GTZC_S instance for mcu is applicable
2025-10-10 23:17:34,989 [INFO] Rule:233 - rule GTZC_S instance for mcu.Pin is applicable
2025-10-10 23:17:34,989 [INFO] Rule:233 - rule GTZC_S instance value for IP GTZC is applicable
2025-10-10 23:17:34,989 [INFO] Rule:233 - rule GTZC_S instance for project manager is applicable
2025-10-10 23:17:34,989 [INFO] Rule:233 - rule GTZC_S instance for context M33S is applicable
2025-10-10 23:17:34,989 [INFO] Rule:233 - rule GTZC_S instance for VP is applicable
2025-10-10 23:17:34,989 [INFO] Rule:233 - rule GTZC_S instance for signal is applicable
2025-10-10 23:17:34,989 [INFO] Rule:233 - rule SPDIFRX instance for mcu is applicable
2025-10-10 23:17:34,989 [INFO] Rule:233 - rule Rename Tracer Mode is applicable
2025-10-10 23:17:34,989 [INFO] Rule:233 - rule SPDIFRX instance value for IP SPDIFRX is applicable
2025-10-10 23:17:34,989 [INFO] Rule:233 - rule SPDIFRX instance for signal is applicable
2025-10-10 23:17:34,989 [INFO] Rule:233 - rule SPDIFRX instance for project manager is applicable
2025-10-10 23:17:34,989 [INFO] Rule:233 - rule SPDIFRX instance for project manager is applicable
2025-10-10 23:17:34,989 [INFO] Rule:233 - rule ADC Scan  fix with FW F7 is applicable
2025-10-10 23:17:34,989 [INFO] Rule:233 - rule ADC Scan  fix with FW F7 is applicable
2025-10-10 23:17:34,989 [INFO] Rule:233 - rule WakeUp0 Mode is applicable
2025-10-10 23:17:34,989 [INFO] Rule:233 - rule WakeUp0 SIGNAL is applicable
2025-10-10 23:17:34,989 [INFO] Rule:233 - rule WakeUp1 Mode is applicable
2025-10-10 23:17:34,989 [INFO] Rule:233 - rule WakeUp1 SIGNAL is applicable
2025-10-10 23:17:34,989 [INFO] Rule:233 - rule WakeUp2 Mode is applicable
2025-10-10 23:17:34,989 [INFO] Rule:233 - rule WakeUp2 SIGNAL is applicable
2025-10-10 23:17:34,989 [INFO] Rule:233 - rule WakeUp4 Mode is applicable
2025-10-10 23:17:34,989 [INFO] Rule:233 - rule WakeUp4 SIGNAL is applicable
2025-10-10 23:17:34,989 [INFO] Rule:233 - rule WakeUp5 Mode is applicable
2025-10-10 23:17:34,989 [INFO] Rule:233 - rule WakeUp5 SIGNAL is applicable
2025-10-10 23:17:34,989 [INFO] Rule:233 - rule Add RTC Activate Clock Source is applicable
2025-10-10 23:17:34,989 [INFO] Rule:233 - rule Add RTC Activate Calendar 1 is applicable
2025-10-10 23:17:34,989 [INFO] Rule:233 - rule Add RTC Activate Calendar 2 is applicable
2025-10-10 23:17:34,989 [INFO] Rule:233 - rule Add RTC Activate Calendar 3 is applicable
2025-10-10 23:17:34,989 [INFO] Rule:233 - rule UART/USART TX Mode is applicable
2025-10-10 23:17:34,989 [INFO] Rule:233 - rule UART/USART RX Mode is applicable
2025-10-10 23:17:34,989 [INFO] Rule:233 - rule UART/USART RX TX Mode is applicable
2025-10-10 23:17:34,990 [INFO] Rule:233 - rule UART/USART PARITY NONE is applicable
2025-10-10 23:17:34,990 [INFO] Rule:233 - rule UART/USART PARITY EVEN is applicable
2025-10-10 23:17:34,990 [INFO] Rule:233 - rule UART/USART PARITY ODD is applicable
2025-10-10 23:17:34,990 [INFO] Rule:233 - rule USART StopBits 1 is applicable
2025-10-10 23:17:34,990 [INFO] Rule:233 - rule USART StopBits 2 is applicable
2025-10-10 23:17:34,990 [INFO] Rule:233 - rule USART StopBits 1.5 is applicable
2025-10-10 23:17:34,990 [INFO] Rule:233 - rule USART StopBits 0.5 is applicable
2025-10-10 23:17:34,990 [INFO] Rule:233 - rule UART/USART WORD LENGTH 7 is applicable
2025-10-10 23:17:34,990 [INFO] Rule:233 - rule UART/USART WORD LENGTH 8 is applicable
2025-10-10 23:17:34,990 [INFO] Rule:233 - rule UART/USART WORD LENGTH 9 is applicable
2025-10-10 23:17:34,990 [INFO] Rule:233 - rule Rename FMC NAND NCE signal is applicable
2025-10-10 23:17:34,990 [INFO] Rule:233 - rule Rename FMC NAND INT signal is applicable
2025-10-10 23:17:34,990 [INFO] Rule:233 - rule Change Default Value for LSE Drive Capability for WB family is applicable
2025-10-10 23:17:34,990 [INFO] Rule:233 - rule Change Default Value for ADC Clock Prescaler G0 family is applicable
2025-10-10 23:17:34,990 [INFO] Rule:233 - rule Change Default Value for ADC ExternalTrigConv L4 family is applicable
2025-10-10 23:17:34,990 [INFO] Rule:233 - rule Change Default Value for ADC ExternalTrigInjecConv L4 family is applicable
2025-10-10 23:17:34,990 [INFO] Rule:233 - rule Change Default Value for ADC ExternalTrigConv F3 family is applicable
2025-10-10 23:17:34,990 [INFO] Rule:233 - rule Change Default Value for ADC ExternalTrigInjecConv F3 family is applicable
2025-10-10 23:17:34,990 [INFO] Rule:233 - rule Change Default Value for ADC ExternalTrigConv Goldfish serie is applicable
2025-10-10 23:17:34,990 [INFO] Rule:233 - rule Change Default Value for ADC ExternalTrigInjecConv Goldfish serie is applicable
2025-10-10 23:17:34,990 [INFO] Rule:233 - rule Change Default Value for ADC ExternalTrigConv L0 family is applicable
2025-10-10 23:17:34,990 [INFO] Rule:233 - rule Change Default Value for ADC ExternalTrigConv F0 family is applicable
2025-10-10 23:17:34,990 [INFO] Rule:233 - rule Change Default Value for ADC ExternalTrigConvn L1 family is applicable
2025-10-10 23:17:34,990 [INFO] Rule:233 - rule Change Default Value for ADC ExternalTrigInjecConv L1 family is applicable
2025-10-10 23:17:34,990 [INFO] Rule:233 - rule Change Default Value for ADC ExternalTrigConv F1 family is applicable
2025-10-10 23:17:34,990 [INFO] Rule:233 - rule Change Default Value for ADC ExternalTrigInjecConv F1 family is applicable
2025-10-10 23:17:34,990 [INFO] Rule:233 - rule Change Default Value for ADC ExternalTrigConv F7 family is applicable
2025-10-10 23:17:34,990 [INFO] Rule:233 - rule Change Default Value for ADC ExternalTrigInjecConv F7 family is applicable
2025-10-10 23:17:34,990 [INFO] Rule:233 - rule Change Default Value for ADC ExternalTrigConv F4 and F2 family is applicable
2025-10-10 23:17:34,990 [INFO] Rule:233 - rule Change Default Value for ADC ExternalTrigInjecConv F4 and F2 family is applicable
2025-10-10 23:17:34,990 [INFO] Rule:233 - rule ADC SamplingTime fix with FW L0  is applicable
2025-10-10 23:17:34,990 [INFO] Rule:233 - rule ADC SamplingTime fix with FW L0  is applicable
2025-10-10 23:17:34,990 [INFO] Rule:233 - rule ADC SamplingTime fix with FW L0 is applicable
2025-10-10 23:17:34,990 [INFO] Rule:233 - rule ADC SamplingTime fix with FW L0 is applicable
2025-10-10 23:17:34,990 [INFO] Rule:233 - rule ADC SamplingTime fix with FW L0  is applicable
2025-10-10 23:17:34,990 [INFO] Rule:233 - rule ADC SamplingTime fix with FW L0 is applicable
2025-10-10 23:17:34,990 [INFO] Rule:233 - rule Rename USB_OE Signal is applicable
2025-10-10 23:17:34,990 [INFO] Rule:233 - rule Rename Activate_OE Mode is applicable
2025-10-10 23:17:34,990 [INFO] Rule:233 - rule Rename DIE462/DIE415 pin PC14/OSC32_IN -> PC14-OSC32_IN (PC14) is applicable
2025-10-10 23:17:34,990 [INFO] Rule:233 - rule Rename DIE462/DIE415 pin PC15/OSC32_OUT -> PC15-OSC32_OUT (PC15) is applicable
2025-10-10 23:17:34,990 [INFO] Rule:233 - rule Rename DIE462/DIE415 pin PH0/OSC_IN -> PH0-OSC_IN (PH0) is applicable
2025-10-10 23:17:34,990 [INFO] Rule:233 - rule Rename DIE462/DIE415 pin PH1/OSC_OUT -> PH1-OSC_OUT (PH1) is applicable
2025-10-10 23:17:34,990 [INFO] Rule:233 - rule Rename DIE462 pin PA13 -> PA13 (JTMS/SWDIO) is applicable
2025-10-10 23:17:34,990 [INFO] Rule:233 - rule Rename DIE415 pin PA13 -> PA13 (JTMS/SWDIO) is applicable
2025-10-10 23:17:34,990 [INFO] Rule:233 - rule Rename DIE462 pin PA14 -> PA14 (JTCK/SWCLK) is applicable
2025-10-10 23:17:34,990 [INFO] Rule:233 - rule Rename DIE415 pin PA14 -> PA14 (JTCK/SWCLK) is applicable
2025-10-10 23:17:34,990 [INFO] Rule:233 - rule Rename DIE462/DIE415 pin PA15 -> PA15 (JTDI) is applicable
2025-10-10 23:17:34,990 [INFO] Rule:233 - rule Rename DIE462 pin PB3 -> PB3 (JTD0/TRACESWO) is applicable
2025-10-10 23:17:34,990 [INFO] Rule:233 - rule Rename DIE415 pin PB3 -> PB3 (JTD0-TRACESWO) is applicable
2025-10-10 23:17:34,990 [INFO] Rule:233 - rule Rename DIE462/DIE415 pin PB4 -> PB4 (NJTRST) is applicable
2025-10-10 23:17:34,990 [INFO] Rule:233 - rule Rename DIE462 pin PH3/BOOT0 -> PH3-BOOT0 (BOOT0) is applicable
2025-10-10 23:17:34,990 [INFO] Rule:233 - rule Rename CRYP DataEncryptionTypesList to Algorithm is applicable
2025-10-10 23:17:34,990 [INFO] Rule:233 - rule Rename AES DataEncryptionTypesList to Algorithm is applicable
2025-10-10 23:17:34,990 [INFO] Rule:233 - rule Rename TDESECB to CRYP_TDES_ECB is applicable
2025-10-10 23:17:34,990 [INFO] Rule:233 - rule Rename TDESCBC to CRYP_TDES_CBC is applicable
2025-10-10 23:17:34,990 [INFO] Rule:233 - rule Rename DESECB to CRYP_DES_ECB is applicable
2025-10-10 23:17:34,990 [INFO] Rule:233 - rule Rename DESCBC to CRYP_DES_CBC is applicable
2025-10-10 23:17:34,991 [INFO] Rule:233 - rule Rename AESECB to CRYP_AES_ECB is applicable
2025-10-10 23:17:34,991 [INFO] Rule:233 - rule Rename AESCBC to CRYP_AES_CBC is applicable
2025-10-10 23:17:34,991 [INFO] Rule:233 - rule Rename AESCTR to CRYP_AES_CTR is applicable
2025-10-10 23:17:34,991 [INFO] Rule:233 - rule Rename AESGCM to CRYP_AES_GCM is applicable
2025-10-10 23:17:34,991 [INFO] Rule:233 - rule Rename AESCCM to CRYP_AES_CCM is applicable
2025-10-10 23:17:34,991 [INFO] Rule:233 - rule Rename CAN TimeSeg1 to BS1 is applicable
2025-10-10 23:17:34,991 [INFO] Rule:233 - rule Rename CAN TimeSeg2 to BS2 is applicable
2025-10-10 23:17:34,991 [INFO] Rule:233 - rule Rename CAN SyncJumpWidth to SJW is applicable
2025-10-10 23:17:34,991 [INFO] Rule:233 - rule TimeTriggeredMode to TTCM is applicable
2025-10-10 23:17:34,991 [INFO] Rule:233 - rule Rename CAN AutoBusOff to ABOM is applicable
2025-10-10 23:17:34,991 [INFO] Rule:233 - rule Rename CAN AutoWakeUp to AWUM is applicable
2025-10-10 23:17:34,991 [INFO] Rule:233 - rule Rename CAN AutoRetransmission to NART is applicable
2025-10-10 23:17:34,991 [INFO] Rule:233 - rule Rename CAN ReceiveFifoLocked to RFLM is applicable
2025-10-10 23:17:34,991 [INFO] Rule:233 - rule Rename CAN TransmitFifoPriority to TXFP is applicable
2025-10-10 23:17:34,991 [INFO] Rule:233 - rule Rename HRTIMER HRTIM_OUTPUTFAULTLEVEL_HIGH in HRTIMER HRTIM_OUTPUTFAULTLEVEL_HIGHZ is applicable
2025-10-10 23:17:34,991 [INFO] Rule:233 - rule Rename TIMER TIM_CLEARINPUTSOURCE_OCREFCLR in  TIMER TIM_CLEARINPUTSOURCE_NONE for F7 family is applicable
2025-10-10 23:17:34,991 [INFO] Rule:233 - rule FDCAN_R1 - Rename FDCAN mode Master into Classic is applicable
2025-10-10 23:17:34,991 [INFO] Rule:233 - rule FDCAN_R2 - Rename FDCAN mode Slave into Classic is applicable
2025-10-10 23:17:34,991 [INFO] Rule:233 - rule FDCAN1_R3 - if PA10.Mode=FullDuplex, add Pin PA12 is applicable
2025-10-10 23:17:34,991 [INFO] Rule:233 - rule FDCAN1_R3 - if PA9.Mode=FullDuplex, add Pin PA11 is applicable
2025-10-10 23:17:34,991 [INFO] Rule:233 - rule FDCAN1_R3 - Alternatepin_1 - if PE1.Mode=FullDuplex, add Pin PB9 is applicable
2025-10-10 23:17:34,991 [INFO] Rule:233 - rule FDCAN1_R3 - Alternatepin_1 - if PE0.Mode=FullDuplex, add Pin PB8 is applicable
2025-10-10 23:17:34,991 [INFO] Rule:233 - rule FDCAN1_R3 - Alternatepin_2 - if PD5.Mode=FullDuplex, add Pin PD1 is applicable
2025-10-10 23:17:34,991 [INFO] Rule:233 - rule FDCAN1_R3 - Alternatepin_2 - if PD4.Mode=FullDuplex, add Pin PD0 is applicable
2025-10-10 23:17:34,991 [INFO] Rule:233 - rule FDCAN1_R4 - Rename Mode FullDuplex into Enable FDCAN_TXFD for pin PA10 is applicable
2025-10-10 23:17:34,991 [INFO] Rule:233 - rule FDCAN1_R4 - Rename Mode FullDuplex into Enable FDCAN_TXFD for pin PA9 is applicable
2025-10-10 23:17:34,991 [INFO] Rule:233 - rule FDCAN1_R4 - Alternatepin_1 - Rename Mode FullDuplex into Enable FDCAN_TXFD for pin PE1 is applicable
2025-10-10 23:17:34,991 [INFO] Rule:233 - rule FDCAN1_R4 - Alternatepin_1 - Rename Mode FullDuplex into Enable FDCAN_TXFD for pin PE0 is applicable
2025-10-10 23:17:34,991 [INFO] Rule:233 - rule FDCAN1_R4 - Alternatepin_2 - Rename Mode FullDuplex into Enable FDCAN_TXFD for pin PD5 is applicable
2025-10-10 23:17:34,991 [INFO] Rule:233 - rule FDCAN1_R4 - Alternatepin_2 - Rename Mode FullDuplex into Enable FDCAN_TXFD for pin PD4 is applicable
2025-10-10 23:17:34,991 [INFO] Rule:233 - rule FDCAN2_R3 - if PD10.Mode=FullDuplex, add Pin PB13 is applicable
2025-10-10 23:17:34,991 [INFO] Rule:233 - rule FDCAN2_R3 - if PD9.Mode=FullDuplex, add Pin PB12 is applicable
2025-10-10 23:17:34,991 [INFO] Rule:233 - rule FDCAN2_R3 - Alternatepin_1 - if PB7.Mode=FullDuplex, add Pin PB6 is applicable
2025-10-10 23:17:34,991 [INFO] Rule:233 - rule FDCAN2_R3 - Alternatepin_1 - if PD9.Mode=FullDuplex, add Pin PB12 is applicable
2025-10-10 23:17:34,991 [INFO] Rule:233 - rule FDCAN2_R4 - Rename Mode FullDuplex into Enable FDCAN_TXFD for pin PD10 is applicable
2025-10-10 23:17:34,991 [INFO] Rule:233 - rule FDCAN2_R4 - Rename Mode FullDuplex into Enable FDCAN_TXFD for pin PD9 is applicable
2025-10-10 23:17:34,991 [INFO] Rule:233 - rule FDCAN2_R4 - Alternatepin_1 - Rename Mode FullDuplex into Enable FDCAN_TXFD for pin PB7 is applicable
2025-10-10 23:17:34,991 [INFO] Rule:233 - rule FDCAN2_R4 - Alternatepin_1 - Rename Mode FullDuplex into Enable FDCAN_TXFD for pin PD6 is applicable
2025-10-10 23:17:34,991 [INFO] Rule:233 - rule USART TxPinLevelInvertParam Mode is applicable
2025-10-10 23:17:34,991 [INFO] Rule:233 - rule USART RxPinLevelInvertParam Mode is applicable
2025-10-10 23:17:34,991 [INFO] Rule:233 - rule USART DataInvertParam Mode is applicable
2025-10-10 23:17:34,991 [INFO] Rule:233 - rule USART SwapParam Mode is applicable
2025-10-10 23:17:34,991 [INFO] Rule:233 - rule USART OverrunDisableParam Mode is applicable
2025-10-10 23:17:34,991 [INFO] Rule:233 - rule USART DMADisableonRxErrorParam Mode is applicable
2025-10-10 23:17:34,991 [INFO] Rule:233 - rule USART MSBFirstParam Mode is applicable
2025-10-10 23:17:34,991 [INFO] Rule:233 - rule Update MwName for USB_DEVICE is applicable
2025-10-10 23:17:34,991 [INFO] Rule:233 - rule Change PWR_Regulator_Voltage_Scale Default Value for RCC  H7 family is applicable
2025-10-10 23:17:34,991 [INFO] Rule:233 - rule UART/USART IPParameter rename Prescaler parameter to ClockPrescaler is applicable
2025-10-10 23:17:34,991 [INFO] Rule:233 - rule UART/USART Prescaler rename Prescaler parameter to ClockPrescaler is applicable
2025-10-10 23:17:34,991 [INFO] Rule:233 - rule TIM1CLockSelection is applicable
2025-10-10 23:17:34,991 [INFO] Rule:233 - rule TIM15CLockSelection is applicable
2025-10-10 23:17:34,991 [INFO] Rule:233 - rule align RCC SDMMC3CLockSelection default value on MP1 is applicable
2025-10-10 23:17:34,991 [INFO] Rule:233 - rule align RCC SDMMC12CLockSelection default value on MP1 is applicable
2025-10-10 23:17:34,991 [INFO] Rule:233 - rule align RCC QSPICLockSelection default value on MP1 is applicable
2025-10-10 23:17:34,991 [INFO] Rule:233 - rule align RCC QSPICLockSelection default value on MP1 is applicable
2025-10-10 23:17:34,991 [INFO] Rule:233 - rule align RCC SPI6CLockSelection default value on MP1 is applicable
2025-10-10 23:17:34,992 [INFO] Rule:233 - rule align RCC LPTIM23CLockSelection default value on MP1 is applicable
2025-10-10 23:17:34,992 [INFO] Rule:233 - rule align RCC LPTIM1CLockSelection default value on MP1 is applicable
2025-10-10 23:17:34,992 [INFO] Rule:233 - rule align RCC USART1CLockSelection default value on MP1 is applicable
2025-10-10 23:17:34,992 [INFO] Rule:233 - rule align RCC USART24CLockSelection default value on MP1 is applicable
2025-10-10 23:17:34,992 [INFO] Rule:233 - rule align RCC USART6CLockSelection default value on MP1 is applicable
2025-10-10 23:17:34,992 [INFO] Rule:233 - rule align RCC UART78CLockSelection default value on MP1 is applicable
2025-10-10 23:17:34,992 [INFO] Rule:233 - rule align RCC USART35CLockSelection default value on MP1 is applicable
2025-10-10 23:17:34,992 [INFO] Rule:233 - rule align RCC SPI45CLockSelection default value on MP1 is applicable
2025-10-10 23:17:34,992 [INFO] Rule:233 - rule align RCC I2C46CLockSelection BCLK value on MP1 is applicable
2025-10-10 23:17:34,992 [INFO] Rule:233 - rule align RCC SPI45CLockSelection default value on MP1 is applicable
2025-10-10 23:17:34,992 [INFO] Rule:233 - rule align RCC I2C12CLockSelection default value on MP1 is applicable
2025-10-10 23:17:34,992 [INFO] Rule:233 - rule align RCC I2C35CLockSelection default value on MP1 is applicable
2025-10-10 23:17:34,992 [INFO] Rule:233 - rule align RCC LPTIM45CLockSelection default value on MP1 is applicable
2025-10-10 23:17:34,992 [INFO] Rule:233 - rule Rename DCMI PIXCK signal is applicable
2025-10-10 23:17:34,992 [INFO] Rule:233 - rule Change Default Value for I2C46CLockSelection MP1 family is applicable
2025-10-10 23:17:34,992 [INFO] Rule:233 - rule Change Default Value for UART for G4, G0 and WB families is applicable
2025-10-10 23:17:34,992 [INFO] Rule:233 - rule Change Default Value for USART for G4, G0 and WB families is applicable
2025-10-10 23:17:34,992 [INFO] Rule:233 - rule Change Default Value for USART for G4 family is applicable
2025-10-10 23:17:34,992 [INFO] Rule:233 - rule Change USART1CLockSelection refparam name for MP1 is applicable
2025-10-10 23:17:34,992 [INFO] Rule:233 - rule Change USART2CLockSelection refparam name for MP1 is applicable
2025-10-10 23:17:34,992 [INFO] Rule:233 - rule Change USART3CLockSelection refparam name for MP1 is applicable
2025-10-10 23:17:34,992 [INFO] Rule:233 - rule Change UART4CLockSelection refparam name for MP1 is applicable
2025-10-10 23:17:34,992 [INFO] Rule:233 - rule Change UART5CLockSelection refparam name for MP1 is applicable
2025-10-10 23:17:34,992 [INFO] Rule:233 - rule Change LPUART1CLockSelection refparam name for MP1 is applicable
2025-10-10 23:17:34,992 [INFO] Rule:233 - rule Change LPTIM1CLockSelection refparam name for MP1 is applicable
2025-10-10 23:17:34,992 [INFO] Rule:233 - rule Change LPTIM2CLockSelection refparam name for MP1 is applicable
2025-10-10 23:17:34,992 [INFO] Rule:233 - rule Change RCC_MCO1Source refparam name for MP1 is applicable
2025-10-10 23:17:34,992 [INFO] Rule:233 - rule Change LSCOSource1 refparam name for MP1 is applicable
2025-10-10 23:17:34,992 [INFO] Rule:233 - rule Change SMPSCLockSelection refparam name for MP1 is applicable
2025-10-10 23:17:34,992 [INFO] Rule:233 - rule Change LPTIM3CLockSelection refparam name for MP1 is applicable
2025-10-10 23:17:34,992 [INFO] Rule:233 - rule Change MPCBB* Default Template Mode to Parameters is applicable
2025-10-10 23:17:34,992 [INFO] Rule:233 - rule Change MPCWM* or MPCBB* Secure Mode to Parameters is applicable
2025-10-10 23:17:34,992 [INFO] Rule:233 - rule Change MPCWM* or MPCBB* No Secure Mode to Parameters is applicable
2025-10-10 23:17:34,992 [INFO] Rule:233 - rule Change TZSC IP Secure Mode to Parameters is applicable
2025-10-10 23:17:34,992 [INFO] Rule:233 - rule Change TZSC IP No Secure Mode to Parameters is applicable
2025-10-10 23:17:34,992 [INFO] Rule:233 - rule Change TZSC IP Privilege Mode to Parameters is applicable
2025-10-10 23:17:34,992 [INFO] Rule:233 - rule Change TZSC IP No Privilege Mode to Parameters is applicable
2025-10-10 23:17:34,992 [INFO] Rule:233 - rule Change TZIC IT Secure Mode to Parameters is applicable
2025-10-10 23:17:34,992 [INFO] Rule:233 - rule Change TZIC IT No Secure Mode to Parameters is applicable
2025-10-10 23:17:34,992 [INFO] Rule:233 - rule Add MPCBB1_NonSecureArea_Start_Address value with referenced to MPCBB1_NonSecureArea_Start value is applicable
2025-10-10 23:17:34,992 [INFO] Rule:233 - rule Add MPCBB2_NonSecureArea_Start_Address value with referenced to MPCBB2_NonSecureArea_Start value is applicable
2025-10-10 23:17:34,992 [INFO] Rule:233 - rule Add MPCWM1_NonSecureArea*_Start_Address value with referenced to MPCWM1_NonSecureArea*_Start value is applicable
2025-10-10 23:17:34,992 [INFO] Rule:233 - rule Add MPCWM2_NonSecureArea*_Start_Address value with referenced to MPCWM2_NonSecureArea*_Start value is applicable
2025-10-10 23:17:34,992 [INFO] Rule:233 - rule Add MPCWM3_NonSecureArea_Start_Address value with referenced to MPCWM3_NonSecureArea_Start value is applicable
2025-10-10 23:17:34,992 [INFO] Rule:233 - rule Change Default Value for PLL1UserDefinedConfig is applicable
2025-10-10 23:17:34,992 [INFO] Rule:233 - rule Change GPIO_PuPd Default Value for USART in async mode is applicable
2025-10-10 23:17:34,992 [INFO] Rule:233 - rule Change SMPSDivider Default Value is applicable
2025-10-10 23:17:34,992 [INFO] Rule:233 - rule OPAMP is applicable
2025-10-10 23:17:34,992 [INFO] Rule:233 - rule LPUART IPParameter rename Prescaler parameter to ClockPrescaler for STM32H7 is applicable
2025-10-10 23:17:34,992 [INFO] Rule:233 - rule LPUART IPParameter rename Prescaler parameter to ClockPrescaler for STM32H7 is applicable
2025-10-10 23:17:34,992 [INFO] Rule:233 - rule LPUART IPParameter rename Prescaler parameter to ClockPrescaler for STM32WB is applicable
2025-10-10 23:17:34,992 [INFO] Rule:233 - rule LPUART IPParameter rename Prescaler parameter to ClockPrescaler for STM32WB is applicable
2025-10-10 23:17:34,992 [INFO] Rule:233 - rule LPUART IPParameter rename Prescaler parameter to ClockPrescaler for STM32G4 is applicable
2025-10-10 23:17:34,992 [INFO] Rule:233 - rule LPUART IPParameter rename Prescaler parameter to ClockPrescaler for STM32G4 is applicable
2025-10-10 23:17:34,992 [INFO] Rule:233 - rule LPUART IPParameter rename Prescaler parameter to ClockPrescaler for STM32L5 is applicable
2025-10-10 23:17:34,992 [INFO] Rule:233 - rule LPUART IPParameter rename Prescaler parameter to ClockPrescaler for STM32L5 is applicable
2025-10-10 23:17:34,992 [INFO] Rule:233 - rule LPUART IPParameter rename Prescaler parameter to ClockPrescaler for STM32G4 is applicable
2025-10-10 23:17:34,992 [INFO] Rule:233 - rule LPUART IPParameter rename Prescaler parameter to ClockPrescaler for STM32G4 is applicable
2025-10-10 23:17:34,993 [INFO] Rule:233 - rule USB device lib V2.5.3 for L0 rename USBD_SUPPORT_USER_STRING parameter to USBD_SUPPORT_USER_STRING_DESC4 is applicable
2025-10-10 23:17:34,993 [INFO] Rule:233 - rule I2SCLockSelection clock entry align is applicable
2025-10-10 23:17:34,993 [INFO] Rule:233 - rule Assign TIMx context if used as SYS timebase is applicable
2025-10-10 23:17:34,993 [INFO] Rule:233 - rule Change GPIO_Pu Default Value for I2C is applicable
2025-10-10 23:17:34,993 [INFO] Rule:233 - rule Change GPIO_Pu Default Value for SMBus is applicable
2025-10-10 23:17:34,993 [INFO] Rule:233 - rule change FDCAN default value is applicable
2025-10-10 23:17:34,993 [INFO] Rule:233 - rule Change mode sai is applicable
2025-10-10 23:17:34,993 [INFO] Rule:233 - rule **Change sai mode is applicable
2025-10-10 23:17:34,993 [INFO] Rule:233 - rule Rename STM32WPAN CFG_BLE_IRK to CFG_BLE_IR is applicable
2025-10-10 23:17:34,993 [INFO] Rule:233 - rule Rename STM32WPAN CFG_BLE_ERK to CFG_BLE_ER is applicable
2025-10-10 23:17:34,993 [INFO] Rule:233 - rule Rename STM32WPAN CFG_BLE_IRK_HEX to CFG_BLE_IR_HEX is applicable
2025-10-10 23:17:34,993 [INFO] Rule:233 - rule Rename STM32WPAN CFG_BLE_ERK_HEX to CFG_BLE_ER_HEX is applicable
2025-10-10 23:17:34,993 [INFO] Rule:233 - rule Adapt Old IOC before rework replace old CORTEX_M33/CORTEX_M55 attributes by the new one. is applicable
2025-10-10 23:17:34,993 [INFO] Rule:233 - rule Rename parametre of RCC RCC_APBDBG_DIV2 to RCC_TIMPRES_DIV2 is applicable
2025-10-10 23:17:34,993 [INFO] Rule:233 - rule Rename DIE493 pin PA10 [PA12] -> PA10 is applicable
2025-10-10 23:17:34,993 [INFO] Rule:233 - rule Rename DIE493 pin PA9 [PA11] -> PA9 is applicable
2025-10-10 23:17:34,993 [INFO] Rule:233 - rule Rename DIE492 PartNumber CPN STM32WBA5MJGHx -> STM32WBA5MMGHx is applicable
2025-10-10 23:17:34,993 [INFO] Rule:233 - rule Rename DIE492 PartNumber  Name STM32WBA5MJGHx -> STM32WBA5MMGHx is applicable
2025-10-10 23:17:34,993 [INFO] Rule:233 - rule Rename DIE492 PartNumber UserName STM32WBA5MJGHx -> STM32WBA5MMGHx is applicable
2025-10-10 23:17:34,993 [INFO] Rule:233 - rule Rename DIE492 PartNumber DeviceId STM32WBA5MJGHx -> STM32WBA5MMGHx is applicable
2025-10-10 23:17:34,993 [INFO] Rule:233 - rule Adapt Old IOC CSI. is applicable
2025-10-10 23:17:34,993 [INFO] Rule:233 - rule Adapt Old IOC DCMIPP. is applicable
2025-10-10 23:17:34,993 [INFO] Rule:233 - rule Adapt Old IOC DCMIPP Mode Parallel. is applicable
2025-10-10 23:17:34,993 [INFO] Rule:233 - rule Adapt Old IOC LTDC. is applicable
2025-10-10 23:17:34,993 [INFO] Rule:233 - rule Rename STM32MP2 RIF Peripheral LTDC RIF.RISUP.LTDC_L0L1.Privilege -> RIF.RISUP.LTDC_L1L2.Privilege is applicable
2025-10-10 23:17:34,993 [INFO] Rule:233 - rule Rename STM32MP2 RIF Peripheral LTDC RIF.RISUP.LTDC_L0L1.Privilege -> RIF.RISUP.LTDC_L1L2.Privilege is applicable
2025-10-10 23:17:34,993 [INFO] Rule:233 - rule Rename STM32MP2 RIF Peripheral LTDC RIF.RISUP.LTDC_L0L1.Lock -> RIF.RISUP.LTDC_L1L2.Lock is applicable
2025-10-10 23:17:34,993 [INFO] Rule:233 - rule Rename STM32MP2 RIF Peripheral LTDC RIF.RISUP.LTDC_L2.Lock -> RIF.RISUP.LTDC_L3.Lock is applicable
2025-10-10 23:17:34,993 [INFO] Rule:233 - rule Adapt the old IOC example for updating the SYS when it is misconfigured. is applicable
2025-10-10 23:17:34,993 [INFO] Rule:233 - rule Rename STM32C09 Mcu.Package LQFP64 -> LQFP48 is applicable
2025-10-10 23:17:34,993 [INFO] Rule:233 - rule Adapt the old IOC example for updating the SYS when it is misconfigured. is applicable
2025-10-10 23:17:34,993 [INFO] Rule:233 - rule Adapt the old IOC example for updating the SYS when it is misconfigured. is applicable
2025-10-10 23:17:35,027 [INFO] DbConfProperties:307 - Apply Compatibility (54/282 Rules)
2025-10-10 23:17:35,041 [INFO] ImportTextPane:234 - (OptionalMessage_ERROR) Unable to find key (Mcu.ThirdPartyNb) in loaded IOC file
2025-10-10 23:17:35,043 [INFO] ImportTextPane:234 - (OptionalMessage_ERROR) Pin35 (VP_RIF_VS_RIF1) cannot be retrieved for this MCU
2025-10-10 23:17:35,083 [INFO] RtosManager:558 - Registered RTOS mode: class=CMSIS, group=RTOS, mode=CMSIS_V1, owner=FREERTOS
2025-10-10 23:17:35,083 [INFO] RtosManager:558 - Registered RTOS mode: class=CMSIS, group=RTOS2, mode=CMSIS_V2, owner=FREERTOS
2025-10-10 23:17:35,083 [INFO] RtosManager:558 - Registered RTOS mode: class=RTOS, group=Core, mode=CMSIS_V1, owner=FREERTOS
2025-10-10 23:17:35,083 [INFO] RtosManager:558 - Registered RTOS mode: class=RTOS, group=Core, mode=CMSIS_V2, owner=FREERTOS
2025-10-10 23:17:35,083 [WARN] ModelIntegratedComponent:184 - Missing modes for component STMicroelectronics:FreeRTOS:0.0.1:STMicroelectronics:RTOS:FreeRTOS:Core:::10.2.0:
2025-10-10 23:17:35,095 [WARN] ModelIntegratedComponent:63 - No mode defined for component null
2025-10-10 23:17:35,095 [WARN] ModelIntegratedComponent:63 - No mode defined for component null
2025-10-10 23:17:35,095 [WARN] ModelIntegratedComponent:63 - No mode defined for component null
2025-10-10 23:17:35,095 [WARN] ModelIntegratedComponent:63 - No mode defined for component null
2025-10-10 23:17:35,095 [WARN] ModelIntegratedComponent:63 - No mode defined for component null
2025-10-10 23:17:35,095 [WARN] ModelIntegratedComponent:63 - No mode defined for component null
2025-10-10 23:17:35,095 [WARN] ModelIntegratedComponent:63 - No mode defined for component null
2025-10-10 23:17:35,095 [WARN] ModelIntegratedComponent:63 - No mode defined for component null
2025-10-10 23:17:35,095 [WARN] ModelIntegratedComponent:63 - No mode defined for component null
2025-10-10 23:17:35,095 [WARN] ModelIntegratedComponent:63 - No mode defined for component null
2025-10-10 23:17:35,095 [WARN] ModelIntegratedComponent:63 - No mode defined for component null
2025-10-10 23:17:35,095 [WARN] ModelIntegratedComponent:63 - No mode defined for component null
2025-10-10 23:17:35,095 [WARN] ModelIntegratedComponent:63 - No mode defined for component null
2025-10-10 23:17:35,095 [WARN] ModelIntegratedComponent:63 - No mode defined for component null
2025-10-10 23:17:35,095 [WARN] ModelIntegratedComponent:63 - No mode defined for component null
2025-10-10 23:17:35,096 [WARN] ModelIntegratedComponent:63 - No mode defined for component null
2025-10-10 23:17:35,096 [WARN] ModelIntegratedComponent:63 - No mode defined for component null
2025-10-10 23:17:35,096 [WARN] ModelIntegratedComponent:63 - No mode defined for component null
2025-10-10 23:17:35,096 [WARN] ModelIntegratedComponent:63 - No mode defined for component null
2025-10-10 23:17:35,096 [WARN] ModelIntegratedComponent:63 - No mode defined for component null
2025-10-10 23:17:35,096 [WARN] ModelIntegratedComponent:63 - No mode defined for component null
2025-10-10 23:17:35,096 [WARN] ModelIntegratedComponent:63 - No mode defined for component null
2025-10-10 23:17:35,096 [WARN] ModelIntegratedComponent:63 - No mode defined for component null
2025-10-10 23:17:35,096 [WARN] ModelIntegratedComponent:63 - No mode defined for component null
2025-10-10 23:17:35,096 [WARN] ModelIntegratedComponent:63 - No mode defined for component null
2025-10-10 23:17:35,096 [WARN] ModelIntegratedComponent:63 - No mode defined for component null
2025-10-10 23:17:35,096 [WARN] ModelIntegratedComponent:63 - No mode defined for component null
2025-10-10 23:17:35,096 [WARN] ModelIntegratedComponent:63 - No mode defined for component null
2025-10-10 23:17:35,096 [WARN] ModelIntegratedComponent:63 - No mode defined for component null
2025-10-10 23:17:35,096 [WARN] ModelIntegratedComponent:63 - No mode defined for component null
2025-10-10 23:17:35,096 [WARN] ModelIntegratedComponent:63 - No mode defined for component null
2025-10-10 23:17:35,096 [WARN] ModelIntegratedComponent:63 - No mode defined for component null
2025-10-10 23:17:35,096 [WARN] ModelIntegratedComponent:63 - No mode defined for component null
2025-10-10 23:17:35,096 [WARN] ModelIntegratedComponent:63 - No mode defined for component null
2025-10-10 23:17:35,096 [WARN] ModelIntegratedComponent:63 - No mode defined for component null
2025-10-10 23:17:35,096 [WARN] ModelPack:524 - Component already loaded: STMicroelectronics:HAL Drivers:0.0.0:STMicroelectronics:Device:STMicro_Driver:XSPI:HAL::0.0.1:HAL_XSPI
2025-10-10 23:17:35,180 [INFO] ThirdPartyModel:298 - Start build external matchings
2025-10-10 23:17:35,652 [INFO] ThirdPartyModel:316 - End build external matchings
2025-10-10 23:17:35,667 [INFO] ImportTextPane:234 - (OptionalMessage_ERROR) IP (RCC) : Parameter (RTCHSEDivFreq_Value) has invalid value (4000000)
2025-10-10 23:17:35,793 [INFO] UtilMem:75 - End LoadConfig() Used Memory: 521221272 Bytes (919601152)
2025-10-10 23:17:35,802 [WARN] ThirdParty:833 - waiting for thirdparty lock release [change project]
2025-10-10 23:17:35,802 [INFO] ThirdParty:835 - entering critical section [change project]
2025-10-10 23:17:35,803 [INFO] ThirdParty:1030 - CMSIS Pack Vendor :STMicroelectronics X-CUBE-PM33A1 1.0.0
2025-10-10 23:17:35,803 [INFO] ThirdParty:1030 - CMSIS Pack Vendor :STMicroelectronics USBPD 4.1
2025-10-10 23:17:35,803 [INFO] ThirdParty:1030 - CMSIS Pack Vendor :STMicroelectronics X-CUBE-NFC9 1.0.0
2025-10-10 23:17:35,803 [INFO] ThirdParty:1030 - CMSIS Pack Vendor :STMicroelectronics USB_HOST 2.0.0
2025-10-10 23:17:35,803 [INFO] ThirdParty:1030 - CMSIS Pack Vendor :STMicroelectronics FP-SNS-MOTENVWB1 1.4.0
2025-10-10 23:17:35,803 [INFO] ThirdParty:1030 - CMSIS Pack Vendor :STMicroelectronics X-CUBE-AZRTOS-F4 1.1.0
2025-10-10 23:17:35,803 [INFO] ThirdParty:1030 - CMSIS Pack Vendor :STMicroelectronics LIBJPEG 8.0.0
2025-10-10 23:17:35,803 [INFO] ThirdParty:1030 - CMSIS Pack Vendor :STMicroelectronics FP-ATR-ASTRA1 2.0.2
2025-10-10 23:17:35,803 [INFO] ThirdParty:1030 - CMSIS Pack Vendor :wolfSSL I-CUBE-wolfSSL 5.8.2
2025-10-10 23:17:35,803 [INFO] ThirdParty:1030 - CMSIS Pack Vendor :STMicroelectronics X-CUBE-BLE1 7.1.0
2025-10-10 23:17:35,803 [INFO] ThirdParty:1030 - CMSIS Pack Vendor :Avnet-IotConnect X-CUBE-IoTC-DA16k-PMOD 1.0.0
2025-10-10 23:17:35,803 [INFO] ThirdParty:1030 - CMSIS Pack Vendor :STMicroelectronics X-CUBE-SMBUS 2.1.0
2025-10-10 23:17:35,803 [INFO] ThirdParty:1030 - CMSIS Pack Vendor :wolfSSL I-CUBE-wolfMQTT 1.19.2
2025-10-10 23:17:35,803 [INFO] ThirdParty:1030 - CMSIS Pack Vendor :STMicroelectronics USB_DEVICE 3.0.0
2025-10-10 23:17:35,803 [INFO] ThirdParty:1030 - CMSIS Pack Vendor :STMicroelectronics X-CUBE-ISPU 2.1.0
2025-10-10 23:17:35,803 [INFO] ThirdParty:1030 - CMSIS Pack Vendor :STMicroelectronics X-CUBE-EEPRMA1 5.2.0
2025-10-10 23:17:35,803 [INFO] ThirdParty:1030 - CMSIS Pack Vendor :STMicroelectronics X-CUBE-BLEMGR 4.1.0
2025-10-10 23:17:35,803 [INFO] ThirdParty:1030 - CMSIS Pack Vendor :STMicroelectronics X-CUBE-AZRTOS-WB 2.0.0
2025-10-10 23:17:35,803 [INFO] ThirdParty:1030 - CMSIS Pack Vendor :STMicroelectronics X-CUBE-ST60 1.0.0
2025-10-10 23:17:35,803 [INFO] ThirdParty:1030 - CMSIS Pack Vendor :STMicroelectronics X-CUBE-GNSS1 7.0.1
2025-10-10 23:17:35,803 [INFO] ThirdParty:1030 - CMSIS Pack Vendor :STMicroelectronics X-CUBE-NFC12 1.0.0
2025-10-10 23:17:35,803 [INFO] ThirdParty:1030 - CMSIS Pack Vendor :STMicroelectronics X-CUBE-AZRTOS-F7 1.1.0
2025-10-10 23:17:35,803 [INFO] ThirdParty:1030 - CMSIS Pack Vendor :STMicroelectronics X-CUBE-AZRTOS-L5 2.0.0
2025-10-10 23:17:35,803 [INFO] ThirdParty:1030 - CMSIS Pack Vendor :STMicroelectronics X-CUBE-TOUCHGFX 4.25.0
2025-10-10 23:17:35,803 [INFO] ThirdParty:1030 - CMSIS Pack Vendor :STMicroelectronics USB_DEVICE 2.0.0
2025-10-10 23:17:35,803 [INFO] ThirdParty:1030 - CMSIS Pack Vendor :STMicroelectronics X-CUBE-NFC6 3.1.0
2025-10-10 23:17:35,803 [INFO] ThirdParty:1030 - CMSIS Pack Vendor :quantropi X-CUBE-qispace-sdk-base 2.1.0
2025-10-10 23:17:35,803 [INFO] ThirdParty:1030 - CMSIS Pack Vendor :STMicroelectronics FreeRTOS 0.0.1
2025-10-10 23:17:35,803 [INFO] ThirdParty:1030 - CMSIS Pack Vendor :STMicroelectronics X-CUBE-AZRTOS-G0 1.1.0
2025-10-10 23:17:35,803 [INFO] ThirdParty:1030 - CMSIS Pack Vendor :STMicroelectronics X-CUBE-SAFEA1 1.2.2
2025-10-10 23:17:35,803 [INFO] ThirdParty:1030 - CMSIS Pack Vendor :STMicroelectronics X-CUBE-NFC4 3.0.0
2025-10-10 23:17:35,803 [INFO] ThirdParty:1030 - CMSIS Pack Vendor :STMicroelectronics X-CUBE-SUBG2 5.0.0
2025-10-10 23:17:35,803 [INFO] ThirdParty:1030 - CMSIS Pack Vendor :STMicroelectronics X-CUBE-AZRTOS-H7RS 1.1.0
2025-10-10 23:17:35,803 [INFO] ThirdParty:1030 - CMSIS Pack Vendor :STMicroelectronics STM32_WPAN 1.0.0
2025-10-10 23:17:35,803 [INFO] ThirdParty:1030 - CMSIS Pack Vendor :EmbeddedOffice I-CUBE-FS-RTOS 1.0.1
2025-10-10 23:17:35,803 [INFO] ThirdParty:1030 - CMSIS Pack Vendor :STMicroelectronics lwIP 2.0.3
2025-10-10 23:17:35,803 [INFO] ThirdParty:1030 - CMSIS Pack Vendor :WES I-CUBE-Cesium 1.4.0
2025-10-10 23:17:35,803 [INFO] ThirdParty:1030 - CMSIS Pack Vendor :Cesanta I-CUBE-Mongoose 7.13.0
2025-10-10 23:17:35,803 [INFO] ThirdParty:1030 - CMSIS Pack Vendor :STMicroelectronics USB_HOST 1.0.0
2025-10-10 23:17:35,803 [INFO] ThirdParty:1030 - CMSIS Pack Vendor :Infineon AIROC-Wi-Fi-Bluetooth-STM32 1.7.1
2025-10-10 23:17:35,803 [INFO] ThirdParty:1030 - CMSIS Pack Vendor :STMicroelectronics X-CUBE-AZRTOS-G4 2.0.0
2025-10-10 23:17:35,803 [INFO] ThirdParty:1030 - CMSIS Pack Vendor :STMicroelectronics X-CUBE-WB05N 2.0.0
2025-10-10 23:17:35,803 [INFO] ThirdParty:1030 - CMSIS Pack Vendor :STMicroelectronics PDM2PCM 3.1.0
2025-10-10 23:17:35,803 [INFO] ThirdParty:1030 - CMSIS Pack Vendor :STMicroelectronics PDM2PCM 3.3.0
2025-10-10 23:17:35,803 [INFO] ThirdParty:1030 - CMSIS Pack Vendor :wolfSSL I-CUBE-wolfTPM 3.8.0
2025-10-10 23:17:35,803 [INFO] ThirdParty:1030 - CMSIS Pack Vendor :STMicroelectronics X-CUBE-AZRTOS-H7 3.4.0
2025-10-10 23:17:35,803 [INFO] ThirdParty:1030 - CMSIS Pack Vendor :STMicroelectronics X-CUBE-DISPLAY 3.0.0
2025-10-10 23:17:35,803 [INFO] ThirdParty:1030 - CMSIS Pack Vendor :wolfSSL I-CUBE-wolfSSH 1.4.20
2025-10-10 23:17:35,803 [INFO] ThirdParty:1030 - CMSIS Pack Vendor :STMicroelectronics X-CUBE-NFC7 2.0.0
2025-10-10 23:17:35,803 [INFO] ThirdParty:1030 - CMSIS Pack Vendor :STMicroelectronics X-CUBE-TCPP 4.2.0
2025-10-10 23:17:35,803 [INFO] ThirdParty:1030 - CMSIS Pack Vendor :RealThread X-CUBE-RT-Thread_Nano 4.1.1
2025-10-10 23:17:35,803 [INFO] ThirdParty:1030 - CMSIS Pack Vendor :STMicroelectronics FP-ATR-SIGFOX1 3.2.0
2025-10-10 23:17:35,803 [INFO] ThirdParty:1030 - CMSIS Pack Vendor :STMicroelectronics X-CUBE-NFC10 1.0.0
2025-10-10 23:17:35,803 [INFO] ThirdParty:1030 - CMSIS Pack Vendor :STMicroelectronics X-CUBE-FREERTOS 1.3.1
2025-10-10 23:17:35,803 [INFO] ThirdParty:1030 - CMSIS Pack Vendor :STMicroelectronics HAL Drivers 0.0.0
2025-10-10 23:17:35,803 [INFO] ThirdParty:1030 - CMSIS Pack Vendor :STMicroelectronics MBEDTLS 2.16.2
2025-10-10 23:17:35,803 [INFO] ThirdParty:1030 - CMSIS Pack Vendor :STMicroelectronics X-CUBE-IPS 3.1.0
2025-10-10 23:17:35,803 [INFO] ThirdParty:1030 - CMSIS Pack Vendor :STMicroelectronics X-CUBE-ALS 1.0.2
2025-10-10 23:17:35,803 [INFO] ThirdParty:1030 - CMSIS Pack Vendor :emotas I-CUBE-CANOPEN 1.3.0
2025-10-10 23:17:35,803 [INFO] ThirdParty:1030 - CMSIS Pack Vendor :STMicroelectronics MBEDTLS 2.14.1
2025-10-10 23:17:35,803 [INFO] ThirdParty:1030 - CMSIS Pack Vendor :ITTIA_DB I-CUBE-ITTIADB 8.9.0
2025-10-10 23:17:35,803 [INFO] ThirdParty:1030 - CMSIS Pack Vendor :STMicroelectronics X-CUBE-TOUCHGFX 4.26.0
2025-10-10 23:17:35,803 [INFO] ThirdParty:1030 - CMSIS Pack Vendor :STMicroelectronics X-CUBE-STSE01 1.0.0
2025-10-10 23:17:35,803 [INFO] ThirdParty:1030 - CMSIS Pack Vendor :STMicroelectronics X-CUBE-ST67W61 1.0.0
2025-10-10 23:17:35,803 [INFO] ThirdParty:1030 - CMSIS Pack Vendor :STMicroelectronics FP-SNS-STBOX1 2.1.0
2025-10-10 23:17:35,803 [INFO] ThirdParty:1030 - CMSIS Pack Vendor :STMicroelectronics X-CUBE-AI 10.2.0
2025-10-10 23:17:35,803 [INFO] ThirdParty:1030 - CMSIS Pack Vendor :STMicroelectronics FP-SNS-STAIOTCFT 1.0.0
2025-10-10 23:17:35,803 [INFO] ThirdParty:1030 - CMSIS Pack Vendor :STMicroelectronics ThreadX 1.0.0
2025-10-10 23:17:35,804 [INFO] ThirdParty:1030 - CMSIS Pack Vendor :STMicroelectronics FP-SNS-SMARTAG2 1.2.0
2025-10-10 23:17:35,804 [INFO] ThirdParty:1030 - CMSIS Pack Vendor :STMicroelectronics FP-SNS-FLIGHT1 5.1.0
2025-10-10 23:17:35,804 [INFO] ThirdParty:1030 - CMSIS Pack Vendor :STMicroelectronics X-CUBE-AZRTOS-WL 2.0.0
2025-10-10 23:17:35,804 [INFO] ThirdParty:1030 - CMSIS Pack Vendor :SEGGER I-CUBE-embOS 1.3.1
2025-10-10 23:17:35,804 [INFO] ThirdParty:1030 - CMSIS Pack Vendor :STMicroelectronics X-CUBE-ALGOBUILD 1.4.0
2025-10-10 23:17:35,804 [INFO] ThirdParty:1030 - CMSIS Pack Vendor :STMicroelectronics X-CUBE-DPower 1.3.0
2025-10-10 23:17:35,804 [INFO] ThirdParty:1030 - CMSIS Pack Vendor :STMicroelectronics X-CUBE-MEMS1 11.3.0
2025-10-10 23:17:35,804 [INFO] ThirdParty:1030 - CMSIS Pack Vendor :STMicroelectronics FP-SNS-MOTENV1 5.0.0
2025-10-10 23:17:35,804 [INFO] ThirdParty:1030 - CMSIS Pack Vendor :STMicroelectronics USB_DEVICE 1.0.0
2025-10-10 23:17:35,804 [INFO] ThirdParty:1030 - CMSIS Pack Vendor :STMicroelectronics X-CUBE-AZRTOS-L4 2.0.0
2025-10-10 23:17:35,804 [INFO] ThirdParty:1030 - CMSIS Pack Vendor :STMicroelectronics ThreadX 0.0.2
2025-10-10 23:17:35,804 [INFO] ThirdParty:1030 - CMSIS Pack Vendor :STMicroelectronics lwIP 2.1.2
2025-10-10 23:17:35,804 [INFO] ThirdParty:1030 - CMSIS Pack Vendor :STMicroelectronics X-CUBE-SFXS2LP1 4.0.0
2025-10-10 23:17:35,804 [INFO] ThirdParty:1030 - CMSIS Pack Vendor :STMicroelectronics X-CUBE-BLE2 3.3.0
2025-10-10 23:17:35,804 [INFO] ThirdParty:1030 - CMSIS Pack Vendor :STMicroelectronics X-CUBE-TOF1 3.4.3
2025-10-10 23:17:35,804 [INFO] ThirdParty:1030 - CMSIS Pack Vendor :STMicroelectronics PDM2PCM 3.2.0
2025-10-10 23:17:35,804 [INFO] ThirdParty:841 - exiting critical section [change project]
2025-10-10 23:17:36,032 [INFO] PinOutPanel:1589 - setPackage(No Configuration,No Configuration)
2025-10-10 23:17:36,032 [INFO] PinOutPanel:1589 - setPackage(STM32F407VGTx,LQFP100)
2025-10-10 23:17:36,152 [INFO] UtilMem:75 - Before build in PCC Used Memory: 722547864 Bytes (919601152)
2025-10-10 23:17:36,308 [INFO] UtilMem:75 - After build in PCC Used Memory: 767636632 Bytes (919601152)
2025-10-10 23:17:36,312 [INFO] ApiDbMcu:532 - Load IP Config File for USB_HOST
2025-10-10 23:17:36,312 [WARN] BspModel:444 - BSP dependency skipped because of component: name='IOExpander', api='Unknown'
2025-10-10 23:17:36,336 [INFO] IPUIPlugin:80 - create IPUIPlugin
2025-10-10 23:17:36,337 [INFO] IPUIPlugin:80 - create IPUIPlugin
2025-10-10 23:17:36,337 [INFO] IPUIPlugin:80 - create IPUIPlugin
2025-10-10 23:17:36,337 [INFO] IPUIPlugin:80 - create IPUIPlugin
2025-10-10 23:17:36,337 [INFO] IPUIPlugin:80 - create IPUIPlugin
2025-10-10 23:17:36,337 [INFO] IPUIPlugin:80 - create IPUIPlugin
2025-10-10 23:17:36,337 [INFO] IPUIPlugin:80 - create IPUIPlugin
2025-10-10 23:17:36,337 [INFO] IPUIPlugin:80 - create IPUIPlugin
2025-10-10 23:17:36,338 [INFO] IPUIPlugin:80 - create IPUIPlugin
2025-10-10 23:17:36,338 [INFO] IPUIPlugin:80 - create IPUIPlugin
2025-10-10 23:17:36,338 [INFO] IPUIPlugin:80 - create IPUIPlugin
2025-10-10 23:17:36,338 [INFO] IPUIPlugin:80 - create IPUIPlugin
2025-10-10 23:17:36,338 [INFO] IPUIPlugin:80 - create IPUIPlugin
2025-10-10 23:17:36,338 [INFO] IPUIPlugin:80 - create IPUIPlugin
2025-10-10 23:17:36,338 [INFO] IPUIPlugin:80 - create IPUIPlugin
2025-10-10 23:17:36,338 [INFO] IPUIPlugin:80 - create IPUIPlugin
2025-10-10 23:17:36,339 [INFO] IPUIPlugin:80 - create IPUIPlugin
2025-10-10 23:17:36,339 [INFO] IPUIPlugin:80 - create IPUIPlugin
2025-10-10 23:17:36,339 [INFO] IPUIPlugin:80 - create IPUIPlugin
2025-10-10 23:17:36,339 [INFO] IPUIPlugin:80 - create IPUIPlugin
2025-10-10 23:17:36,339 [INFO] IPUIPlugin:80 - create IPUIPlugin
2025-10-10 23:17:36,339 [INFO] IPUIPlugin:80 - create IPUIPlugin
2025-10-10 23:17:36,340 [INFO] IPUIPlugin:80 - create IPUIPlugin
2025-10-10 23:17:36,340 [INFO] IPUIPlugin:80 - create IPUIPlugin
2025-10-10 23:17:36,340 [INFO] IPUIPlugin:80 - create IPUIPlugin
2025-10-10 23:17:36,340 [INFO] IPUIPlugin:80 - create IPUIPlugin
2025-10-10 23:17:36,340 [INFO] IPUIPlugin:80 - create IPUIPlugin
2025-10-10 23:17:36,340 [INFO] IPUIPlugin:80 - create IPUIPlugin
2025-10-10 23:17:36,341 [INFO] IPUIPlugin:80 - create IPUIPlugin
2025-10-10 23:17:36,341 [INFO] IPUIPlugin:80 - create IPUIPlugin
2025-10-10 23:17:36,341 [INFO] IPUIPlugin:80 - create IPUIPlugin
2025-10-10 23:17:36,341 [INFO] IPUIPlugin:80 - create IPUIPlugin
2025-10-10 23:17:36,341 [INFO] IPUIPlugin:80 - create IPUIPlugin
2025-10-10 23:17:36,341 [INFO] IPUIPlugin:80 - create IPUIPlugin
2025-10-10 23:17:36,341 [INFO] IPUIPlugin:80 - create IPUIPlugin
2025-10-10 23:17:36,341 [INFO] IPUIPlugin:80 - create IPUIPlugin
2025-10-10 23:17:36,341 [INFO] IPUIPlugin:80 - create IPUIPlugin
2025-10-10 23:17:36,341 [INFO] IPUIPlugin:80 - create IPUIPlugin
2025-10-10 23:17:36,341 [INFO] IPUIPlugin:80 - create IPUIPlugin
2025-10-10 23:17:36,341 [INFO] IPUIPlugin:80 - create IPUIPlugin
2025-10-10 23:17:36,342 [INFO] IPUIPlugin:80 - create IPUIPlugin
2025-10-10 23:17:36,342 [INFO] IPUIPlugin:80 - create IPUIPlugin
2025-10-10 23:17:36,342 [INFO] IPUIPlugin:80 - create IPUIPlugin
2025-10-10 23:17:36,342 [INFO] IPUIPlugin:80 - create IPUIPlugin
2025-10-10 23:17:36,342 [INFO] IPUIPlugin:80 - create IPUIPlugin
2025-10-10 23:17:36,342 [INFO] IPUIPlugin:80 - create IPUIPlugin
2025-10-10 23:17:36,342 [INFO] IPUIPlugin:80 - create IPUIPlugin
2025-10-10 23:17:36,342 [INFO] IPUIPlugin:80 - create IPUIPlugin
2025-10-10 23:17:36,342 [INFO] IPUIPlugin:80 - create IPUIPlugin
2025-10-10 23:17:36,342 [INFO] IPUIPlugin:80 - create IPUIPlugin
2025-10-10 23:17:36,342 [INFO] IPUIPlugin:80 - create IPUIPlugin
2025-10-10 23:17:36,343 [INFO] IPUIPlugin:80 - create IPUIPlugin
2025-10-10 23:17:36,343 [INFO] IPUIPlugin:80 - create IPUIPlugin
2025-10-10 23:17:36,343 [INFO] IPUIPlugin:80 - create IPUIPlugin
2025-10-10 23:17:36,343 [INFO] IPUIPlugin:80 - create IPUIPlugin
2025-10-10 23:17:36,344 [INFO] IPUIPlugin:80 - create IPUIPlugin
2025-10-10 23:17:36,344 [INFO] IPUIPlugin:80 - create IPUIPlugin
2025-10-10 23:17:36,345 [INFO] IPUIPlugin:80 - create IPUIPlugin
2025-10-10 23:17:36,346 [INFO] ApiDbMcu:532 - Load IP Config File for PDM2PCM
2025-10-10 23:17:36,346 [WARN] IP:2250 - I2C_Coeff_DF not found: check if there is a RefParameter without a condition.
2025-10-10 23:17:36,346 [WARN] IP:2250 - Analog_Filter not found: check if there is a RefParameter without a condition.
2025-10-10 23:17:36,349 [INFO] I2sManager:658 - 9.6E7
2025-10-10 23:17:36,349 [INFO] I2sManager:195 - I2S Clock Value : 9.6E7
2025-10-10 23:17:36,349 [INFO] I2sManager:553 - AudioClock : 93750Divider : 2Odd : 0
2025-10-10 23:17:36,385 [INFO] CADModel:165 - CPN selected for project levelSTM32F407VGT6
2025-10-10 23:17:36,385 [INFO] CADModel:114 - Register for checkConnection events
2025-10-10 23:17:36,444 [INFO] OpenFileManager:386 - Restore cursor
2025-10-10 23:17:36,566 [WARN] IP:2250 - I2C_Coeff_DF not found: check if there is a RefParameter without a condition.
2025-10-10 23:17:36,566 [WARN] IP:2250 - Analog_Filter not found: check if there is a RefParameter without a condition.
2025-10-10 23:17:36,566 [WARN] IP:2250 - I2C_Coeff_DF not found: check if there is a RefParameter without a condition.
2025-10-10 23:17:36,566 [WARN] IP:2250 - Analog_Filter not found: check if there is a RefParameter without a condition.
2025-10-10 23:17:36,748 [INFO] UtilMem:75 - End SaveConfig() Used Memory: 377395000 Bytes (919601152)
2025-10-10 23:17:36,790 [INFO] UtilMem:75 - End SaveConfig() Used Memory: 398366520 Bytes (919601152)
2025-10-10 23:17:36,896 [INFO] BlockDiagram:2775 - set Specific Code input for plugin: SPI
2025-10-10 23:17:36,896 [INFO] BlockDiagram:2775 - set Specific Code input for plugin: I2S
2025-10-10 23:17:36,896 [INFO] BlockDiagram:2775 - set Specific Code input for plugin: SYS
2025-10-10 23:17:36,896 [INFO] BlockDiagram:2775 - set Specific Code input for plugin: RCC
2025-10-10 23:17:36,896 [INFO] BlockDiagram:2775 - set Specific Code input for plugin: I2C
2025-10-10 23:17:36,896 [INFO] BlockDiagram:2775 - set Specific Code input for plugin: USB_OTG_FS
2025-10-10 23:17:36,896 [INFO] BlockDiagram:2775 - set Specific Code input for plugin: NVIC
2025-10-10 23:17:36,896 [INFO] BlockDiagram:2775 - set Specific Code input for plugin: USB_HOST
2025-10-10 23:17:36,897 [INFO] BlockDiagram:2775 - set Specific Code input for plugin: GPIO
2025-10-10 23:17:36,897 [INFO] CodeGenerator:892 - code generatio: config db path: /opt/st/stm32cubeide_1.19.0/plugins/com.st.stm32cube.common.mx_6.15.0.202507011659//db/
2025-10-10 23:17:36,899 [WARN] IP:2250 - I2C_Coeff_DF not found: check if there is a RefParameter without a condition.
2025-10-10 23:17:36,899 [WARN] IP:2250 - Analog_Filter not found: check if there is a RefParameter without a condition.
2025-10-10 23:17:37,012 [INFO] CodeEngine:265 - oldGeneratedFile, /home/oleksii/STM32CubeIDE/workspace_1.19.0/workspace_embedded/Lab1/MXTmpFiles/license.tmp_save
2025-10-10 23:17:37,159 [INFO] CodeEngine:289 - Generated code: /home/oleksii/STM32CubeIDE/workspace_1.19.0/workspace_embedded/Lab1/MXTmpFiles/license.tmp
2025-10-10 23:17:37,196 [INFO] CodeEngine:265 - oldGeneratedFile, /home/oleksii/STM32CubeIDE/workspace_1.19.0/workspace_embedded/Lab1/MXTmpFiles/gpio.tmp_save
2025-10-10 23:17:37,263 [INFO] CodeEngine:289 - Generated code: /home/oleksii/STM32CubeIDE/workspace_1.19.0/workspace_embedded/Lab1/MXTmpFiles/gpio.tmp
2025-10-10 23:17:37,324 [WARN] IPConfigManager:3238 - Warning: the RefConfig PWREx_EnableUSBVoltageDetector is not available in your config.xml file
2025-10-10 23:17:37,328 [INFO] CodeEngine:265 - oldGeneratedFile, /home/oleksii/STM32CubeIDE/workspace_1.19.0/workspace_embedded/Lab1/MXTmpFiles/usb_otg_fs_vars.tmp_save
2025-10-10 23:17:37,396 [INFO] CodeEngine:289 - Generated code: /home/oleksii/STM32CubeIDE/workspace_1.19.0/workspace_embedded/Lab1/MXTmpFiles/usb_otg_fs_vars.tmp
2025-10-10 23:17:37,397 [INFO] CodeEngine:265 - oldGeneratedFile, /home/oleksii/STM32CubeIDE/workspace_1.19.0/workspace_embedded/Lab1/MXTmpFiles/usb_otg_fs_inc.tmp_save
2025-10-10 23:17:37,438 [INFO] CodeEngine:289 - Generated code: /home/oleksii/STM32CubeIDE/workspace_1.19.0/workspace_embedded/Lab1/MXTmpFiles/usb_otg_fs_inc.tmp
2025-10-10 23:17:37,438 [INFO] CodeEngine:265 - oldGeneratedFile, /home/oleksii/STM32CubeIDE/workspace_1.19.0/workspace_embedded/Lab1/MXTmpFiles/usb_otg_fs_HalInit.tmp_save
2025-10-10 23:17:37,492 [INFO] CodeEngine:289 - Generated code: /home/oleksii/STM32CubeIDE/workspace_1.19.0/workspace_embedded/Lab1/MXTmpFiles/usb_otg_fs_HalInit.tmp
2025-10-10 23:17:37,493 [INFO] CodeEngine:265 - oldGeneratedFile, /home/oleksii/STM32CubeIDE/workspace_1.19.0/workspace_embedded/Lab1/MXTmpFiles/usb_otg_fs_Msp.tmp_save
2025-10-10 23:17:37,548 [INFO] CodeEngine:289 - Generated code: /home/oleksii/STM32CubeIDE/workspace_1.19.0/workspace_embedded/Lab1/MXTmpFiles/usb_otg_fs_Msp.tmp
2025-10-10 23:17:37,662 [INFO] CodeEngine:265 - oldGeneratedFile, /home/oleksii/STM32CubeIDE/workspace_1.19.0/workspace_embedded/Lab1/USB_HOST/App/usb_host.c_save
2025-10-10 23:17:37,704 [INFO] CodeEngine:289 - Generated code: /home/oleksii/STM32CubeIDE/workspace_1.19.0/workspace_embedded/Lab1/USB_HOST/App/usb_host.c
2025-10-10 23:17:37,705 [INFO] CodeEngine:265 - oldGeneratedFile, /home/oleksii/STM32CubeIDE/workspace_1.19.0/workspace_embedded/Lab1/USB_HOST/App/usb_host.h_save
2025-10-10 23:17:37,743 [INFO] CodeEngine:289 - Generated code: /home/oleksii/STM32CubeIDE/workspace_1.19.0/workspace_embedded/Lab1/USB_HOST/App/usb_host.h
2025-10-10 23:17:37,744 [INFO] CodeEngine:265 - oldGeneratedFile, /home/oleksii/STM32CubeIDE/workspace_1.19.0/workspace_embedded/Lab1/USB_HOST/Target/usbh_conf.h_save
2025-10-10 23:17:37,785 [INFO] CodeEngine:289 - Generated code: /home/oleksii/STM32CubeIDE/workspace_1.19.0/workspace_embedded/Lab1/USB_HOST/Target/usbh_conf.h
2025-10-10 23:17:37,785 [INFO] CodeEngine:265 - oldGeneratedFile, /home/oleksii/STM32CubeIDE/workspace_1.19.0/workspace_embedded/Lab1/USB_HOST/Target/usbh_conf.c_save
2025-10-10 23:17:37,826 [INFO] CodeEngine:289 - Generated code: /home/oleksii/STM32CubeIDE/workspace_1.19.0/workspace_embedded/Lab1/USB_HOST/Target/usbh_conf.c
2025-10-10 23:17:37,826 [INFO] CodeEngine:265 - oldGeneratedFile, /home/oleksii/STM32CubeIDE/workspace_1.19.0/workspace_embedded/Lab1/USB_HOST/Target/usbh_platform.c_save
2025-10-10 23:17:37,863 [INFO] CodeEngine:289 - Generated code: /home/oleksii/STM32CubeIDE/workspace_1.19.0/workspace_embedded/Lab1/USB_HOST/Target/usbh_platform.c
2025-10-10 23:17:37,864 [INFO] CodeEngine:265 - oldGeneratedFile, /home/oleksii/STM32CubeIDE/workspace_1.19.0/workspace_embedded/Lab1/USB_HOST/Target/usbh_platform.h_save
2025-10-10 23:17:37,900 [INFO] CodeEngine:289 - Generated code: /home/oleksii/STM32CubeIDE/workspace_1.19.0/workspace_embedded/Lab1/USB_HOST/Target/usbh_platform.h
2025-10-10 23:17:37,904 [INFO] CodeEngine:265 - oldGeneratedFile, /home/oleksii/STM32CubeIDE/workspace_1.19.0/workspace_embedded/Lab1/Core/Src/stm32f4xx_it.c_save
2025-10-10 23:17:38,009 [INFO] CodeEngine:289 - Generated code: /home/oleksii/STM32CubeIDE/workspace_1.19.0/workspace_embedded/Lab1/Core/Src/stm32f4xx_it.c
2025-10-10 23:17:38,009 [INFO] CodeEngine:265 - oldGeneratedFile, /home/oleksii/STM32CubeIDE/workspace_1.19.0/workspace_embedded/Lab1/Core/Inc/stm32f4xx_it.h_save
2025-10-10 23:17:38,046 [INFO] CodeEngine:289 - Generated code: /home/oleksii/STM32CubeIDE/workspace_1.19.0/workspace_embedded/Lab1/Core/Inc/stm32f4xx_it.h
2025-10-10 23:17:38,051 [INFO] CodeEngine:265 - oldGeneratedFile, /home/oleksii/STM32CubeIDE/workspace_1.19.0/workspace_embedded/Lab1/Core/Src/stm32f4xx_hal_msp.c_save
2025-10-10 23:17:38,109 [INFO] CodeEngine:289 - Generated code: /home/oleksii/STM32CubeIDE/workspace_1.19.0/workspace_embedded/Lab1/Core/Src/stm32f4xx_hal_msp.c
2025-10-10 23:17:38,110 [INFO] CodeEngine:265 - oldGeneratedFile, /home/oleksii/STM32CubeIDE/workspace_1.19.0/workspace_embedded/Lab1/MXTmpFiles/system.tmp_save
2025-10-10 23:17:38,145 [INFO] CodeEngine:289 - Generated code: /home/oleksii/STM32CubeIDE/workspace_1.19.0/workspace_embedded/Lab1/MXTmpFiles/system.tmp
2025-10-10 23:17:38,147 [INFO] CodeEngine:321 - oldGeneratedFile, /home/oleksii/STM32CubeIDE/workspace_1.19.0/workspace_embedded/Lab1/Core/Inc/stm32f4xx_hal_conf.h_save
2025-10-10 23:17:38,201 [INFO] CodeEngine:345 - Generated code: /home/oleksii/STM32CubeIDE/workspace_1.19.0/workspace_embedded/Lab1/Core/Inc/stm32f4xx_hal_conf.h
2025-10-10 23:17:38,215 [INFO] ApiDbMcu:532 - Load IP Config File for I2C1
2025-10-10 23:17:38,217 [INFO] ApiDbMcu:532 - Load IP Config File for I2S3
2025-10-10 23:17:38,218 [INFO] ApiDbMcu:532 - Load IP Config File for SPI1
2025-10-10 23:17:38,220 [INFO] ApiDbMcu:532 - Load IP Config File for RCC
2025-10-10 23:17:38,222 [INFO] CodeEngine:265 - oldGeneratedFile, /home/oleksii/STM32CubeIDE/workspace_1.19.0/workspace_embedded/Lab1/Core/Inc/main.h_save
2025-10-10 23:17:38,275 [INFO] CodeEngine:289 - Generated code: /home/oleksii/STM32CubeIDE/workspace_1.19.0/workspace_embedded/Lab1/Core/Inc/main.h
2025-10-10 23:17:38,275 [INFO] CodeEngine:265 - oldGeneratedFile, /home/oleksii/STM32CubeIDE/workspace_1.19.0/workspace_embedded/Lab1/Core/Src/main.c_save
2025-10-10 23:17:38,329 [INFO] CodeEngine:289 - Generated code: /home/oleksii/STM32CubeIDE/workspace_1.19.0/workspace_embedded/Lab1/Core/Src/main.c
2025-10-10 23:17:38,464 [INFO] ProjectBuilder:3606 - Time for Copy HAL[1] : 13mS.
2025-10-10 23:17:38,465 [INFO] ProjectBuilder:5216 - Project Generator version: 4.7.0-B52
2025-10-10 23:17:38,521 [INFO] ConfigFileManager:1595 - The Die is : DIE413
2025-10-10 23:17:38,522 [INFO] ApiDbMcu:532 - Load IP Config File for FATFS
2025-10-10 23:17:38,524 [INFO] ApiDbMcu:532 - Load IP Config File for FREERTOS
2025-10-10 23:17:38,524 [INFO] ApiDbMcu:532 - Load IP Config File for LIBJPEG
2025-10-10 23:17:38,527 [INFO] ApiDbMcu:532 - Load IP Config File for LWIP
2025-10-10 23:17:38,529 [INFO] ApiDbMcu:532 - Load IP Config File for MBEDTLS
2025-10-10 23:17:38,532 [INFO] ApiDbMcu:532 - Load IP Config File for USB_DEVICE
2025-10-10 23:17:39,772 [INFO] ProjectBuilder:5496 - Time for Generating toolchain IDE Files: 1307mS.
2025-10-10 23:17:39,772 [INFO] ProjectBuilder:3463 - Time for Copy CMSIS : 0mS.
2025-10-10 23:17:39,773 [INFO] ProjectBuilder:3463 - Time for Copy CMSIS : 0mS.
2025-10-10 23:17:40,290 [INFO] McuFinderGlobals:76 - Set McuFinderConnectedMode to true
2025-10-10 23:17:40,293 [INFO] ApiDb:448 - Save user favorites file /home/oleksii/.stm32cubeide/favorites.mcus.txt: 0 item(s)
2025-10-10 23:17:40,293 [INFO] ApiDb:452 - User favorites MCUs=[]
2025-10-10 23:17:40,294 [INFO] ApiDb:448 - Save user favorites file /home/oleksii/.stm32cubeide/favorites.boards.txt: 0 item(s)
2025-10-10 23:17:40,294 [INFO] ApiDb:452 - User favorites Boards=[]
2025-10-10 23:23:33,145 [INFO] MainUpdater:2872 - connection check result : 10
2025-10-10 23:23:33,320 [INFO] McuFinderGlobals:76 - Set McuFinderConnectedMode to true
2025-10-10 23:23:33,320 [INFO] MultiScanPanel:200 - Auto-refresh data requested => check proxy status ongoing
2025-10-10 23:23:33,320 [INFO] FinderPluginLoader:96 - Searching for filters in installed packs
2025-10-10 23:23:34,458 [INFO] LoadUrlFilesThread:185 - End of LoadServerUrlFiles without Thread
2025-10-10 23:23:34,458 [INFO] DetailPanel:341 - Set advertising image to /home/oleksii/STM32Cube/Repository//en.mcu-finder-stm32n6dk.jpg
2025-10-10 23:23:37,234 [INFO] MultiScanPanel:200 - Auto-refresh data requested => check proxy status ongoing
2025-10-10 23:23:37,265 [INFO] LoadUrlFilesThread:185 - End of LoadServerUrlFiles without Thread
2025-10-10 23:23:37,265 [INFO] DetailPanel:341 - Set advertising image to /home/oleksii/STM32Cube/Repository//en.mcu-finder-stm32n6dk.jpg
2025-10-10 23:24:18,674 [INFO] MainUpdater:2872 - connection check result : 10
2025-10-10 23:24:18,674 [INFO] MainUpdater:2872 - connection check result : 10
2025-10-10 23:24:18,953 [INFO] I2sManager:658 - 9.6E7
2025-10-10 23:24:18,953 [INFO] I2sManager:195 - I2S Clock Value : 9.6E7
2025-10-10 23:24:18,953 [INFO] I2sManager:553 - AudioClock : 93750Divider : 2Odd : 0
2025-10-10 23:24:18,954 [INFO] MicroXplorer:468 - Change Database Path : 
2025-10-10 23:24:18,954 [INFO] MicroXplorer:498 - Change Database Version : DB.6.0.150
2025-10-10 23:24:18,958 [ERROR] ProjectManagerView:395 - 
java.lang.NullPointerException: Cannot invoke "javax.swing.JTextField.getText()" because the return value of "java.util.List.get(int)" is null
	at com.st.microxplorer.plugins.projectmanager.gui.ProjectChoiceTab$9.caretUpdate(ProjectChoiceTab.java:2706) ~[filemanager.jar:?]
	at javax.swing.text.JTextComponent.fireCaretUpdate(JTextComponent.java:408) ~[?:?]
	at javax.swing.text.JTextComponent$MutableCaretEvent.fire(JTextComponent.java:4484) ~[?:?]
	at javax.swing.text.JTextComponent$MutableCaretEvent.stateChanged(JTextComponent.java:4506) ~[?:?]
	at javax.swing.text.DefaultCaret.fireStateChanged(DefaultCaret.java:857) ~[?:?]
	at javax.swing.text.DefaultCaret.changeCaretPosition(DefaultCaret.java:1343) ~[?:?]
	at javax.swing.text.DefaultCaret.handleSetDot(DefaultCaret.java:1242) ~[?:?]
	at javax.swing.text.DefaultCaret.setDot(DefaultCaret.java:1223) ~[?:?]
	at javax.swing.text.DefaultCaret$Handler.insertUpdate(DefaultCaret.java:1819) ~[?:?]
	at javax.swing.text.AbstractDocument.fireInsertUpdate(AbstractDocument.java:227) ~[?:?]
	at javax.swing.text.AbstractDocument.handleInsertString(AbstractDocument.java:781) ~[?:?]
	at javax.swing.text.AbstractDocument.insertString(AbstractDocument.java:740) ~[?:?]
	at javax.swing.text.PlainDocument.insertString(PlainDocument.java:131) ~[?:?]
	at javax.swing.text.AbstractDocument.replace(AbstractDocument.java:699) ~[?:?]
	at javax.swing.text.JTextComponent.setText(JTextComponent.java:1725) ~[?:?]
	at com.st.microxplorer.plugins.projectmanager.gui.ProjectChoiceTab.createHeapStackFields(ProjectChoiceTab.java:993) ~[filemanager.jar:?]
	at com.st.microxplorer.plugins.projectmanager.gui.ProjectChoiceTab.buildLinkSettingsPanel(ProjectChoiceTab.java:3813) ~[filemanager.jar:?]
	at com.st.microxplorer.plugins.projectmanager.gui.ProjectChoiceTab.defineWindowsFields(ProjectChoiceTab.java:1987) ~[filemanager.jar:?]
	at com.st.microxplorer.plugins.projectmanager.gui.ProjectChoiceTab.updateSettings(ProjectChoiceTab.java:558) ~[filemanager.jar:?]
	at com.st.microxplorer.plugins.projectmanager.gui.ProjectSettingsPanel.UpdateDialog(ProjectSettingsPanel.java:247) ~[filemanager.jar:?]
	at com.st.microxplorer.plugins.projectmanager.ProjectManagerView.propertyChange(ProjectManagerView.java:392) ~[filemanager.jar:?]
	at java.beans.PropertyChangeSupport.fire(PropertyChangeSupport.java:343) ~[?:?]
	at java.beans.PropertyChangeSupport.firePropertyChange(PropertyChangeSupport.java:335) ~[?:?]
	at java.beans.PropertyChangeSupport.firePropertyChange(PropertyChangeSupport.java:268) ~[?:?]
	at com.st.microxplorer.util.MXPropertyChangeSupport.firePropertyChange(MXPropertyChangeSupport.java:54) ~[STM32CubeMX.jar:?]
	at com.st.microxplorer.mxsystem.MxSystem.closeConfig(MxSystem.java:899) ~[STM32CubeMX.jar:?]
	at com.st.microxplorer.maingui.MainPanel.closeConfig(MainPanel.java:792) ~[STM32CubeMX.jar:?]
	at com.st.microxplorer.plugins.filemanager.engine.OpenFileManager.loadConfigurationFile(OpenFileManager.java:288) ~[filemanager.jar:?]
	at com.st.microxplorer.plugins.filemanager.engine.MainFileManager.userLoadConfig(MainFileManager.java:364) ~[filemanager.jar:?]
	at com.st.microxplorer.plugins.filemanager.FileManagerView.getSpecificTask(FileManagerView.java:268) ~[filemanager.jar:?]
	at com.st.stm32cube.common.mx.editor.CubeMxEditor.getMxTabbedPaneInstance(CubeMxEditor.java:1191) ~[com.st.stm32cube.common.mx_6.15.0.202507011659/:?]
	at com.st.stm32cube.common.mx.editor.CubeMxEditor$12$1.createSwingComponent(CubeMxEditor.java:1068) ~[com.st.stm32cube.common.mx_6.15.0.202507011659/:?]
	at com.st.stm32cube.common.mx.oss.core.awtswtbridge.EmbeddedSwingComposite.doComponentCreation(EmbeddedSwingComposite.java:492) ~[com.st.stm32cube.common.mx.oss_6.15.0.202507011659/:?]
	at com.st.stm32cube.common.mx.oss.core.awtswtbridge.EmbeddedSwingComposite$4.run(EmbeddedSwingComposite.java:291) ~[com.st.stm32cube.common.mx.oss_6.15.0.202507011659/:?]
	at com.st.stm32cube.common.mx.oss.core.awtswtbridge.AwtEnvironment$2.run(AwtEnvironment.java:166) ~[com.st.stm32cube.common.mx.oss_6.15.0.202507011659/:?]
	at java.awt.event.InvocationEvent.dispatch(InvocationEvent.java:318) ~[?:?]
	at java.awt.EventQueue.dispatchEventImpl(EventQueue.java:773) ~[?:?]
	at java.awt.EventQueue$4.run(EventQueue.java:720) ~[?:?]
	at java.awt.EventQueue$4.run(EventQueue.java:714) ~[?:?]
	at java.security.AccessController.doPrivileged(AccessController.java:400) ~[?:?]
	at java.security.ProtectionDomain$JavaSecurityAccessImpl.doIntersectionPrivilege(ProtectionDomain.java:87) ~[?:?]
	at java.awt.EventQueue.dispatchEvent(EventQueue.java:742) ~[?:?]
	at java.awt.EventDispatchThread.pumpOneEventForFilters(EventDispatchThread.java:203) ~[?:?]
	at java.awt.EventDispatchThread.pumpEventsForFilter(EventDispatchThread.java:124) ~[?:?]
	at java.awt.EventDispatchThread.pumpEventsForHierarchy(EventDispatchThread.java:113) ~[?:?]
	at java.awt.EventDispatchThread.pumpEvents(EventDispatchThread.java:109) ~[?:?]
	at java.awt.EventDispatchThread.pumpEvents(EventDispatchThread.java:101) ~[?:?]
	at java.awt.EventDispatchThread.run(EventDispatchThread.java:90) ~[?:?]
2025-10-10 23:24:18,959 [WARN] ThirdParty:871 - waiting for thirdparty lock release [close project]
2025-10-10 23:24:18,959 [INFO] ThirdParty:873 - entering critical section [close project]
2025-10-10 23:24:18,959 [INFO] ThirdParty:883 - exiting critical section [close project]
2025-10-10 23:24:18,960 [INFO] PinOutPanel:1589 - setPackage(No Configuration,No Configuration)
2025-10-10 23:24:18,962 [WARN] IpParametersView:155 - Warning: This peripheral hasn't parameters
2025-10-10 23:24:18,964 [WARN] MainPanel:289 - <html><b><center>Warning: This peripheral has no parameters to be configured<br></b></html>
2025-10-10 23:24:18,965 [INFO] UtilMem:75 - Begin LoadConfig() Used Memory: 608604920 Bytes (919601152)
2025-10-10 23:24:18,966 [INFO] OpenFileManager:355 - Change cursor
2025-10-10 23:24:18,970 [INFO] RulesReader:64 - Compatibility file has been processed (317 Rules)
2025-10-10 23:24:18,972 [INFO] ProjectFactory:514 - No CPN specified for board STM32F407G-DISC1 => set CPN to STM32F407VGT6
2025-10-10 23:24:18,972 [INFO] Mcu:2029 - Initializing MCU STM32F407V(E-G)Tx STM32F407VGTx STM32F407VGT6
2025-10-10 23:24:19,573 [INFO] Context:786 - Trying to add GPIOservice into a context  which must be forbidden
2025-10-10 23:24:19,938 [INFO] Rule:233 - rule 117617 - U5Cobra4M][GTZC] default value MPCBB3 and MPCBB5 - Not Secured memory - MPCBB1 is applicable
2025-10-10 23:24:19,938 [INFO] Rule:233 - rule 117617 - U5Cobra4M][GTZC] default value MPCBB3 and MPCBB5 - Not Secured memory - MPCBB1 is applicable
2025-10-10 23:24:19,938 [INFO] Rule:233 - rule 117617 - U5Cobra4M][GTZC] default value MPCBB3 and MPCBB5 - Not Secured memory - MPCBB2 is applicable
2025-10-10 23:24:19,938 [INFO] Rule:233 - rule 117617 - U5Cobra4M][GTZC] default value MPCBB3 and MPCBB5 - Not Secured memory - MPCBB2 is applicable
2025-10-10 23:24:19,938 [INFO] Rule:233 - rule 117617 - U5Cobra4M][GTZC] default value MPCBB3 and MPCBB5 - Not Secured memory - MPCBB3 is applicable
2025-10-10 23:24:19,938 [INFO] Rule:233 - rule 117617 - U5Cobra4M][GTZC] default value MPCBB3 and MPCBB5 - Not Secured memory - MPCBB3 is applicable
2025-10-10 23:24:19,938 [INFO] Rule:233 - rule 117617 - U5Cobra4M][GTZC] default value MPCBB3 and MPCBB5 - Not Secured memory - MPCBB4 is applicable
2025-10-10 23:24:19,938 [INFO] Rule:233 - rule 117617 - U5Cobra4M][GTZC] default value MPCBB3 and MPCBB5 - Not Secured memory - MPCBB4 is applicable
2025-10-10 23:24:19,938 [INFO] Rule:233 - rule 117617 - U5Cobra4M][GTZC] default value MPCBB3 and MPCBB5 - Secured memory - MPCBB1 is applicable
2025-10-10 23:24:19,938 [INFO] Rule:233 - rule 117617 - U5Cobra4M][GTZC] default value MPCBB3 and MPCBB5 - Secured memory - MPCBB2 is applicable
2025-10-10 23:24:19,938 [INFO] Rule:233 - rule 117617 - U5Cobra4M][GTZC] default value MPCBB3 and MPCBB5 - Secured memory - MPCBB3 is applicable
2025-10-10 23:24:19,938 [INFO] Rule:233 - rule 117617 - U5Cobra4M][GTZC] default value MPCBB3 and MPCBB5 - Secured memory - MPCBB4 is applicable
2025-10-10 23:24:19,938 [INFO] Rule:233 - rule 117617 - U5Cobra4M][GTZC] default value MPCBB3 and MPCBB5 - Privileged memory - MPCBB1 is applicable
2025-10-10 23:24:19,938 [INFO] Rule:233 - rule 117617 - U5Cobra4M][GTZC] default value MPCBB3 and MPCBB5 - Privileged memory - MPCBB2 is applicable
2025-10-10 23:24:19,938 [INFO] Rule:233 - rule 117617 - U5Cobra4M][GTZC] default value MPCBB3 and MPCBB5 - Privileged memory - MPCBB3 is applicable
2025-10-10 23:24:19,938 [INFO] Rule:233 - rule 117617 - U5Cobra4M][GTZC] default value MPCBB3 and MPCBB5 - Privileged memory - MPCBB4 is applicable
2025-10-10 23:24:19,938 [INFO] Rule:233 - rule 117617 - U5Cobra4M][GTZC] default value MPCBB3 and MPCBB5 - Not Privileged memory - MPCBB1 is applicable
2025-10-10 23:24:19,938 [INFO] Rule:233 - rule 117617 - U5Cobra4M][GTZC] default value MPCBB3 and MPCBB5 - Not Privileged memory - MPCBB2 is applicable
2025-10-10 23:24:19,938 [INFO] Rule:233 - rule 117617 - U5Cobra4M][GTZC] default value MPCBB3 and MPCBB5 - Not Privileged memory - MPCBB3 is applicable
2025-10-10 23:24:19,938 [INFO] Rule:233 - rule 117617 - U5Cobra4M][GTZC] default value MPCBB3 and MPCBB5 - Not Privileged memory - MPCBB4 is applicable
2025-10-10 23:24:19,938 [INFO] Rule:233 - rule 117617 - U5Cobra4M][GTZC] default value MPCBB3 and MPCBB5 - Privileged memory - MPCBB1 is applicable
2025-10-10 23:24:19,938 [INFO] Rule:233 - rule 117617 - U5Cobra4M][GTZC] default value MPCBB3 and MPCBB5 - Privileged memory - MPCBB2 is applicable
2025-10-10 23:24:19,938 [INFO] Rule:233 - rule 117617 - U5Cobra4M][GTZC] default value MPCBB3 and MPCBB5 - Privileged memory - MPCBB3 is applicable
2025-10-10 23:24:19,938 [INFO] Rule:233 - rule 117617 - U5Cobra4M][GTZC] default value MPCBB3 and MPCBB5 - Privileged memory - MPCBB4 is applicable
2025-10-10 23:24:19,938 [INFO] Rule:233 - rule 117617 - U5Cobra4M][GTZC] default value MPCBB3 and MPCBB5 - Privileged memory - MPCBB1 is applicable
2025-10-10 23:24:19,938 [INFO] Rule:233 - rule 117617 - U5Cobra4M][GTZC] default value MPCBB3 and MPCBB5 - Privileged memory - MPCBB2 is applicable
2025-10-10 23:24:19,938 [INFO] Rule:233 - rule 117617 - U5Cobra4M][GTZC] default value MPCBB3 and MPCBB5 - Privileged memory - MPCBB3 is applicable
2025-10-10 23:24:19,938 [INFO] Rule:233 - rule 117617 - U5Cobra4M][GTZC] default value MPCBB3 and MPCBB5 - Privileged memory - MPCBB4 is applicable
2025-10-10 23:24:19,938 [INFO] Rule:233 - rule 117617 - U5Cobra4M][GTZC] default value MPCBB3 and MPCBB5 - Not Privileged memory - MPCBB1 is applicable
2025-10-10 23:24:19,938 [INFO] Rule:233 - rule 117617 - U5Cobra4M][GTZC] default value MPCBB3 and MPCBB5 - Not Privileged memory - MPCBB2 is applicable
2025-10-10 23:24:19,938 [INFO] Rule:233 - rule 117617 - U5Cobra4M][GTZC] default value MPCBB3 and MPCBB5 - Not Privileged memory - MPCBB3 is applicable
2025-10-10 23:24:19,938 [INFO] Rule:233 - rule 117617 - U5Cobra4M][GTZC] default value MPCBB3 and MPCBB5 - Not Privileged memory - MPCBB4 is applicable
2025-10-10 23:24:19,938 [INFO] Rule:233 - rule 117617 - U5Cobra4M][GTZC] default value MPCBB3 and MPCBB5 - Privileged memory - MPCBB1 is applicable
2025-10-10 23:24:19,938 [INFO] Rule:233 - rule 117617 - U5Cobra4M][GTZC] default value MPCBB3 and MPCBB5 - Privileged memory - MPCBB2 is applicable
2025-10-10 23:24:19,938 [INFO] Rule:233 - rule 117617 - U5Cobra4M][GTZC] default value MPCBB3 and MPCBB5 - Privileged memory - MPCBB3 is applicable
2025-10-10 23:24:19,938 [INFO] Rule:233 - rule 117617 - U5Cobra4M][GTZC] default value MPCBB3 and MPCBB5 - Privileged memory - MPCBB4 is applicable
2025-10-10 23:24:19,938 [INFO] Rule:233 - rule Rename SubGHz_Phy SUBGHZ_APPLICATION SUBGHZ_PINGPONG to SUBGHZ_ADV_APPLICATION is applicable
2025-10-10 23:24:19,939 [INFO] Rule:233 - rule Rename Enabled to IBEACON is applicable
2025-10-10 23:24:19,939 [INFO] Rule:233 - rule GTZC_S instance for project manager is applicable
2025-10-10 23:24:19,939 [INFO] Rule:233 - rule GTZC_S instance for context M33S is applicable
2025-10-10 23:24:19,939 [INFO] Rule:233 - rule GTZC_S instance value for IP GTZC is applicable
2025-10-10 23:24:19,939 [INFO] Rule:233 - rule GTZC_S instance for mcu.IP is applicable
2025-10-10 23:24:19,939 [INFO] Rule:233 - rule GTZC_S instance for VP is applicable
2025-10-10 23:24:19,939 [INFO] Rule:233 - rule GTZC_S instance for signal is applicable
2025-10-10 23:24:19,939 [INFO] Rule:233 - rule GTZC_S instance for mcu.Pin is applicable
2025-10-10 23:24:19,939 [INFO] Rule:233 - rule GTZC_S instance for VP is applicable
2025-10-10 23:24:19,939 [INFO] Rule:233 - rule GTZC_S instance for signal is applicable
2025-10-10 23:24:19,939 [INFO] Rule:233 - rule GTZC_S instance for mcu is applicable
2025-10-10 23:24:19,939 [INFO] Rule:233 - rule GTZC_S instance for mcu.Pin is applicable
2025-10-10 23:24:19,939 [INFO] Rule:233 - rule GTZC_S instance value for IP GTZC is applicable
2025-10-10 23:24:19,939 [INFO] Rule:233 - rule GTZC_S instance for project manager is applicable
2025-10-10 23:24:19,939 [INFO] Rule:233 - rule GTZC_S instance for context M33S is applicable
2025-10-10 23:24:19,939 [INFO] Rule:233 - rule GTZC_S instance for VP is applicable
2025-10-10 23:24:19,939 [INFO] Rule:233 - rule GTZC_S instance for signal is applicable
2025-10-10 23:24:19,939 [INFO] Rule:233 - rule SPDIFRX instance for mcu is applicable
2025-10-10 23:24:19,939 [INFO] Rule:233 - rule Rename Tracer Mode is applicable
2025-10-10 23:24:19,939 [INFO] Rule:233 - rule SPDIFRX instance value for IP SPDIFRX is applicable
2025-10-10 23:24:19,939 [INFO] Rule:233 - rule SPDIFRX instance for signal is applicable
2025-10-10 23:24:19,939 [INFO] Rule:233 - rule SPDIFRX instance for project manager is applicable
2025-10-10 23:24:19,939 [INFO] Rule:233 - rule SPDIFRX instance for project manager is applicable
2025-10-10 23:24:19,939 [INFO] Rule:233 - rule ADC Scan  fix with FW F7 is applicable
2025-10-10 23:24:19,939 [INFO] Rule:233 - rule ADC Scan  fix with FW F7 is applicable
2025-10-10 23:24:19,939 [INFO] Rule:233 - rule WakeUp0 Mode is applicable
2025-10-10 23:24:19,939 [INFO] Rule:233 - rule WakeUp0 SIGNAL is applicable
2025-10-10 23:24:19,939 [INFO] Rule:233 - rule WakeUp1 Mode is applicable
2025-10-10 23:24:19,939 [INFO] Rule:233 - rule WakeUp1 SIGNAL is applicable
2025-10-10 23:24:19,939 [INFO] Rule:233 - rule WakeUp2 Mode is applicable
2025-10-10 23:24:19,939 [INFO] Rule:233 - rule WakeUp2 SIGNAL is applicable
2025-10-10 23:24:19,940 [INFO] Rule:233 - rule WakeUp4 Mode is applicable
2025-10-10 23:24:19,940 [INFO] Rule:233 - rule WakeUp4 SIGNAL is applicable
2025-10-10 23:24:19,940 [INFO] Rule:233 - rule WakeUp5 Mode is applicable
2025-10-10 23:24:19,940 [INFO] Rule:233 - rule WakeUp5 SIGNAL is applicable
2025-10-10 23:24:19,940 [INFO] Rule:233 - rule Add RTC Activate Clock Source is applicable
2025-10-10 23:24:19,940 [INFO] Rule:233 - rule Add RTC Activate Calendar 1 is applicable
2025-10-10 23:24:19,940 [INFO] Rule:233 - rule Add RTC Activate Calendar 2 is applicable
2025-10-10 23:24:19,940 [INFO] Rule:233 - rule Add RTC Activate Calendar 3 is applicable
2025-10-10 23:24:19,940 [INFO] Rule:233 - rule UART/USART TX Mode is applicable
2025-10-10 23:24:19,940 [INFO] Rule:233 - rule UART/USART RX Mode is applicable
2025-10-10 23:24:19,940 [INFO] Rule:233 - rule UART/USART RX TX Mode is applicable
2025-10-10 23:24:19,940 [INFO] Rule:233 - rule UART/USART PARITY NONE is applicable
2025-10-10 23:24:19,940 [INFO] Rule:233 - rule UART/USART PARITY EVEN is applicable
2025-10-10 23:24:19,940 [INFO] Rule:233 - rule UART/USART PARITY ODD is applicable
2025-10-10 23:24:19,940 [INFO] Rule:233 - rule USART StopBits 1 is applicable
2025-10-10 23:24:19,940 [INFO] Rule:233 - rule USART StopBits 2 is applicable
2025-10-10 23:24:19,940 [INFO] Rule:233 - rule USART StopBits 1.5 is applicable
2025-10-10 23:24:19,940 [INFO] Rule:233 - rule USART StopBits 0.5 is applicable
2025-10-10 23:24:19,940 [INFO] Rule:233 - rule UART/USART WORD LENGTH 7 is applicable
2025-10-10 23:24:19,940 [INFO] Rule:233 - rule UART/USART WORD LENGTH 8 is applicable
2025-10-10 23:24:19,940 [INFO] Rule:233 - rule UART/USART WORD LENGTH 9 is applicable
2025-10-10 23:24:19,940 [INFO] Rule:233 - rule Rename FMC NAND NCE signal is applicable
2025-10-10 23:24:19,940 [INFO] Rule:233 - rule Rename FMC NAND INT signal is applicable
2025-10-10 23:24:19,940 [INFO] Rule:233 - rule Change Default Value for LSE Drive Capability for WB family is applicable
2025-10-10 23:24:19,940 [INFO] Rule:233 - rule Change Default Value for ADC Clock Prescaler G0 family is applicable
2025-10-10 23:24:19,940 [INFO] Rule:233 - rule Change Default Value for ADC ExternalTrigConv L4 family is applicable
2025-10-10 23:24:19,940 [INFO] Rule:233 - rule Change Default Value for ADC ExternalTrigInjecConv L4 family is applicable
2025-10-10 23:24:19,940 [INFO] Rule:233 - rule Change Default Value for ADC ExternalTrigConv F3 family is applicable
2025-10-10 23:24:19,940 [INFO] Rule:233 - rule Change Default Value for ADC ExternalTrigInjecConv F3 family is applicable
2025-10-10 23:24:19,940 [INFO] Rule:233 - rule Change Default Value for ADC ExternalTrigConv Goldfish serie is applicable
2025-10-10 23:24:19,940 [INFO] Rule:233 - rule Change Default Value for ADC ExternalTrigInjecConv Goldfish serie is applicable
2025-10-10 23:24:19,940 [INFO] Rule:233 - rule Change Default Value for ADC ExternalTrigConv L0 family is applicable
2025-10-10 23:24:19,940 [INFO] Rule:233 - rule Change Default Value for ADC ExternalTrigConv F0 family is applicable
2025-10-10 23:24:19,940 [INFO] Rule:233 - rule Change Default Value for ADC ExternalTrigConvn L1 family is applicable
2025-10-10 23:24:19,940 [INFO] Rule:233 - rule Change Default Value for ADC ExternalTrigInjecConv L1 family is applicable
2025-10-10 23:24:19,940 [INFO] Rule:233 - rule Change Default Value for ADC ExternalTrigConv F1 family is applicable
2025-10-10 23:24:19,940 [INFO] Rule:233 - rule Change Default Value for ADC ExternalTrigInjecConv F1 family is applicable
2025-10-10 23:24:19,941 [INFO] Rule:233 - rule Change Default Value for ADC ExternalTrigConv F7 family is applicable
2025-10-10 23:24:19,941 [INFO] Rule:233 - rule Change Default Value for ADC ExternalTrigInjecConv F7 family is applicable
2025-10-10 23:24:19,941 [INFO] Rule:233 - rule Change Default Value for ADC ExternalTrigConv F4 and F2 family is applicable
2025-10-10 23:24:19,941 [INFO] Rule:233 - rule Change Default Value for ADC ExternalTrigInjecConv F4 and F2 family is applicable
2025-10-10 23:24:19,941 [INFO] Rule:233 - rule ADC SamplingTime fix with FW L0  is applicable
2025-10-10 23:24:19,941 [INFO] Rule:233 - rule ADC SamplingTime fix with FW L0  is applicable
2025-10-10 23:24:19,941 [INFO] Rule:233 - rule ADC SamplingTime fix with FW L0 is applicable
2025-10-10 23:24:19,941 [INFO] Rule:233 - rule ADC SamplingTime fix with FW L0 is applicable
2025-10-10 23:24:19,941 [INFO] Rule:233 - rule ADC SamplingTime fix with FW L0  is applicable
2025-10-10 23:24:19,941 [INFO] Rule:233 - rule ADC SamplingTime fix with FW L0 is applicable
2025-10-10 23:24:19,941 [INFO] Rule:233 - rule Rename USB_OE Signal is applicable
2025-10-10 23:24:19,941 [INFO] Rule:233 - rule Rename Activate_OE Mode is applicable
2025-10-10 23:24:19,941 [INFO] Rule:233 - rule Rename DIE462/DIE415 pin PC14/OSC32_IN -> PC14-OSC32_IN (PC14) is applicable
2025-10-10 23:24:19,941 [INFO] Rule:233 - rule Rename DIE462/DIE415 pin PC15/OSC32_OUT -> PC15-OSC32_OUT (PC15) is applicable
2025-10-10 23:24:19,941 [INFO] Rule:233 - rule Rename DIE462/DIE415 pin PH0/OSC_IN -> PH0-OSC_IN (PH0) is applicable
2025-10-10 23:24:19,941 [INFO] Rule:233 - rule Rename DIE462/DIE415 pin PH1/OSC_OUT -> PH1-OSC_OUT (PH1) is applicable
2025-10-10 23:24:19,941 [INFO] Rule:233 - rule Rename DIE462 pin PA13 -> PA13 (JTMS/SWDIO) is applicable
2025-10-10 23:24:19,941 [INFO] Rule:233 - rule Rename DIE415 pin PA13 -> PA13 (JTMS/SWDIO) is applicable
2025-10-10 23:24:19,941 [INFO] Rule:233 - rule Rename DIE462 pin PA14 -> PA14 (JTCK/SWCLK) is applicable
2025-10-10 23:24:19,941 [INFO] Rule:233 - rule Rename DIE415 pin PA14 -> PA14 (JTCK/SWCLK) is applicable
2025-10-10 23:24:19,941 [INFO] Rule:233 - rule Rename DIE462/DIE415 pin PA15 -> PA15 (JTDI) is applicable
2025-10-10 23:24:19,941 [INFO] Rule:233 - rule Rename DIE462 pin PB3 -> PB3 (JTD0/TRACESWO) is applicable
2025-10-10 23:24:19,941 [INFO] Rule:233 - rule Rename DIE415 pin PB3 -> PB3 (JTD0-TRACESWO) is applicable
2025-10-10 23:24:19,941 [INFO] Rule:233 - rule Rename DIE462/DIE415 pin PB4 -> PB4 (NJTRST) is applicable
2025-10-10 23:24:19,941 [INFO] Rule:233 - rule Rename DIE462 pin PH3/BOOT0 -> PH3-BOOT0 (BOOT0) is applicable
2025-10-10 23:24:19,941 [INFO] Rule:233 - rule Rename CRYP DataEncryptionTypesList to Algorithm is applicable
2025-10-10 23:24:19,941 [INFO] Rule:233 - rule Rename AES DataEncryptionTypesList to Algorithm is applicable
2025-10-10 23:24:19,941 [INFO] Rule:233 - rule Rename TDESECB to CRYP_TDES_ECB is applicable
2025-10-10 23:24:19,941 [INFO] Rule:233 - rule Rename TDESCBC to CRYP_TDES_CBC is applicable
2025-10-10 23:24:19,941 [INFO] Rule:233 - rule Rename DESECB to CRYP_DES_ECB is applicable
2025-10-10 23:24:19,941 [INFO] Rule:233 - rule Rename DESCBC to CRYP_DES_CBC is applicable
2025-10-10 23:24:19,941 [INFO] Rule:233 - rule Rename AESECB to CRYP_AES_ECB is applicable
2025-10-10 23:24:19,941 [INFO] Rule:233 - rule Rename AESCBC to CRYP_AES_CBC is applicable
2025-10-10 23:24:19,941 [INFO] Rule:233 - rule Rename AESCTR to CRYP_AES_CTR is applicable
2025-10-10 23:24:19,941 [INFO] Rule:233 - rule Rename AESGCM to CRYP_AES_GCM is applicable
2025-10-10 23:24:19,941 [INFO] Rule:233 - rule Rename AESCCM to CRYP_AES_CCM is applicable
2025-10-10 23:24:19,941 [INFO] Rule:233 - rule Rename CAN TimeSeg1 to BS1 is applicable
2025-10-10 23:24:19,941 [INFO] Rule:233 - rule Rename CAN TimeSeg2 to BS2 is applicable
2025-10-10 23:24:19,941 [INFO] Rule:233 - rule Rename CAN SyncJumpWidth to SJW is applicable
2025-10-10 23:24:19,941 [INFO] Rule:233 - rule TimeTriggeredMode to TTCM is applicable
2025-10-10 23:24:19,941 [INFO] Rule:233 - rule Rename CAN AutoBusOff to ABOM is applicable
2025-10-10 23:24:19,941 [INFO] Rule:233 - rule Rename CAN AutoWakeUp to AWUM is applicable
2025-10-10 23:24:19,942 [INFO] Rule:233 - rule Rename CAN AutoRetransmission to NART is applicable
2025-10-10 23:24:19,942 [INFO] Rule:233 - rule Rename CAN ReceiveFifoLocked to RFLM is applicable
2025-10-10 23:24:19,942 [INFO] Rule:233 - rule Rename CAN TransmitFifoPriority to TXFP is applicable
2025-10-10 23:24:19,942 [INFO] Rule:233 - rule Rename HRTIMER HRTIM_OUTPUTFAULTLEVEL_HIGH in HRTIMER HRTIM_OUTPUTFAULTLEVEL_HIGHZ is applicable
2025-10-10 23:24:19,942 [INFO] Rule:233 - rule Rename TIMER TIM_CLEARINPUTSOURCE_OCREFCLR in  TIMER TIM_CLEARINPUTSOURCE_NONE for F7 family is applicable
2025-10-10 23:24:19,942 [INFO] Rule:233 - rule FDCAN_R1 - Rename FDCAN mode Master into Classic is applicable
2025-10-10 23:24:19,942 [INFO] Rule:233 - rule FDCAN_R2 - Rename FDCAN mode Slave into Classic is applicable
2025-10-10 23:24:19,942 [INFO] Rule:233 - rule FDCAN1_R3 - if PA10.Mode=FullDuplex, add Pin PA12 is applicable
2025-10-10 23:24:19,942 [INFO] Rule:233 - rule FDCAN1_R3 - if PA9.Mode=FullDuplex, add Pin PA11 is applicable
2025-10-10 23:24:19,942 [INFO] Rule:233 - rule FDCAN1_R3 - Alternatepin_1 - if PE1.Mode=FullDuplex, add Pin PB9 is applicable
2025-10-10 23:24:19,942 [INFO] Rule:233 - rule FDCAN1_R3 - Alternatepin_1 - if PE0.Mode=FullDuplex, add Pin PB8 is applicable
2025-10-10 23:24:19,942 [INFO] Rule:233 - rule FDCAN1_R3 - Alternatepin_2 - if PD5.Mode=FullDuplex, add Pin PD1 is applicable
2025-10-10 23:24:19,942 [INFO] Rule:233 - rule FDCAN1_R3 - Alternatepin_2 - if PD4.Mode=FullDuplex, add Pin PD0 is applicable
2025-10-10 23:24:19,942 [INFO] Rule:233 - rule FDCAN1_R4 - Rename Mode FullDuplex into Enable FDCAN_TXFD for pin PA10 is applicable
2025-10-10 23:24:19,942 [INFO] Rule:233 - rule FDCAN1_R4 - Rename Mode FullDuplex into Enable FDCAN_TXFD for pin PA9 is applicable
2025-10-10 23:24:19,942 [INFO] Rule:233 - rule FDCAN1_R4 - Alternatepin_1 - Rename Mode FullDuplex into Enable FDCAN_TXFD for pin PE1 is applicable
2025-10-10 23:24:19,942 [INFO] Rule:233 - rule FDCAN1_R4 - Alternatepin_1 - Rename Mode FullDuplex into Enable FDCAN_TXFD for pin PE0 is applicable
2025-10-10 23:24:19,942 [INFO] Rule:233 - rule FDCAN1_R4 - Alternatepin_2 - Rename Mode FullDuplex into Enable FDCAN_TXFD for pin PD5 is applicable
2025-10-10 23:24:19,942 [INFO] Rule:233 - rule FDCAN1_R4 - Alternatepin_2 - Rename Mode FullDuplex into Enable FDCAN_TXFD for pin PD4 is applicable
2025-10-10 23:24:19,942 [INFO] Rule:233 - rule FDCAN2_R3 - if PD10.Mode=FullDuplex, add Pin PB13 is applicable
2025-10-10 23:24:19,942 [INFO] Rule:233 - rule FDCAN2_R3 - if PD9.Mode=FullDuplex, add Pin PB12 is applicable
2025-10-10 23:24:19,942 [INFO] Rule:233 - rule FDCAN2_R3 - Alternatepin_1 - if PB7.Mode=FullDuplex, add Pin PB6 is applicable
2025-10-10 23:24:19,942 [INFO] Rule:233 - rule FDCAN2_R3 - Alternatepin_1 - if PD9.Mode=FullDuplex, add Pin PB12 is applicable
2025-10-10 23:24:19,942 [INFO] Rule:233 - rule FDCAN2_R4 - Rename Mode FullDuplex into Enable FDCAN_TXFD for pin PD10 is applicable
2025-10-10 23:24:19,942 [INFO] Rule:233 - rule FDCAN2_R4 - Rename Mode FullDuplex into Enable FDCAN_TXFD for pin PD9 is applicable
2025-10-10 23:24:19,942 [INFO] Rule:233 - rule FDCAN2_R4 - Alternatepin_1 - Rename Mode FullDuplex into Enable FDCAN_TXFD for pin PB7 is applicable
2025-10-10 23:24:19,942 [INFO] Rule:233 - rule FDCAN2_R4 - Alternatepin_1 - Rename Mode FullDuplex into Enable FDCAN_TXFD for pin PD6 is applicable
2025-10-10 23:24:19,942 [INFO] Rule:233 - rule USART TxPinLevelInvertParam Mode is applicable
2025-10-10 23:24:19,942 [INFO] Rule:233 - rule USART RxPinLevelInvertParam Mode is applicable
2025-10-10 23:24:19,942 [INFO] Rule:233 - rule USART DataInvertParam Mode is applicable
2025-10-10 23:24:19,942 [INFO] Rule:233 - rule USART SwapParam Mode is applicable
2025-10-10 23:24:19,942 [INFO] Rule:233 - rule USART OverrunDisableParam Mode is applicable
2025-10-10 23:24:19,942 [INFO] Rule:233 - rule USART DMADisableonRxErrorParam Mode is applicable
2025-10-10 23:24:19,942 [INFO] Rule:233 - rule USART MSBFirstParam Mode is applicable
2025-10-10 23:24:19,942 [INFO] Rule:233 - rule Update MwName for USB_DEVICE is applicable
2025-10-10 23:24:19,942 [INFO] Rule:233 - rule Change PWR_Regulator_Voltage_Scale Default Value for RCC  H7 family is applicable
2025-10-10 23:24:19,942 [INFO] Rule:233 - rule UART/USART IPParameter rename Prescaler parameter to ClockPrescaler is applicable
2025-10-10 23:24:19,942 [INFO] Rule:233 - rule UART/USART Prescaler rename Prescaler parameter to ClockPrescaler is applicable
2025-10-10 23:24:19,942 [INFO] Rule:233 - rule TIM1CLockSelection is applicable
2025-10-10 23:24:19,942 [INFO] Rule:233 - rule TIM15CLockSelection is applicable
2025-10-10 23:24:19,942 [INFO] Rule:233 - rule align RCC SDMMC3CLockSelection default value on MP1 is applicable
2025-10-10 23:24:19,942 [INFO] Rule:233 - rule align RCC SDMMC12CLockSelection default value on MP1 is applicable
2025-10-10 23:24:19,942 [INFO] Rule:233 - rule align RCC QSPICLockSelection default value on MP1 is applicable
2025-10-10 23:24:19,942 [INFO] Rule:233 - rule align RCC QSPICLockSelection default value on MP1 is applicable
2025-10-10 23:24:19,942 [INFO] Rule:233 - rule align RCC SPI6CLockSelection default value on MP1 is applicable
2025-10-10 23:24:19,942 [INFO] Rule:233 - rule align RCC LPTIM23CLockSelection default value on MP1 is applicable
2025-10-10 23:24:19,942 [INFO] Rule:233 - rule align RCC LPTIM1CLockSelection default value on MP1 is applicable
2025-10-10 23:24:19,942 [INFO] Rule:233 - rule align RCC USART1CLockSelection default value on MP1 is applicable
2025-10-10 23:24:19,942 [INFO] Rule:233 - rule align RCC USART24CLockSelection default value on MP1 is applicable
2025-10-10 23:24:19,942 [INFO] Rule:233 - rule align RCC USART6CLockSelection default value on MP1 is applicable
2025-10-10 23:24:19,942 [INFO] Rule:233 - rule align RCC UART78CLockSelection default value on MP1 is applicable
2025-10-10 23:24:19,942 [INFO] Rule:233 - rule align RCC USART35CLockSelection default value on MP1 is applicable
2025-10-10 23:24:19,942 [INFO] Rule:233 - rule align RCC SPI45CLockSelection default value on MP1 is applicable
2025-10-10 23:24:19,942 [INFO] Rule:233 - rule align RCC I2C46CLockSelection BCLK value on MP1 is applicable
2025-10-10 23:24:19,942 [INFO] Rule:233 - rule align RCC SPI45CLockSelection default value on MP1 is applicable
2025-10-10 23:24:19,942 [INFO] Rule:233 - rule align RCC I2C12CLockSelection default value on MP1 is applicable
2025-10-10 23:24:19,942 [INFO] Rule:233 - rule align RCC I2C35CLockSelection default value on MP1 is applicable
2025-10-10 23:24:19,942 [INFO] Rule:233 - rule align RCC LPTIM45CLockSelection default value on MP1 is applicable
2025-10-10 23:24:19,942 [INFO] Rule:233 - rule Rename DCMI PIXCK signal is applicable
2025-10-10 23:24:19,942 [INFO] Rule:233 - rule Change Default Value for I2C46CLockSelection MP1 family is applicable
2025-10-10 23:24:19,942 [INFO] Rule:233 - rule Change Default Value for UART for G4, G0 and WB families is applicable
2025-10-10 23:24:19,943 [INFO] Rule:233 - rule Change Default Value for USART for G4, G0 and WB families is applicable
2025-10-10 23:24:19,943 [INFO] Rule:233 - rule Change Default Value for USART for G4 family is applicable
2025-10-10 23:24:19,943 [INFO] Rule:233 - rule Change USART1CLockSelection refparam name for MP1 is applicable
2025-10-10 23:24:19,943 [INFO] Rule:233 - rule Change USART2CLockSelection refparam name for MP1 is applicable
2025-10-10 23:24:19,943 [INFO] Rule:233 - rule Change USART3CLockSelection refparam name for MP1 is applicable
2025-10-10 23:24:19,943 [INFO] Rule:233 - rule Change UART4CLockSelection refparam name for MP1 is applicable
2025-10-10 23:24:19,943 [INFO] Rule:233 - rule Change UART5CLockSelection refparam name for MP1 is applicable
2025-10-10 23:24:19,943 [INFO] Rule:233 - rule Change LPUART1CLockSelection refparam name for MP1 is applicable
2025-10-10 23:24:19,943 [INFO] Rule:233 - rule Change LPTIM1CLockSelection refparam name for MP1 is applicable
2025-10-10 23:24:19,943 [INFO] Rule:233 - rule Change LPTIM2CLockSelection refparam name for MP1 is applicable
2025-10-10 23:24:19,943 [INFO] Rule:233 - rule Change RCC_MCO1Source refparam name for MP1 is applicable
2025-10-10 23:24:19,943 [INFO] Rule:233 - rule Change LSCOSource1 refparam name for MP1 is applicable
2025-10-10 23:24:19,943 [INFO] Rule:233 - rule Change SMPSCLockSelection refparam name for MP1 is applicable
2025-10-10 23:24:19,943 [INFO] Rule:233 - rule Change LPTIM3CLockSelection refparam name for MP1 is applicable
2025-10-10 23:24:19,943 [INFO] Rule:233 - rule Change MPCBB* Default Template Mode to Parameters is applicable
2025-10-10 23:24:19,943 [INFO] Rule:233 - rule Change MPCWM* or MPCBB* Secure Mode to Parameters is applicable
2025-10-10 23:24:19,943 [INFO] Rule:233 - rule Change MPCWM* or MPCBB* No Secure Mode to Parameters is applicable
2025-10-10 23:24:19,943 [INFO] Rule:233 - rule Change TZSC IP Secure Mode to Parameters is applicable
2025-10-10 23:24:19,943 [INFO] Rule:233 - rule Change TZSC IP No Secure Mode to Parameters is applicable
2025-10-10 23:24:19,943 [INFO] Rule:233 - rule Change TZSC IP Privilege Mode to Parameters is applicable
2025-10-10 23:24:19,943 [INFO] Rule:233 - rule Change TZSC IP No Privilege Mode to Parameters is applicable
2025-10-10 23:24:19,943 [INFO] Rule:233 - rule Change TZIC IT Secure Mode to Parameters is applicable
2025-10-10 23:24:19,943 [INFO] Rule:233 - rule Change TZIC IT No Secure Mode to Parameters is applicable
2025-10-10 23:24:19,943 [INFO] Rule:233 - rule Add MPCBB1_NonSecureArea_Start_Address value with referenced to MPCBB1_NonSecureArea_Start value is applicable
2025-10-10 23:24:19,943 [INFO] Rule:233 - rule Add MPCBB2_NonSecureArea_Start_Address value with referenced to MPCBB2_NonSecureArea_Start value is applicable
2025-10-10 23:24:19,943 [INFO] Rule:233 - rule Add MPCWM1_NonSecureArea*_Start_Address value with referenced to MPCWM1_NonSecureArea*_Start value is applicable
2025-10-10 23:24:19,943 [INFO] Rule:233 - rule Add MPCWM2_NonSecureArea*_Start_Address value with referenced to MPCWM2_NonSecureArea*_Start value is applicable
2025-10-10 23:24:19,943 [INFO] Rule:233 - rule Add MPCWM3_NonSecureArea_Start_Address value with referenced to MPCWM3_NonSecureArea_Start value is applicable
2025-10-10 23:24:19,943 [INFO] Rule:233 - rule Change Default Value for PLL1UserDefinedConfig is applicable
2025-10-10 23:24:19,943 [INFO] Rule:233 - rule Change GPIO_PuPd Default Value for USART in async mode is applicable
2025-10-10 23:24:19,943 [INFO] Rule:233 - rule Change SMPSDivider Default Value is applicable
2025-10-10 23:24:19,943 [INFO] Rule:233 - rule OPAMP is applicable
2025-10-10 23:24:19,943 [INFO] Rule:233 - rule LPUART IPParameter rename Prescaler parameter to ClockPrescaler for STM32H7 is applicable
2025-10-10 23:24:19,943 [INFO] Rule:233 - rule LPUART IPParameter rename Prescaler parameter to ClockPrescaler for STM32H7 is applicable
2025-10-10 23:24:19,943 [INFO] Rule:233 - rule LPUART IPParameter rename Prescaler parameter to ClockPrescaler for STM32WB is applicable
2025-10-10 23:24:19,943 [INFO] Rule:233 - rule LPUART IPParameter rename Prescaler parameter to ClockPrescaler for STM32WB is applicable
2025-10-10 23:24:19,943 [INFO] Rule:233 - rule LPUART IPParameter rename Prescaler parameter to ClockPrescaler for STM32G4 is applicable
2025-10-10 23:24:19,943 [INFO] Rule:233 - rule LPUART IPParameter rename Prescaler parameter to ClockPrescaler for STM32G4 is applicable
2025-10-10 23:24:19,943 [INFO] Rule:233 - rule LPUART IPParameter rename Prescaler parameter to ClockPrescaler for STM32L5 is applicable
2025-10-10 23:24:19,943 [INFO] Rule:233 - rule LPUART IPParameter rename Prescaler parameter to ClockPrescaler for STM32L5 is applicable
2025-10-10 23:24:19,943 [INFO] Rule:233 - rule LPUART IPParameter rename Prescaler parameter to ClockPrescaler for STM32G4 is applicable
2025-10-10 23:24:19,943 [INFO] Rule:233 - rule LPUART IPParameter rename Prescaler parameter to ClockPrescaler for STM32G4 is applicable
2025-10-10 23:24:19,943 [INFO] Rule:233 - rule USB device lib V2.5.3 for L0 rename USBD_SUPPORT_USER_STRING parameter to USBD_SUPPORT_USER_STRING_DESC4 is applicable
2025-10-10 23:24:19,943 [INFO] Rule:233 - rule I2SCLockSelection clock entry align is applicable
2025-10-10 23:24:19,943 [INFO] Rule:233 - rule Assign TIMx context if used as SYS timebase is applicable
2025-10-10 23:24:19,943 [INFO] Rule:233 - rule Change GPIO_Pu Default Value for I2C is applicable
2025-10-10 23:24:19,943 [INFO] Rule:233 - rule Change GPIO_Pu Default Value for SMBus is applicable
2025-10-10 23:24:19,943 [INFO] Rule:233 - rule change FDCAN default value is applicable
2025-10-10 23:24:19,943 [INFO] Rule:233 - rule Change mode sai is applicable
2025-10-10 23:24:19,943 [INFO] Rule:233 - rule **Change sai mode is applicable
2025-10-10 23:24:19,943 [INFO] Rule:233 - rule Rename STM32WPAN CFG_BLE_IRK to CFG_BLE_IR is applicable
2025-10-10 23:24:19,943 [INFO] Rule:233 - rule Rename STM32WPAN CFG_BLE_ERK to CFG_BLE_ER is applicable
2025-10-10 23:24:19,943 [INFO] Rule:233 - rule Rename STM32WPAN CFG_BLE_IRK_HEX to CFG_BLE_IR_HEX is applicable
2025-10-10 23:24:19,943 [INFO] Rule:233 - rule Rename STM32WPAN CFG_BLE_ERK_HEX to CFG_BLE_ER_HEX is applicable
2025-10-10 23:24:19,943 [INFO] Rule:233 - rule Adapt Old IOC before rework replace old CORTEX_M33/CORTEX_M55 attributes by the new one. is applicable
2025-10-10 23:24:19,943 [INFO] Rule:233 - rule Rename parametre of RCC RCC_APBDBG_DIV2 to RCC_TIMPRES_DIV2 is applicable
2025-10-10 23:24:19,943 [INFO] Rule:233 - rule Rename DIE493 pin PA10 [PA12] -> PA10 is applicable
2025-10-10 23:24:19,943 [INFO] Rule:233 - rule Rename DIE493 pin PA9 [PA11] -> PA9 is applicable
2025-10-10 23:24:19,943 [INFO] Rule:233 - rule Rename DIE492 PartNumber CPN STM32WBA5MJGHx -> STM32WBA5MMGHx is applicable
2025-10-10 23:24:19,944 [INFO] Rule:233 - rule Rename DIE492 PartNumber  Name STM32WBA5MJGHx -> STM32WBA5MMGHx is applicable
2025-10-10 23:24:19,944 [INFO] Rule:233 - rule Rename DIE492 PartNumber UserName STM32WBA5MJGHx -> STM32WBA5MMGHx is applicable
2025-10-10 23:24:19,944 [INFO] Rule:233 - rule Rename DIE492 PartNumber DeviceId STM32WBA5MJGHx -> STM32WBA5MMGHx is applicable
2025-10-10 23:24:19,944 [INFO] Rule:233 - rule Adapt Old IOC CSI. is applicable
2025-10-10 23:24:19,944 [INFO] Rule:233 - rule Adapt Old IOC DCMIPP. is applicable
2025-10-10 23:24:19,944 [INFO] Rule:233 - rule Adapt Old IOC DCMIPP Mode Parallel. is applicable
2025-10-10 23:24:19,944 [INFO] Rule:233 - rule Adapt Old IOC LTDC. is applicable
2025-10-10 23:24:19,944 [INFO] Rule:233 - rule Rename STM32MP2 RIF Peripheral LTDC RIF.RISUP.LTDC_L0L1.Privilege -> RIF.RISUP.LTDC_L1L2.Privilege is applicable
2025-10-10 23:24:19,944 [INFO] Rule:233 - rule Rename STM32MP2 RIF Peripheral LTDC RIF.RISUP.LTDC_L0L1.Privilege -> RIF.RISUP.LTDC_L1L2.Privilege is applicable
2025-10-10 23:24:19,944 [INFO] Rule:233 - rule Rename STM32MP2 RIF Peripheral LTDC RIF.RISUP.LTDC_L0L1.Lock -> RIF.RISUP.LTDC_L1L2.Lock is applicable
2025-10-10 23:24:19,944 [INFO] Rule:233 - rule Rename STM32MP2 RIF Peripheral LTDC RIF.RISUP.LTDC_L2.Lock -> RIF.RISUP.LTDC_L3.Lock is applicable
2025-10-10 23:24:19,944 [INFO] Rule:233 - rule Adapt the old IOC example for updating the SYS when it is misconfigured. is applicable
2025-10-10 23:24:19,944 [INFO] Rule:233 - rule Rename STM32C09 Mcu.Package LQFP64 -> LQFP48 is applicable
2025-10-10 23:24:19,944 [INFO] Rule:233 - rule Adapt the old IOC example for updating the SYS when it is misconfigured. is applicable
2025-10-10 23:24:19,944 [INFO] Rule:233 - rule Adapt the old IOC example for updating the SYS when it is misconfigured. is applicable
2025-10-10 23:24:19,971 [INFO] DbConfProperties:307 - Apply Compatibility (54/282 Rules)
2025-10-10 23:24:19,985 [INFO] ImportTextPane:234 - (OptionalMessage_ERROR) Unable to find key (Mcu.ThirdPartyNb) in loaded IOC file
2025-10-10 23:24:19,987 [INFO] ImportTextPane:234 - (OptionalMessage_ERROR) Pin35 (VP_RIF_VS_RIF1) cannot be retrieved for this MCU
2025-10-10 23:24:20,017 [INFO] RtosManager:558 - Registered RTOS mode: class=CMSIS, group=RTOS, mode=CMSIS_V1, owner=FREERTOS
2025-10-10 23:24:20,017 [INFO] RtosManager:558 - Registered RTOS mode: class=CMSIS, group=RTOS2, mode=CMSIS_V2, owner=FREERTOS
2025-10-10 23:24:20,017 [INFO] RtosManager:558 - Registered RTOS mode: class=RTOS, group=Core, mode=CMSIS_V1, owner=FREERTOS
2025-10-10 23:24:20,017 [INFO] RtosManager:558 - Registered RTOS mode: class=RTOS, group=Core, mode=CMSIS_V2, owner=FREERTOS
2025-10-10 23:24:20,017 [WARN] ModelIntegratedComponent:184 - Missing modes for component STMicroelectronics:FreeRTOS:0.0.1:STMicroelectronics:RTOS:FreeRTOS:Core:::10.2.0:
2025-10-10 23:24:20,024 [WARN] ModelIntegratedComponent:63 - No mode defined for component null
2025-10-10 23:24:20,024 [WARN] ModelIntegratedComponent:63 - No mode defined for component null
2025-10-10 23:24:20,024 [WARN] ModelIntegratedComponent:63 - No mode defined for component null
2025-10-10 23:24:20,024 [WARN] ModelIntegratedComponent:63 - No mode defined for component null
2025-10-10 23:24:20,024 [WARN] ModelIntegratedComponent:63 - No mode defined for component null
2025-10-10 23:24:20,024 [WARN] ModelIntegratedComponent:63 - No mode defined for component null
2025-10-10 23:24:20,024 [WARN] ModelIntegratedComponent:63 - No mode defined for component null
2025-10-10 23:24:20,024 [WARN] ModelIntegratedComponent:63 - No mode defined for component null
2025-10-10 23:24:20,024 [WARN] ModelIntegratedComponent:63 - No mode defined for component null
2025-10-10 23:24:20,024 [WARN] ModelIntegratedComponent:63 - No mode defined for component null
2025-10-10 23:24:20,024 [WARN] ModelIntegratedComponent:63 - No mode defined for component null
2025-10-10 23:24:20,024 [WARN] ModelIntegratedComponent:63 - No mode defined for component null
2025-10-10 23:24:20,024 [WARN] ModelIntegratedComponent:63 - No mode defined for component null
2025-10-10 23:24:20,024 [WARN] ModelIntegratedComponent:63 - No mode defined for component null
2025-10-10 23:24:20,024 [WARN] ModelIntegratedComponent:63 - No mode defined for component null
2025-10-10 23:24:20,024 [WARN] ModelIntegratedComponent:63 - No mode defined for component null
2025-10-10 23:24:20,024 [WARN] ModelIntegratedComponent:63 - No mode defined for component null
2025-10-10 23:24:20,024 [WARN] ModelIntegratedComponent:63 - No mode defined for component null
2025-10-10 23:24:20,024 [WARN] ModelIntegratedComponent:63 - No mode defined for component null
2025-10-10 23:24:20,024 [WARN] ModelIntegratedComponent:63 - No mode defined for component null
2025-10-10 23:24:20,024 [WARN] ModelIntegratedComponent:63 - No mode defined for component null
2025-10-10 23:24:20,024 [WARN] ModelIntegratedComponent:63 - No mode defined for component null
2025-10-10 23:24:20,024 [WARN] ModelIntegratedComponent:63 - No mode defined for component null
2025-10-10 23:24:20,024 [WARN] ModelIntegratedComponent:63 - No mode defined for component null
2025-10-10 23:24:20,025 [WARN] ModelIntegratedComponent:63 - No mode defined for component null
2025-10-10 23:24:20,025 [WARN] ModelIntegratedComponent:63 - No mode defined for component null
2025-10-10 23:24:20,025 [WARN] ModelIntegratedComponent:63 - No mode defined for component null
2025-10-10 23:24:20,025 [WARN] ModelIntegratedComponent:63 - No mode defined for component null
2025-10-10 23:24:20,025 [WARN] ModelIntegratedComponent:63 - No mode defined for component null
2025-10-10 23:24:20,025 [WARN] ModelIntegratedComponent:63 - No mode defined for component null
2025-10-10 23:24:20,025 [WARN] ModelIntegratedComponent:63 - No mode defined for component null
2025-10-10 23:24:20,025 [WARN] ModelIntegratedComponent:63 - No mode defined for component null
2025-10-10 23:24:20,025 [WARN] ModelIntegratedComponent:63 - No mode defined for component null
2025-10-10 23:24:20,025 [WARN] ModelIntegratedComponent:63 - No mode defined for component null
2025-10-10 23:24:20,025 [WARN] ModelIntegratedComponent:63 - No mode defined for component null
2025-10-10 23:24:20,025 [WARN] ModelPack:524 - Component already loaded: STMicroelectronics:HAL Drivers:0.0.0:STMicroelectronics:Device:STMicro_Driver:XSPI:HAL::0.0.1:HAL_XSPI
2025-10-10 23:24:20,094 [INFO] ThirdPartyModel:298 - Start build external matchings
2025-10-10 23:24:20,479 [INFO] ThirdPartyModel:316 - End build external matchings
2025-10-10 23:24:20,492 [INFO] ImportTextPane:234 - (OptionalMessage_ERROR) IP (RCC) : Parameter (RTCHSEDivFreq_Value) has invalid value (4000000)
2025-10-10 23:24:20,619 [INFO] UtilMem:75 - End LoadConfig() Used Memory: 757993664 Bytes (919601152)
2025-10-10 23:24:20,637 [WARN] ThirdParty:833 - waiting for thirdparty lock release [change project]
2025-10-10 23:24:20,637 [INFO] ThirdParty:835 - entering critical section [change project]
2025-10-10 23:24:20,637 [INFO] ThirdParty:1030 - CMSIS Pack Vendor :STMicroelectronics X-CUBE-PM33A1 1.0.0
2025-10-10 23:24:20,637 [INFO] ThirdParty:1030 - CMSIS Pack Vendor :STMicroelectronics USBPD 4.1
2025-10-10 23:24:20,637 [INFO] ThirdParty:1030 - CMSIS Pack Vendor :STMicroelectronics X-CUBE-NFC9 1.0.0
2025-10-10 23:24:20,637 [INFO] ThirdParty:1030 - CMSIS Pack Vendor :STMicroelectronics USB_HOST 2.0.0
2025-10-10 23:24:20,637 [INFO] ThirdParty:1030 - CMSIS Pack Vendor :STMicroelectronics FP-SNS-MOTENVWB1 1.4.0
2025-10-10 23:24:20,637 [INFO] ThirdParty:1030 - CMSIS Pack Vendor :STMicroelectronics X-CUBE-AZRTOS-F4 1.1.0
2025-10-10 23:24:20,637 [INFO] ThirdParty:1030 - CMSIS Pack Vendor :STMicroelectronics LIBJPEG 8.0.0
2025-10-10 23:24:20,637 [INFO] ThirdParty:1030 - CMSIS Pack Vendor :STMicroelectronics FP-ATR-ASTRA1 2.0.2
2025-10-10 23:24:20,637 [INFO] ThirdParty:1030 - CMSIS Pack Vendor :wolfSSL I-CUBE-wolfSSL 5.8.2
2025-10-10 23:24:20,637 [INFO] ThirdParty:1030 - CMSIS Pack Vendor :STMicroelectronics X-CUBE-BLE1 7.1.0
2025-10-10 23:24:20,637 [INFO] ThirdParty:1030 - CMSIS Pack Vendor :Avnet-IotConnect X-CUBE-IoTC-DA16k-PMOD 1.0.0
2025-10-10 23:24:20,637 [INFO] ThirdParty:1030 - CMSIS Pack Vendor :STMicroelectronics X-CUBE-SMBUS 2.1.0
2025-10-10 23:24:20,637 [INFO] ThirdParty:1030 - CMSIS Pack Vendor :wolfSSL I-CUBE-wolfMQTT 1.19.2
2025-10-10 23:24:20,637 [INFO] ThirdParty:1030 - CMSIS Pack Vendor :STMicroelectronics USB_DEVICE 3.0.0
2025-10-10 23:24:20,637 [INFO] ThirdParty:1030 - CMSIS Pack Vendor :STMicroelectronics X-CUBE-ISPU 2.1.0
2025-10-10 23:24:20,637 [INFO] ThirdParty:1030 - CMSIS Pack Vendor :STMicroelectronics X-CUBE-EEPRMA1 5.2.0
2025-10-10 23:24:20,637 [INFO] ThirdParty:1030 - CMSIS Pack Vendor :STMicroelectronics X-CUBE-BLEMGR 4.1.0
2025-10-10 23:24:20,637 [INFO] ThirdParty:1030 - CMSIS Pack Vendor :STMicroelectronics X-CUBE-AZRTOS-WB 2.0.0
2025-10-10 23:24:20,637 [INFO] ThirdParty:1030 - CMSIS Pack Vendor :STMicroelectronics X-CUBE-ST60 1.0.0
2025-10-10 23:24:20,637 [INFO] ThirdParty:1030 - CMSIS Pack Vendor :STMicroelectronics X-CUBE-GNSS1 7.0.1
2025-10-10 23:24:20,637 [INFO] ThirdParty:1030 - CMSIS Pack Vendor :STMicroelectronics X-CUBE-NFC12 1.0.0
2025-10-10 23:24:20,637 [INFO] ThirdParty:1030 - CMSIS Pack Vendor :STMicroelectronics X-CUBE-AZRTOS-F7 1.1.0
2025-10-10 23:24:20,637 [INFO] ThirdParty:1030 - CMSIS Pack Vendor :STMicroelectronics X-CUBE-AZRTOS-L5 2.0.0
2025-10-10 23:24:20,637 [INFO] ThirdParty:1030 - CMSIS Pack Vendor :STMicroelectronics X-CUBE-TOUCHGFX 4.25.0
2025-10-10 23:24:20,637 [INFO] ThirdParty:1030 - CMSIS Pack Vendor :STMicroelectronics USB_DEVICE 2.0.0
2025-10-10 23:24:20,637 [INFO] ThirdParty:1030 - CMSIS Pack Vendor :STMicroelectronics X-CUBE-NFC6 3.1.0
2025-10-10 23:24:20,637 [INFO] ThirdParty:1030 - CMSIS Pack Vendor :quantropi X-CUBE-qispace-sdk-base 2.1.0
2025-10-10 23:24:20,637 [INFO] ThirdParty:1030 - CMSIS Pack Vendor :STMicroelectronics FreeRTOS 0.0.1
2025-10-10 23:24:20,637 [INFO] ThirdParty:1030 - CMSIS Pack Vendor :STMicroelectronics X-CUBE-AZRTOS-G0 1.1.0
2025-10-10 23:24:20,637 [INFO] ThirdParty:1030 - CMSIS Pack Vendor :STMicroelectronics X-CUBE-SAFEA1 1.2.2
2025-10-10 23:24:20,637 [INFO] ThirdParty:1030 - CMSIS Pack Vendor :STMicroelectronics X-CUBE-NFC4 3.0.0
2025-10-10 23:24:20,637 [INFO] ThirdParty:1030 - CMSIS Pack Vendor :STMicroelectronics X-CUBE-SUBG2 5.0.0
2025-10-10 23:24:20,637 [INFO] ThirdParty:1030 - CMSIS Pack Vendor :STMicroelectronics X-CUBE-AZRTOS-H7RS 1.1.0
2025-10-10 23:24:20,637 [INFO] ThirdParty:1030 - CMSIS Pack Vendor :STMicroelectronics STM32_WPAN 1.0.0
2025-10-10 23:24:20,637 [INFO] ThirdParty:1030 - CMSIS Pack Vendor :EmbeddedOffice I-CUBE-FS-RTOS 1.0.1
2025-10-10 23:24:20,637 [INFO] ThirdParty:1030 - CMSIS Pack Vendor :STMicroelectronics lwIP 2.0.3
2025-10-10 23:24:20,637 [INFO] ThirdParty:1030 - CMSIS Pack Vendor :WES I-CUBE-Cesium 1.4.0
2025-10-10 23:24:20,637 [INFO] ThirdParty:1030 - CMSIS Pack Vendor :Cesanta I-CUBE-Mongoose 7.13.0
2025-10-10 23:24:20,637 [INFO] ThirdParty:1030 - CMSIS Pack Vendor :STMicroelectronics USB_HOST 1.0.0
2025-10-10 23:24:20,637 [INFO] ThirdParty:1030 - CMSIS Pack Vendor :Infineon AIROC-Wi-Fi-Bluetooth-STM32 1.7.1
2025-10-10 23:24:20,637 [INFO] ThirdParty:1030 - CMSIS Pack Vendor :STMicroelectronics X-CUBE-AZRTOS-G4 2.0.0
2025-10-10 23:24:20,637 [INFO] ThirdParty:1030 - CMSIS Pack Vendor :STMicroelectronics X-CUBE-WB05N 2.0.0
2025-10-10 23:24:20,637 [INFO] ThirdParty:1030 - CMSIS Pack Vendor :STMicroelectronics PDM2PCM 3.1.0
2025-10-10 23:24:20,637 [INFO] ThirdParty:1030 - CMSIS Pack Vendor :STMicroelectronics PDM2PCM 3.3.0
2025-10-10 23:24:20,637 [INFO] ThirdParty:1030 - CMSIS Pack Vendor :wolfSSL I-CUBE-wolfTPM 3.8.0
2025-10-10 23:24:20,637 [INFO] ThirdParty:1030 - CMSIS Pack Vendor :STMicroelectronics X-CUBE-AZRTOS-H7 3.4.0
2025-10-10 23:24:20,637 [INFO] ThirdParty:1030 - CMSIS Pack Vendor :STMicroelectronics X-CUBE-DISPLAY 3.0.0
2025-10-10 23:24:20,637 [INFO] ThirdParty:1030 - CMSIS Pack Vendor :wolfSSL I-CUBE-wolfSSH 1.4.20
2025-10-10 23:24:20,637 [INFO] ThirdParty:1030 - CMSIS Pack Vendor :STMicroelectronics X-CUBE-NFC7 2.0.0
2025-10-10 23:24:20,637 [INFO] ThirdParty:1030 - CMSIS Pack Vendor :STMicroelectronics X-CUBE-TCPP 4.2.0
2025-10-10 23:24:20,637 [INFO] ThirdParty:1030 - CMSIS Pack Vendor :RealThread X-CUBE-RT-Thread_Nano 4.1.1
2025-10-10 23:24:20,638 [INFO] ThirdParty:1030 - CMSIS Pack Vendor :STMicroelectronics FP-ATR-SIGFOX1 3.2.0
2025-10-10 23:24:20,638 [INFO] ThirdParty:1030 - CMSIS Pack Vendor :STMicroelectronics X-CUBE-NFC10 1.0.0
2025-10-10 23:24:20,638 [INFO] ThirdParty:1030 - CMSIS Pack Vendor :STMicroelectronics X-CUBE-FREERTOS 1.3.1
2025-10-10 23:24:20,638 [INFO] ThirdParty:1030 - CMSIS Pack Vendor :STMicroelectronics HAL Drivers 0.0.0
2025-10-10 23:24:20,638 [INFO] ThirdParty:1030 - CMSIS Pack Vendor :STMicroelectronics MBEDTLS 2.16.2
2025-10-10 23:24:20,638 [INFO] ThirdParty:1030 - CMSIS Pack Vendor :STMicroelectronics X-CUBE-IPS 3.1.0
2025-10-10 23:24:20,638 [INFO] ThirdParty:1030 - CMSIS Pack Vendor :STMicroelectronics X-CUBE-ALS 1.0.2
2025-10-10 23:24:20,638 [INFO] ThirdParty:1030 - CMSIS Pack Vendor :emotas I-CUBE-CANOPEN 1.3.0
2025-10-10 23:24:20,638 [INFO] ThirdParty:1030 - CMSIS Pack Vendor :STMicroelectronics MBEDTLS 2.14.1
2025-10-10 23:24:20,638 [INFO] ThirdParty:1030 - CMSIS Pack Vendor :ITTIA_DB I-CUBE-ITTIADB 8.9.0
2025-10-10 23:24:20,638 [INFO] ThirdParty:1030 - CMSIS Pack Vendor :STMicroelectronics X-CUBE-TOUCHGFX 4.26.0
2025-10-10 23:24:20,638 [INFO] ThirdParty:1030 - CMSIS Pack Vendor :STMicroelectronics X-CUBE-STSE01 1.0.0
2025-10-10 23:24:20,638 [INFO] ThirdParty:1030 - CMSIS Pack Vendor :STMicroelectronics X-CUBE-ST67W61 1.0.0
2025-10-10 23:24:20,638 [INFO] ThirdParty:1030 - CMSIS Pack Vendor :STMicroelectronics FP-SNS-STBOX1 2.1.0
2025-10-10 23:24:20,638 [INFO] ThirdParty:1030 - CMSIS Pack Vendor :STMicroelectronics X-CUBE-AI 10.2.0
2025-10-10 23:24:20,638 [INFO] ThirdParty:1030 - CMSIS Pack Vendor :STMicroelectronics FP-SNS-STAIOTCFT 1.0.0
2025-10-10 23:24:20,638 [INFO] ThirdParty:1030 - CMSIS Pack Vendor :STMicroelectronics ThreadX 1.0.0
2025-10-10 23:24:20,638 [INFO] ThirdParty:1030 - CMSIS Pack Vendor :STMicroelectronics FP-SNS-SMARTAG2 1.2.0
2025-10-10 23:24:20,638 [INFO] ThirdParty:1030 - CMSIS Pack Vendor :STMicroelectronics FP-SNS-FLIGHT1 5.1.0
2025-10-10 23:24:20,638 [INFO] ThirdParty:1030 - CMSIS Pack Vendor :STMicroelectronics X-CUBE-AZRTOS-WL 2.0.0
2025-10-10 23:24:20,638 [INFO] ThirdParty:1030 - CMSIS Pack Vendor :SEGGER I-CUBE-embOS 1.3.1
2025-10-10 23:24:20,638 [INFO] ThirdParty:1030 - CMSIS Pack Vendor :STMicroelectronics X-CUBE-ALGOBUILD 1.4.0
2025-10-10 23:24:20,638 [INFO] ThirdParty:1030 - CMSIS Pack Vendor :STMicroelectronics X-CUBE-DPower 1.3.0
2025-10-10 23:24:20,638 [INFO] ThirdParty:1030 - CMSIS Pack Vendor :STMicroelectronics X-CUBE-MEMS1 11.3.0
2025-10-10 23:24:20,638 [INFO] ThirdParty:1030 - CMSIS Pack Vendor :STMicroelectronics FP-SNS-MOTENV1 5.0.0
2025-10-10 23:24:20,638 [INFO] ThirdParty:1030 - CMSIS Pack Vendor :STMicroelectronics USB_DEVICE 1.0.0
2025-10-10 23:24:20,638 [INFO] ThirdParty:1030 - CMSIS Pack Vendor :STMicroelectronics X-CUBE-AZRTOS-L4 2.0.0
2025-10-10 23:24:20,638 [INFO] ThirdParty:1030 - CMSIS Pack Vendor :STMicroelectronics ThreadX 0.0.2
2025-10-10 23:24:20,638 [INFO] ThirdParty:1030 - CMSIS Pack Vendor :STMicroelectronics lwIP 2.1.2
2025-10-10 23:24:20,638 [INFO] ThirdParty:1030 - CMSIS Pack Vendor :STMicroelectronics X-CUBE-SFXS2LP1 4.0.0
2025-10-10 23:24:20,638 [INFO] ThirdParty:1030 - CMSIS Pack Vendor :STMicroelectronics X-CUBE-BLE2 3.3.0
2025-10-10 23:24:20,638 [INFO] ThirdParty:1030 - CMSIS Pack Vendor :STMicroelectronics X-CUBE-TOF1 3.4.3
2025-10-10 23:24:20,638 [INFO] ThirdParty:1030 - CMSIS Pack Vendor :STMicroelectronics PDM2PCM 3.2.0
2025-10-10 23:24:20,638 [INFO] ThirdParty:841 - exiting critical section [change project]
2025-10-10 23:24:20,868 [INFO] PinOutPanel:1589 - setPackage(No Configuration,No Configuration)
2025-10-10 23:24:20,869 [INFO] PinOutPanel:1589 - setPackage(STM32F407VGTx,LQFP100)
2025-10-10 23:24:21,010 [INFO] UtilMem:75 - Before build in PCC Used Memory: 478758760 Bytes (919601152)
2025-10-10 23:24:21,173 [INFO] UtilMem:75 - After build in PCC Used Memory: 523847528 Bytes (919601152)
2025-10-10 23:24:21,181 [INFO] ApiDbMcu:532 - Load IP Config File for USB_HOST
2025-10-10 23:24:21,182 [WARN] BspModel:444 - BSP dependency skipped because of component: name='IOExpander', api='Unknown'
2025-10-10 23:24:21,207 [INFO] IPUIPlugin:80 - create IPUIPlugin
2025-10-10 23:24:21,207 [INFO] IPUIPlugin:80 - create IPUIPlugin
2025-10-10 23:24:21,207 [INFO] IPUIPlugin:80 - create IPUIPlugin
2025-10-10 23:24:21,207 [INFO] IPUIPlugin:80 - create IPUIPlugin
2025-10-10 23:24:21,207 [INFO] IPUIPlugin:80 - create IPUIPlugin
2025-10-10 23:24:21,207 [INFO] IPUIPlugin:80 - create IPUIPlugin
2025-10-10 23:24:21,207 [INFO] IPUIPlugin:80 - create IPUIPlugin
2025-10-10 23:24:21,207 [INFO] IPUIPlugin:80 - create IPUIPlugin
2025-10-10 23:24:21,208 [INFO] IPUIPlugin:80 - create IPUIPlugin
2025-10-10 23:24:21,208 [INFO] IPUIPlugin:80 - create IPUIPlugin
2025-10-10 23:24:21,208 [INFO] IPUIPlugin:80 - create IPUIPlugin
2025-10-10 23:24:21,208 [INFO] IPUIPlugin:80 - create IPUIPlugin
2025-10-10 23:24:21,208 [INFO] IPUIPlugin:80 - create IPUIPlugin
2025-10-10 23:24:21,208 [INFO] IPUIPlugin:80 - create IPUIPlugin
2025-10-10 23:24:21,208 [INFO] IPUIPlugin:80 - create IPUIPlugin
2025-10-10 23:24:21,208 [INFO] IPUIPlugin:80 - create IPUIPlugin
2025-10-10 23:24:21,209 [INFO] IPUIPlugin:80 - create IPUIPlugin
2025-10-10 23:24:21,209 [INFO] IPUIPlugin:80 - create IPUIPlugin
2025-10-10 23:24:21,209 [INFO] IPUIPlugin:80 - create IPUIPlugin
2025-10-10 23:24:21,209 [INFO] IPUIPlugin:80 - create IPUIPlugin
2025-10-10 23:24:21,209 [INFO] IPUIPlugin:80 - create IPUIPlugin
2025-10-10 23:24:21,209 [INFO] IPUIPlugin:80 - create IPUIPlugin
2025-10-10 23:24:21,210 [INFO] IPUIPlugin:80 - create IPUIPlugin
2025-10-10 23:24:21,210 [INFO] IPUIPlugin:80 - create IPUIPlugin
2025-10-10 23:24:21,210 [INFO] IPUIPlugin:80 - create IPUIPlugin
2025-10-10 23:24:21,210 [INFO] IPUIPlugin:80 - create IPUIPlugin
2025-10-10 23:24:21,210 [INFO] IPUIPlugin:80 - create IPUIPlugin
2025-10-10 23:24:21,211 [INFO] IPUIPlugin:80 - create IPUIPlugin
2025-10-10 23:24:21,211 [INFO] IPUIPlugin:80 - create IPUIPlugin
2025-10-10 23:24:21,211 [INFO] IPUIPlugin:80 - create IPUIPlugin
2025-10-10 23:24:21,211 [INFO] IPUIPlugin:80 - create IPUIPlugin
2025-10-10 23:24:21,211 [INFO] IPUIPlugin:80 - create IPUIPlugin
2025-10-10 23:24:21,211 [INFO] IPUIPlugin:80 - create IPUIPlugin
2025-10-10 23:24:21,211 [INFO] IPUIPlugin:80 - create IPUIPlugin
2025-10-10 23:24:21,211 [INFO] IPUIPlugin:80 - create IPUIPlugin
2025-10-10 23:24:21,211 [INFO] IPUIPlugin:80 - create IPUIPlugin
2025-10-10 23:24:21,211 [INFO] IPUIPlugin:80 - create IPUIPlugin
2025-10-10 23:24:21,211 [INFO] IPUIPlugin:80 - create IPUIPlugin
2025-10-10 23:24:21,211 [INFO] IPUIPlugin:80 - create IPUIPlugin
2025-10-10 23:24:21,212 [INFO] IPUIPlugin:80 - create IPUIPlugin
2025-10-10 23:24:21,212 [INFO] IPUIPlugin:80 - create IPUIPlugin
2025-10-10 23:24:21,212 [INFO] IPUIPlugin:80 - create IPUIPlugin
2025-10-10 23:24:21,212 [INFO] IPUIPlugin:80 - create IPUIPlugin
2025-10-10 23:24:21,212 [INFO] IPUIPlugin:80 - create IPUIPlugin
2025-10-10 23:24:21,212 [INFO] IPUIPlugin:80 - create IPUIPlugin
2025-10-10 23:24:21,212 [INFO] IPUIPlugin:80 - create IPUIPlugin
2025-10-10 23:24:21,212 [INFO] IPUIPlugin:80 - create IPUIPlugin
2025-10-10 23:24:21,212 [INFO] IPUIPlugin:80 - create IPUIPlugin
2025-10-10 23:24:21,212 [INFO] IPUIPlugin:80 - create IPUIPlugin
2025-10-10 23:24:21,212 [INFO] IPUIPlugin:80 - create IPUIPlugin
2025-10-10 23:24:21,213 [INFO] IPUIPlugin:80 - create IPUIPlugin
2025-10-10 23:24:21,213 [INFO] IPUIPlugin:80 - create IPUIPlugin
2025-10-10 23:24:21,213 [INFO] IPUIPlugin:80 - create IPUIPlugin
2025-10-10 23:24:21,213 [INFO] IPUIPlugin:80 - create IPUIPlugin
2025-10-10 23:24:21,214 [INFO] IPUIPlugin:80 - create IPUIPlugin
2025-10-10 23:24:21,214 [INFO] IPUIPlugin:80 - create IPUIPlugin
2025-10-10 23:24:21,214 [INFO] IPUIPlugin:80 - create IPUIPlugin
2025-10-10 23:24:21,215 [INFO] IPUIPlugin:80 - create IPUIPlugin
2025-10-10 23:24:21,217 [INFO] ApiDbMcu:532 - Load IP Config File for PDM2PCM
2025-10-10 23:24:21,218 [WARN] IP:2250 - I2C_Coeff_DF not found: check if there is a RefParameter without a condition.
2025-10-10 23:24:21,218 [WARN] IP:2250 - Analog_Filter not found: check if there is a RefParameter without a condition.
2025-10-10 23:24:21,221 [INFO] I2sManager:658 - 9.6E7
2025-10-10 23:24:21,221 [INFO] I2sManager:195 - I2S Clock Value : 9.6E7
2025-10-10 23:24:21,221 [INFO] I2sManager:553 - AudioClock : 93750Divider : 2Odd : 0
2025-10-10 23:24:21,260 [INFO] CADModel:165 - CPN selected for project levelSTM32F407VGT6
2025-10-10 23:24:21,260 [INFO] CADModel:114 - Register for checkConnection events
2025-10-10 23:24:21,318 [INFO] OpenFileManager:386 - Restore cursor
2025-10-10 23:24:21,440 [WARN] IP:2250 - I2C_Coeff_DF not found: check if there is a RefParameter without a condition.
2025-10-10 23:24:21,440 [WARN] IP:2250 - Analog_Filter not found: check if there is a RefParameter without a condition.
2025-10-10 23:24:21,440 [WARN] IP:2250 - I2C_Coeff_DF not found: check if there is a RefParameter without a condition.
2025-10-10 23:24:21,440 [WARN] IP:2250 - Analog_Filter not found: check if there is a RefParameter without a condition.
2025-10-10 23:24:21,579 [INFO] UtilMem:75 - End SaveConfig() Used Memory: 651773800 Bytes (919601152)
2025-10-10 23:24:21,605 [INFO] UtilMem:75 - End SaveConfig() Used Memory: 672218984 Bytes (919601152)
2025-10-10 23:24:21,789 [INFO] BlockDiagram:2775 - set Specific Code input for plugin: SPI
2025-10-10 23:24:21,789 [INFO] BlockDiagram:2775 - set Specific Code input for plugin: I2S
2025-10-10 23:24:21,789 [INFO] BlockDiagram:2775 - set Specific Code input for plugin: SYS
2025-10-10 23:24:21,789 [INFO] BlockDiagram:2775 - set Specific Code input for plugin: RCC
2025-10-10 23:24:21,789 [INFO] BlockDiagram:2775 - set Specific Code input for plugin: I2C
2025-10-10 23:24:21,789 [INFO] BlockDiagram:2775 - set Specific Code input for plugin: USB_OTG_FS
2025-10-10 23:24:21,789 [INFO] BlockDiagram:2775 - set Specific Code input for plugin: NVIC
2025-10-10 23:24:21,789 [INFO] BlockDiagram:2775 - set Specific Code input for plugin: USB_HOST
2025-10-10 23:24:21,790 [INFO] BlockDiagram:2775 - set Specific Code input for plugin: GPIO
2025-10-10 23:24:21,790 [INFO] CodeGenerator:892 - code generatio: config db path: /opt/st/stm32cubeide_1.19.0/plugins/com.st.stm32cube.common.mx_6.15.0.202507011659//db/
2025-10-10 23:24:21,791 [WARN] IP:2250 - I2C_Coeff_DF not found: check if there is a RefParameter without a condition.
2025-10-10 23:24:21,791 [WARN] IP:2250 - Analog_Filter not found: check if there is a RefParameter without a condition.
2025-10-10 23:24:21,870 [INFO] CodeEngine:265 - oldGeneratedFile, /home/oleksii/STM32CubeIDE/workspace_1.19.0/workspace_embedded/Lab2_1/MXTmpFiles/license.tmp_save
2025-10-10 23:24:22,008 [INFO] CodeEngine:289 - Generated code: /home/oleksii/STM32CubeIDE/workspace_1.19.0/workspace_embedded/Lab2_1/MXTmpFiles/license.tmp
2025-10-10 23:24:22,045 [INFO] CodeEngine:265 - oldGeneratedFile, /home/oleksii/STM32CubeIDE/workspace_1.19.0/workspace_embedded/Lab2_1/MXTmpFiles/gpio.tmp_save
2025-10-10 23:24:22,118 [INFO] CodeEngine:289 - Generated code: /home/oleksii/STM32CubeIDE/workspace_1.19.0/workspace_embedded/Lab2_1/MXTmpFiles/gpio.tmp
2025-10-10 23:24:22,184 [WARN] IPConfigManager:3238 - Warning: the RefConfig PWREx_EnableUSBVoltageDetector is not available in your config.xml file
2025-10-10 23:24:22,188 [INFO] CodeEngine:265 - oldGeneratedFile, /home/oleksii/STM32CubeIDE/workspace_1.19.0/workspace_embedded/Lab2_1/MXTmpFiles/usb_otg_fs_vars.tmp_save
2025-10-10 23:24:22,253 [INFO] CodeEngine:289 - Generated code: /home/oleksii/STM32CubeIDE/workspace_1.19.0/workspace_embedded/Lab2_1/MXTmpFiles/usb_otg_fs_vars.tmp
2025-10-10 23:24:22,254 [INFO] CodeEngine:265 - oldGeneratedFile, /home/oleksii/STM32CubeIDE/workspace_1.19.0/workspace_embedded/Lab2_1/MXTmpFiles/usb_otg_fs_inc.tmp_save
2025-10-10 23:24:22,302 [INFO] CodeEngine:289 - Generated code: /home/oleksii/STM32CubeIDE/workspace_1.19.0/workspace_embedded/Lab2_1/MXTmpFiles/usb_otg_fs_inc.tmp
2025-10-10 23:24:22,303 [INFO] CodeEngine:265 - oldGeneratedFile, /home/oleksii/STM32CubeIDE/workspace_1.19.0/workspace_embedded/Lab2_1/MXTmpFiles/usb_otg_fs_HalInit.tmp_save
2025-10-10 23:24:22,377 [INFO] CodeEngine:289 - Generated code: /home/oleksii/STM32CubeIDE/workspace_1.19.0/workspace_embedded/Lab2_1/MXTmpFiles/usb_otg_fs_HalInit.tmp
2025-10-10 23:24:22,378 [INFO] CodeEngine:265 - oldGeneratedFile, /home/oleksii/STM32CubeIDE/workspace_1.19.0/workspace_embedded/Lab2_1/MXTmpFiles/usb_otg_fs_Msp.tmp_save
2025-10-10 23:24:22,432 [INFO] CodeEngine:289 - Generated code: /home/oleksii/STM32CubeIDE/workspace_1.19.0/workspace_embedded/Lab2_1/MXTmpFiles/usb_otg_fs_Msp.tmp
2025-10-10 23:24:22,562 [INFO] CodeEngine:265 - oldGeneratedFile, /home/oleksii/STM32CubeIDE/workspace_1.19.0/workspace_embedded/Lab2_1/USB_HOST/App/usb_host.c_save
2025-10-10 23:24:22,610 [INFO] CodeEngine:289 - Generated code: /home/oleksii/STM32CubeIDE/workspace_1.19.0/workspace_embedded/Lab2_1/USB_HOST/App/usb_host.c
2025-10-10 23:24:22,611 [INFO] CodeEngine:265 - oldGeneratedFile, /home/oleksii/STM32CubeIDE/workspace_1.19.0/workspace_embedded/Lab2_1/USB_HOST/App/usb_host.h_save
2025-10-10 23:24:22,650 [INFO] CodeEngine:289 - Generated code: /home/oleksii/STM32CubeIDE/workspace_1.19.0/workspace_embedded/Lab2_1/USB_HOST/App/usb_host.h
2025-10-10 23:24:22,650 [INFO] CodeEngine:265 - oldGeneratedFile, /home/oleksii/STM32CubeIDE/workspace_1.19.0/workspace_embedded/Lab2_1/USB_HOST/Target/usbh_conf.h_save
2025-10-10 23:24:22,697 [INFO] CodeEngine:289 - Generated code: /home/oleksii/STM32CubeIDE/workspace_1.19.0/workspace_embedded/Lab2_1/USB_HOST/Target/usbh_conf.h
2025-10-10 23:24:22,698 [INFO] CodeEngine:265 - oldGeneratedFile, /home/oleksii/STM32CubeIDE/workspace_1.19.0/workspace_embedded/Lab2_1/USB_HOST/Target/usbh_conf.c_save
2025-10-10 23:24:22,738 [INFO] CodeEngine:289 - Generated code: /home/oleksii/STM32CubeIDE/workspace_1.19.0/workspace_embedded/Lab2_1/USB_HOST/Target/usbh_conf.c
2025-10-10 23:24:22,738 [INFO] CodeEngine:265 - oldGeneratedFile, /home/oleksii/STM32CubeIDE/workspace_1.19.0/workspace_embedded/Lab2_1/USB_HOST/Target/usbh_platform.c_save
2025-10-10 23:24:22,777 [INFO] CodeEngine:289 - Generated code: /home/oleksii/STM32CubeIDE/workspace_1.19.0/workspace_embedded/Lab2_1/USB_HOST/Target/usbh_platform.c
2025-10-10 23:24:22,777 [INFO] CodeEngine:265 - oldGeneratedFile, /home/oleksii/STM32CubeIDE/workspace_1.19.0/workspace_embedded/Lab2_1/USB_HOST/Target/usbh_platform.h_save
2025-10-10 23:24:22,816 [INFO] CodeEngine:289 - Generated code: /home/oleksii/STM32CubeIDE/workspace_1.19.0/workspace_embedded/Lab2_1/USB_HOST/Target/usbh_platform.h
2025-10-10 23:24:22,820 [INFO] CodeEngine:265 - oldGeneratedFile, /home/oleksii/STM32CubeIDE/workspace_1.19.0/workspace_embedded/Lab2_1/Core/Src/stm32f4xx_it.c_save
2025-10-10 23:24:22,858 [INFO] CodeEngine:289 - Generated code: /home/oleksii/STM32CubeIDE/workspace_1.19.0/workspace_embedded/Lab2_1/Core/Src/stm32f4xx_it.c
2025-10-10 23:24:22,859 [INFO] CodeEngine:265 - oldGeneratedFile, /home/oleksii/STM32CubeIDE/workspace_1.19.0/workspace_embedded/Lab2_1/Core/Inc/stm32f4xx_it.h_save
2025-10-10 23:24:22,897 [INFO] CodeEngine:289 - Generated code: /home/oleksii/STM32CubeIDE/workspace_1.19.0/workspace_embedded/Lab2_1/Core/Inc/stm32f4xx_it.h
2025-10-10 23:24:22,902 [INFO] CodeEngine:265 - oldGeneratedFile, /home/oleksii/STM32CubeIDE/workspace_1.19.0/workspace_embedded/Lab2_1/Core/Src/stm32f4xx_hal_msp.c_save
2025-10-10 23:24:22,974 [INFO] CodeEngine:289 - Generated code: /home/oleksii/STM32CubeIDE/workspace_1.19.0/workspace_embedded/Lab2_1/Core/Src/stm32f4xx_hal_msp.c
2025-10-10 23:24:22,974 [INFO] CodeEngine:265 - oldGeneratedFile, /home/oleksii/STM32CubeIDE/workspace_1.19.0/workspace_embedded/Lab2_1/MXTmpFiles/system.tmp_save
2025-10-10 23:24:23,010 [INFO] CodeEngine:289 - Generated code: /home/oleksii/STM32CubeIDE/workspace_1.19.0/workspace_embedded/Lab2_1/MXTmpFiles/system.tmp
2025-10-10 23:24:23,013 [INFO] CodeEngine:321 - oldGeneratedFile, /home/oleksii/STM32CubeIDE/workspace_1.19.0/workspace_embedded/Lab2_1/Core/Inc/stm32f4xx_hal_conf.h_save
2025-10-10 23:24:23,054 [INFO] CodeEngine:345 - Generated code: /home/oleksii/STM32CubeIDE/workspace_1.19.0/workspace_embedded/Lab2_1/Core/Inc/stm32f4xx_hal_conf.h
2025-10-10 23:24:23,067 [INFO] ApiDbMcu:532 - Load IP Config File for I2C1
2025-10-10 23:24:23,069 [INFO] ApiDbMcu:532 - Load IP Config File for I2S3
2025-10-10 23:24:23,071 [INFO] ApiDbMcu:532 - Load IP Config File for SPI1
2025-10-10 23:24:23,074 [INFO] ApiDbMcu:532 - Load IP Config File for RCC
2025-10-10 23:24:23,078 [INFO] CodeEngine:265 - oldGeneratedFile, /home/oleksii/STM32CubeIDE/workspace_1.19.0/workspace_embedded/Lab2_1/Core/Inc/main.h_save
2025-10-10 23:24:23,118 [INFO] CodeEngine:289 - Generated code: /home/oleksii/STM32CubeIDE/workspace_1.19.0/workspace_embedded/Lab2_1/Core/Inc/main.h
2025-10-10 23:24:23,118 [INFO] CodeEngine:265 - oldGeneratedFile, /home/oleksii/STM32CubeIDE/workspace_1.19.0/workspace_embedded/Lab2_1/Core/Src/main.c_save
2025-10-10 23:24:23,182 [INFO] CodeEngine:289 - Generated code: /home/oleksii/STM32CubeIDE/workspace_1.19.0/workspace_embedded/Lab2_1/Core/Src/main.c
2025-10-10 23:24:23,341 [INFO] ProjectBuilder:3606 - Time for Copy HAL[1] : 18mS.
2025-10-10 23:24:23,344 [INFO] ProjectBuilder:5216 - Project Generator version: 4.7.0-B52
2025-10-10 23:24:23,399 [INFO] ConfigFileManager:1595 - The Die is : DIE413
2025-10-10 23:24:23,401 [INFO] ApiDbMcu:532 - Load IP Config File for FATFS
2025-10-10 23:24:23,403 [INFO] ApiDbMcu:532 - Load IP Config File for FREERTOS
2025-10-10 23:24:23,404 [INFO] ApiDbMcu:532 - Load IP Config File for LIBJPEG
2025-10-10 23:24:23,407 [INFO] ApiDbMcu:532 - Load IP Config File for LWIP
2025-10-10 23:24:23,409 [INFO] ApiDbMcu:532 - Load IP Config File for MBEDTLS
2025-10-10 23:24:23,412 [INFO] ApiDbMcu:532 - Load IP Config File for USB_DEVICE
2025-10-10 23:24:24,075 [INFO] ProjectBuilder:5496 - Time for Generating toolchain IDE Files: 732mS.
2025-10-10 23:24:24,075 [INFO] ProjectBuilder:3463 - Time for Copy CMSIS : 0mS.
2025-10-10 23:24:24,076 [INFO] ProjectBuilder:3463 - Time for Copy CMSIS : 0mS.
2025-10-10 23:24:24,245 [INFO] McuFinderGlobals:76 - Set McuFinderConnectedMode to true
2025-10-10 23:24:24,246 [INFO] ApiDb:448 - Save user favorites file /home/oleksii/.stm32cubeide/favorites.mcus.txt: 0 item(s)
2025-10-10 23:24:24,247 [INFO] ApiDb:452 - User favorites MCUs=[]
2025-10-10 23:24:24,247 [INFO] ApiDb:448 - Save user favorites file /home/oleksii/.stm32cubeide/favorites.boards.txt: 0 item(s)
2025-10-10 23:24:24,247 [INFO] ApiDb:452 - User favorites Boards=[]
2025-10-10 23:24:39,384 [ERROR] LogOutputStream:75 - [STDERR_REDIRECT] 
2025-10-10 23:25:51,479 [INFO] Activator:176 - 


2025-10-10 23:25:51,480 [INFO] Activator:177 - !SESSION log4j initialized
2025-10-10 23:25:52,962 [INFO] LogOutputStream:77 - [STDOUT_REDIRECT] 
2025-10-10 23:25:53,563 [INFO] ApplicationProperties:184 - Using Application install path: /opt/st/stm32cubeide_1.19.0/plugins/com.st.stm32cube.common.mx_6.15.0.202507011659
2025-10-10 23:25:53,572 [INFO] DbMcusXml:78 - Set database path to: /opt/st/stm32cubeide_1.19.0/plugins/com.st.stm32cube.common.mx_6.15.0.202507011659//db//mcu/
2025-10-10 23:25:53,572 [INFO] ApiDb:274 - Set plugin database path to: /opt/st/stm32cubeide_1.19.0/plugins/com.st.stm32cube.common.mx_6.15.0.202507011659//db//plugins/boardmanager/
2025-10-10 23:25:53,572 [WARN] ApiDb:259 - Overriding images path with different value:  => /opt/st/stm32cubeide_1.19.0/plugins/com.st.stm32cube.common.mx_6.15.0.202507011659//db//plugins/mcufinder/images/
2025-10-10 23:25:53,574 [INFO] ApiDb:250 - Set database path to: /home/oleksii/.stmcufinder/plugins/mcufinder//mcu/
2025-10-10 23:25:53,575 [INFO] DbMcusAds:125 - Set database path to: /home/oleksii/.stmcufinder/plugins/mcufinder//mcu/
2025-10-10 23:25:53,576 [INFO] CrossReferenceDbSqlite:203 - Set database path to: /home/oleksii/.stmcufinder/plugins/mcufinder//mcu/cs/
2025-10-10 23:25:53,642 [INFO] RulesReader:64 - Compatibility file has been processed (317 Rules)
2025-10-10 23:25:53,676 [INFO] DbMcusXml:78 - Set database path to: /opt/st/stm32cubeide_1.19.0/plugins/com.st.stm32cube.common.mx_6.15.0.202507011659//db//mcu/
2025-10-10 23:25:53,676 [INFO] ApiDb:274 - Set plugin database path to: /opt/st/stm32cubeide_1.19.0/plugins/com.st.stm32cube.common.mx_6.15.0.202507011659//db//plugins/boardmanager/
2025-10-10 23:25:53,676 [INFO] ApiDb:261 - Set plugin images path to: /opt/st/stm32cubeide_1.19.0/plugins/com.st.stm32cube.common.mx_6.15.0.202507011659//db//plugins/mcufinder/images/
2025-10-10 23:25:53,676 [WARN] DbFile:41 - Overriding database path with different value: /home/oleksii/.stmcufinder/plugins/mcufinder/ => /home/oleksii/.stmcufinder/plugins/mcufinder
2025-10-10 23:25:53,677 [INFO] ApiDb:250 - Set database path to: /home/oleksii/.stmcufinder/plugins/mcufinder//mcu/
2025-10-10 23:25:53,677 [WARN] DbFile:41 - Overriding database path with different value: /home/oleksii/.stmcufinder/plugins/mcufinder/ => /home/oleksii/.stmcufinder/plugins/mcufinder
2025-10-10 23:25:53,677 [INFO] DbMcusAds:125 - Set database path to: /home/oleksii/.stmcufinder/plugins/mcufinder//mcu/
2025-10-10 23:25:53,677 [WARN] DbFile:41 - Overriding database path with different value: /home/oleksii/.stmcufinder/plugins/mcufinder/ => /home/oleksii/.stmcufinder/plugins/mcufinder
2025-10-10 23:25:53,677 [WARN] DbFile:41 - Overriding database path with different value: /home/oleksii/.stmcufinder/plugins/mcufinder/ => /home/oleksii/.stmcufinder/plugins/mcufinder
2025-10-10 23:25:53,677 [INFO] CrossReferenceDbSqlite:203 - Set database path to: /home/oleksii/.stmcufinder/plugins/mcufinder//mcu/cs/
2025-10-10 23:25:53,726 [INFO] MainPanel:274 - HeapMemory: 268435456
2025-10-10 23:25:53,794 [INFO] DbMcusXml:78 - Set database path to: /opt/st/stm32cubeide_1.19.0/plugins/com.st.stm32cube.common.mx_6.15.0.202507011659//db//mcu/
2025-10-10 23:25:53,794 [INFO] ApiDb:274 - Set plugin database path to: /opt/st/stm32cubeide_1.19.0/plugins/com.st.stm32cube.common.mx_6.15.0.202507011659//db//plugins/boardmanager/
2025-10-10 23:25:53,794 [INFO] ApiDb:261 - Set plugin images path to: /opt/st/stm32cubeide_1.19.0/plugins/com.st.stm32cube.common.mx_6.15.0.202507011659//db//plugins/mcufinder/images/
2025-10-10 23:25:53,795 [WARN] DbFile:41 - Overriding database path with different value: /home/oleksii/.stmcufinder/plugins/mcufinder/ => /home/oleksii/.stmcufinder/plugins/mcufinder
2025-10-10 23:25:53,795 [INFO] ApiDb:250 - Set database path to: /home/oleksii/.stmcufinder/plugins/mcufinder//mcu/
2025-10-10 23:25:53,795 [WARN] DbFile:41 - Overriding database path with different value: /home/oleksii/.stmcufinder/plugins/mcufinder/ => /home/oleksii/.stmcufinder/plugins/mcufinder
2025-10-10 23:25:53,795 [INFO] DbMcusAds:125 - Set database path to: /home/oleksii/.stmcufinder/plugins/mcufinder//mcu/
2025-10-10 23:25:53,795 [WARN] DbFile:41 - Overriding database path with different value: /home/oleksii/.stmcufinder/plugins/mcufinder/ => /home/oleksii/.stmcufinder/plugins/mcufinder
2025-10-10 23:25:53,795 [WARN] DbFile:41 - Overriding database path with different value: /home/oleksii/.stmcufinder/plugins/mcufinder/ => /home/oleksii/.stmcufinder/plugins/mcufinder
2025-10-10 23:25:53,795 [INFO] CrossReferenceDbSqlite:203 - Set database path to: /home/oleksii/.stmcufinder/plugins/mcufinder//mcu/cs/
2025-10-10 23:25:53,814 [INFO] ApplicationProperties:184 - Using Application install path: /opt/st/stm32cubeide_1.19.0/plugins/com.st.stm32cube.common.mx_6.15.0.202507011659
2025-10-10 23:25:53,816 [INFO] PluginManage:196 - Search for loadable plugins [exclusion list=, ]
2025-10-10 23:25:53,817 [INFO] PluginManage:310 - Check plugin analytics
2025-10-10 23:25:53,933 [INFO] AnalyticsPlugin:253 - Accepted Software Licenses: 
2025-10-10 23:25:53,933 [INFO] AnalyticsPlugin:255 - Accepted CMSIS Pack Licenses: 
2025-10-10 23:25:53,933 [INFO] AnalyticsPlugin:257 - Accepted Firmware Licenses: FW.F4.1.28.0
2025-10-10 23:25:53,935 [INFO] PluginManage:359 - Loaded plugin analytics (category:tool,tabindex:-1)
2025-10-10 23:25:53,935 [INFO] PluginManage:310 - Check plugin cadmodel
2025-10-10 23:25:53,937 [INFO] CADModel:105 - Init CAD model plugin
2025-10-10 23:25:53,937 [INFO] PluginManage:359 - Loaded plugin cadmodel (category:power,tabindex:5)
2025-10-10 23:25:53,937 [INFO] PluginManage:310 - Check plugin clock
2025-10-10 23:25:53,941 [INFO] PluginManage:359 - Loaded plugin clock (category:base,tabindex:2)
2025-10-10 23:25:53,941 [INFO] PluginManage:310 - Check plugin ddr
2025-10-10 23:25:53,942 [INFO] PluginManage:359 - Loaded plugin ddr (category:tool,tabindex:6)
2025-10-10 23:25:53,942 [INFO] PluginManage:310 - Check plugin filemanager
2025-10-10 23:25:54,024 [INFO] PluginManage:359 - Loaded plugin filemanager (category:base,tabindex:10)
2025-10-10 23:25:54,024 [INFO] PluginManage:310 - Check plugin ipmanager
2025-10-10 23:25:54,027 [INFO] PluginManage:359 - Loaded plugin ipmanager (category:base,tabindex:5)
2025-10-10 23:25:54,027 [INFO] PluginManage:310 - Check plugin lpbam
2025-10-10 23:25:54,031 [INFO] PluginManage:359 - Loaded plugin lpbam (category:base,tabindex:0)
2025-10-10 23:25:54,031 [INFO] PluginManage:310 - Check plugin memorymap
2025-10-10 23:25:54,038 [INFO] PluginManage:359 - Loaded plugin memorymap (category:base,tabindex:4)
2025-10-10 23:25:54,038 [INFO] PluginManage:310 - Check plugin pinoutandconfiguration
2025-10-10 23:25:54,042 [INFO] PluginManage:359 - Loaded plugin pinoutandconfiguration (category:base,tabindex:1)
2025-10-10 23:25:54,042 [INFO] PluginManage:310 - Check plugin pinoutconfig
2025-10-10 23:25:54,092 [WARN] SupportedApi:132 - Cannot load RTOS API schema: s4s-elt-must-match.1: The content of 'definitions' must match (annotation?, (simpleType | complexType)?, (unique | key | keyref)*)). A problem was found starting at: attribute.
2025-10-10 23:25:54,164 [INFO] PluginManage:359 - Loaded plugin pinoutconfig (category:base,tabindex:0)
2025-10-10 23:25:54,164 [INFO] PluginManage:310 - Check plugin power
2025-10-10 23:25:54,169 [INFO] PluginManage:359 - Loaded plugin power (category:power,tabindex:4)
2025-10-10 23:25:54,169 [INFO] PluginManage:310 - Check plugin projectmanager
2025-10-10 23:25:54,179 [INFO] PluginManage:359 - Loaded plugin projectmanager (category:projectmanager,tabindex:4)
2025-10-10 23:25:54,179 [INFO] PluginManage:310 - Check plugin rif
2025-10-10 23:25:54,184 [INFO] PluginManage:359 - Loaded plugin rif (category:base,tabindex:3)
2025-10-10 23:25:54,184 [INFO] PluginManage:310 - Check plugin thirdparty
2025-10-10 23:25:54,259 [INFO] PluginManage:359 - Loaded plugin thirdparty (category:base,tabindex:-1)
2025-10-10 23:25:54,259 [WARN] IntegrityCheckThread:84 - waiting for thirdparty lock release [integrity check]
2025-10-10 23:25:54,259 [INFO] IntegrityCheckThread:86 - entering critical section [integrity check]
2025-10-10 23:25:54,259 [INFO] PluginManage:310 - Check plugin tools
2025-10-10 23:25:54,259 [INFO] ThirdPartyUpdaterWithRetryManager:70 - Updater plugin not ready yet. [1/15]
2025-10-10 23:25:54,260 [INFO] PluginManage:359 - Loaded plugin tools (category:base,tabindex:7)
2025-10-10 23:25:54,260 [INFO] PluginManage:310 - Check plugin tutovideos
2025-10-10 23:25:54,370 [INFO] PluginManage:359 - Loaded plugin tutovideos (category:base,tabindex:-1)
2025-10-10 23:25:54,370 [INFO] PluginManage:310 - Check plugin updater
2025-10-10 23:25:54,381 [INFO] PluginManage:359 - Loaded plugin updater (category:base,tabindex:12)
2025-10-10 23:25:54,382 [INFO] PluginManage:310 - Check plugin userauth
2025-10-10 23:25:54,383 [INFO] UserAuth:118 - Init User Auth plugin
2025-10-10 23:25:54,384 [INFO] PluginManage:359 - Loaded plugin userauth (category:base,tabindex:14)
2025-10-10 23:25:54,384 [INFO] PluginManage:283 - PluginManage : Loaded plugins [18]
2025-10-10 23:25:54,471 [INFO] PinOutPanel:1589 - setPackage(No Configuration,No Configuration)
2025-10-10 23:25:54,506 [INFO] CADModel:165 - CPN selected for project level
2025-10-10 23:25:54,506 [INFO] CADModel:114 - Register for checkConnection events
2025-10-10 23:25:54,510 [INFO] IPUIPlugin:80 - create IPUIPlugin
2025-10-10 23:25:54,511 [INFO] PluginManager:220 - loadIPPluginJar : add radio
2025-10-10 23:25:54,513 [INFO] IPUIPlugin:80 - create IPUIPlugin
2025-10-10 23:25:54,513 [INFO] PluginManager:220 - loadIPPluginJar : add spi
2025-10-10 23:25:54,513 [INFO] IPUIPlugin:80 - create IPUIPlugin
2025-10-10 23:25:54,513 [INFO] PluginManager:220 - loadIPPluginJar : add tsc
2025-10-10 23:25:54,516 [INFO] IPUIPlugin:80 - create IPUIPlugin
2025-10-10 23:25:54,516 [INFO] PluginManager:220 - loadIPPluginJar : add fmc
2025-10-10 23:25:54,517 [INFO] IPUIPlugin:80 - create IPUIPlugin
2025-10-10 23:25:54,517 [INFO] PluginManager:220 - loadIPPluginJar : add hash
2025-10-10 23:25:54,518 [INFO] IPUIPlugin:80 - create IPUIPlugin
2025-10-10 23:25:54,518 [INFO] PluginManager:220 - loadIPPluginJar : add extmemmanager
2025-10-10 23:25:54,519 [INFO] IPUIPlugin:80 - create IPUIPlugin
2025-10-10 23:25:54,519 [INFO] PluginManager:220 - loadIPPluginJar : add tim
2025-10-10 23:25:54,519 [INFO] IPUIPlugin:80 - create IPUIPlugin
2025-10-10 23:25:54,519 [INFO] PluginManager:220 - loadIPPluginJar : add ltdc
2025-10-10 23:25:54,520 [INFO] IPUIPlugin:80 - create IPUIPlugin
2025-10-10 23:25:54,520 [INFO] PluginManager:220 - loadIPPluginJar : add quadspi
2025-10-10 23:25:54,522 [INFO] IPUIPlugin:80 - create IPUIPlugin
2025-10-10 23:25:54,522 [INFO] PluginManager:220 - loadIPPluginJar : add gic
2025-10-10 23:25:54,523 [INFO] IPUIPlugin:80 - create IPUIPlugin
2025-10-10 23:25:54,523 [INFO] PluginManager:220 - loadIPPluginJar : add comp
2025-10-10 23:25:54,523 [INFO] IPUIPlugin:80 - create IPUIPlugin
2025-10-10 23:25:54,524 [INFO] PluginManager:220 - loadIPPluginJar : add fatfs
2025-10-10 23:25:54,527 [INFO] IPUIPlugin:80 - create IPUIPlugin
2025-10-10 23:25:54,527 [INFO] PluginManager:220 - loadIPPluginJar : add linkedlist
2025-10-10 23:25:54,527 [INFO] IPUIPlugin:80 - create IPUIPlugin
2025-10-10 23:25:54,528 [INFO] PluginManager:220 - loadIPPluginJar : add ucpd
2025-10-10 23:25:54,528 [INFO] IPUIPlugin:80 - create IPUIPlugin
2025-10-10 23:25:54,529 [INFO] PluginManager:220 - loadIPPluginJar : add ddr_ctrl_phy
2025-10-10 23:25:54,529 [INFO] IPUIPlugin:80 - create IPUIPlugin
2025-10-10 23:25:54,529 [INFO] PluginManager:220 - loadIPPluginJar : add gfxmmu
2025-10-10 23:25:54,530 [INFO] IPUIPlugin:80 - create IPUIPlugin
2025-10-10 23:25:54,530 [INFO] PluginManager:220 - loadIPPluginJar : add usart
2025-10-10 23:25:54,533 [INFO] IPUIPlugin:80 - create IPUIPlugin
2025-10-10 23:25:54,533 [INFO] PluginManager:220 - loadIPPluginJar : add dma
2025-10-10 23:25:54,534 [INFO] IPUIPlugin:80 - create IPUIPlugin
2025-10-10 23:25:54,534 [INFO] PluginManager:220 - loadIPPluginJar : add aes
2025-10-10 23:25:54,536 [INFO] IPUIPlugin:80 - create IPUIPlugin
2025-10-10 23:25:54,538 [INFO] PluginManager:220 - loadIPPluginJar : add plateformsettings
2025-10-10 23:25:54,538 [INFO] IPUIPlugin:80 - create IPUIPlugin
2025-10-10 23:25:54,538 [INFO] PluginManager:220 - loadIPPluginJar : add genericplugin
2025-10-10 23:25:54,539 [INFO] IPUIPlugin:80 - create IPUIPlugin
2025-10-10 23:25:54,539 [INFO] PluginManager:220 - loadIPPluginJar : add pdm2pcm
2025-10-10 23:25:54,541 [INFO] IPUIPlugin:80 - create IPUIPlugin
2025-10-10 23:25:54,541 [INFO] PluginManager:220 - loadIPPluginJar : add ipddr
2025-10-10 23:25:54,542 [INFO] IPUIPlugin:80 - create IPUIPlugin
2025-10-10 23:25:54,542 [INFO] PluginManager:220 - loadIPPluginJar : add opamp
2025-10-10 23:25:54,543 [INFO] IPUIPlugin:80 - create IPUIPlugin
2025-10-10 23:25:54,543 [INFO] PluginManager:220 - loadIPPluginJar : add dma3
2025-10-10 23:25:54,544 [INFO] IPUIPlugin:80 - create IPUIPlugin
2025-10-10 23:25:54,544 [INFO] PluginManager:220 - loadIPPluginJar : add dfsdm
2025-10-10 23:25:54,545 [INFO] IPUIPlugin:80 - create IPUIPlugin
2025-10-10 23:25:54,545 [INFO] PluginManager:220 - loadIPPluginJar : add ts
2025-10-10 23:25:54,546 [INFO] IPUIPlugin:80 - create IPUIPlugin
2025-10-10 23:25:54,546 [INFO] PluginManager:220 - loadIPPluginJar : add nvic
2025-10-10 23:25:54,547 [INFO] IPUIPlugin:80 - create IPUIPlugin
2025-10-10 23:25:54,547 [INFO] PluginManager:220 - loadIPPluginJar : add cryp
2025-10-10 23:25:54,549 [INFO] IPUIPlugin:80 - create IPUIPlugin
2025-10-10 23:25:54,549 [INFO] PluginManager:220 - loadIPPluginJar : add freertos
2025-10-10 23:25:54,550 [INFO] IPUIPlugin:80 - create IPUIPlugin
2025-10-10 23:25:54,550 [INFO] PluginManager:220 - loadIPPluginJar : add resmgrutility
2025-10-10 23:25:54,551 [INFO] IPUIPlugin:80 - create IPUIPlugin
2025-10-10 23:25:54,551 [INFO] PluginManager:220 - loadIPPluginJar : add gtzc
2025-10-10 23:25:54,552 [INFO] IPUIPlugin:80 - create IPUIPlugin
2025-10-10 23:25:54,552 [INFO] PluginManager:220 - loadIPPluginJar : add tracer_emb
2025-10-10 23:25:54,555 [INFO] IPUIPlugin:80 - create IPUIPlugin
2025-10-10 23:25:54,555 [INFO] PluginManager:220 - loadIPPluginJar : add stm32_wpan
2025-10-10 23:25:54,556 [INFO] IPUIPlugin:80 - create IPUIPlugin
2025-10-10 23:25:54,557 [INFO] PluginManager:220 - loadIPPluginJar : add gpio
2025-10-10 23:25:54,558 [INFO] IPUIPlugin:80 - create IPUIPlugin
2025-10-10 23:25:54,558 [INFO] PluginManager:220 - loadIPPluginJar : add sai
2025-10-10 23:25:54,559 [INFO] IPUIPlugin:80 - create IPUIPlugin
2025-10-10 23:25:54,559 [INFO] PluginManager:220 - loadIPPluginJar : add usbx
2025-10-10 23:25:54,560 [INFO] IPUIPlugin:80 - create IPUIPlugin
2025-10-10 23:25:54,560 [INFO] PluginManager:220 - loadIPPluginJar : add touchsensing
2025-10-10 23:25:54,561 [INFO] IPUIPlugin:80 - create IPUIPlugin
2025-10-10 23:25:54,561 [INFO] PluginManager:220 - loadIPPluginJar : add openamp
2025-10-10 23:25:54,562 [INFO] IPUIPlugin:80 - create IPUIPlugin
2025-10-10 23:25:54,562 [INFO] PluginManager:220 - loadIPPluginJar : add i3c
2025-10-10 23:25:54,563 [INFO] IPUIPlugin:80 - create IPUIPlugin
2025-10-10 23:25:54,563 [INFO] PluginManager:220 - loadIPPluginJar : add i2s
2025-10-10 23:25:54,564 [INFO] IPUIPlugin:80 - create IPUIPlugin
2025-10-10 23:25:54,564 [INFO] PluginManager:220 - loadIPPluginJar : add can
2025-10-10 23:25:54,565 [INFO] IPUIPlugin:80 - create IPUIPlugin
2025-10-10 23:25:54,565 [INFO] PluginManager:220 - loadIPPluginJar : add lorawan
2025-10-10 23:25:54,568 [INFO] IPUIPlugin:80 - create IPUIPlugin
2025-10-10 23:25:54,568 [INFO] PluginManager:220 - loadIPPluginJar : add adc
2025-10-10 23:25:54,569 [INFO] IPUIPlugin:80 - create IPUIPlugin
2025-10-10 23:25:54,569 [INFO] PluginManager:220 - loadIPPluginJar : add i2c
2025-10-10 23:25:54,572 [INFO] IPUIPlugin:80 - create IPUIPlugin
2025-10-10 23:25:54,572 [INFO] PluginManager:220 - loadIPPluginJar : add mdma
2025-10-10 23:25:54,660 [FATAL] Updater:351 - Updater called before beeing initialized
2025-10-10 23:25:54,677 [INFO] RulesReader:64 - Compatibility file has been processed (317 Rules)
2025-10-10 23:25:54,685 [INFO] RulesReader:64 - Compatibility file has been processed (317 Rules)
2025-10-10 23:25:54,689 [INFO] CADModel:165 - CPN selected for project level
2025-10-10 23:25:54,689 [INFO] CADModel:114 - Register for checkConnection events
2025-10-10 23:25:54,689 [FATAL] Updater:351 - Updater called before beeing initialized
2025-10-10 23:25:54,689 [ERROR] CADModel:125 - Updater not yet initialized, retry later 
2025-10-10 23:25:54,754 [FATAL] Updater:351 - Updater called before beeing initialized
2025-10-10 23:25:54,755 [INFO] CADModel:165 - CPN selected for project level
2025-10-10 23:25:54,755 [INFO] CADModel:114 - Register for checkConnection events
2025-10-10 23:25:54,755 [FATAL] Updater:351 - Updater called before beeing initialized
2025-10-10 23:25:54,756 [ERROR] CADModel:125 - Updater not yet initialized, retry later 
2025-10-10 23:25:54,757 [FATAL] Updater:351 - Updater called before beeing initialized
2025-10-10 23:25:54,809 [FATAL] Updater:351 - Updater called before beeing initialized
2025-10-10 23:25:54,811 [INFO] DbMcusAds:53 - JSON generation date=Thu Oct 02 12:36:05 EEST 2025 (1759397765645)
2025-10-10 23:25:54,811 [FATAL] Updater:351 - Updater called before beeing initialized
2025-10-10 23:25:54,831 [WARN] DetailPanel:346 - Failed to get advertising image, set to default
2025-10-10 23:25:54,878 [FATAL] Updater:351 - Updater called before beeing initialized
2025-10-10 23:25:54,879 [FATAL] Updater:351 - Updater called before beeing initialized
2025-10-10 23:25:54,879 [FATAL] Updater:351 - Updater called before beeing initialized
2025-10-10 23:25:54,879 [WARN] DetailPanel:346 - Failed to get advertising image, set to default
2025-10-10 23:25:54,880 [FATAL] Updater:351 - Updater called before beeing initialized
2025-10-10 23:25:54,898 [ERROR] Updater:1198 - MainUpdater not yet initialized. External WinMGr cannot be set.
2025-10-10 23:25:54,899 [INFO] Updater:1134 - Updater Version found : 6.15.0
2025-10-10 23:25:54,909 [INFO] ApplicationProperties:184 - Using Application install path: /opt/st/stm32cubeide_1.19.0/plugins/com.st.stm32cube.common.mx_6.15.0.202507011659
2025-10-10 23:25:55,124 [INFO] MainUpdater:2872 - connection check result : 10
2025-10-10 23:25:55,125 [INFO] MainUpdater:289 - Updater Check For Update Now.
2025-10-10 23:25:55,125 [INFO] MicroXplorer:498 - Change Database Version : DB.6.0.150
2025-10-10 23:25:55,127 [INFO] McuFinderGlobals:63 - Set McuFinder mode to 2 (CubeIDE integrated)
2025-10-10 23:25:55,128 [INFO] UserAuth:487 - Internet connection configuration mode: 1
2025-10-10 23:25:55,137 [INFO] JxBrowserEngine:152 - Initiate JxBrowser Engine with user profile folder
2025-10-10 23:25:55,292 [INFO] CheckServerUpdateThread:120 - End of CheckServer Thread
2025-10-10 23:25:55,502 [INFO] WebApp:169 - Instantiating new browser for Auth
2025-10-10 23:25:55,856 [INFO] WebApp:463 - Apply proxy settings
2025-10-10 23:25:55,857 [INFO] WebApp:548 - Chromium requires no authentication
2025-10-10 23:25:55,861 [INFO] WebApp:491 - Direct internet connection detected
2025-10-10 23:25:55,870 [INFO] WebApp:900 - Register for checkConnection events
2025-10-10 23:25:55,870 [INFO] WebApp:463 - Apply proxy settings
2025-10-10 23:25:55,870 [INFO] WebApp:548 - Chromium requires no authentication
2025-10-10 23:25:55,870 [INFO] WebApp:491 - Direct internet connection detected
2025-10-10 23:25:55,941 [INFO] WebApp:225 - Starting web application
2025-10-10 23:25:55,941 [INFO] WebApp:593 - Web application path used /opt/st/stm32cubeide_1.19.0/plugins/com.st.stm32cube.common.mx_6.15.0.202507011659/db/plugins/mcufinder/reactClient1/index.html
2025-10-10 23:25:55,997 [INFO] UserAuth:487 - Internet connection configuration mode: 1
2025-10-10 23:25:56,158 [INFO] WebApp:191 - Connection restablished
2025-10-10 23:25:57,363 [WARN] PackLoader:240 - Cannot read IP mode file for STMicroelectronics.FP-SNS-MOTENVWB1.1.4.0
2025-10-10 23:25:57,368 [WARN] PackLoader:240 - Cannot read IP mode file for STMicroelectronics.FP-ATR-ASTRA1.2.0.2
2025-10-10 23:25:57,372 [WARN] PackLoader:240 - Cannot read IP mode file for STMicroelectronics.X-CUBE-SMBUS.2.1.0
2025-10-10 23:25:57,374 [WARN] PackLoader:240 - Cannot read IP mode file for STMicroelectronics.X-CUBE-ST60.1.0.0
2025-10-10 23:25:57,400 [WARN] PackLoader:240 - Cannot read IP mode file for STMicroelectronics.X-CUBE-AZRTOS-F7.1.1.0
2025-10-10 23:25:57,410 [WARN] PackLoader:240 - Cannot read IP mode file for WES.I-CUBE-Cesium.1.4.0
2025-10-10 23:25:57,426 [WARN] PackLoader:240 - Cannot read IP mode file for Infineon.AIROC-Wi-Fi-Bluetooth-STM32.1.7.1
2025-10-10 23:25:57,442 [WARN] PackLoader:240 - Cannot read IP mode file for STMicroelectronics.X-CUBE-AZRTOS-H7.3.4.0
2025-10-10 23:25:57,448 [WARN] PackLoader:240 - Cannot read IP mode file for STMicroelectronics.X-CUBE-DISPLAY.3.0.0
2025-10-10 23:25:57,454 [WARN] PackLoader:240 - Cannot read IP mode file for STMicroelectronics.X-CUBE-NFC10.1.0.0
2025-10-10 23:25:57,457 [WARN] PackLoader:240 - Cannot read IP mode file for emotas.I-CUBE-CANOPEN.1.3.0
2025-10-10 23:25:57,461 [WARN] PackLoader:240 - Cannot read IP mode file for STMicroelectronics.FP-SNS-STBOX1.2.1.0
2025-10-10 23:25:57,464 [WARN] PackLoader:240 - Cannot read IP mode file for STMicroelectronics.FP-SNS-SMARTAG2.1.2.0
2025-10-10 23:25:57,465 [WARN] PackLoader:240 - Cannot read IP mode file for STMicroelectronics.FP-SNS-FLIGHT1.5.1.0
2025-10-10 23:25:57,470 [INFO] LogOutputStream:77 - [STDOUT_REDIRECT] 1 : Invalid condition id : UX_CORESTACK_Condition cause : null
2025-10-10 23:25:57,470 [INFO] LogOutputStream:77 - [STDOUT_REDIRECT] 1 : Invalid condition id : UX_CORESTACK_Condition cause : null
2025-10-10 23:25:57,470 [INFO] LogOutputStream:77 - [STDOUT_REDIRECT] 1 : Invalid condition id : UX_CORESTACK_Condition cause : null
2025-10-10 23:25:57,470 [INFO] LogOutputStream:77 - [STDOUT_REDIRECT] 1 : Invalid condition id : UX_CORESTACK_Condition cause : null
2025-10-10 23:25:57,470 [INFO] LogOutputStream:77 - [STDOUT_REDIRECT] 1 : Invalid condition id : UX_CORESTACK_Condition cause : null
2025-10-10 23:25:57,472 [WARN] PackLoader:240 - Cannot read IP mode file for STMicroelectronics.X-CUBE-AZRTOS-WL.2.0.0
2025-10-10 23:25:57,474 [WARN] PackLoader:240 - Cannot read IP mode file for STMicroelectronics.FP-SNS-MOTENV1.5.0.0
2025-10-10 23:25:57,478 [WARN] PackLoader:240 - Cannot read IP mode file for STMicroelectronics.X-CUBE-BLE2.3.3.0
2025-10-10 23:25:57,480 [WARN] PackLoader:240 - Cannot read IP mode file for STMicroelectronics.X-CUBE-NFC9.1.0.0
2025-10-10 23:25:57,483 [WARN] PackLoader:240 - Cannot read IP mode file for wolfSSL.I-CUBE-wolfSSL.5.8.2
2025-10-10 23:25:57,485 [WARN] PackLoader:240 - Cannot read IP mode file for STMicroelectronics.X-CUBE-BLE1.7.1.0
2025-10-10 23:25:57,486 [WARN] PackLoader:240 - Cannot read IP mode file for wolfSSL.I-CUBE-wolfMQTT.1.19.2
2025-10-10 23:25:57,489 [WARN] PackLoader:240 - Cannot read IP mode file for STMicroelectronics.X-CUBE-EEPRMA1.5.2.0
2025-10-10 23:25:57,497 [WARN] PackLoader:240 - Cannot read IP mode file for STMicroelectronics.X-CUBE-AZRTOS-G0.1.1.0
2025-10-10 23:25:57,501 [WARN] PackLoader:240 - Cannot read IP mode file for STMicroelectronics.X-CUBE-SAFEA1.1.2.2
2025-10-10 23:25:57,503 [WARN] PackLoader:240 - Cannot read IP mode file for STMicroelectronics.X-CUBE-NFC4.3.0.0
2025-10-10 23:25:57,508 [WARN] PackLoader:240 - Cannot read IP mode file for EmbeddedOffice.I-CUBE-FS-RTOS.1.0.1
2025-10-10 23:25:57,510 [WARN] PackLoader:240 - Cannot read IP mode file for STMicroelectronics.X-CUBE-WB05N.2.0.0
2025-10-10 23:25:57,512 [WARN] PackLoader:240 - Cannot read IP mode file for wolfSSL.I-CUBE-wolfTPM.3.8.0
2025-10-10 23:25:57,514 [WARN] PackLoader:240 - Cannot read IP mode file for STMicroelectronics.X-CUBE-TCPP.4.2.0
2025-10-10 23:25:57,517 [WARN] PackLoader:240 - Cannot read IP mode file for RealThread.X-CUBE-RT-Thread_Nano.4.1.1
2025-10-10 23:25:57,524 [WARN] PackLoader:240 - Cannot read IP mode file for STMicroelectronics.FP-ATR-SIGFOX1.3.2.0
2025-10-10 23:25:57,529 [WARN] PackLoader:240 - Cannot read IP mode file for ITTIA_DB.I-CUBE-ITTIADB.8.9.0
2025-10-10 23:25:57,533 [WARN] PackLoader:240 - Cannot read IP mode file for STMicroelectronics.X-CUBE-ST67W61.1.0.0
2025-10-10 23:25:57,536 [WARN] PackLoader:240 - Cannot read IP mode file for STMicroelectronics.X-CUBE-AI.10.2.0
2025-10-10 23:25:57,559 [WARN] PackLoader:240 - Cannot read IP mode file for SEGGER.I-CUBE-embOS.1.3.1
2025-10-10 23:25:57,601 [WARN] PackLoader:240 - Cannot read IP mode file for STMicroelectronics.X-CUBE-ALGOBUILD.1.4.0
2025-10-10 23:25:57,626 [WARN] PackLoader:240 - Cannot read IP mode file for STMicroelectronics.X-CUBE-MEMS1.11.3.0
2025-10-10 23:25:57,706 [WARN] PackLoader:240 - Cannot read IP mode file for STMicroelectronics.X-CUBE-PM33A1.1.0.0
2025-10-10 23:25:57,717 [WARN] PackLoader:240 - Cannot read IP mode file for STMicroelectronics.X-CUBE-AZRTOS-F4.1.1.0
2025-10-10 23:25:57,721 [WARN] PackLoader:240 - Cannot read IP mode file for Avnet-IotConnect.X-CUBE-IoTC-DA16k-PMOD.1.0.0
2025-10-10 23:25:57,723 [WARN] PackLoader:240 - Cannot read IP mode file for STMicroelectronics.X-CUBE-ISPU.2.1.0
2025-10-10 23:25:57,725 [WARN] PackLoader:240 - Cannot read IP mode file for STMicroelectronics.X-CUBE-NFC12.1.0.0
2025-10-10 23:25:57,733 [WARN] PackLoader:240 - Cannot read IP mode file for STMicroelectronics.X-CUBE-AZRTOS-L5.2.0.0
2025-10-10 23:25:57,737 [WARN] PackLoader:240 - Cannot read IP mode file for STMicroelectronics.X-CUBE-NFC6.3.1.0
2025-10-10 23:25:57,740 [WARN] PackLoader:240 - Cannot read IP mode file for STMicroelectronics.X-CUBE-FREERTOS.1.3.1
2025-10-10 23:25:57,742 [WARN] PackLoader:240 - Cannot read IP mode file for STMicroelectronics.X-CUBE-TOUCHGFX.4.26.0
2025-10-10 23:25:57,744 [WARN] PackLoader:240 - Cannot read IP mode file for STMicroelectronics.FP-SNS-STAIOTCFT.1.0.0
2025-10-10 23:25:57,746 [WARN] PackLoader:240 - Cannot read IP mode file for STMicroelectronics.X-CUBE-DPower.1.3.0
2025-10-10 23:25:57,754 [WARN] ConditionMgr:438 - getConditionDescription Invalid condition id : LAN8742 Phy interface Condition cause : null
2025-10-10 23:25:57,754 [WARN] PackLoader:240 - Cannot read IP mode file for STMicroelectronics.X-CUBE-AZRTOS-L4.2.0.0
2025-10-10 23:25:57,755 [WARN] ConditionMgr:1044 - genDependencies : Invalid condition id : LAN8742 Phy interface Condition cause : null
2025-10-10 23:25:57,755 [WARN] ConditionMgr:1044 - genDependencies : Invalid condition id : LAN8742 Phy interface Condition cause : null
2025-10-10 23:25:57,755 [WARN] ConditionMgr:1044 - genDependencies : Invalid condition id : LAN8742 Phy interface Condition cause : null
2025-10-10 23:25:57,759 [WARN] PackLoader:240 - Cannot read IP mode file for STMicroelectronics.X-CUBE-SFXS2LP1.4.0.0
2025-10-10 23:25:57,766 [WARN] PackLoader:240 - Cannot read IP mode file for STMicroelectronics.X-CUBE-BLEMGR.4.1.0
2025-10-10 23:25:57,773 [WARN] ConditionMgr:438 - getConditionDescription Invalid condition id : UX DEVICE CLASS RTOS Condition cause : null
2025-10-10 23:25:57,774 [WARN] ConditionMgr:438 - getConditionDescription Invalid condition id : UX DEVICE CLASS RTOS Condition cause : null
2025-10-10 23:25:57,775 [WARN] PackLoader:240 - Cannot read IP mode file for STMicroelectronics.X-CUBE-AZRTOS-WB.2.0.0
2025-10-10 23:25:57,775 [WARN] ConditionMgr:1044 - genDependencies : Invalid condition id : UX DEVICE CLASS RTOS Condition cause : null
2025-10-10 23:25:57,775 [WARN] ConditionMgr:1044 - genDependencies : Invalid condition id : UX DEVICE CLASS RTOS Condition cause : null
2025-10-10 23:25:57,775 [WARN] ConditionMgr:1044 - genDependencies : Invalid condition id : UX DEVICE CLASS RTOS Condition cause : null
2025-10-10 23:25:57,775 [WARN] ConditionMgr:1044 - genDependencies : Invalid condition id : UX DEVICE CLASS RTOS Condition cause : null
2025-10-10 23:25:57,775 [WARN] ConditionMgr:1044 - genDependencies : Invalid condition id : UX DEVICE CLASS RTOS Condition cause : null
2025-10-10 23:25:57,778 [WARN] PackLoader:240 - Cannot read IP mode file for STMicroelectronics.X-CUBE-GNSS1.7.0.1
2025-10-10 23:25:57,780 [WARN] PackLoader:240 - Cannot read IP mode file for STMicroelectronics.X-CUBE-TOUCHGFX.4.25.0
2025-10-10 23:25:57,781 [WARN] ConditionMgr:438 - getConditionDescription Invalid condition id : Cortex-A Device cause : null
2025-10-10 23:25:57,788 [WARN] ConditionMgr:1044 - genDependencies : Invalid condition id : Cortex-A Device cause : null
2025-10-10 23:25:57,788 [WARN] ConditionMgr:1044 - genDependencies : Invalid condition id : Cortex-A Device cause : null
2025-10-10 23:25:57,789 [WARN] ConditionMgr:1044 - genDependencies : Invalid condition id : Cortex-A Device cause : null
2025-10-10 23:25:57,793 [WARN] PackLoader:240 - Cannot read IP mode file for STMicroelectronics.X-CUBE-SUBG2.5.0.0
2025-10-10 23:25:57,803 [WARN] PackLoader:240 - Cannot read IP mode file for STMicroelectronics.X-CUBE-AZRTOS-H7RS.1.1.0
2025-10-10 23:25:57,806 [WARN] PackLoader:240 - Cannot read IP mode file for Cesanta.I-CUBE-Mongoose.7.13.0
2025-10-10 23:25:57,811 [WARN] PackLoader:240 - Cannot read IP mode file for STMicroelectronics.X-CUBE-AZRTOS-G4.2.0.0
2025-10-10 23:25:57,814 [WARN] PackLoader:240 - Cannot read IP mode file for wolfSSL.I-CUBE-wolfSSH.1.4.20
2025-10-10 23:25:57,816 [WARN] PackLoader:240 - Cannot read IP mode file for STMicroelectronics.X-CUBE-NFC7.2.0.0
2025-10-10 23:25:57,821 [WARN] PackLoader:240 - Cannot read IP mode file for STMicroelectronics.X-CUBE-IPS.3.1.0
2025-10-10 23:25:57,825 [WARN] PackLoader:240 - Cannot read IP mode file for STMicroelectronics.X-CUBE-ALS.1.0.2
2025-10-10 23:25:57,829 [WARN] PackLoader:240 - Cannot read IP mode file for STMicroelectronics.X-CUBE-STSE01.1.0.0
2025-10-10 23:25:57,834 [WARN] PackLoader:240 - Cannot read IP mode file for STMicroelectronics.X-CUBE-TOF1.3.4.3
2025-10-10 23:25:57,840 [INFO] ThirdParty:978 - Integrity check success = true
2025-10-10 23:25:57,840 [INFO] IntegrityCheckThread:100 - exiting critical section [integrity check]
2025-10-10 23:25:57,840 [INFO] IntegrityCheckThread:103 - End integrity checks thread
2025-10-10 23:26:12,731 [INFO] McuFinderGlobals:63 - Set McuFinder mode to 2 (CubeIDE integrated)
2025-10-10 23:26:12,733 [INFO] MainUpdater:2872 - connection check result : 10
2025-10-10 23:26:12,733 [INFO] MainUpdater:2872 - connection check result : 10
2025-10-10 23:26:12,744 [INFO] MicroXplorer:468 - Change Database Path : 
2025-10-10 23:26:12,744 [INFO] MicroXplorer:498 - Change Database Version : DB.6.0.150
2025-10-10 23:26:12,747 [WARN] ThirdParty:871 - waiting for thirdparty lock release [close project]
2025-10-10 23:26:12,747 [INFO] ThirdParty:873 - entering critical section [close project]
2025-10-10 23:26:12,747 [INFO] ThirdParty:883 - exiting critical section [close project]
2025-10-10 23:26:12,748 [INFO] PinOutPanel:1589 - setPackage(No Configuration,No Configuration)
2025-10-10 23:26:12,749 [INFO] UtilMem:75 - Begin LoadConfig() Used Memory: 231696568 Bytes (268435456)
2025-10-10 23:26:12,750 [INFO] MicroXplorer:468 - Change Database Path : 
2025-10-10 23:26:12,750 [INFO] MicroXplorer:498 - Change Database Version : DB.6.0.150
2025-10-10 23:26:12,750 [INFO] OpenFileManager:355 - Change cursor
2025-10-10 23:26:12,760 [INFO] Mcu:2029 - Initializing MCU STM32F407V(E-G)Tx STM32F407VGTx STM32F407VGT6
2025-10-10 23:26:13,537 [INFO] Context:786 - Trying to add GPIOservice into a context  which must be forbidden
2025-10-10 23:26:13,861 [INFO] ImportTextPane:234 - (OptionalMessage_ERROR) Pin37 (VP_RIF_VS_RIF1) cannot be retrieved for this MCU
2025-10-10 23:26:13,930 [INFO] RtosManager:558 - Registered RTOS mode: class=CMSIS, group=RTOS, mode=CMSIS_V1, owner=FREERTOS
2025-10-10 23:26:13,930 [INFO] RtosManager:558 - Registered RTOS mode: class=CMSIS, group=RTOS2, mode=CMSIS_V2, owner=FREERTOS
2025-10-10 23:26:13,930 [INFO] RtosManager:558 - Registered RTOS mode: class=RTOS, group=Core, mode=CMSIS_V1, owner=FREERTOS
2025-10-10 23:26:13,930 [INFO] RtosManager:558 - Registered RTOS mode: class=RTOS, group=Core, mode=CMSIS_V2, owner=FREERTOS
2025-10-10 23:26:13,930 [WARN] ModelIntegratedComponent:184 - Missing modes for component STMicroelectronics:FreeRTOS:0.0.1:STMicroelectronics:RTOS:FreeRTOS:Core:::10.2.0:
2025-10-10 23:26:13,950 [WARN] ModelIntegratedComponent:63 - No mode defined for component null
2025-10-10 23:26:13,951 [WARN] ModelIntegratedComponent:63 - No mode defined for component null
2025-10-10 23:26:13,951 [WARN] ModelIntegratedComponent:63 - No mode defined for component null
2025-10-10 23:26:13,951 [WARN] ModelIntegratedComponent:63 - No mode defined for component null
2025-10-10 23:26:13,951 [WARN] ModelIntegratedComponent:63 - No mode defined for component null
2025-10-10 23:26:13,951 [WARN] ModelIntegratedComponent:63 - No mode defined for component null
2025-10-10 23:26:13,951 [WARN] ModelIntegratedComponent:63 - No mode defined for component null
2025-10-10 23:26:13,951 [WARN] ModelIntegratedComponent:63 - No mode defined for component null
2025-10-10 23:26:13,951 [WARN] ModelIntegratedComponent:63 - No mode defined for component null
2025-10-10 23:26:13,951 [WARN] ModelIntegratedComponent:63 - No mode defined for component null
2025-10-10 23:26:13,951 [WARN] ModelIntegratedComponent:63 - No mode defined for component null
2025-10-10 23:26:13,951 [WARN] ModelIntegratedComponent:63 - No mode defined for component null
2025-10-10 23:26:13,951 [WARN] ModelIntegratedComponent:63 - No mode defined for component null
2025-10-10 23:26:13,951 [WARN] ModelIntegratedComponent:63 - No mode defined for component null
2025-10-10 23:26:13,951 [WARN] ModelIntegratedComponent:63 - No mode defined for component null
2025-10-10 23:26:13,951 [WARN] ModelIntegratedComponent:63 - No mode defined for component null
2025-10-10 23:26:13,951 [WARN] ModelIntegratedComponent:63 - No mode defined for component null
2025-10-10 23:26:13,951 [WARN] ModelIntegratedComponent:63 - No mode defined for component null
2025-10-10 23:26:13,951 [WARN] ModelIntegratedComponent:63 - No mode defined for component null
2025-10-10 23:26:13,952 [WARN] ModelIntegratedComponent:63 - No mode defined for component null
2025-10-10 23:26:13,952 [WARN] ModelIntegratedComponent:63 - No mode defined for component null
2025-10-10 23:26:13,952 [WARN] ModelIntegratedComponent:63 - No mode defined for component null
2025-10-10 23:26:13,952 [WARN] ModelIntegratedComponent:63 - No mode defined for component null
2025-10-10 23:26:13,952 [WARN] ModelIntegratedComponent:63 - No mode defined for component null
2025-10-10 23:26:13,952 [WARN] ModelIntegratedComponent:63 - No mode defined for component null
2025-10-10 23:26:13,952 [WARN] ModelIntegratedComponent:63 - No mode defined for component null
2025-10-10 23:26:13,952 [WARN] ModelIntegratedComponent:63 - No mode defined for component null
2025-10-10 23:26:13,952 [WARN] ModelIntegratedComponent:63 - No mode defined for component null
2025-10-10 23:26:13,952 [WARN] ModelIntegratedComponent:63 - No mode defined for component null
2025-10-10 23:26:13,952 [WARN] ModelIntegratedComponent:63 - No mode defined for component null
2025-10-10 23:26:13,952 [WARN] ModelIntegratedComponent:63 - No mode defined for component null
2025-10-10 23:26:13,952 [WARN] ModelIntegratedComponent:63 - No mode defined for component null
2025-10-10 23:26:13,952 [WARN] ModelIntegratedComponent:63 - No mode defined for component null
2025-10-10 23:26:13,952 [WARN] ModelIntegratedComponent:63 - No mode defined for component null
2025-10-10 23:26:13,952 [WARN] ModelIntegratedComponent:63 - No mode defined for component null
2025-10-10 23:26:13,952 [WARN] ModelPack:524 - Component already loaded: STMicroelectronics:HAL Drivers:0.0.0:STMicroelectronics:Device:STMicro_Driver:XSPI:HAL::0.0.1:HAL_XSPI
2025-10-10 23:26:14,039 [INFO] ThirdPartyModel:298 - Start build external matchings
2025-10-10 23:26:14,413 [INFO] ThirdPartyModel:316 - End build external matchings
2025-10-10 23:26:14,431 [INFO] ImportTextPane:234 - (OptionalMessage_ERROR) IP (RCC) : Parameter (RTCHSEDivFreq_Value) has invalid value (4000000)
2025-10-10 23:26:14,635 [INFO] ApiDb:581 - Connected to CubeFinder SQLite database (/home/oleksii/.stmcufinder/plugins/mcufinder/mcu/cube-finder-db.db)
2025-10-10 23:26:14,669 [INFO] ApiDb:668 - CubeFinder database Data Model version=2.1
2025-10-10 23:26:14,669 [INFO] ApiDb:669 - CubeFinder database Configuration version=3.0.39
2025-10-10 23:26:14,670 [INFO] ApiDb:670 - CubeFinder database generation date=2025-08-25 (1756130511)
2025-10-10 23:26:14,670 [INFO] ApiDb:671 - CubeFinder database FW Pack versions=[FP-ATR-ASTRA1_V2.0.0, FP-SNS-FLIGHT1_V5.1.0, FP-SNS-MOTENV1_V5.0.0, FP-SNS-MOTENVWB1_V1.4.0, FP-SNS-SMARTAG2_V1.2.0, FP-SNS-STBOX1_V2.1.0, STM32Cube_FW_C0_V1.4.0, STM32Cube_FW_F4_V1.28.3, STM32Cube_FW_F7_V1.17.4, STM32Cube_FW_G0_V1.6.2, STM32Cube_FW_G4_V1.6.1, STM32Cube_FW_H5_V1.5.0, STM32Cube_FW_H7RS_V1.2.0, STM32Cube_FW_H7_V1.12.1, STM32Cube_FW_L0_V1.12.2, STM32Cube_FW_L4_V1.18.1, STM32Cube_FW_L5_V1.5.1, STM32Cube_FW_N6_V1.2.0, STM32Cube_FW_U0_V1.3.0, STM32Cube_FW_U3_V1.2.0, STM32Cube_FW_U5_V1.8.0, STM32Cube_FW_WB0_V1.3.0, STM32Cube_FW_WBA_V1.7.0, STM32Cube_FW_WB_V1.23.0, STM32Cube_FW_WL3_V1.2.0, STM32Cube_FW_WL_V1.3.1, X-CUBE-ALGOBUILD_V1.4.0, X-CUBE-ALS_V1.0.2, X-CUBE-AZRTOS-F4_V1.1.0, X-CUBE-AZRTOS-F7_V1.1.0, X-CUBE-AZRTOS-G0_V1.1.0, X-CUBE-AZRTOS-G4_V2.0.0, X-CUBE-AZRTOS-H7RS_V1.1.0, X-CUBE-AZRTOS-H7_V3.4.0, X-CUBE-AZRTOS-L4_V2.0.0, X-CUBE-AZRTOS-L5_V2.0.0, X-CUBE-AZRTOS-WB_V2.0.0, X-CUBE-AZRTOS-WL_V2.0.0, X-CUBE-BLE1_V7.1.0, X-CUBE-BLE2_V3.3.0, X-CUBE-BLEMGR_V4.1.0, X-CUBE-EEPRMA1_V5.2.0, X-CUBE-FREERTOS_V1.3.1, X-CUBE-GNSS1_V6.0.0, X-CUBE-MEMS1_V11.3.0, X-CUBE-NFC4_V3.0.0, X-CUBE-NFC7_V2.0.0, X-CUBE-SFXS2LP1_V4.0.0, X-CUBE-ST67W61_V1.0.0, X-CUBE-SUBG2_V5.0.0, X-CUBE-TOF1_V3.4.3]
2025-10-10 23:26:14,705 [INFO] DbBoardsSqlite:226 - include board P-NUCLEO-WB55-NUCLEO as a kit item of type 'Nucleo-64'
2025-10-10 23:26:14,705 [INFO] DbBoardsSqlite:226 - include board P-NUCLEO-WB55-USBDONGLE as a kit item of type 'Nucleo USB Dongle'
2025-10-10 23:26:14,706 [INFO] DbBoardsSqlite:226 - include board STEVAL-IDP005V1 as a kit item of type 'Evaluation Board'
2025-10-10 23:26:14,706 [INFO] DbBoardsSqlite:226 - include board STEVAL-IDP005V2 as a kit item of type 'Evaluation Board'
2025-10-10 23:26:14,729 [INFO] ApiDb:240 - Found 880 in-development CPN: [B-G473E-ZEST1S, B-WB1M-WPAN1, B-WBA5M-WPAN, B-WL5M-SUBG1, NUCLEO-C031C6, NUCLEO-C051C8, NUCLEO-C071RB, NUCLEO-C092RC, NUCLEO-H503RB, NUCLEO-H533RE, NUCLEO-H563ZI, NUCLEO-H7S3L8, NUCLEO-N657X0-Q, NUCLEO-U031R8, NUCLEO-U083RC, NUCLEO-U385RG-Q, NUCLEO-U545RE-Q, NUCLEO-U5A5ZJ-Q, NUCLEO-WB05KZ, NUCLEO-WB07CC, NUCLEO-WB09KE, NUCLEO-WBA52CG, NUCLEO-WBA55CG, NUCLEO-WL33CC1, NUCLEO-WL33CC2, STEVAL-PROTEUS1, STEVAL-SMARTAG2, STEVAL-STWINBX1, STM320518-EVAL, STM32C0116-DK, STM32C011D6Y3TR, STM32C011D6Y6TR, STM32C011F4P3, STM32C011F4P6, STM32C011F4U3, STM32C011F4U6TR, STM32C011F6P3, STM32C011F6P6, STM32C011F6U3, STM32C011F6U6TR, STM32C011J4M3, STM32C011J4M6, STM32C011J6M3, STM32C011J6M6, STM32C0316-DK, STM32C031C4T3, STM32C031C4T6, STM32C031C4U3, STM32C031C4U6, STM32C031C6T3, STM32C031C6T6, STM32C031C6U3, STM32C031C6U6, STM32C031F4P3, STM32C031F4P6, STM32C031F6P3, STM32C031F6P6, STM32C031G4U3, STM32C031G4U6, STM32C031G6U3, STM32C031G6U6, STM32C031K4T3, STM32C031K4T6, STM32C031K4U3, STM32C031K4U6, STM32C031K6T3, STM32C031K6T6, STM32C031K6U3, STM32C031K6U6, STM32C051C6T6, STM32C051C6U6, STM32C051C8T6, STM32C051C8U6, STM32C051D8Y6TR, STM32C051F6P6, STM32C051F8P6, STM32C051G6U6, STM32C051G8U6, STM32C051K6T6, STM32C051K6U6, STM32C051K8T6, STM32C071C8T6, STM32C071C8T6N, STM32C071C8U6, STM32C071C8U6N, STM32C071CBT6, STM32C071CBT6N, STM32C071CBU6, STM32C071CBU6N, STM32C071F8P6, STM32C071F8P6N, STM32C071FBP6, STM32C071FBP6N, STM32C071FBY6TR, STM32C071G8U6, STM32C071G8U6N, STM32C071GBU6, STM32C071GBU6N, STM32C071K8T6, STM32C071K8T6N, STM32C071K8U6, STM32C071K8U6N, STM32C071KBT6, STM32C071KBT6N, STM32C071KBU6, STM32C071KBU6N, STM32C071R8T6, STM32C071R8T6N, STM32C071RBI6N, STM32C071RBT6, STM32C071RBT6N, STM32C091CBT6, STM32C091CBU6, STM32C091CCT6, STM32C091CCU6, STM32C091ECY6TR, STM32C091FBP6, STM32C091FCP6, STM32C091GBU6, STM32C091GCU6, STM32C091KBT6, STM32C091KBU6, STM32C091KCT6, STM32C091KCU6, STM32C091RBT6, STM32C091RCI6, STM32C091RCT6, STM32C092CBT6, STM32C092CBU6, STM32C092CCT6, STM32C092CCU6, STM32C092ECY6TR, STM32C092FBP6, STM32C092FCP6, STM32C092GBU6, STM32C092GCU6, STM32C092KBT6, STM32C092KBU6, STM32C092KCT6, STM32C092KCU6, STM32C092RBT6, STM32C092RCI6, STM32C092RCT6, STM32G071K8TXN, STM32G071K8UXN, STM32G081GBU6N, STM32G081KBT6N, STM32G081KBUXN, STM32G0B1CCT6N, STM32G0B1KCT6, STM32G0B1NEY6TR, STM32G0B1RCT6N, STM32G0C1CCT6, STM32G0C1CCT6N, STM32G0C1CCU6N, STM32G0C1CET6N, STM32G0C1CEU6N, STM32G0C1KCT6, STM32G0C1NEY6TR, STM32G0C1RCI6N, STM32G0C1RCT6N, STM32G0C1REI6N, STM32G0C1RET6N, STM32G0C1VCI6, STM32G0C1VEI6, STM32G411C6T3, STM32G411C6T6, STM32G411C6U3, STM32G411C6U6, STM32G411C8T3, STM32G411C8T6, STM32G411C8U3, STM32G411C8U6, STM32G411CBT3, STM32G411CBT6, STM32G411CBU3, STM32G411CBU6, STM32G411K6T3, STM32G411K6T6, STM32G411K6U3, STM32G411K6U6, STM32G411K8T3, STM32G411K8T6, STM32G411K8U3, STM32G411K8U6, STM32G411KBT3, STM32G411KBT6, STM32G411KBU3, STM32G411KBU6, STM32G411M6T3, STM32G411M6T6, STM32G411M8T3, STM32G411M8T6, STM32G411MBT3, STM32G411MBT6, STM32G411R6T3, STM32G411R6T6, STM32G411R8T3, STM32G411R8T6, STM32G411RBT3, STM32G411RBT6, STM32G414CBT3, STM32G414CBT6, STM32G414CBU3, STM32G414CBU6, STM32G414CCT3, STM32G414CCT6, STM32G414CCU3, STM32G414CCU6, STM32G414MBT3, STM32G414MBT6, STM32G414MCT3, STM32G414MCT6, STM32G414RBT3, STM32G414RBT6, STM32G414RCT3, STM32G414RCT6, STM32G414VBT3, STM32G414VBT6, STM32G414VCT3, STM32G414VCT6, STM32G431CBT3Z, STM32G431RBT3Z, STM32G471CCT6, STM32G471CCU6, STM32G471CET3, STM32G471CET6, STM32G471CEU3, STM32G471CEU6, STM32G471MCT6, STM32G471MET3, STM32G471MET6, STM32G471MEY6TR, STM32G471QCT6, STM32G471QET3, STM32G471RCT6, STM32G471RET3, STM32G471RET6, STM32G471VCH6, STM32G471VCI6, STM32G471VCT6, STM32G471VEH3, STM32G471VEH6, STM32G471VEI3, STM32G471VEI6, STM32G471VET3, STM32G471VET6, STM32G473QET3Z, STM32G473RET3Z, STM32G474CCT6, STM32G491RET3Z, STM32H503CBT6, STM32H503CBU6, STM32H503EBY6TR, STM32H503KBU6, STM32H503RBT6, STM32H523CCT6, STM32H523CCU6, STM32H523CET6, STM32H523CEU6, STM32H523HEY6TR, STM32H523RCT6, STM32H523RET6, STM32H523VCI6, STM32H523VCT6, STM32H523VEI6, STM32H523VET6, STM32H523ZCJ6, STM32H523ZCT6, STM32H523ZEJ6, STM32H523ZET6, STM32H533CET6, STM32H533CEU6, STM32H533HEY6TR, STM32H533RET6, STM32H533VEI6, STM32H533VET6, STM32H533ZEJ6, STM32H533ZET6, STM32H562AGI6, STM32H562AII6, STM32H562IGK6, STM32H562IGT6, STM32H562IIK6, STM32H562IIT6, STM32H562RGT6, STM32H562RGV6, STM32H562RIT6, STM32H562RIV6, STM32H562VGT6, STM32H562VIT6, STM32H562ZGT6, STM32H562ZIT6, STM32H563AGI6, STM32H563AII3Q, STM32H563AII6, STM32H563IGK6, STM32H563IGT6, STM32H563IIK3Q, STM32H563IIK6, STM32H563IIT3Q, STM32H563IIT6, STM32H563MIY3QTR, STM32H563RGT6, STM32H563RGV6, STM32H563RIT6, STM32H563RIV6, STM32H563VGT6, STM32H563VIT3Q, STM32H563VIT6, STM32H563ZGT6, STM32H563ZIT3Q, STM32H563ZIT6, STM32H573AII3Q, STM32H573AII6, STM32H573I-DK, STM32H573IIK3Q, STM32H573IIK6, STM32H573IIT3Q, STM32H573IIT6, STM32H573MIY3QTR, STM32H573RIT6, STM32H573RIV6, STM32H573VIT3Q, STM32H573VIT6, STM32H573ZIT3Q, STM32H573ZIT6, STM32H7R3A8I6, STM32H7R3I8K6, STM32H7R3I8T6, STM32H7R3L8H6, STM32H7R3L8H6H, STM32H7R3R8V6, STM32H7R3V8H6, STM32H7R3V8T6, STM32H7R3V8Y6TR, STM32H7R3Z8J6, STM32H7R3Z8T6, STM32H7R7A8I6, STM32H7R7I8K6, STM32H7R7I8T6, STM32H7R7L8H6, STM32H7R7L8H6H, STM32H7R7Z8J6, STM32H7S3A8I6, STM32H7S3I8K6, STM32H7S3I8T6, STM32H7S3L8H6, STM32H7S3L8H6H, STM32H7S3R8V6, STM32H7S3V8H6, STM32H7S3V8T6, STM32H7S3V8Y6TR, STM32H7S3Z8J6, STM32H7S3Z8T6, STM32H7S78-DK, STM32H7S7A8I6, STM32H7S7I8K6, STM32H7S7I8T6, STM32H7S7L8H6, STM32H7S7L8H6H, STM32H7S7Z8J6, STM32L4R5QGI6STR, STM32MP131AAE3, STM32MP131AAF3, STM32MP131AAG3, STM32MP131CAE3, STM32MP131CAF3, STM32MP131CAG3, STM32MP131DAE7, STM32MP131DAF7, STM32MP131DAG7, STM32MP131FAE7, STM32MP131FAF7, STM32MP131FAG7, STM32MP133AAE3, STM32MP133AAF3, STM32MP133AAG3, STM32MP133CAE3, STM32MP133CAF3, STM32MP133CAG3, STM32MP133DAE7, STM32MP133DAF7, STM32MP133DAG7, STM32MP133FAE7, STM32MP133FAF7, STM32MP133FAG7, STM32MP135AAE3, STM32MP135AAF3, STM32MP135AAG3, STM32MP135CAE3, STM32MP135CAF3, STM32MP135CAG3, STM32MP135DAE7, STM32MP135DAF7, STM32MP135DAG7, STM32MP135F-DK, STM32MP135FAE7, STM32MP135FAF7, STM32MP135FAF7T, STM32MP135FAF7U, STM32MP135FAG7, STM32MP211AAL3, STM32MP211AAM3, STM32MP211AAN3, STM32MP211AAO3, STM32MP211CAL3, STM32MP211CAM3, STM32MP211CAN3, STM32MP211CAO3, STM32MP211DAL3, STM32MP211DAM3, STM32MP211DAN3, STM32MP211DAO3, STM32MP211FAL3, STM32MP211FAM3, STM32MP211FAN3, STM32MP211FAO3, STM32MP213AAL3, STM32MP213AAM3, STM32MP213AAN3, STM32MP213AAO3, STM32MP213CAL3, STM32MP213CAM3, STM32MP213CAN3, STM32MP213CAO3, STM32MP213DAL3, STM32MP213DAM3, STM32MP213DAN3, STM32MP213DAO3, STM32MP213FAL3, STM32MP213FAM3, STM32MP213FAN3, STM32MP213FAO3, STM32MP215AAL3, STM32MP215AAM3, STM32MP215AAN3, STM32MP215AAO3, STM32MP215CAL3, STM32MP215CAM3, STM32MP215CAN3, STM32MP215CAO3, STM32MP215DAL3, STM32MP215DAM3, STM32MP215DAN3, STM32MP215DAO3, STM32MP215F-DK, STM32MP215FAL3, STM32MP215FAM3, STM32MP215FAN3, STM32MP215FAO3, STM32MP231AAJ3, STM32MP231AAK3, STM32MP231AAL3, STM32MP231CAJ3, STM32MP231CAK3, STM32MP231CAL3, STM32MP231DAJ3, STM32MP231DAK3, STM32MP231DAL3, STM32MP231FAJ3, STM32MP231FAK3, STM32MP231FAL3, STM32MP233AAJ3, STM32MP233AAK3, STM32MP233AAL3, STM32MP233CAJ3, STM32MP233CAK3, STM32MP233CAL3, STM32MP233DAJ3, STM32MP233DAK3, STM32MP233DAL3, STM32MP233FAJ3, STM32MP233FAK3, STM32MP233FAL3, STM32MP235AAJ3, STM32MP235AAK3, STM32MP235AAL3, STM32MP235CAJ3, STM32MP235CAK3, STM32MP235CAL3, STM32MP235DAJ3, STM32MP235DAK3, STM32MP235DAL3, STM32MP235FAJ3, STM32MP235FAK3, STM32MP235FAL3, STM32MP251AAI3, STM32MP251AAK3, STM32MP251AAL3, STM32MP251CAI3, STM32MP251CAK3, STM32MP251CAL3, STM32MP251DAI3, STM32MP251DAK3, STM32MP251DAL3, STM32MP251FAI3, STM32MP251FAK3, STM32MP251FAL3, STM32MP253AAI3, STM32MP253AAK3, STM32MP253AAL3, STM32MP253CAI3, STM32MP253CAK3, STM32MP253CAL3, STM32MP253DAI3, STM32MP253DAK3, STM32MP253DAL3, STM32MP253FAI3, STM32MP253FAK3, STM32MP253FAL3, STM32MP255AAI3, STM32MP255AAK3, STM32MP255AAL3, STM32MP255CAI3, STM32MP255CAK3, STM32MP255CAL3, STM32MP255DAI3, STM32MP255DAK3, STM32MP255DAL3, STM32MP255FAI3, STM32MP255FAK3, STM32MP255FAL3, STM32MP257AAI3, STM32MP257AAK3, STM32MP257AAL3, STM32MP257CAI3, STM32MP257CAK3, STM32MP257CAL3, STM32MP257DAI3, STM32MP257DAK3, STM32MP257DAL3, STM32MP257F-DK, STM32MP257F-EV1, STM32MP257FAI3, STM32MP257FAK3, STM32MP257FAL3, STM32N645A0H3Q, STM32N645B0H3Q, STM32N645I0H3Q, STM32N645L0H3Q, STM32N645X0H3Q, STM32N645Z0H3Q, STM32N647A0H3Q, STM32N647B0H3Q, STM32N647I0H3Q, STM32N647L0H3Q, STM32N647X0H3Q, STM32N647Z0H3Q, STM32N655A0H3Q, STM32N655B0H3Q, STM32N655I0H3Q, STM32N655L0H3Q, STM32N655X0H3Q, STM32N655Z0H3Q, STM32N6570-DK, STM32N657A0H3Q, STM32N657B0H3Q, STM32N657I0H3Q, STM32N657L0H3Q, STM32N657X0H3Q, STM32N657Z0H3Q, STM32U031C6T6, STM32U031C6U6, STM32U031C8T6, STM32U031C8U6, STM32U031F4P6, STM32U031F6P6, STM32U031F8P6, STM32U031G6Y6TR, STM32U031G8Y6TR, STM32U031K4U6, STM32U031K6U6, STM32U031K8U6, STM32U031R6I6, STM32U031R6T6, STM32U031R8I6, STM32U031R8T6, STM32U073C8T6, STM32U073C8U6, STM32U073CBT6, STM32U073CBU6, STM32U073CCT6, STM32U073CCU6, STM32U073H8Y6TR, STM32U073HBY6TR, STM32U073HCY6TR, STM32U073K8U6, STM32U073KBU6, STM32U073KCU6, STM32U073M8I6, STM32U073M8T6, STM32U073MBI6, STM32U073MBT6, STM32U073MCI6, STM32U073MCT6, STM32U073R8I6, STM32U073R8T6, STM32U073RBI6, STM32U073RBT6, STM32U073RCI6, STM32U073RCT6, STM32U083C-DK, STM32U083CCT6, STM32U083CCU6, STM32U083HCY6TR, STM32U083KCU6, STM32U083MCI6, STM32U083MCT6, STM32U083RCI6, STM32U083RCT6, STM32U375CET6, STM32U375CET6Q, STM32U375CEU6, STM32U375CEU6Q, STM32U375CEY6QTR, STM32U375CGT6, STM32U375CGT6Q, STM32U375CGU6, STM32U375CGU6Q, STM32U375CGY6QTR, STM32U375KEU6, STM32U375KGU6, STM32U375REI6, STM32U375REI6Q, STM32U375RET6, STM32U375RET6Q, STM32U375REY6GTR, STM32U375REY6QTR, STM32U375RGI6, STM32U375RGI6Q, STM32U375RGT6, STM32U375RGT6Q, STM32U375RGY6GTR, STM32U375RGY6QTR, STM32U375VEI6, STM32U375VEI6Q, STM32U375VET6, STM32U375VET6Q, STM32U375VGI6, STM32U375VGI6Q, STM32U375VGT6, STM32U375VGT6Q, STM32U385CGT6, STM32U385CGT6Q, STM32U385CGU6, STM32U385CGU6Q, STM32U385CGY6QTR, STM32U385KGU6, STM32U385RGI6, STM32U385RGI6Q, STM32U385RGT6, STM32U385RGT6Q, STM32U385RGY6GTR, STM32U385RGY6QTR, STM32U385VGI6, STM32U385VGI6Q, STM32U385VGT6, STM32U385VGT6Q, STM32U535CBT6, STM32U535CBT6Q, STM32U535CBU6, STM32U535CBU6Q, STM32U535CCT6, STM32U535CCT6Q, STM32U535CCU6, STM32U535CCU6Q, STM32U535CET6, STM32U535CET6Q, STM32U535CEU6, STM32U535CEU6Q, STM32U535JEY6QTR, STM32U535NCY6QTR, STM32U535NEY6QTR, STM32U535RBI6, STM32U535RBI6Q, STM32U535RBT6, STM32U535RBT6Q, STM32U535RCI6, STM32U535RCI6Q, STM32U535RCT6, STM32U535RCT6Q, STM32U535REI6, STM32U535REI6Q, STM32U535RET6, STM32U535RET6Q, STM32U535VCI6, STM32U535VCI6Q, STM32U535VCT6, STM32U535VCT6Q, STM32U535VEI6, STM32U535VEI6Q, STM32U535VET6, STM32U535VET6Q, STM32U545CET6, STM32U545CET6Q, STM32U545CEU6, STM32U545CEU6Q, STM32U545JEY6QTR, STM32U545NEY6QTR, STM32U545REI6, STM32U545REI6Q, STM32U545RET6, STM32U545RET6Q, STM32U545VEI6, STM32U545VEI6Q, STM32U545VET6, STM32U545VET6Q, STM32U595AIH6, STM32U595AIH6Q, STM32U595AJH6, STM32U595AJH6Q, STM32U595QII6, STM32U595QII6Q, STM32U595QJI6, STM32U595QJI6Q, STM32U595RIT6, STM32U595RIT6Q, STM32U595RJT6, STM32U595RJT6Q, STM32U595VIT6, STM32U595VIT6Q, STM32U595VJT6, STM32U595VJT6Q, STM32U595ZIT6, STM32U595ZIT6Q, STM32U595ZIY6QTR, STM32U595ZJT6, STM32U595ZJT6Q, STM32U595ZJY6QTR, STM32U599BJY6QTR, STM32U599NIH6Q, STM32U599NJH6Q, STM32U599VIT6Q, STM32U599VJT6, STM32U599VJT6Q, STM32U599ZIT6Q, STM32U599ZIY6QTR, STM32U599ZJT6Q, STM32U599ZJY6QTR, STM32U5A5AJH6, STM32U5A5AJH6Q, STM32U5A5QII3Q , STM32U5A5QJI6, STM32U5A5QJI6Q, STM32U5A5RJT6, STM32U5A5RJT6Q, STM32U5A5VJT6, STM32U5A5VJT6Q, STM32U5A5ZJT6, STM32U5A5ZJT6Q, STM32U5A5ZJY6QTR, STM32U5A9BJY6QTR, STM32U5A9J-DK, STM32U5A9NJH6Q, STM32U5A9VJT6Q, STM32U5A9ZJT6Q, STM32U5A9ZJY6QTR, STM32U5F7VIT6, STM32U5F7VIT6Q, STM32U5F7VJT6, STM32U5F7VJT6Q, STM32U5F9BJY6QTR, STM32U5F9NJH6Q, STM32U5F9VIT6Q, STM32U5F9VJT6Q, STM32U5F9ZIJ6QTR, STM32U5F9ZIT6Q, STM32U5F9ZJJ6QTR, STM32U5F9ZJT6Q, STM32U5G7VJT6, STM32U5G7VJT6Q, STM32U5G9BJY6QTR, STM32U5G9J-DK1, STM32U5G9J-DK2, STM32U5G9NJH6Q, STM32U5G9VJT6Q, STM32U5G9ZJJ6QTR, STM32U5G9ZJT6Q, STM32WB05KZV6TR, STM32WB05KZV7TR, STM32WB05TZF6TR, STM32WB05TZF7TR, STM32WB06CCF6TR, STM32WB06CCF7TR, STM32WB06CCV6TR, STM32WB06CCV7TR, STM32WB06KCV6TR, STM32WB06KCV7TR, STM32WB07CCF6TR, STM32WB07CCF7TR, STM32WB07CCV6TR, STM32WB07CCV7TR, STM32WB07KCV6TR, STM32WB07KCV7TR, STM32WB09KEV6TR, STM32WB09KEV7TR, STM32WB09TEF6TR, STM32WB09TEF7TR, STM32WB1MMCH6, STM32WBA50KGU6, STM32WBA50KGU6TR, STM32WBA52CEU6, STM32WBA52CEU6TR, STM32WBA52CEU7, STM32WBA52CEU7TR, STM32WBA52CGU6, STM32WBA52CGU6TR, STM32WBA52CGU6U, STM32WBA52CGU7, STM32WBA52CGU7TR, STM32WBA52KEU6, STM32WBA52KEU6TR, STM32WBA52KGU6, STM32WBA52KGU6TR, STM32WBA54CEU6, STM32WBA54CEU6TR, STM32WBA54CEU7, STM32WBA54CEU7TR, STM32WBA54CGU6, STM32WBA54CGU6TR, STM32WBA54CGU7, STM32WBA54CGU7TR, STM32WBA54KEU6, STM32WBA54KEU6TR, STM32WBA54KEU7, STM32WBA54KEU7TR, STM32WBA54KGU6, STM32WBA54KGU6TR, STM32WBA54KGU7, STM32WBA54KGU7TR, STM32WBA55CEU6, STM32WBA55CEU6TR, STM32WBA55CEU7, STM32WBA55CEU7TR, STM32WBA55CGU6, STM32WBA55CGU6TR, STM32WBA55CGU6U, STM32WBA55CGU7, STM32WBA55CGU7TR, STM32WBA55G-DK1, STM32WBA55HEF6, STM32WBA55HEF7, STM32WBA55HGF6, STM32WBA55HGF7, STM32WBA55UEI6, STM32WBA55UEI6TR, STM32WBA55UEI7, STM32WBA55UEI7TR, STM32WBA55UGI6, STM32WBA55UGI6TR, STM32WBA55UGI7, STM32WBA55UGI7TR, STM32WBA5MMGH6TR, STM32WBA62MGF6, STM32WBA62MIF6, STM32WBA65MGF7, STM32WBA65MIF6, STM32WBA65MIF7, STM32WL30K8V6, STM32WL30KBV6, STM32WL31C8V6, STM32WL31CBV6, STM32WL31K8V6, STM32WL31KBV6, STM32WL33C8V6, STM32WL33C8V6X, STM32WL33CBV6, STM32WL33CBV6X, STM32WL33CCV6, STM32WL33CCV6A, STM32WL33CCV6X, STM32WL33K8V7, STM32WL33K8V7X, STM32WL33KBV7 , STM32WL33KBV7X, STM32WL33KCV7, STM32WL33KCV7X, STM32WL5MOCH6, STM32WL5MOCH6TR]
2025-10-10 23:26:14,800 [INFO] BoardInfo:889 - No configuration file found for board P-NUCLEO-WB55
2025-10-10 23:26:14,800 [INFO] DbBoards:161 - Kit is not supported: P-NUCLEO-WB55
2025-10-10 23:26:14,802 [INFO] BoardInfo:889 - No configuration file found for board STEVAL-BFA001V1B
2025-10-10 23:26:14,803 [INFO] DbBoards:161 - Kit is not supported: STEVAL-BFA001V1B
2025-10-10 23:26:14,803 [INFO] BoardInfo:889 - No configuration file found for board STEVAL-BFA001V2B
2025-10-10 23:26:14,803 [INFO] DbBoards:161 - Kit is not supported: STEVAL-BFA001V2B
2025-10-10 23:26:14,876 [INFO] DbBoards:168 - Found 212 boards, 209 are supported
2025-10-10 23:26:14,876 [INFO] DbBoards:169 - Found 212 boards, 43 of them is supported for  Bsp
2025-10-10 23:26:14,879 [INFO] ApiDb:668 - CubeFinder database Data Model version=2.1
2025-10-10 23:26:14,879 [INFO] ApiDb:669 - CubeFinder database Configuration version=3.0.39
2025-10-10 23:26:14,879 [INFO] ApiDb:670 - CubeFinder database generation date=2025-08-25 (1756130511)
2025-10-10 23:26:14,879 [INFO] ApiDb:671 - CubeFinder database FW Pack versions=[FP-ATR-ASTRA1_V2.0.0, FP-SNS-FLIGHT1_V5.1.0, FP-SNS-MOTENV1_V5.0.0, FP-SNS-MOTENVWB1_V1.4.0, FP-SNS-SMARTAG2_V1.2.0, FP-SNS-STBOX1_V2.1.0, STM32Cube_FW_C0_V1.4.0, STM32Cube_FW_F4_V1.28.3, STM32Cube_FW_F7_V1.17.4, STM32Cube_FW_G0_V1.6.2, STM32Cube_FW_G4_V1.6.1, STM32Cube_FW_H5_V1.5.0, STM32Cube_FW_H7RS_V1.2.0, STM32Cube_FW_H7_V1.12.1, STM32Cube_FW_L0_V1.12.2, STM32Cube_FW_L4_V1.18.1, STM32Cube_FW_L5_V1.5.1, STM32Cube_FW_N6_V1.2.0, STM32Cube_FW_U0_V1.3.0, STM32Cube_FW_U3_V1.2.0, STM32Cube_FW_U5_V1.8.0, STM32Cube_FW_WB0_V1.3.0, STM32Cube_FW_WBA_V1.7.0, STM32Cube_FW_WB_V1.23.0, STM32Cube_FW_WL3_V1.2.0, STM32Cube_FW_WL_V1.3.1, X-CUBE-ALGOBUILD_V1.4.0, X-CUBE-ALS_V1.0.2, X-CUBE-AZRTOS-F4_V1.1.0, X-CUBE-AZRTOS-F7_V1.1.0, X-CUBE-AZRTOS-G0_V1.1.0, X-CUBE-AZRTOS-G4_V2.0.0, X-CUBE-AZRTOS-H7RS_V1.1.0, X-CUBE-AZRTOS-H7_V3.4.0, X-CUBE-AZRTOS-L4_V2.0.0, X-CUBE-AZRTOS-L5_V2.0.0, X-CUBE-AZRTOS-WB_V2.0.0, X-CUBE-AZRTOS-WL_V2.0.0, X-CUBE-BLE1_V7.1.0, X-CUBE-BLE2_V3.3.0, X-CUBE-BLEMGR_V4.1.0, X-CUBE-EEPRMA1_V5.2.0, X-CUBE-FREERTOS_V1.3.1, X-CUBE-GNSS1_V6.0.0, X-CUBE-MEMS1_V11.3.0, X-CUBE-NFC4_V3.0.0, X-CUBE-NFC7_V2.0.0, X-CUBE-SFXS2LP1_V4.0.0, X-CUBE-ST67W61_V1.0.0, X-CUBE-SUBG2_V5.0.0, X-CUBE-TOF1_V3.4.3]
2025-10-10 23:26:16,704 [INFO] ApiDb:240 - Found 880 in-development CPN: [B-G473E-ZEST1S, B-WB1M-WPAN1, B-WBA5M-WPAN, B-WL5M-SUBG1, NUCLEO-C031C6, NUCLEO-C051C8, NUCLEO-C071RB, NUCLEO-C092RC, NUCLEO-H503RB, NUCLEO-H533RE, NUCLEO-H563ZI, NUCLEO-H7S3L8, NUCLEO-N657X0-Q, NUCLEO-U031R8, NUCLEO-U083RC, NUCLEO-U385RG-Q, NUCLEO-U545RE-Q, NUCLEO-U5A5ZJ-Q, NUCLEO-WB05KZ, NUCLEO-WB07CC, NUCLEO-WB09KE, NUCLEO-WBA52CG, NUCLEO-WBA55CG, NUCLEO-WL33CC1, NUCLEO-WL33CC2, STEVAL-PROTEUS1, STEVAL-SMARTAG2, STEVAL-STWINBX1, STM320518-EVAL, STM32C0116-DK, STM32C011D6Y3TR, STM32C011D6Y6TR, STM32C011F4P3, STM32C011F4P6, STM32C011F4U3, STM32C011F4U6TR, STM32C011F6P3, STM32C011F6P6, STM32C011F6U3, STM32C011F6U6TR, STM32C011J4M3, STM32C011J4M6, STM32C011J6M3, STM32C011J6M6, STM32C0316-DK, STM32C031C4T3, STM32C031C4T6, STM32C031C4U3, STM32C031C4U6, STM32C031C6T3, STM32C031C6T6, STM32C031C6U3, STM32C031C6U6, STM32C031F4P3, STM32C031F4P6, STM32C031F6P3, STM32C031F6P6, STM32C031G4U3, STM32C031G4U6, STM32C031G6U3, STM32C031G6U6, STM32C031K4T3, STM32C031K4T6, STM32C031K4U3, STM32C031K4U6, STM32C031K6T3, STM32C031K6T6, STM32C031K6U3, STM32C031K6U6, STM32C051C6T6, STM32C051C6U6, STM32C051C8T6, STM32C051C8U6, STM32C051D8Y6TR, STM32C051F6P6, STM32C051F8P6, STM32C051G6U6, STM32C051G8U6, STM32C051K6T6, STM32C051K6U6, STM32C051K8T6, STM32C071C8T6, STM32C071C8T6N, STM32C071C8U6, STM32C071C8U6N, STM32C071CBT6, STM32C071CBT6N, STM32C071CBU6, STM32C071CBU6N, STM32C071F8P6, STM32C071F8P6N, STM32C071FBP6, STM32C071FBP6N, STM32C071FBY6TR, STM32C071G8U6, STM32C071G8U6N, STM32C071GBU6, STM32C071GBU6N, STM32C071K8T6, STM32C071K8T6N, STM32C071K8U6, STM32C071K8U6N, STM32C071KBT6, STM32C071KBT6N, STM32C071KBU6, STM32C071KBU6N, STM32C071R8T6, STM32C071R8T6N, STM32C071RBI6N, STM32C071RBT6, STM32C071RBT6N, STM32C091CBT6, STM32C091CBU6, STM32C091CCT6, STM32C091CCU6, STM32C091ECY6TR, STM32C091FBP6, STM32C091FCP6, STM32C091GBU6, STM32C091GCU6, STM32C091KBT6, STM32C091KBU6, STM32C091KCT6, STM32C091KCU6, STM32C091RBT6, STM32C091RCI6, STM32C091RCT6, STM32C092CBT6, STM32C092CBU6, STM32C092CCT6, STM32C092CCU6, STM32C092ECY6TR, STM32C092FBP6, STM32C092FCP6, STM32C092GBU6, STM32C092GCU6, STM32C092KBT6, STM32C092KBU6, STM32C092KCT6, STM32C092KCU6, STM32C092RBT6, STM32C092RCI6, STM32C092RCT6, STM32G071K8TXN, STM32G071K8UXN, STM32G081GBU6N, STM32G081KBT6N, STM32G081KBUXN, STM32G0B1CCT6N, STM32G0B1KCT6, STM32G0B1NEY6TR, STM32G0B1RCT6N, STM32G0C1CCT6, STM32G0C1CCT6N, STM32G0C1CCU6N, STM32G0C1CET6N, STM32G0C1CEU6N, STM32G0C1KCT6, STM32G0C1NEY6TR, STM32G0C1RCI6N, STM32G0C1RCT6N, STM32G0C1REI6N, STM32G0C1RET6N, STM32G0C1VCI6, STM32G0C1VEI6, STM32G411C6T3, STM32G411C6T6, STM32G411C6U3, STM32G411C6U6, STM32G411C8T3, STM32G411C8T6, STM32G411C8U3, STM32G411C8U6, STM32G411CBT3, STM32G411CBT6, STM32G411CBU3, STM32G411CBU6, STM32G411K6T3, STM32G411K6T6, STM32G411K6U3, STM32G411K6U6, STM32G411K8T3, STM32G411K8T6, STM32G411K8U3, STM32G411K8U6, STM32G411KBT3, STM32G411KBT6, STM32G411KBU3, STM32G411KBU6, STM32G411M6T3, STM32G411M6T6, STM32G411M8T3, STM32G411M8T6, STM32G411MBT3, STM32G411MBT6, STM32G411R6T3, STM32G411R6T6, STM32G411R8T3, STM32G411R8T6, STM32G411RBT3, STM32G411RBT6, STM32G414CBT3, STM32G414CBT6, STM32G414CBU3, STM32G414CBU6, STM32G414CCT3, STM32G414CCT6, STM32G414CCU3, STM32G414CCU6, STM32G414MBT3, STM32G414MBT6, STM32G414MCT3, STM32G414MCT6, STM32G414RBT3, STM32G414RBT6, STM32G414RCT3, STM32G414RCT6, STM32G414VBT3, STM32G414VBT6, STM32G414VCT3, STM32G414VCT6, STM32G431CBT3Z, STM32G431RBT3Z, STM32G471CCT6, STM32G471CCU6, STM32G471CET3, STM32G471CET6, STM32G471CEU3, STM32G471CEU6, STM32G471MCT6, STM32G471MET3, STM32G471MET6, STM32G471MEY6TR, STM32G471QCT6, STM32G471QET3, STM32G471RCT6, STM32G471RET3, STM32G471RET6, STM32G471VCH6, STM32G471VCI6, STM32G471VCT6, STM32G471VEH3, STM32G471VEH6, STM32G471VEI3, STM32G471VEI6, STM32G471VET3, STM32G471VET6, STM32G473QET3Z, STM32G473RET3Z, STM32G474CCT6, STM32G491RET3Z, STM32H503CBT6, STM32H503CBU6, STM32H503EBY6TR, STM32H503KBU6, STM32H503RBT6, STM32H523CCT6, STM32H523CCU6, STM32H523CET6, STM32H523CEU6, STM32H523HEY6TR, STM32H523RCT6, STM32H523RET6, STM32H523VCI6, STM32H523VCT6, STM32H523VEI6, STM32H523VET6, STM32H523ZCJ6, STM32H523ZCT6, STM32H523ZEJ6, STM32H523ZET6, STM32H533CET6, STM32H533CEU6, STM32H533HEY6TR, STM32H533RET6, STM32H533VEI6, STM32H533VET6, STM32H533ZEJ6, STM32H533ZET6, STM32H562AGI6, STM32H562AII6, STM32H562IGK6, STM32H562IGT6, STM32H562IIK6, STM32H562IIT6, STM32H562RGT6, STM32H562RGV6, STM32H562RIT6, STM32H562RIV6, STM32H562VGT6, STM32H562VIT6, STM32H562ZGT6, STM32H562ZIT6, STM32H563AGI6, STM32H563AII3Q, STM32H563AII6, STM32H563IGK6, STM32H563IGT6, STM32H563IIK3Q, STM32H563IIK6, STM32H563IIT3Q, STM32H563IIT6, STM32H563MIY3QTR, STM32H563RGT6, STM32H563RGV6, STM32H563RIT6, STM32H563RIV6, STM32H563VGT6, STM32H563VIT3Q, STM32H563VIT6, STM32H563ZGT6, STM32H563ZIT3Q, STM32H563ZIT6, STM32H573AII3Q, STM32H573AII6, STM32H573I-DK, STM32H573IIK3Q, STM32H573IIK6, STM32H573IIT3Q, STM32H573IIT6, STM32H573MIY3QTR, STM32H573RIT6, STM32H573RIV6, STM32H573VIT3Q, STM32H573VIT6, STM32H573ZIT3Q, STM32H573ZIT6, STM32H7R3A8I6, STM32H7R3I8K6, STM32H7R3I8T6, STM32H7R3L8H6, STM32H7R3L8H6H, STM32H7R3R8V6, STM32H7R3V8H6, STM32H7R3V8T6, STM32H7R3V8Y6TR, STM32H7R3Z8J6, STM32H7R3Z8T6, STM32H7R7A8I6, STM32H7R7I8K6, STM32H7R7I8T6, STM32H7R7L8H6, STM32H7R7L8H6H, STM32H7R7Z8J6, STM32H7S3A8I6, STM32H7S3I8K6, STM32H7S3I8T6, STM32H7S3L8H6, STM32H7S3L8H6H, STM32H7S3R8V6, STM32H7S3V8H6, STM32H7S3V8T6, STM32H7S3V8Y6TR, STM32H7S3Z8J6, STM32H7S3Z8T6, STM32H7S78-DK, STM32H7S7A8I6, STM32H7S7I8K6, STM32H7S7I8T6, STM32H7S7L8H6, STM32H7S7L8H6H, STM32H7S7Z8J6, STM32L4R5QGI6STR, STM32MP131AAE3, STM32MP131AAF3, STM32MP131AAG3, STM32MP131CAE3, STM32MP131CAF3, STM32MP131CAG3, STM32MP131DAE7, STM32MP131DAF7, STM32MP131DAG7, STM32MP131FAE7, STM32MP131FAF7, STM32MP131FAG7, STM32MP133AAE3, STM32MP133AAF3, STM32MP133AAG3, STM32MP133CAE3, STM32MP133CAF3, STM32MP133CAG3, STM32MP133DAE7, STM32MP133DAF7, STM32MP133DAG7, STM32MP133FAE7, STM32MP133FAF7, STM32MP133FAG7, STM32MP135AAE3, STM32MP135AAF3, STM32MP135AAG3, STM32MP135CAE3, STM32MP135CAF3, STM32MP135CAG3, STM32MP135DAE7, STM32MP135DAF7, STM32MP135DAG7, STM32MP135F-DK, STM32MP135FAE7, STM32MP135FAF7, STM32MP135FAF7T, STM32MP135FAF7U, STM32MP135FAG7, STM32MP211AAL3, STM32MP211AAM3, STM32MP211AAN3, STM32MP211AAO3, STM32MP211CAL3, STM32MP211CAM3, STM32MP211CAN3, STM32MP211CAO3, STM32MP211DAL3, STM32MP211DAM3, STM32MP211DAN3, STM32MP211DAO3, STM32MP211FAL3, STM32MP211FAM3, STM32MP211FAN3, STM32MP211FAO3, STM32MP213AAL3, STM32MP213AAM3, STM32MP213AAN3, STM32MP213AAO3, STM32MP213CAL3, STM32MP213CAM3, STM32MP213CAN3, STM32MP213CAO3, STM32MP213DAL3, STM32MP213DAM3, STM32MP213DAN3, STM32MP213DAO3, STM32MP213FAL3, STM32MP213FAM3, STM32MP213FAN3, STM32MP213FAO3, STM32MP215AAL3, STM32MP215AAM3, STM32MP215AAN3, STM32MP215AAO3, STM32MP215CAL3, STM32MP215CAM3, STM32MP215CAN3, STM32MP215CAO3, STM32MP215DAL3, STM32MP215DAM3, STM32MP215DAN3, STM32MP215DAO3, STM32MP215F-DK, STM32MP215FAL3, STM32MP215FAM3, STM32MP215FAN3, STM32MP215FAO3, STM32MP231AAJ3, STM32MP231AAK3, STM32MP231AAL3, STM32MP231CAJ3, STM32MP231CAK3, STM32MP231CAL3, STM32MP231DAJ3, STM32MP231DAK3, STM32MP231DAL3, STM32MP231FAJ3, STM32MP231FAK3, STM32MP231FAL3, STM32MP233AAJ3, STM32MP233AAK3, STM32MP233AAL3, STM32MP233CAJ3, STM32MP233CAK3, STM32MP233CAL3, STM32MP233DAJ3, STM32MP233DAK3, STM32MP233DAL3, STM32MP233FAJ3, STM32MP233FAK3, STM32MP233FAL3, STM32MP235AAJ3, STM32MP235AAK3, STM32MP235AAL3, STM32MP235CAJ3, STM32MP235CAK3, STM32MP235CAL3, STM32MP235DAJ3, STM32MP235DAK3, STM32MP235DAL3, STM32MP235FAJ3, STM32MP235FAK3, STM32MP235FAL3, STM32MP251AAI3, STM32MP251AAK3, STM32MP251AAL3, STM32MP251CAI3, STM32MP251CAK3, STM32MP251CAL3, STM32MP251DAI3, STM32MP251DAK3, STM32MP251DAL3, STM32MP251FAI3, STM32MP251FAK3, STM32MP251FAL3, STM32MP253AAI3, STM32MP253AAK3, STM32MP253AAL3, STM32MP253CAI3, STM32MP253CAK3, STM32MP253CAL3, STM32MP253DAI3, STM32MP253DAK3, STM32MP253DAL3, STM32MP253FAI3, STM32MP253FAK3, STM32MP253FAL3, STM32MP255AAI3, STM32MP255AAK3, STM32MP255AAL3, STM32MP255CAI3, STM32MP255CAK3, STM32MP255CAL3, STM32MP255DAI3, STM32MP255DAK3, STM32MP255DAL3, STM32MP255FAI3, STM32MP255FAK3, STM32MP255FAL3, STM32MP257AAI3, STM32MP257AAK3, STM32MP257AAL3, STM32MP257CAI3, STM32MP257CAK3, STM32MP257CAL3, STM32MP257DAI3, STM32MP257DAK3, STM32MP257DAL3, STM32MP257F-DK, STM32MP257F-EV1, STM32MP257FAI3, STM32MP257FAK3, STM32MP257FAL3, STM32N645A0H3Q, STM32N645B0H3Q, STM32N645I0H3Q, STM32N645L0H3Q, STM32N645X0H3Q, STM32N645Z0H3Q, STM32N647A0H3Q, STM32N647B0H3Q, STM32N647I0H3Q, STM32N647L0H3Q, STM32N647X0H3Q, STM32N647Z0H3Q, STM32N655A0H3Q, STM32N655B0H3Q, STM32N655I0H3Q, STM32N655L0H3Q, STM32N655X0H3Q, STM32N655Z0H3Q, STM32N6570-DK, STM32N657A0H3Q, STM32N657B0H3Q, STM32N657I0H3Q, STM32N657L0H3Q, STM32N657X0H3Q, STM32N657Z0H3Q, STM32U031C6T6, STM32U031C6U6, STM32U031C8T6, STM32U031C8U6, STM32U031F4P6, STM32U031F6P6, STM32U031F8P6, STM32U031G6Y6TR, STM32U031G8Y6TR, STM32U031K4U6, STM32U031K6U6, STM32U031K8U6, STM32U031R6I6, STM32U031R6T6, STM32U031R8I6, STM32U031R8T6, STM32U073C8T6, STM32U073C8U6, STM32U073CBT6, STM32U073CBU6, STM32U073CCT6, STM32U073CCU6, STM32U073H8Y6TR, STM32U073HBY6TR, STM32U073HCY6TR, STM32U073K8U6, STM32U073KBU6, STM32U073KCU6, STM32U073M8I6, STM32U073M8T6, STM32U073MBI6, STM32U073MBT6, STM32U073MCI6, STM32U073MCT6, STM32U073R8I6, STM32U073R8T6, STM32U073RBI6, STM32U073RBT6, STM32U073RCI6, STM32U073RCT6, STM32U083C-DK, STM32U083CCT6, STM32U083CCU6, STM32U083HCY6TR, STM32U083KCU6, STM32U083MCI6, STM32U083MCT6, STM32U083RCI6, STM32U083RCT6, STM32U375CET6, STM32U375CET6Q, STM32U375CEU6, STM32U375CEU6Q, STM32U375CEY6QTR, STM32U375CGT6, STM32U375CGT6Q, STM32U375CGU6, STM32U375CGU6Q, STM32U375CGY6QTR, STM32U375KEU6, STM32U375KGU6, STM32U375REI6, STM32U375REI6Q, STM32U375RET6, STM32U375RET6Q, STM32U375REY6GTR, STM32U375REY6QTR, STM32U375RGI6, STM32U375RGI6Q, STM32U375RGT6, STM32U375RGT6Q, STM32U375RGY6GTR, STM32U375RGY6QTR, STM32U375VEI6, STM32U375VEI6Q, STM32U375VET6, STM32U375VET6Q, STM32U375VGI6, STM32U375VGI6Q, STM32U375VGT6, STM32U375VGT6Q, STM32U385CGT6, STM32U385CGT6Q, STM32U385CGU6, STM32U385CGU6Q, STM32U385CGY6QTR, STM32U385KGU6, STM32U385RGI6, STM32U385RGI6Q, STM32U385RGT6, STM32U385RGT6Q, STM32U385RGY6GTR, STM32U385RGY6QTR, STM32U385VGI6, STM32U385VGI6Q, STM32U385VGT6, STM32U385VGT6Q, STM32U535CBT6, STM32U535CBT6Q, STM32U535CBU6, STM32U535CBU6Q, STM32U535CCT6, STM32U535CCT6Q, STM32U535CCU6, STM32U535CCU6Q, STM32U535CET6, STM32U535CET6Q, STM32U535CEU6, STM32U535CEU6Q, STM32U535JEY6QTR, STM32U535NCY6QTR, STM32U535NEY6QTR, STM32U535RBI6, STM32U535RBI6Q, STM32U535RBT6, STM32U535RBT6Q, STM32U535RCI6, STM32U535RCI6Q, STM32U535RCT6, STM32U535RCT6Q, STM32U535REI6, STM32U535REI6Q, STM32U535RET6, STM32U535RET6Q, STM32U535VCI6, STM32U535VCI6Q, STM32U535VCT6, STM32U535VCT6Q, STM32U535VEI6, STM32U535VEI6Q, STM32U535VET6, STM32U535VET6Q, STM32U545CET6, STM32U545CET6Q, STM32U545CEU6, STM32U545CEU6Q, STM32U545JEY6QTR, STM32U545NEY6QTR, STM32U545REI6, STM32U545REI6Q, STM32U545RET6, STM32U545RET6Q, STM32U545VEI6, STM32U545VEI6Q, STM32U545VET6, STM32U545VET6Q, STM32U595AIH6, STM32U595AIH6Q, STM32U595AJH6, STM32U595AJH6Q, STM32U595QII6, STM32U595QII6Q, STM32U595QJI6, STM32U595QJI6Q, STM32U595RIT6, STM32U595RIT6Q, STM32U595RJT6, STM32U595RJT6Q, STM32U595VIT6, STM32U595VIT6Q, STM32U595VJT6, STM32U595VJT6Q, STM32U595ZIT6, STM32U595ZIT6Q, STM32U595ZIY6QTR, STM32U595ZJT6, STM32U595ZJT6Q, STM32U595ZJY6QTR, STM32U599BJY6QTR, STM32U599NIH6Q, STM32U599NJH6Q, STM32U599VIT6Q, STM32U599VJT6, STM32U599VJT6Q, STM32U599ZIT6Q, STM32U599ZIY6QTR, STM32U599ZJT6Q, STM32U599ZJY6QTR, STM32U5A5AJH6, STM32U5A5AJH6Q, STM32U5A5QII3Q , STM32U5A5QJI6, STM32U5A5QJI6Q, STM32U5A5RJT6, STM32U5A5RJT6Q, STM32U5A5VJT6, STM32U5A5VJT6Q, STM32U5A5ZJT6, STM32U5A5ZJT6Q, STM32U5A5ZJY6QTR, STM32U5A9BJY6QTR, STM32U5A9J-DK, STM32U5A9NJH6Q, STM32U5A9VJT6Q, STM32U5A9ZJT6Q, STM32U5A9ZJY6QTR, STM32U5F7VIT6, STM32U5F7VIT6Q, STM32U5F7VJT6, STM32U5F7VJT6Q, STM32U5F9BJY6QTR, STM32U5F9NJH6Q, STM32U5F9VIT6Q, STM32U5F9VJT6Q, STM32U5F9ZIJ6QTR, STM32U5F9ZIT6Q, STM32U5F9ZJJ6QTR, STM32U5F9ZJT6Q, STM32U5G7VJT6, STM32U5G7VJT6Q, STM32U5G9BJY6QTR, STM32U5G9J-DK1, STM32U5G9J-DK2, STM32U5G9NJH6Q, STM32U5G9VJT6Q, STM32U5G9ZJJ6QTR, STM32U5G9ZJT6Q, STM32WB05KZV6TR, STM32WB05KZV7TR, STM32WB05TZF6TR, STM32WB05TZF7TR, STM32WB06CCF6TR, STM32WB06CCF7TR, STM32WB06CCV6TR, STM32WB06CCV7TR, STM32WB06KCV6TR, STM32WB06KCV7TR, STM32WB07CCF6TR, STM32WB07CCF7TR, STM32WB07CCV6TR, STM32WB07CCV7TR, STM32WB07KCV6TR, STM32WB07KCV7TR, STM32WB09KEV6TR, STM32WB09KEV7TR, STM32WB09TEF6TR, STM32WB09TEF7TR, STM32WB1MMCH6, STM32WBA50KGU6, STM32WBA50KGU6TR, STM32WBA52CEU6, STM32WBA52CEU6TR, STM32WBA52CEU7, STM32WBA52CEU7TR, STM32WBA52CGU6, STM32WBA52CGU6TR, STM32WBA52CGU6U, STM32WBA52CGU7, STM32WBA52CGU7TR, STM32WBA52KEU6, STM32WBA52KEU6TR, STM32WBA52KGU6, STM32WBA52KGU6TR, STM32WBA54CEU6, STM32WBA54CEU6TR, STM32WBA54CEU7, STM32WBA54CEU7TR, STM32WBA54CGU6, STM32WBA54CGU6TR, STM32WBA54CGU7, STM32WBA54CGU7TR, STM32WBA54KEU6, STM32WBA54KEU6TR, STM32WBA54KEU7, STM32WBA54KEU7TR, STM32WBA54KGU6, STM32WBA54KGU6TR, STM32WBA54KGU7, STM32WBA54KGU7TR, STM32WBA55CEU6, STM32WBA55CEU6TR, STM32WBA55CEU7, STM32WBA55CEU7TR, STM32WBA55CGU6, STM32WBA55CGU6TR, STM32WBA55CGU6U, STM32WBA55CGU7, STM32WBA55CGU7TR, STM32WBA55G-DK1, STM32WBA55HEF6, STM32WBA55HEF7, STM32WBA55HGF6, STM32WBA55HGF7, STM32WBA55UEI6, STM32WBA55UEI6TR, STM32WBA55UEI7, STM32WBA55UEI7TR, STM32WBA55UGI6, STM32WBA55UGI6TR, STM32WBA55UGI7, STM32WBA55UGI7TR, STM32WBA5MMGH6TR, STM32WBA62MGF6, STM32WBA62MIF6, STM32WBA65MGF7, STM32WBA65MIF6, STM32WBA65MIF7, STM32WL30K8V6, STM32WL30KBV6, STM32WL31C8V6, STM32WL31CBV6, STM32WL31K8V6, STM32WL31KBV6, STM32WL33C8V6, STM32WL33C8V6X, STM32WL33CBV6, STM32WL33CBV6X, STM32WL33CCV6, STM32WL33CCV6A, STM32WL33CCV6X, STM32WL33K8V7, STM32WL33K8V7X, STM32WL33KBV7 , STM32WL33KBV7X, STM32WL33KCV7, STM32WL33KCV7X, STM32WL5MOCH6, STM32WL5MOCH6TR]
2025-10-10 23:26:16,708 [INFO] DbMcus:218 - Found 4801 MCUs, 4801 are supported
2025-10-10 23:26:16,708 [INFO] ApiDb:423 - Load user favorites file /home/oleksii/.stm32cubeide/favorites.mcus.txt: 0 item(s)
2025-10-10 23:26:16,708 [INFO] ApiDb:427 - User favorites MCUs=[]
2025-10-10 23:26:16,708 [INFO] DbMcus:224 - Set 0 / 0 favorites MCUs
2025-10-10 23:26:16,990 [INFO] ApiDb:423 - Load user favorites file /home/oleksii/.stm32cubeide/favorites.boards.txt: 0 item(s)
2025-10-10 23:26:16,990 [INFO] ApiDb:427 - User favorites Boards=[]
2025-10-10 23:26:16,990 [INFO] DbBoards:198 - Set 0 / 0 favorites Boards
2025-10-10 23:26:17,050 [INFO] UtilMem:75 - End LoadConfig() Used Memory: 258853680 Bytes (321912832)
2025-10-10 23:26:17,157 [WARN] ThirdParty:833 - waiting for thirdparty lock release [change project]
2025-10-10 23:26:17,157 [INFO] ThirdParty:835 - entering critical section [change project]
2025-10-10 23:26:17,158 [INFO] ThirdParty:1030 - CMSIS Pack Vendor :STMicroelectronics X-CUBE-PM33A1 1.0.0
2025-10-10 23:26:17,158 [INFO] ThirdParty:1030 - CMSIS Pack Vendor :STMicroelectronics USBPD 4.1
2025-10-10 23:26:17,158 [INFO] ThirdParty:1030 - CMSIS Pack Vendor :STMicroelectronics X-CUBE-NFC9 1.0.0
2025-10-10 23:26:17,158 [INFO] ThirdParty:1030 - CMSIS Pack Vendor :STMicroelectronics USB_HOST 2.0.0
2025-10-10 23:26:17,158 [INFO] ThirdParty:1030 - CMSIS Pack Vendor :STMicroelectronics FP-SNS-MOTENVWB1 1.4.0
2025-10-10 23:26:17,158 [INFO] ThirdParty:1030 - CMSIS Pack Vendor :STMicroelectronics X-CUBE-AZRTOS-F4 1.1.0
2025-10-10 23:26:17,158 [INFO] ThirdParty:1030 - CMSIS Pack Vendor :STMicroelectronics LIBJPEG 8.0.0
2025-10-10 23:26:17,158 [INFO] ThirdParty:1030 - CMSIS Pack Vendor :STMicroelectronics FP-ATR-ASTRA1 2.0.2
2025-10-10 23:26:17,158 [INFO] ThirdParty:1030 - CMSIS Pack Vendor :wolfSSL I-CUBE-wolfSSL 5.8.2
2025-10-10 23:26:17,158 [INFO] ThirdParty:1030 - CMSIS Pack Vendor :STMicroelectronics X-CUBE-BLE1 7.1.0
2025-10-10 23:26:17,158 [INFO] ThirdParty:1030 - CMSIS Pack Vendor :Avnet-IotConnect X-CUBE-IoTC-DA16k-PMOD 1.0.0
2025-10-10 23:26:17,158 [INFO] ThirdParty:1030 - CMSIS Pack Vendor :STMicroelectronics X-CUBE-SMBUS 2.1.0
2025-10-10 23:26:17,158 [INFO] ThirdParty:1030 - CMSIS Pack Vendor :wolfSSL I-CUBE-wolfMQTT 1.19.2
2025-10-10 23:26:17,158 [INFO] ThirdParty:1030 - CMSIS Pack Vendor :STMicroelectronics USB_DEVICE 3.0.0
2025-10-10 23:26:17,158 [INFO] ThirdParty:1030 - CMSIS Pack Vendor :STMicroelectronics X-CUBE-ISPU 2.1.0
2025-10-10 23:26:17,158 [INFO] ThirdParty:1030 - CMSIS Pack Vendor :STMicroelectronics X-CUBE-EEPRMA1 5.2.0
2025-10-10 23:26:17,158 [INFO] ThirdParty:1030 - CMSIS Pack Vendor :STMicroelectronics X-CUBE-BLEMGR 4.1.0
2025-10-10 23:26:17,158 [INFO] ThirdParty:1030 - CMSIS Pack Vendor :STMicroelectronics X-CUBE-AZRTOS-WB 2.0.0
2025-10-10 23:26:17,158 [INFO] ThirdParty:1030 - CMSIS Pack Vendor :STMicroelectronics X-CUBE-ST60 1.0.0
2025-10-10 23:26:17,158 [INFO] ThirdParty:1030 - CMSIS Pack Vendor :STMicroelectronics X-CUBE-GNSS1 7.0.1
2025-10-10 23:26:17,158 [INFO] ThirdParty:1030 - CMSIS Pack Vendor :STMicroelectronics X-CUBE-NFC12 1.0.0
2025-10-10 23:26:17,158 [INFO] ThirdParty:1030 - CMSIS Pack Vendor :STMicroelectronics X-CUBE-AZRTOS-F7 1.1.0
2025-10-10 23:26:17,158 [INFO] ThirdParty:1030 - CMSIS Pack Vendor :STMicroelectronics X-CUBE-AZRTOS-L5 2.0.0
2025-10-10 23:26:17,158 [INFO] ThirdParty:1030 - CMSIS Pack Vendor :STMicroelectronics X-CUBE-TOUCHGFX 4.25.0
2025-10-10 23:26:17,158 [INFO] ThirdParty:1030 - CMSIS Pack Vendor :STMicroelectronics USB_DEVICE 2.0.0
2025-10-10 23:26:17,159 [INFO] ThirdParty:1030 - CMSIS Pack Vendor :STMicroelectronics X-CUBE-NFC6 3.1.0
2025-10-10 23:26:17,159 [INFO] ThirdParty:1030 - CMSIS Pack Vendor :quantropi X-CUBE-qispace-sdk-base 2.1.0
2025-10-10 23:26:17,159 [INFO] ThirdParty:1030 - CMSIS Pack Vendor :STMicroelectronics FreeRTOS 0.0.1
2025-10-10 23:26:17,159 [INFO] ThirdParty:1030 - CMSIS Pack Vendor :STMicroelectronics X-CUBE-AZRTOS-G0 1.1.0
2025-10-10 23:26:17,159 [INFO] ThirdParty:1030 - CMSIS Pack Vendor :STMicroelectronics X-CUBE-SAFEA1 1.2.2
2025-10-10 23:26:17,159 [INFO] ThirdParty:1030 - CMSIS Pack Vendor :STMicroelectronics X-CUBE-NFC4 3.0.0
2025-10-10 23:26:17,159 [INFO] ThirdParty:1030 - CMSIS Pack Vendor :STMicroelectronics X-CUBE-SUBG2 5.0.0
2025-10-10 23:26:17,159 [INFO] ThirdParty:1030 - CMSIS Pack Vendor :STMicroelectronics X-CUBE-AZRTOS-H7RS 1.1.0
2025-10-10 23:26:17,159 [INFO] ThirdParty:1030 - CMSIS Pack Vendor :STMicroelectronics STM32_WPAN 1.0.0
2025-10-10 23:26:17,159 [INFO] ThirdParty:1030 - CMSIS Pack Vendor :EmbeddedOffice I-CUBE-FS-RTOS 1.0.1
2025-10-10 23:26:17,159 [INFO] ThirdParty:1030 - CMSIS Pack Vendor :STMicroelectronics lwIP 2.0.3
2025-10-10 23:26:17,159 [INFO] ThirdParty:1030 - CMSIS Pack Vendor :WES I-CUBE-Cesium 1.4.0
2025-10-10 23:26:17,159 [INFO] ThirdParty:1030 - CMSIS Pack Vendor :Cesanta I-CUBE-Mongoose 7.13.0
2025-10-10 23:26:17,159 [INFO] ThirdParty:1030 - CMSIS Pack Vendor :STMicroelectronics USB_HOST 1.0.0
2025-10-10 23:26:17,159 [INFO] ThirdParty:1030 - CMSIS Pack Vendor :Infineon AIROC-Wi-Fi-Bluetooth-STM32 1.7.1
2025-10-10 23:26:17,159 [INFO] ThirdParty:1030 - CMSIS Pack Vendor :STMicroelectronics X-CUBE-AZRTOS-G4 2.0.0
2025-10-10 23:26:17,159 [INFO] ThirdParty:1030 - CMSIS Pack Vendor :STMicroelectronics X-CUBE-WB05N 2.0.0
2025-10-10 23:26:17,159 [INFO] ThirdParty:1030 - CMSIS Pack Vendor :STMicroelectronics PDM2PCM 3.1.0
2025-10-10 23:26:17,159 [INFO] ThirdParty:1030 - CMSIS Pack Vendor :STMicroelectronics PDM2PCM 3.3.0
2025-10-10 23:26:17,159 [INFO] ThirdParty:1030 - CMSIS Pack Vendor :wolfSSL I-CUBE-wolfTPM 3.8.0
2025-10-10 23:26:17,159 [INFO] ThirdParty:1030 - CMSIS Pack Vendor :STMicroelectronics X-CUBE-AZRTOS-H7 3.4.0
2025-10-10 23:26:17,159 [INFO] ThirdParty:1030 - CMSIS Pack Vendor :STMicroelectronics X-CUBE-DISPLAY 3.0.0
2025-10-10 23:26:17,159 [INFO] ThirdParty:1030 - CMSIS Pack Vendor :wolfSSL I-CUBE-wolfSSH 1.4.20
2025-10-10 23:26:17,159 [INFO] ThirdParty:1030 - CMSIS Pack Vendor :STMicroelectronics X-CUBE-NFC7 2.0.0
2025-10-10 23:26:17,160 [INFO] ThirdParty:1030 - CMSIS Pack Vendor :STMicroelectronics X-CUBE-TCPP 4.2.0
2025-10-10 23:26:17,160 [INFO] ThirdParty:1030 - CMSIS Pack Vendor :RealThread X-CUBE-RT-Thread_Nano 4.1.1
2025-10-10 23:26:17,160 [INFO] ThirdParty:1030 - CMSIS Pack Vendor :STMicroelectronics FP-ATR-SIGFOX1 3.2.0
2025-10-10 23:26:17,160 [INFO] ThirdParty:1030 - CMSIS Pack Vendor :STMicroelectronics X-CUBE-NFC10 1.0.0
2025-10-10 23:26:17,160 [INFO] ThirdParty:1030 - CMSIS Pack Vendor :STMicroelectronics X-CUBE-FREERTOS 1.3.1
2025-10-10 23:26:17,160 [INFO] ThirdParty:1030 - CMSIS Pack Vendor :STMicroelectronics HAL Drivers 0.0.0
2025-10-10 23:26:17,160 [INFO] ThirdParty:1030 - CMSIS Pack Vendor :STMicroelectronics MBEDTLS 2.16.2
2025-10-10 23:26:17,160 [INFO] ThirdParty:1030 - CMSIS Pack Vendor :STMicroelectronics X-CUBE-IPS 3.1.0
2025-10-10 23:26:17,160 [INFO] ThirdParty:1030 - CMSIS Pack Vendor :STMicroelectronics X-CUBE-ALS 1.0.2
2025-10-10 23:26:17,160 [INFO] ThirdParty:1030 - CMSIS Pack Vendor :emotas I-CUBE-CANOPEN 1.3.0
2025-10-10 23:26:17,160 [INFO] ThirdParty:1030 - CMSIS Pack Vendor :STMicroelectronics MBEDTLS 2.14.1
2025-10-10 23:26:17,160 [INFO] ThirdParty:1030 - CMSIS Pack Vendor :ITTIA_DB I-CUBE-ITTIADB 8.9.0
2025-10-10 23:26:17,160 [INFO] ThirdParty:1030 - CMSIS Pack Vendor :STMicroelectronics X-CUBE-TOUCHGFX 4.26.0
2025-10-10 23:26:17,160 [INFO] ThirdParty:1030 - CMSIS Pack Vendor :STMicroelectronics X-CUBE-STSE01 1.0.0
2025-10-10 23:26:17,160 [INFO] ThirdParty:1030 - CMSIS Pack Vendor :STMicroelectronics X-CUBE-ST67W61 1.0.0
2025-10-10 23:26:17,160 [INFO] ThirdParty:1030 - CMSIS Pack Vendor :STMicroelectronics FP-SNS-STBOX1 2.1.0
2025-10-10 23:26:17,160 [INFO] ThirdParty:1030 - CMSIS Pack Vendor :STMicroelectronics X-CUBE-AI 10.2.0
2025-10-10 23:26:17,160 [INFO] ThirdParty:1030 - CMSIS Pack Vendor :STMicroelectronics FP-SNS-STAIOTCFT 1.0.0
2025-10-10 23:26:17,160 [INFO] ThirdParty:1030 - CMSIS Pack Vendor :STMicroelectronics ThreadX 1.0.0
2025-10-10 23:26:17,160 [INFO] ThirdParty:1030 - CMSIS Pack Vendor :STMicroelectronics FP-SNS-SMARTAG2 1.2.0
2025-10-10 23:26:17,160 [INFO] ThirdParty:1030 - CMSIS Pack Vendor :STMicroelectronics FP-SNS-FLIGHT1 5.1.0
2025-10-10 23:26:17,160 [INFO] ThirdParty:1030 - CMSIS Pack Vendor :STMicroelectronics X-CUBE-AZRTOS-WL 2.0.0
2025-10-10 23:26:17,160 [INFO] ThirdParty:1030 - CMSIS Pack Vendor :SEGGER I-CUBE-embOS 1.3.1
2025-10-10 23:26:17,160 [INFO] ThirdParty:1030 - CMSIS Pack Vendor :STMicroelectronics X-CUBE-ALGOBUILD 1.4.0
2025-10-10 23:26:17,161 [INFO] ThirdParty:1030 - CMSIS Pack Vendor :STMicroelectronics X-CUBE-DPower 1.3.0
2025-10-10 23:26:17,161 [INFO] ThirdParty:1030 - CMSIS Pack Vendor :STMicroelectronics X-CUBE-MEMS1 11.3.0
2025-10-10 23:26:17,161 [INFO] ThirdParty:1030 - CMSIS Pack Vendor :STMicroelectronics FP-SNS-MOTENV1 5.0.0
2025-10-10 23:26:17,161 [INFO] ThirdParty:1030 - CMSIS Pack Vendor :STMicroelectronics USB_DEVICE 1.0.0
2025-10-10 23:26:17,161 [INFO] ThirdParty:1030 - CMSIS Pack Vendor :STMicroelectronics X-CUBE-AZRTOS-L4 2.0.0
2025-10-10 23:26:17,161 [INFO] ThirdParty:1030 - CMSIS Pack Vendor :STMicroelectronics ThreadX 0.0.2
2025-10-10 23:26:17,161 [INFO] ThirdParty:1030 - CMSIS Pack Vendor :STMicroelectronics lwIP 2.1.2
2025-10-10 23:26:17,161 [INFO] ThirdParty:1030 - CMSIS Pack Vendor :STMicroelectronics X-CUBE-SFXS2LP1 4.0.0
2025-10-10 23:26:17,161 [INFO] ThirdParty:1030 - CMSIS Pack Vendor :STMicroelectronics X-CUBE-BLE2 3.3.0
2025-10-10 23:26:17,161 [INFO] ThirdParty:1030 - CMSIS Pack Vendor :STMicroelectronics X-CUBE-TOF1 3.4.3
2025-10-10 23:26:17,161 [INFO] ThirdParty:1030 - CMSIS Pack Vendor :STMicroelectronics PDM2PCM 3.2.0
2025-10-10 23:26:17,161 [INFO] ThirdParty:841 - exiting critical section [change project]
2025-10-10 23:26:17,459 [INFO] PinOutPanel:1589 - setPackage(No Configuration,No Configuration)
2025-10-10 23:26:17,459 [INFO] PinOutPanel:1589 - setPackage(STM32F407VGTx,LQFP100)
2025-10-10 23:26:17,762 [INFO] UtilMem:75 - Before build in PCC Used Memory: 275393456 Bytes (360710144)
2025-10-10 23:26:18,132 [INFO] UtilMem:75 - After build in PCC Used Memory: 269785256 Bytes (360710144)
2025-10-10 23:26:18,162 [INFO] ApiDbMcu:532 - Load IP Config File for USB_HOST
2025-10-10 23:26:18,163 [WARN] BspModel:444 - BSP dependency skipped because of component: name='IOExpander', api='Unknown'
2025-10-10 23:26:18,185 [INFO] IPUIPlugin:80 - create IPUIPlugin
2025-10-10 23:26:18,185 [INFO] IPUIPlugin:80 - create IPUIPlugin
2025-10-10 23:26:18,185 [INFO] IPUIPlugin:80 - create IPUIPlugin
2025-10-10 23:26:18,185 [INFO] IPUIPlugin:80 - create IPUIPlugin
2025-10-10 23:26:18,185 [INFO] IPUIPlugin:80 - create IPUIPlugin
2025-10-10 23:26:18,185 [INFO] IPUIPlugin:80 - create IPUIPlugin
2025-10-10 23:26:18,186 [INFO] IPUIPlugin:80 - create IPUIPlugin
2025-10-10 23:26:18,186 [INFO] IPUIPlugin:80 - create IPUIPlugin
2025-10-10 23:26:18,186 [INFO] IPUIPlugin:80 - create IPUIPlugin
2025-10-10 23:26:18,186 [INFO] IPUIPlugin:80 - create IPUIPlugin
2025-10-10 23:26:18,186 [INFO] IPUIPlugin:80 - create IPUIPlugin
2025-10-10 23:26:18,186 [INFO] IPUIPlugin:80 - create IPUIPlugin
2025-10-10 23:26:18,186 [INFO] IPUIPlugin:80 - create IPUIPlugin
2025-10-10 23:26:18,186 [INFO] IPUIPlugin:80 - create IPUIPlugin
2025-10-10 23:26:18,186 [INFO] IPUIPlugin:80 - create IPUIPlugin
2025-10-10 23:26:18,186 [INFO] IPUIPlugin:80 - create IPUIPlugin
2025-10-10 23:26:18,186 [INFO] IPUIPlugin:80 - create IPUIPlugin
2025-10-10 23:26:18,187 [INFO] IPUIPlugin:80 - create IPUIPlugin
2025-10-10 23:26:18,187 [INFO] IPUIPlugin:80 - create IPUIPlugin
2025-10-10 23:26:18,187 [INFO] IPUIPlugin:80 - create IPUIPlugin
2025-10-10 23:26:18,187 [INFO] IPUIPlugin:80 - create IPUIPlugin
2025-10-10 23:26:18,187 [INFO] IPUIPlugin:80 - create IPUIPlugin
2025-10-10 23:26:18,187 [INFO] IPUIPlugin:80 - create IPUIPlugin
2025-10-10 23:26:18,187 [INFO] IPUIPlugin:80 - create IPUIPlugin
2025-10-10 23:26:18,187 [INFO] IPUIPlugin:80 - create IPUIPlugin
2025-10-10 23:26:18,187 [INFO] IPUIPlugin:80 - create IPUIPlugin
2025-10-10 23:26:18,188 [INFO] IPUIPlugin:80 - create IPUIPlugin
2025-10-10 23:26:18,188 [INFO] IPUIPlugin:80 - create IPUIPlugin
2025-10-10 23:26:18,188 [INFO] IPUIPlugin:80 - create IPUIPlugin
2025-10-10 23:26:18,188 [INFO] IPUIPlugin:80 - create IPUIPlugin
2025-10-10 23:26:18,189 [INFO] IPUIPlugin:80 - create IPUIPlugin
2025-10-10 23:26:18,189 [INFO] IPUIPlugin:80 - create IPUIPlugin
2025-10-10 23:26:18,189 [INFO] IPUIPlugin:80 - create IPUIPlugin
2025-10-10 23:26:18,189 [INFO] IPUIPlugin:80 - create IPUIPlugin
2025-10-10 23:26:18,190 [INFO] IPUIPlugin:80 - create IPUIPlugin
2025-10-10 23:26:18,190 [INFO] IPUIPlugin:80 - create IPUIPlugin
2025-10-10 23:26:18,190 [INFO] IPUIPlugin:80 - create IPUIPlugin
2025-10-10 23:26:18,190 [INFO] IPUIPlugin:80 - create IPUIPlugin
2025-10-10 23:26:18,190 [INFO] IPUIPlugin:80 - create IPUIPlugin
2025-10-10 23:26:18,190 [INFO] IPUIPlugin:80 - create IPUIPlugin
2025-10-10 23:26:18,190 [INFO] IPUIPlugin:80 - create IPUIPlugin
2025-10-10 23:26:18,190 [INFO] IPUIPlugin:80 - create IPUIPlugin
2025-10-10 23:26:18,190 [INFO] IPUIPlugin:80 - create IPUIPlugin
2025-10-10 23:26:18,191 [INFO] IPUIPlugin:80 - create IPUIPlugin
2025-10-10 23:26:18,191 [INFO] IPUIPlugin:80 - create IPUIPlugin
2025-10-10 23:26:18,191 [INFO] IPUIPlugin:80 - create IPUIPlugin
2025-10-10 23:26:18,191 [INFO] IPUIPlugin:80 - create IPUIPlugin
2025-10-10 23:26:18,191 [INFO] IPUIPlugin:80 - create IPUIPlugin
2025-10-10 23:26:18,191 [INFO] IPUIPlugin:80 - create IPUIPlugin
2025-10-10 23:26:18,191 [INFO] IPUIPlugin:80 - create IPUIPlugin
2025-10-10 23:26:18,192 [INFO] IPUIPlugin:80 - create IPUIPlugin
2025-10-10 23:26:18,192 [INFO] IPUIPlugin:80 - create IPUIPlugin
2025-10-10 23:26:18,192 [INFO] IPUIPlugin:80 - create IPUIPlugin
2025-10-10 23:26:18,192 [INFO] IPUIPlugin:80 - create IPUIPlugin
2025-10-10 23:26:18,192 [INFO] IPUIPlugin:80 - create IPUIPlugin
2025-10-10 23:26:18,192 [INFO] IPUIPlugin:80 - create IPUIPlugin
2025-10-10 23:26:18,193 [INFO] IPUIPlugin:80 - create IPUIPlugin
2025-10-10 23:26:18,193 [INFO] IPUIPlugin:80 - create IPUIPlugin
2025-10-10 23:26:18,196 [INFO] ApiDbMcu:532 - Load IP Config File for PDM2PCM
2025-10-10 23:26:18,200 [WARN] IP:2250 - I2C_Coeff_DF not found: check if there is a RefParameter without a condition.
2025-10-10 23:26:18,200 [WARN] IP:2250 - Analog_Filter not found: check if there is a RefParameter without a condition.
2025-10-10 23:26:18,205 [INFO] I2sManager:658 - 9.6E7
2025-10-10 23:26:18,206 [INFO] I2sManager:195 - I2S Clock Value : 9.6E7
2025-10-10 23:26:18,206 [INFO] I2sManager:553 - AudioClock : 93750Divider : 2Odd : 0
2025-10-10 23:26:18,317 [INFO] CADModel:165 - CPN selected for project levelSTM32F407VGT6
2025-10-10 23:26:18,317 [INFO] CADModel:114 - Register for checkConnection events
2025-10-10 23:26:18,364 [INFO] OpenFileManager:386 - Restore cursor
2025-10-10 23:26:18,509 [WARN] IP:2250 - I2C_Coeff_DF not found: check if there is a RefParameter without a condition.
2025-10-10 23:26:18,509 [WARN] IP:2250 - Analog_Filter not found: check if there is a RefParameter without a condition.
2025-10-10 23:26:18,510 [WARN] IP:2250 - I2C_Coeff_DF not found: check if there is a RefParameter without a condition.
2025-10-10 23:26:18,510 [WARN] IP:2250 - Analog_Filter not found: check if there is a RefParameter without a condition.
2025-10-10 23:26:36,966 [WARN] BspModel:444 - BSP dependency skipped because of component: name='IOExpander', api='Unknown'
2025-10-10 23:26:42,376 [INFO] UtilMem:75 - End SaveConfig() Used Memory: 383780864 Bytes (628097024)
2025-10-10 23:26:55,828 [WARN] BspModel:444 - BSP dependency skipped because of component: name='IOExpander', api='Unknown'
2025-10-10 23:26:59,718 [INFO] UtilMem:75 - End SaveConfig() Used Memory: 703537280 Bytes (817889280)
2025-10-10 23:27:01,837 [INFO] UtilMem:75 - End SaveConfig() Used Memory: 628234944 Bytes (817889280)
2025-10-10 23:27:07,938 [INFO] UtilMem:75 - End SaveConfig() Used Memory: 935162272 Bytes (969932800)
2025-10-10 23:27:08,262 [INFO] BlockDiagram:2775 - set Specific Code input for plugin: SPI
2025-10-10 23:27:08,262 [INFO] BlockDiagram:2775 - set Specific Code input for plugin: TIM1_8
2025-10-10 23:27:08,262 [INFO] BlockDiagram:2775 - set Specific Code input for plugin: I2S
2025-10-10 23:27:08,262 [INFO] BlockDiagram:2775 - set Specific Code input for plugin: SYS
2025-10-10 23:27:08,262 [INFO] BlockDiagram:2775 - set Specific Code input for plugin: RCC
2025-10-10 23:27:08,262 [INFO] BlockDiagram:2775 - set Specific Code input for plugin: I2C
2025-10-10 23:27:08,262 [INFO] BlockDiagram:2775 - set Specific Code input for plugin: USB_OTG_FS
2025-10-10 23:27:08,262 [INFO] BlockDiagram:2775 - set Specific Code input for plugin: NVIC
2025-10-10 23:27:08,262 [INFO] BlockDiagram:2775 - set Specific Code input for plugin: USB_HOST
2025-10-10 23:27:08,263 [INFO] BlockDiagram:2775 - set Specific Code input for plugin: GPIO
2025-10-10 23:27:08,263 [INFO] CodeGenerator:892 - code generatio: config db path: /opt/st/stm32cubeide_1.19.0/plugins/com.st.stm32cube.common.mx_6.15.0.202507011659//db/
2025-10-10 23:27:08,267 [WARN] IP:2250 - I2C_Coeff_DF not found: check if there is a RefParameter without a condition.
2025-10-10 23:27:08,267 [WARN] IP:2250 - Analog_Filter not found: check if there is a RefParameter without a condition.
2025-10-10 23:27:08,462 [INFO] CodeEngine:265 - oldGeneratedFile, /home/oleksii/STM32CubeIDE/workspace_1.19.0/workspace_embedded/Lab2_1/MXTmpFiles/license.tmp_save
2025-10-10 23:27:08,674 [INFO] CodeEngine:289 - Generated code: /home/oleksii/STM32CubeIDE/workspace_1.19.0/workspace_embedded/Lab2_1/MXTmpFiles/license.tmp
2025-10-10 23:27:08,755 [INFO] CodeEngine:265 - oldGeneratedFile, /home/oleksii/STM32CubeIDE/workspace_1.19.0/workspace_embedded/Lab2_1/MXTmpFiles/gpio.tmp_save
2025-10-10 23:27:08,876 [INFO] CodeEngine:289 - Generated code: /home/oleksii/STM32CubeIDE/workspace_1.19.0/workspace_embedded/Lab2_1/MXTmpFiles/gpio.tmp
2025-10-10 23:27:08,943 [WARN] IPConfigManager:3238 - Warning: the RefConfig PWREx_EnableUSBVoltageDetector is not available in your config.xml file
2025-10-10 23:27:08,947 [INFO] CodeEngine:265 - oldGeneratedFile, /home/oleksii/STM32CubeIDE/workspace_1.19.0/workspace_embedded/Lab2_1/MXTmpFiles/usb_otg_fs_vars.tmp_save
2025-10-10 23:27:08,994 [INFO] CodeEngine:289 - Generated code: /home/oleksii/STM32CubeIDE/workspace_1.19.0/workspace_embedded/Lab2_1/MXTmpFiles/usb_otg_fs_vars.tmp
2025-10-10 23:27:08,995 [INFO] CodeEngine:265 - oldGeneratedFile, /home/oleksii/STM32CubeIDE/workspace_1.19.0/workspace_embedded/Lab2_1/MXTmpFiles/usb_otg_fs_inc.tmp_save
2025-10-10 23:27:09,033 [INFO] CodeEngine:289 - Generated code: /home/oleksii/STM32CubeIDE/workspace_1.19.0/workspace_embedded/Lab2_1/MXTmpFiles/usb_otg_fs_inc.tmp
2025-10-10 23:27:09,034 [INFO] CodeEngine:265 - oldGeneratedFile, /home/oleksii/STM32CubeIDE/workspace_1.19.0/workspace_embedded/Lab2_1/MXTmpFiles/usb_otg_fs_HalInit.tmp_save
2025-10-10 23:27:09,085 [INFO] CodeEngine:289 - Generated code: /home/oleksii/STM32CubeIDE/workspace_1.19.0/workspace_embedded/Lab2_1/MXTmpFiles/usb_otg_fs_HalInit.tmp
2025-10-10 23:27:09,086 [INFO] CodeEngine:265 - oldGeneratedFile, /home/oleksii/STM32CubeIDE/workspace_1.19.0/workspace_embedded/Lab2_1/MXTmpFiles/usb_otg_fs_Msp.tmp_save
2025-10-10 23:27:09,139 [INFO] CodeEngine:289 - Generated code: /home/oleksii/STM32CubeIDE/workspace_1.19.0/workspace_embedded/Lab2_1/MXTmpFiles/usb_otg_fs_Msp.tmp
2025-10-10 23:27:09,326 [INFO] CodeEngine:265 - oldGeneratedFile, /home/oleksii/STM32CubeIDE/workspace_1.19.0/workspace_embedded/Lab2_1/USB_HOST/App/usb_host.c_save
2025-10-10 23:27:09,375 [INFO] CodeEngine:289 - Generated code: /home/oleksii/STM32CubeIDE/workspace_1.19.0/workspace_embedded/Lab2_1/USB_HOST/App/usb_host.c
2025-10-10 23:27:09,376 [INFO] CodeEngine:265 - oldGeneratedFile, /home/oleksii/STM32CubeIDE/workspace_1.19.0/workspace_embedded/Lab2_1/USB_HOST/App/usb_host.h_save
2025-10-10 23:27:09,416 [INFO] CodeEngine:289 - Generated code: /home/oleksii/STM32CubeIDE/workspace_1.19.0/workspace_embedded/Lab2_1/USB_HOST/App/usb_host.h
2025-10-10 23:27:09,417 [INFO] CodeEngine:265 - oldGeneratedFile, /home/oleksii/STM32CubeIDE/workspace_1.19.0/workspace_embedded/Lab2_1/USB_HOST/Target/usbh_conf.h_save
2025-10-10 23:27:09,464 [INFO] CodeEngine:289 - Generated code: /home/oleksii/STM32CubeIDE/workspace_1.19.0/workspace_embedded/Lab2_1/USB_HOST/Target/usbh_conf.h
2025-10-10 23:27:09,465 [INFO] CodeEngine:265 - oldGeneratedFile, /home/oleksii/STM32CubeIDE/workspace_1.19.0/workspace_embedded/Lab2_1/USB_HOST/Target/usbh_conf.c_save
2025-10-10 23:27:09,509 [INFO] CodeEngine:289 - Generated code: /home/oleksii/STM32CubeIDE/workspace_1.19.0/workspace_embedded/Lab2_1/USB_HOST/Target/usbh_conf.c
2025-10-10 23:27:09,510 [INFO] CodeEngine:265 - oldGeneratedFile, /home/oleksii/STM32CubeIDE/workspace_1.19.0/workspace_embedded/Lab2_1/USB_HOST/Target/usbh_platform.c_save
2025-10-10 23:27:09,548 [INFO] CodeEngine:289 - Generated code: /home/oleksii/STM32CubeIDE/workspace_1.19.0/workspace_embedded/Lab2_1/USB_HOST/Target/usbh_platform.c
2025-10-10 23:27:09,549 [INFO] CodeEngine:265 - oldGeneratedFile, /home/oleksii/STM32CubeIDE/workspace_1.19.0/workspace_embedded/Lab2_1/USB_HOST/Target/usbh_platform.h_save
2025-10-10 23:27:09,589 [INFO] CodeEngine:289 - Generated code: /home/oleksii/STM32CubeIDE/workspace_1.19.0/workspace_embedded/Lab2_1/USB_HOST/Target/usbh_platform.h
2025-10-10 23:27:09,595 [INFO] CodeEngine:265 - oldGeneratedFile, /home/oleksii/STM32CubeIDE/workspace_1.19.0/workspace_embedded/Lab2_1/Core/Src/stm32f4xx_it.c_save
2025-10-10 23:27:09,659 [INFO] CodeEngine:289 - Generated code: /home/oleksii/STM32CubeIDE/workspace_1.19.0/workspace_embedded/Lab2_1/Core/Src/stm32f4xx_it.c
2025-10-10 23:27:09,659 [INFO] CodeEngine:265 - oldGeneratedFile, /home/oleksii/STM32CubeIDE/workspace_1.19.0/workspace_embedded/Lab2_1/Core/Inc/stm32f4xx_it.h_save
2025-10-10 23:27:09,699 [INFO] CodeEngine:289 - Generated code: /home/oleksii/STM32CubeIDE/workspace_1.19.0/workspace_embedded/Lab2_1/Core/Inc/stm32f4xx_it.h
2025-10-10 23:27:09,707 [INFO] CodeEngine:265 - oldGeneratedFile, /home/oleksii/STM32CubeIDE/workspace_1.19.0/workspace_embedded/Lab2_1/Core/Src/stm32f4xx_hal_msp.c_save
2025-10-10 23:27:09,788 [INFO] CodeEngine:289 - Generated code: /home/oleksii/STM32CubeIDE/workspace_1.19.0/workspace_embedded/Lab2_1/Core/Src/stm32f4xx_hal_msp.c
2025-10-10 23:27:09,788 [INFO] CodeEngine:265 - oldGeneratedFile, /home/oleksii/STM32CubeIDE/workspace_1.19.0/workspace_embedded/Lab2_1/MXTmpFiles/system.tmp_save
2025-10-10 23:27:09,826 [INFO] CodeEngine:289 - Generated code: /home/oleksii/STM32CubeIDE/workspace_1.19.0/workspace_embedded/Lab2_1/MXTmpFiles/system.tmp
2025-10-10 23:27:09,829 [INFO] CodeEngine:321 - oldGeneratedFile, /home/oleksii/STM32CubeIDE/workspace_1.19.0/workspace_embedded/Lab2_1/Core/Inc/stm32f4xx_hal_conf.h_save
2025-10-10 23:27:09,872 [INFO] CodeEngine:345 - Generated code: /home/oleksii/STM32CubeIDE/workspace_1.19.0/workspace_embedded/Lab2_1/Core/Inc/stm32f4xx_hal_conf.h
2025-10-10 23:27:09,889 [INFO] ApiDbMcu:532 - Load IP Config File for I2C1
2025-10-10 23:27:09,890 [INFO] ApiDbMcu:532 - Load IP Config File for I2S3
2025-10-10 23:27:09,892 [INFO] ApiDbMcu:532 - Load IP Config File for SPI1
2025-10-10 23:27:09,899 [INFO] ApiDbMcu:532 - Load IP Config File for TIM4
2025-10-10 23:27:09,901 [INFO] ApiDbMcu:532 - Load IP Config File for RCC
2025-10-10 23:27:09,903 [WARN] IPConfigManager:3811 - IP not found : TIM
2025-10-10 23:27:09,903 [WARN] CodeGenerator:4259 - IP not found : null
2025-10-10 23:27:09,904 [INFO] CodeEngine:265 - oldGeneratedFile, /home/oleksii/STM32CubeIDE/workspace_1.19.0/workspace_embedded/Lab2_1/Core/Inc/main.h_save
2025-10-10 23:27:09,956 [INFO] CodeEngine:289 - Generated code: /home/oleksii/STM32CubeIDE/workspace_1.19.0/workspace_embedded/Lab2_1/Core/Inc/main.h
2025-10-10 23:27:09,957 [INFO] CodeEngine:265 - oldGeneratedFile, /home/oleksii/STM32CubeIDE/workspace_1.19.0/workspace_embedded/Lab2_1/Core/Src/main.c_save
2025-10-10 23:27:10,058 [INFO] CodeEngine:289 - Generated code: /home/oleksii/STM32CubeIDE/workspace_1.19.0/workspace_embedded/Lab2_1/Core/Src/main.c
2025-10-10 23:27:10,222 [INFO] ProjectBuilder:3606 - Time for Copy HAL[1] : 20mS.
2025-10-10 23:27:10,225 [INFO] ProjectBuilder:5216 - Project Generator version: 4.7.0-B52
2025-10-10 23:27:10,317 [INFO] ConfigFileManager:1595 - The Die is : DIE413
2025-10-10 23:27:10,319 [INFO] ApiDbMcu:532 - Load IP Config File for FATFS
2025-10-10 23:27:10,322 [INFO] ApiDbMcu:532 - Load IP Config File for FREERTOS
2025-10-10 23:27:10,323 [INFO] ApiDbMcu:532 - Load IP Config File for LIBJPEG
2025-10-10 23:27:10,326 [INFO] ApiDbMcu:532 - Load IP Config File for LWIP
2025-10-10 23:27:10,330 [INFO] ApiDbMcu:532 - Load IP Config File for MBEDTLS
2025-10-10 23:27:10,336 [INFO] ApiDbMcu:532 - Load IP Config File for USB_DEVICE
2025-10-10 23:27:10,578 [INFO] LogOutputStream:77 - [STDOUT_REDIRECT] 
2025-10-10 23:27:11,033 [INFO] ProjectBuilder:5496 - Time for Generating toolchain IDE Files: 807mS.
2025-10-10 23:27:11,033 [INFO] ProjectBuilder:3463 - Time for Copy CMSIS : 0mS.
2025-10-10 23:27:11,034 [INFO] ProjectBuilder:3463 - Time for Copy CMSIS : 0mS.
2025-10-10 23:28:40,359 [INFO] MainUpdater:2872 - connection check result : 10
2025-10-10 23:28:40,587 [INFO] McuFinderGlobals:76 - Set McuFinderConnectedMode to true
2025-10-10 23:28:40,590 [INFO] MultiScanPanel:200 - Auto-refresh data requested => check proxy status ongoing
2025-10-10 23:28:40,591 [INFO] FinderPluginLoader:96 - Searching for filters in installed packs
2025-10-10 23:28:41,438 [INFO] LoadUrlFilesThread:185 - End of LoadServerUrlFiles without Thread
2025-10-10 23:28:41,445 [INFO] DetailPanel:341 - Set advertising image to /home/oleksii/STM32Cube/Repository//en.mcu-finder-stm32n6dk.jpg
2025-10-10 23:28:44,462 [INFO] MultiScanPanel:200 - Auto-refresh data requested => check proxy status ongoing
2025-10-10 23:28:44,519 [INFO] LoadUrlFilesThread:185 - End of LoadServerUrlFiles without Thread
2025-10-10 23:28:44,519 [INFO] DetailPanel:341 - Set advertising image to /home/oleksii/STM32Cube/Repository//en.mcu-finder-stm32n6dk.jpg
2025-10-10 23:28:44,525 [INFO] DbBoards:642 - Loading board mini-images...
2025-10-10 23:28:46,006 [ERROR] DbBoards:659 - Image file not found for board STM32MP215F-DK: /home/oleksii/.stmcufinder/plugins/mcufinder//mcu//boards_images/STM32MP215F-DK.jpg
2025-10-10 23:28:46,084 [INFO] DbBoards:665 - Loaded 211 board mini-images
2025-10-10 23:29:13,899 [INFO] MainUpdater:2872 - connection check result : 10
2025-10-10 23:29:13,899 [INFO] MainUpdater:2872 - connection check result : 10
2025-10-10 23:29:13,917 [INFO] I2sManager:658 - 9.6E7
2025-10-10 23:29:13,917 [INFO] I2sManager:195 - I2S Clock Value : 9.6E7
2025-10-10 23:29:13,918 [INFO] I2sManager:553 - AudioClock : 93750Divider : 2Odd : 0
2025-10-10 23:29:13,919 [INFO] MicroXplorer:468 - Change Database Path : 
2025-10-10 23:29:13,919 [INFO] MicroXplorer:498 - Change Database Version : DB.6.0.150
2025-10-10 23:29:13,935 [ERROR] ProjectManagerView:395 - 
java.lang.NullPointerException: Cannot invoke "javax.swing.JTextField.getText()" because the return value of "java.util.List.get(int)" is null
	at com.st.microxplorer.plugins.projectmanager.gui.ProjectChoiceTab$9.caretUpdate(ProjectChoiceTab.java:2706) ~[filemanager.jar:?]
	at javax.swing.text.JTextComponent.fireCaretUpdate(JTextComponent.java:408) ~[?:?]
	at javax.swing.text.JTextComponent$MutableCaretEvent.fire(JTextComponent.java:4484) ~[?:?]
	at javax.swing.text.JTextComponent$MutableCaretEvent.stateChanged(JTextComponent.java:4506) ~[?:?]
	at javax.swing.text.DefaultCaret.fireStateChanged(DefaultCaret.java:857) ~[?:?]
	at javax.swing.text.DefaultCaret.changeCaretPosition(DefaultCaret.java:1343) ~[?:?]
	at javax.swing.text.DefaultCaret.handleSetDot(DefaultCaret.java:1242) ~[?:?]
	at javax.swing.text.DefaultCaret.setDot(DefaultCaret.java:1223) ~[?:?]
	at javax.swing.text.DefaultCaret$Handler.insertUpdate(DefaultCaret.java:1819) ~[?:?]
	at javax.swing.text.AbstractDocument.fireInsertUpdate(AbstractDocument.java:227) ~[?:?]
	at javax.swing.text.AbstractDocument.handleInsertString(AbstractDocument.java:781) ~[?:?]
	at javax.swing.text.AbstractDocument.insertString(AbstractDocument.java:740) ~[?:?]
	at javax.swing.text.PlainDocument.insertString(PlainDocument.java:131) ~[?:?]
	at javax.swing.text.AbstractDocument.replace(AbstractDocument.java:699) ~[?:?]
	at javax.swing.text.JTextComponent.setText(JTextComponent.java:1725) ~[?:?]
	at com.st.microxplorer.plugins.projectmanager.gui.ProjectChoiceTab.createHeapStackFields(ProjectChoiceTab.java:993) ~[filemanager.jar:?]
	at com.st.microxplorer.plugins.projectmanager.gui.ProjectChoiceTab.buildLinkSettingsPanel(ProjectChoiceTab.java:3813) ~[filemanager.jar:?]
	at com.st.microxplorer.plugins.projectmanager.gui.ProjectChoiceTab.defineWindowsFields(ProjectChoiceTab.java:1987) ~[filemanager.jar:?]
	at com.st.microxplorer.plugins.projectmanager.gui.ProjectChoiceTab.updateSettings(ProjectChoiceTab.java:558) ~[filemanager.jar:?]
	at com.st.microxplorer.plugins.projectmanager.gui.ProjectSettingsPanel.UpdateDialog(ProjectSettingsPanel.java:247) ~[filemanager.jar:?]
	at com.st.microxplorer.plugins.projectmanager.ProjectManagerView.propertyChange(ProjectManagerView.java:392) ~[filemanager.jar:?]
	at java.beans.PropertyChangeSupport.fire(PropertyChangeSupport.java:343) ~[?:?]
	at java.beans.PropertyChangeSupport.firePropertyChange(PropertyChangeSupport.java:335) ~[?:?]
	at java.beans.PropertyChangeSupport.firePropertyChange(PropertyChangeSupport.java:268) ~[?:?]
	at com.st.microxplorer.util.MXPropertyChangeSupport.firePropertyChange(MXPropertyChangeSupport.java:54) ~[STM32CubeMX.jar:?]
	at com.st.microxplorer.mxsystem.MxSystem.closeConfig(MxSystem.java:899) ~[STM32CubeMX.jar:?]
	at com.st.microxplorer.maingui.MainPanel.closeConfig(MainPanel.java:792) ~[STM32CubeMX.jar:?]
	at com.st.microxplorer.plugins.filemanager.engine.OpenFileManager.loadConfigurationFile(OpenFileManager.java:288) ~[filemanager.jar:?]
	at com.st.microxplorer.plugins.filemanager.engine.MainFileManager.userLoadConfig(MainFileManager.java:364) ~[filemanager.jar:?]
	at com.st.microxplorer.plugins.filemanager.FileManagerView.getSpecificTask(FileManagerView.java:268) ~[filemanager.jar:?]
	at com.st.stm32cube.common.mx.editor.CubeMxEditor.getMxTabbedPaneInstance(CubeMxEditor.java:1191) ~[com.st.stm32cube.common.mx_6.15.0.202507011659/:?]
	at com.st.stm32cube.common.mx.editor.CubeMxEditor$12$1.createSwingComponent(CubeMxEditor.java:1068) ~[com.st.stm32cube.common.mx_6.15.0.202507011659/:?]
	at com.st.stm32cube.common.mx.oss.core.awtswtbridge.EmbeddedSwingComposite.doComponentCreation(EmbeddedSwingComposite.java:492) ~[com.st.stm32cube.common.mx.oss_6.15.0.202507011659/:?]
	at com.st.stm32cube.common.mx.oss.core.awtswtbridge.EmbeddedSwingComposite$4.run(EmbeddedSwingComposite.java:291) ~[com.st.stm32cube.common.mx.oss_6.15.0.202507011659/:?]
	at com.st.stm32cube.common.mx.oss.core.awtswtbridge.AwtEnvironment$2.run(AwtEnvironment.java:166) ~[com.st.stm32cube.common.mx.oss_6.15.0.202507011659/:?]
	at java.awt.event.InvocationEvent.dispatch(InvocationEvent.java:318) ~[?:?]
	at java.awt.EventQueue.dispatchEventImpl(EventQueue.java:773) ~[?:?]
	at java.awt.EventQueue$4.run(EventQueue.java:720) ~[?:?]
	at java.awt.EventQueue$4.run(EventQueue.java:714) ~[?:?]
	at java.security.AccessController.doPrivileged(AccessController.java:400) ~[?:?]
	at java.security.ProtectionDomain$JavaSecurityAccessImpl.doIntersectionPrivilege(ProtectionDomain.java:87) ~[?:?]
	at java.awt.EventQueue.dispatchEvent(EventQueue.java:742) ~[?:?]
	at java.awt.EventDispatchThread.pumpOneEventForFilters(EventDispatchThread.java:203) ~[?:?]
	at java.awt.EventDispatchThread.pumpEventsForFilter(EventDispatchThread.java:124) ~[?:?]
	at java.awt.EventDispatchThread.pumpEventsForHierarchy(EventDispatchThread.java:113) ~[?:?]
	at java.awt.EventDispatchThread.pumpEvents(EventDispatchThread.java:109) ~[?:?]
	at java.awt.EventDispatchThread.pumpEvents(EventDispatchThread.java:101) ~[?:?]
	at java.awt.EventDispatchThread.run(EventDispatchThread.java:90) ~[?:?]
2025-10-10 23:29:13,939 [WARN] ThirdParty:871 - waiting for thirdparty lock release [close project]
2025-10-10 23:29:13,939 [INFO] ThirdParty:873 - entering critical section [close project]
2025-10-10 23:29:13,939 [INFO] ThirdParty:883 - exiting critical section [close project]
2025-10-10 23:29:13,940 [INFO] PinOutPanel:1589 - setPackage(No Configuration,No Configuration)
2025-10-10 23:29:13,947 [WARN] IpParametersView:155 - Warning: This peripheral hasn't parameters
2025-10-10 23:29:13,954 [WARN] MainPanel:289 - <html><b><center>Warning: This peripheral has no parameters to be configured<br></b></html>
2025-10-10 23:29:13,958 [INFO] UtilMem:75 - Begin LoadConfig() Used Memory: 463359328 Bytes (933232640)
2025-10-10 23:29:13,958 [INFO] OpenFileManager:355 - Change cursor
2025-10-10 23:29:13,974 [INFO] RulesReader:64 - Compatibility file has been processed (317 Rules)
2025-10-10 23:29:13,980 [INFO] ProjectFactory:514 - No CPN specified for board STM32F407G-DISC1 => set CPN to STM32F407VGT6
2025-10-10 23:29:13,980 [INFO] Mcu:2029 - Initializing MCU STM32F407V(E-G)Tx STM32F407VGTx STM32F407VGT6
2025-10-10 23:29:14,769 [INFO] Context:786 - Trying to add GPIOservice into a context  which must be forbidden
2025-10-10 23:29:15,206 [INFO] Rule:233 - rule 117617 - U5Cobra4M][GTZC] default value MPCBB3 and MPCBB5 - Not Secured memory - MPCBB1 is applicable
2025-10-10 23:29:15,206 [INFO] Rule:233 - rule 117617 - U5Cobra4M][GTZC] default value MPCBB3 and MPCBB5 - Not Secured memory - MPCBB1 is applicable
2025-10-10 23:29:15,206 [INFO] Rule:233 - rule 117617 - U5Cobra4M][GTZC] default value MPCBB3 and MPCBB5 - Not Secured memory - MPCBB2 is applicable
2025-10-10 23:29:15,206 [INFO] Rule:233 - rule 117617 - U5Cobra4M][GTZC] default value MPCBB3 and MPCBB5 - Not Secured memory - MPCBB2 is applicable
2025-10-10 23:29:15,206 [INFO] Rule:233 - rule 117617 - U5Cobra4M][GTZC] default value MPCBB3 and MPCBB5 - Not Secured memory - MPCBB3 is applicable
2025-10-10 23:29:15,206 [INFO] Rule:233 - rule 117617 - U5Cobra4M][GTZC] default value MPCBB3 and MPCBB5 - Not Secured memory - MPCBB3 is applicable
2025-10-10 23:29:15,206 [INFO] Rule:233 - rule 117617 - U5Cobra4M][GTZC] default value MPCBB3 and MPCBB5 - Not Secured memory - MPCBB4 is applicable
2025-10-10 23:29:15,206 [INFO] Rule:233 - rule 117617 - U5Cobra4M][GTZC] default value MPCBB3 and MPCBB5 - Not Secured memory - MPCBB4 is applicable
2025-10-10 23:29:15,206 [INFO] Rule:233 - rule 117617 - U5Cobra4M][GTZC] default value MPCBB3 and MPCBB5 - Secured memory - MPCBB1 is applicable
2025-10-10 23:29:15,206 [INFO] Rule:233 - rule 117617 - U5Cobra4M][GTZC] default value MPCBB3 and MPCBB5 - Secured memory - MPCBB2 is applicable
2025-10-10 23:29:15,206 [INFO] Rule:233 - rule 117617 - U5Cobra4M][GTZC] default value MPCBB3 and MPCBB5 - Secured memory - MPCBB3 is applicable
2025-10-10 23:29:15,206 [INFO] Rule:233 - rule 117617 - U5Cobra4M][GTZC] default value MPCBB3 and MPCBB5 - Secured memory - MPCBB4 is applicable
2025-10-10 23:29:15,207 [INFO] Rule:233 - rule 117617 - U5Cobra4M][GTZC] default value MPCBB3 and MPCBB5 - Privileged memory - MPCBB1 is applicable
2025-10-10 23:29:15,207 [INFO] Rule:233 - rule 117617 - U5Cobra4M][GTZC] default value MPCBB3 and MPCBB5 - Privileged memory - MPCBB2 is applicable
2025-10-10 23:29:15,207 [INFO] Rule:233 - rule 117617 - U5Cobra4M][GTZC] default value MPCBB3 and MPCBB5 - Privileged memory - MPCBB3 is applicable
2025-10-10 23:29:15,207 [INFO] Rule:233 - rule 117617 - U5Cobra4M][GTZC] default value MPCBB3 and MPCBB5 - Privileged memory - MPCBB4 is applicable
2025-10-10 23:29:15,207 [INFO] Rule:233 - rule 117617 - U5Cobra4M][GTZC] default value MPCBB3 and MPCBB5 - Not Privileged memory - MPCBB1 is applicable
2025-10-10 23:29:15,207 [INFO] Rule:233 - rule 117617 - U5Cobra4M][GTZC] default value MPCBB3 and MPCBB5 - Not Privileged memory - MPCBB2 is applicable
2025-10-10 23:29:15,207 [INFO] Rule:233 - rule 117617 - U5Cobra4M][GTZC] default value MPCBB3 and MPCBB5 - Not Privileged memory - MPCBB3 is applicable
2025-10-10 23:29:15,207 [INFO] Rule:233 - rule 117617 - U5Cobra4M][GTZC] default value MPCBB3 and MPCBB5 - Not Privileged memory - MPCBB4 is applicable
2025-10-10 23:29:15,207 [INFO] Rule:233 - rule 117617 - U5Cobra4M][GTZC] default value MPCBB3 and MPCBB5 - Privileged memory - MPCBB1 is applicable
2025-10-10 23:29:15,207 [INFO] Rule:233 - rule 117617 - U5Cobra4M][GTZC] default value MPCBB3 and MPCBB5 - Privileged memory - MPCBB2 is applicable
2025-10-10 23:29:15,207 [INFO] Rule:233 - rule 117617 - U5Cobra4M][GTZC] default value MPCBB3 and MPCBB5 - Privileged memory - MPCBB3 is applicable
2025-10-10 23:29:15,207 [INFO] Rule:233 - rule 117617 - U5Cobra4M][GTZC] default value MPCBB3 and MPCBB5 - Privileged memory - MPCBB4 is applicable
2025-10-10 23:29:15,207 [INFO] Rule:233 - rule 117617 - U5Cobra4M][GTZC] default value MPCBB3 and MPCBB5 - Privileged memory - MPCBB1 is applicable
2025-10-10 23:29:15,207 [INFO] Rule:233 - rule 117617 - U5Cobra4M][GTZC] default value MPCBB3 and MPCBB5 - Privileged memory - MPCBB2 is applicable
2025-10-10 23:29:15,207 [INFO] Rule:233 - rule 117617 - U5Cobra4M][GTZC] default value MPCBB3 and MPCBB5 - Privileged memory - MPCBB3 is applicable
2025-10-10 23:29:15,207 [INFO] Rule:233 - rule 117617 - U5Cobra4M][GTZC] default value MPCBB3 and MPCBB5 - Privileged memory - MPCBB4 is applicable
2025-10-10 23:29:15,207 [INFO] Rule:233 - rule 117617 - U5Cobra4M][GTZC] default value MPCBB3 and MPCBB5 - Not Privileged memory - MPCBB1 is applicable
2025-10-10 23:29:15,207 [INFO] Rule:233 - rule 117617 - U5Cobra4M][GTZC] default value MPCBB3 and MPCBB5 - Not Privileged memory - MPCBB2 is applicable
2025-10-10 23:29:15,207 [INFO] Rule:233 - rule 117617 - U5Cobra4M][GTZC] default value MPCBB3 and MPCBB5 - Not Privileged memory - MPCBB3 is applicable
2025-10-10 23:29:15,207 [INFO] Rule:233 - rule 117617 - U5Cobra4M][GTZC] default value MPCBB3 and MPCBB5 - Not Privileged memory - MPCBB4 is applicable
2025-10-10 23:29:15,207 [INFO] Rule:233 - rule 117617 - U5Cobra4M][GTZC] default value MPCBB3 and MPCBB5 - Privileged memory - MPCBB1 is applicable
2025-10-10 23:29:15,207 [INFO] Rule:233 - rule 117617 - U5Cobra4M][GTZC] default value MPCBB3 and MPCBB5 - Privileged memory - MPCBB2 is applicable
2025-10-10 23:29:15,207 [INFO] Rule:233 - rule 117617 - U5Cobra4M][GTZC] default value MPCBB3 and MPCBB5 - Privileged memory - MPCBB3 is applicable
2025-10-10 23:29:15,207 [INFO] Rule:233 - rule 117617 - U5Cobra4M][GTZC] default value MPCBB3 and MPCBB5 - Privileged memory - MPCBB4 is applicable
2025-10-10 23:29:15,207 [INFO] Rule:233 - rule Rename SubGHz_Phy SUBGHZ_APPLICATION SUBGHZ_PINGPONG to SUBGHZ_ADV_APPLICATION is applicable
2025-10-10 23:29:15,207 [INFO] Rule:233 - rule Rename Enabled to IBEACON is applicable
2025-10-10 23:29:15,207 [INFO] Rule:233 - rule GTZC_S instance for project manager is applicable
2025-10-10 23:29:15,207 [INFO] Rule:233 - rule GTZC_S instance for context M33S is applicable
2025-10-10 23:29:15,207 [INFO] Rule:233 - rule GTZC_S instance value for IP GTZC is applicable
2025-10-10 23:29:15,207 [INFO] Rule:233 - rule GTZC_S instance for mcu.IP is applicable
2025-10-10 23:29:15,207 [INFO] Rule:233 - rule GTZC_S instance for VP is applicable
2025-10-10 23:29:15,207 [INFO] Rule:233 - rule GTZC_S instance for signal is applicable
2025-10-10 23:29:15,207 [INFO] Rule:233 - rule GTZC_S instance for mcu.Pin is applicable
2025-10-10 23:29:15,207 [INFO] Rule:233 - rule GTZC_S instance for VP is applicable
2025-10-10 23:29:15,207 [INFO] Rule:233 - rule GTZC_S instance for signal is applicable
2025-10-10 23:29:15,207 [INFO] Rule:233 - rule GTZC_S instance for mcu is applicable
2025-10-10 23:29:15,207 [INFO] Rule:233 - rule GTZC_S instance for mcu.Pin is applicable
2025-10-10 23:29:15,207 [INFO] Rule:233 - rule GTZC_S instance value for IP GTZC is applicable
2025-10-10 23:29:15,207 [INFO] Rule:233 - rule GTZC_S instance for project manager is applicable
2025-10-10 23:29:15,207 [INFO] Rule:233 - rule GTZC_S instance for context M33S is applicable
2025-10-10 23:29:15,207 [INFO] Rule:233 - rule GTZC_S instance for VP is applicable
2025-10-10 23:29:15,207 [INFO] Rule:233 - rule GTZC_S instance for signal is applicable
2025-10-10 23:29:15,207 [INFO] Rule:233 - rule SPDIFRX instance for mcu is applicable
2025-10-10 23:29:15,207 [INFO] Rule:233 - rule Rename Tracer Mode is applicable
2025-10-10 23:29:15,207 [INFO] Rule:233 - rule SPDIFRX instance value for IP SPDIFRX is applicable
2025-10-10 23:29:15,207 [INFO] Rule:233 - rule SPDIFRX instance for signal is applicable
2025-10-10 23:29:15,207 [INFO] Rule:233 - rule SPDIFRX instance for project manager is applicable
2025-10-10 23:29:15,207 [INFO] Rule:233 - rule SPDIFRX instance for project manager is applicable
2025-10-10 23:29:15,207 [INFO] Rule:233 - rule ADC Scan  fix with FW F7 is applicable
2025-10-10 23:29:15,207 [INFO] Rule:233 - rule ADC Scan  fix with FW F7 is applicable
2025-10-10 23:29:15,207 [INFO] Rule:233 - rule WakeUp0 Mode is applicable
2025-10-10 23:29:15,208 [INFO] Rule:233 - rule WakeUp0 SIGNAL is applicable
2025-10-10 23:29:15,208 [INFO] Rule:233 - rule WakeUp1 Mode is applicable
2025-10-10 23:29:15,208 [INFO] Rule:233 - rule WakeUp1 SIGNAL is applicable
2025-10-10 23:29:15,208 [INFO] Rule:233 - rule WakeUp2 Mode is applicable
2025-10-10 23:29:15,208 [INFO] Rule:233 - rule WakeUp2 SIGNAL is applicable
2025-10-10 23:29:15,208 [INFO] Rule:233 - rule WakeUp4 Mode is applicable
2025-10-10 23:29:15,208 [INFO] Rule:233 - rule WakeUp4 SIGNAL is applicable
2025-10-10 23:29:15,208 [INFO] Rule:233 - rule WakeUp5 Mode is applicable
2025-10-10 23:29:15,208 [INFO] Rule:233 - rule WakeUp5 SIGNAL is applicable
2025-10-10 23:29:15,208 [INFO] Rule:233 - rule Add RTC Activate Clock Source is applicable
2025-10-10 23:29:15,208 [INFO] Rule:233 - rule Add RTC Activate Calendar 1 is applicable
2025-10-10 23:29:15,208 [INFO] Rule:233 - rule Add RTC Activate Calendar 2 is applicable
2025-10-10 23:29:15,208 [INFO] Rule:233 - rule Add RTC Activate Calendar 3 is applicable
2025-10-10 23:29:15,208 [INFO] Rule:233 - rule UART/USART TX Mode is applicable
2025-10-10 23:29:15,208 [INFO] Rule:233 - rule UART/USART RX Mode is applicable
2025-10-10 23:29:15,208 [INFO] Rule:233 - rule UART/USART RX TX Mode is applicable
2025-10-10 23:29:15,208 [INFO] Rule:233 - rule UART/USART PARITY NONE is applicable
2025-10-10 23:29:15,208 [INFO] Rule:233 - rule UART/USART PARITY EVEN is applicable
2025-10-10 23:29:15,208 [INFO] Rule:233 - rule UART/USART PARITY ODD is applicable
2025-10-10 23:29:15,208 [INFO] Rule:233 - rule USART StopBits 1 is applicable
2025-10-10 23:29:15,208 [INFO] Rule:233 - rule USART StopBits 2 is applicable
2025-10-10 23:29:15,208 [INFO] Rule:233 - rule USART StopBits 1.5 is applicable
2025-10-10 23:29:15,208 [INFO] Rule:233 - rule USART StopBits 0.5 is applicable
2025-10-10 23:29:15,208 [INFO] Rule:233 - rule UART/USART WORD LENGTH 7 is applicable
2025-10-10 23:29:15,208 [INFO] Rule:233 - rule UART/USART WORD LENGTH 8 is applicable
2025-10-10 23:29:15,208 [INFO] Rule:233 - rule UART/USART WORD LENGTH 9 is applicable
2025-10-10 23:29:15,208 [INFO] Rule:233 - rule Rename FMC NAND NCE signal is applicable
2025-10-10 23:29:15,208 [INFO] Rule:233 - rule Rename FMC NAND INT signal is applicable
2025-10-10 23:29:15,208 [INFO] Rule:233 - rule Change Default Value for LSE Drive Capability for WB family is applicable
2025-10-10 23:29:15,208 [INFO] Rule:233 - rule Change Default Value for ADC Clock Prescaler G0 family is applicable
2025-10-10 23:29:15,208 [INFO] Rule:233 - rule Change Default Value for ADC ExternalTrigConv L4 family is applicable
2025-10-10 23:29:15,208 [INFO] Rule:233 - rule Change Default Value for ADC ExternalTrigInjecConv L4 family is applicable
2025-10-10 23:29:15,208 [INFO] Rule:233 - rule Change Default Value for ADC ExternalTrigConv F3 family is applicable
2025-10-10 23:29:15,208 [INFO] Rule:233 - rule Change Default Value for ADC ExternalTrigInjecConv F3 family is applicable
2025-10-10 23:29:15,208 [INFO] Rule:233 - rule Change Default Value for ADC ExternalTrigConv Goldfish serie is applicable
2025-10-10 23:29:15,208 [INFO] Rule:233 - rule Change Default Value for ADC ExternalTrigInjecConv Goldfish serie is applicable
2025-10-10 23:29:15,208 [INFO] Rule:233 - rule Change Default Value for ADC ExternalTrigConv L0 family is applicable
2025-10-10 23:29:15,208 [INFO] Rule:233 - rule Change Default Value for ADC ExternalTrigConv F0 family is applicable
2025-10-10 23:29:15,208 [INFO] Rule:233 - rule Change Default Value for ADC ExternalTrigConvn L1 family is applicable
2025-10-10 23:29:15,208 [INFO] Rule:233 - rule Change Default Value for ADC ExternalTrigInjecConv L1 family is applicable
2025-10-10 23:29:15,208 [INFO] Rule:233 - rule Change Default Value for ADC ExternalTrigConv F1 family is applicable
2025-10-10 23:29:15,208 [INFO] Rule:233 - rule Change Default Value for ADC ExternalTrigInjecConv F1 family is applicable
2025-10-10 23:29:15,208 [INFO] Rule:233 - rule Change Default Value for ADC ExternalTrigConv F7 family is applicable
2025-10-10 23:29:15,208 [INFO] Rule:233 - rule Change Default Value for ADC ExternalTrigInjecConv F7 family is applicable
2025-10-10 23:29:15,208 [INFO] Rule:233 - rule Change Default Value for ADC ExternalTrigConv F4 and F2 family is applicable
2025-10-10 23:29:15,208 [INFO] Rule:233 - rule Change Default Value for ADC ExternalTrigInjecConv F4 and F2 family is applicable
2025-10-10 23:29:15,208 [INFO] Rule:233 - rule ADC SamplingTime fix with FW L0  is applicable
2025-10-10 23:29:15,208 [INFO] Rule:233 - rule ADC SamplingTime fix with FW L0  is applicable
2025-10-10 23:29:15,208 [INFO] Rule:233 - rule ADC SamplingTime fix with FW L0 is applicable
2025-10-10 23:29:15,208 [INFO] Rule:233 - rule ADC SamplingTime fix with FW L0 is applicable
2025-10-10 23:29:15,208 [INFO] Rule:233 - rule ADC SamplingTime fix with FW L0  is applicable
2025-10-10 23:29:15,209 [INFO] Rule:233 - rule ADC SamplingTime fix with FW L0 is applicable
2025-10-10 23:29:15,209 [INFO] Rule:233 - rule Rename USB_OE Signal is applicable
2025-10-10 23:29:15,209 [INFO] Rule:233 - rule Rename Activate_OE Mode is applicable
2025-10-10 23:29:15,209 [INFO] Rule:233 - rule Rename DIE462/DIE415 pin PC14/OSC32_IN -> PC14-OSC32_IN (PC14) is applicable
2025-10-10 23:29:15,209 [INFO] Rule:233 - rule Rename DIE462/DIE415 pin PC15/OSC32_OUT -> PC15-OSC32_OUT (PC15) is applicable
2025-10-10 23:29:15,209 [INFO] Rule:233 - rule Rename DIE462/DIE415 pin PH0/OSC_IN -> PH0-OSC_IN (PH0) is applicable
2025-10-10 23:29:15,209 [INFO] Rule:233 - rule Rename DIE462/DIE415 pin PH1/OSC_OUT -> PH1-OSC_OUT (PH1) is applicable
2025-10-10 23:29:15,209 [INFO] Rule:233 - rule Rename DIE462 pin PA13 -> PA13 (JTMS/SWDIO) is applicable
2025-10-10 23:29:15,209 [INFO] Rule:233 - rule Rename DIE415 pin PA13 -> PA13 (JTMS/SWDIO) is applicable
2025-10-10 23:29:15,209 [INFO] Rule:233 - rule Rename DIE462 pin PA14 -> PA14 (JTCK/SWCLK) is applicable
2025-10-10 23:29:15,209 [INFO] Rule:233 - rule Rename DIE415 pin PA14 -> PA14 (JTCK/SWCLK) is applicable
2025-10-10 23:29:15,209 [INFO] Rule:233 - rule Rename DIE462/DIE415 pin PA15 -> PA15 (JTDI) is applicable
2025-10-10 23:29:15,209 [INFO] Rule:233 - rule Rename DIE462 pin PB3 -> PB3 (JTD0/TRACESWO) is applicable
2025-10-10 23:29:15,209 [INFO] Rule:233 - rule Rename DIE415 pin PB3 -> PB3 (JTD0-TRACESWO) is applicable
2025-10-10 23:29:15,209 [INFO] Rule:233 - rule Rename DIE462/DIE415 pin PB4 -> PB4 (NJTRST) is applicable
2025-10-10 23:29:15,209 [INFO] Rule:233 - rule Rename DIE462 pin PH3/BOOT0 -> PH3-BOOT0 (BOOT0) is applicable
2025-10-10 23:29:15,209 [INFO] Rule:233 - rule Rename CRYP DataEncryptionTypesList to Algorithm is applicable
2025-10-10 23:29:15,209 [INFO] Rule:233 - rule Rename AES DataEncryptionTypesList to Algorithm is applicable
2025-10-10 23:29:15,209 [INFO] Rule:233 - rule Rename TDESECB to CRYP_TDES_ECB is applicable
2025-10-10 23:29:15,209 [INFO] Rule:233 - rule Rename TDESCBC to CRYP_TDES_CBC is applicable
2025-10-10 23:29:15,209 [INFO] Rule:233 - rule Rename DESECB to CRYP_DES_ECB is applicable
2025-10-10 23:29:15,209 [INFO] Rule:233 - rule Rename DESCBC to CRYP_DES_CBC is applicable
2025-10-10 23:29:15,209 [INFO] Rule:233 - rule Rename AESECB to CRYP_AES_ECB is applicable
2025-10-10 23:29:15,209 [INFO] Rule:233 - rule Rename AESCBC to CRYP_AES_CBC is applicable
2025-10-10 23:29:15,209 [INFO] Rule:233 - rule Rename AESCTR to CRYP_AES_CTR is applicable
2025-10-10 23:29:15,209 [INFO] Rule:233 - rule Rename AESGCM to CRYP_AES_GCM is applicable
2025-10-10 23:29:15,209 [INFO] Rule:233 - rule Rename AESCCM to CRYP_AES_CCM is applicable
2025-10-10 23:29:15,209 [INFO] Rule:233 - rule Rename CAN TimeSeg1 to BS1 is applicable
2025-10-10 23:29:15,209 [INFO] Rule:233 - rule Rename CAN TimeSeg2 to BS2 is applicable
2025-10-10 23:29:15,209 [INFO] Rule:233 - rule Rename CAN SyncJumpWidth to SJW is applicable
2025-10-10 23:29:15,209 [INFO] Rule:233 - rule TimeTriggeredMode to TTCM is applicable
2025-10-10 23:29:15,209 [INFO] Rule:233 - rule Rename CAN AutoBusOff to ABOM is applicable
2025-10-10 23:29:15,209 [INFO] Rule:233 - rule Rename CAN AutoWakeUp to AWUM is applicable
2025-10-10 23:29:15,209 [INFO] Rule:233 - rule Rename CAN AutoRetransmission to NART is applicable
2025-10-10 23:29:15,209 [INFO] Rule:233 - rule Rename CAN ReceiveFifoLocked to RFLM is applicable
2025-10-10 23:29:15,209 [INFO] Rule:233 - rule Rename CAN TransmitFifoPriority to TXFP is applicable
2025-10-10 23:29:15,209 [INFO] Rule:233 - rule Rename HRTIMER HRTIM_OUTPUTFAULTLEVEL_HIGH in HRTIMER HRTIM_OUTPUTFAULTLEVEL_HIGHZ is applicable
2025-10-10 23:29:15,209 [INFO] Rule:233 - rule Rename TIMER TIM_CLEARINPUTSOURCE_OCREFCLR in  TIMER TIM_CLEARINPUTSOURCE_NONE for F7 family is applicable
2025-10-10 23:29:15,209 [INFO] Rule:233 - rule FDCAN_R1 - Rename FDCAN mode Master into Classic is applicable
2025-10-10 23:29:15,209 [INFO] Rule:233 - rule FDCAN_R2 - Rename FDCAN mode Slave into Classic is applicable
2025-10-10 23:29:15,210 [INFO] Rule:233 - rule FDCAN1_R3 - if PA10.Mode=FullDuplex, add Pin PA12 is applicable
2025-10-10 23:29:15,210 [INFO] Rule:233 - rule FDCAN1_R3 - if PA9.Mode=FullDuplex, add Pin PA11 is applicable
2025-10-10 23:29:15,210 [INFO] Rule:233 - rule FDCAN1_R3 - Alternatepin_1 - if PE1.Mode=FullDuplex, add Pin PB9 is applicable
2025-10-10 23:29:15,210 [INFO] Rule:233 - rule FDCAN1_R3 - Alternatepin_1 - if PE0.Mode=FullDuplex, add Pin PB8 is applicable
2025-10-10 23:29:15,210 [INFO] Rule:233 - rule FDCAN1_R3 - Alternatepin_2 - if PD5.Mode=FullDuplex, add Pin PD1 is applicable
2025-10-10 23:29:15,210 [INFO] Rule:233 - rule FDCAN1_R3 - Alternatepin_2 - if PD4.Mode=FullDuplex, add Pin PD0 is applicable
2025-10-10 23:29:15,210 [INFO] Rule:233 - rule FDCAN1_R4 - Rename Mode FullDuplex into Enable FDCAN_TXFD for pin PA10 is applicable
2025-10-10 23:29:15,210 [INFO] Rule:233 - rule FDCAN1_R4 - Rename Mode FullDuplex into Enable FDCAN_TXFD for pin PA9 is applicable
2025-10-10 23:29:15,210 [INFO] Rule:233 - rule FDCAN1_R4 - Alternatepin_1 - Rename Mode FullDuplex into Enable FDCAN_TXFD for pin PE1 is applicable
2025-10-10 23:29:15,210 [INFO] Rule:233 - rule FDCAN1_R4 - Alternatepin_1 - Rename Mode FullDuplex into Enable FDCAN_TXFD for pin PE0 is applicable
2025-10-10 23:29:15,210 [INFO] Rule:233 - rule FDCAN1_R4 - Alternatepin_2 - Rename Mode FullDuplex into Enable FDCAN_TXFD for pin PD5 is applicable
2025-10-10 23:29:15,210 [INFO] Rule:233 - rule FDCAN1_R4 - Alternatepin_2 - Rename Mode FullDuplex into Enable FDCAN_TXFD for pin PD4 is applicable
2025-10-10 23:29:15,210 [INFO] Rule:233 - rule FDCAN2_R3 - if PD10.Mode=FullDuplex, add Pin PB13 is applicable
2025-10-10 23:29:15,210 [INFO] Rule:233 - rule FDCAN2_R3 - if PD9.Mode=FullDuplex, add Pin PB12 is applicable
2025-10-10 23:29:15,210 [INFO] Rule:233 - rule FDCAN2_R3 - Alternatepin_1 - if PB7.Mode=FullDuplex, add Pin PB6 is applicable
2025-10-10 23:29:15,210 [INFO] Rule:233 - rule FDCAN2_R3 - Alternatepin_1 - if PD9.Mode=FullDuplex, add Pin PB12 is applicable
2025-10-10 23:29:15,210 [INFO] Rule:233 - rule FDCAN2_R4 - Rename Mode FullDuplex into Enable FDCAN_TXFD for pin PD10 is applicable
2025-10-10 23:29:15,210 [INFO] Rule:233 - rule FDCAN2_R4 - Rename Mode FullDuplex into Enable FDCAN_TXFD for pin PD9 is applicable
2025-10-10 23:29:15,210 [INFO] Rule:233 - rule FDCAN2_R4 - Alternatepin_1 - Rename Mode FullDuplex into Enable FDCAN_TXFD for pin PB7 is applicable
2025-10-10 23:29:15,210 [INFO] Rule:233 - rule FDCAN2_R4 - Alternatepin_1 - Rename Mode FullDuplex into Enable FDCAN_TXFD for pin PD6 is applicable
2025-10-10 23:29:15,210 [INFO] Rule:233 - rule USART TxPinLevelInvertParam Mode is applicable
2025-10-10 23:29:15,210 [INFO] Rule:233 - rule USART RxPinLevelInvertParam Mode is applicable
2025-10-10 23:29:15,210 [INFO] Rule:233 - rule USART DataInvertParam Mode is applicable
2025-10-10 23:29:15,210 [INFO] Rule:233 - rule USART SwapParam Mode is applicable
2025-10-10 23:29:15,210 [INFO] Rule:233 - rule USART OverrunDisableParam Mode is applicable
2025-10-10 23:29:15,210 [INFO] Rule:233 - rule USART DMADisableonRxErrorParam Mode is applicable
2025-10-10 23:29:15,210 [INFO] Rule:233 - rule USART MSBFirstParam Mode is applicable
2025-10-10 23:29:15,210 [INFO] Rule:233 - rule Update MwName for USB_DEVICE is applicable
2025-10-10 23:29:15,210 [INFO] Rule:233 - rule Change PWR_Regulator_Voltage_Scale Default Value for RCC  H7 family is applicable
2025-10-10 23:29:15,210 [INFO] Rule:233 - rule UART/USART IPParameter rename Prescaler parameter to ClockPrescaler is applicable
2025-10-10 23:29:15,210 [INFO] Rule:233 - rule UART/USART Prescaler rename Prescaler parameter to ClockPrescaler is applicable
2025-10-10 23:29:15,210 [INFO] Rule:233 - rule TIM1CLockSelection is applicable
2025-10-10 23:29:15,210 [INFO] Rule:233 - rule TIM15CLockSelection is applicable
2025-10-10 23:29:15,210 [INFO] Rule:233 - rule align RCC SDMMC3CLockSelection default value on MP1 is applicable
2025-10-10 23:29:15,210 [INFO] Rule:233 - rule align RCC SDMMC12CLockSelection default value on MP1 is applicable
2025-10-10 23:29:15,210 [INFO] Rule:233 - rule align RCC QSPICLockSelection default value on MP1 is applicable
2025-10-10 23:29:15,210 [INFO] Rule:233 - rule align RCC QSPICLockSelection default value on MP1 is applicable
2025-10-10 23:29:15,210 [INFO] Rule:233 - rule align RCC SPI6CLockSelection default value on MP1 is applicable
2025-10-10 23:29:15,210 [INFO] Rule:233 - rule align RCC LPTIM23CLockSelection default value on MP1 is applicable
2025-10-10 23:29:15,210 [INFO] Rule:233 - rule align RCC LPTIM1CLockSelection default value on MP1 is applicable
2025-10-10 23:29:15,210 [INFO] Rule:233 - rule align RCC USART1CLockSelection default value on MP1 is applicable
2025-10-10 23:29:15,210 [INFO] Rule:233 - rule align RCC USART24CLockSelection default value on MP1 is applicable
2025-10-10 23:29:15,210 [INFO] Rule:233 - rule align RCC USART6CLockSelection default value on MP1 is applicable
2025-10-10 23:29:15,210 [INFO] Rule:233 - rule align RCC UART78CLockSelection default value on MP1 is applicable
2025-10-10 23:29:15,210 [INFO] Rule:233 - rule align RCC USART35CLockSelection default value on MP1 is applicable
2025-10-10 23:29:15,210 [INFO] Rule:233 - rule align RCC SPI45CLockSelection default value on MP1 is applicable
2025-10-10 23:29:15,210 [INFO] Rule:233 - rule align RCC I2C46CLockSelection BCLK value on MP1 is applicable
2025-10-10 23:29:15,210 [INFO] Rule:233 - rule align RCC SPI45CLockSelection default value on MP1 is applicable
2025-10-10 23:29:15,210 [INFO] Rule:233 - rule align RCC I2C12CLockSelection default value on MP1 is applicable
2025-10-10 23:29:15,210 [INFO] Rule:233 - rule align RCC I2C35CLockSelection default value on MP1 is applicable
2025-10-10 23:29:15,210 [INFO] Rule:233 - rule align RCC LPTIM45CLockSelection default value on MP1 is applicable
2025-10-10 23:29:15,210 [INFO] Rule:233 - rule Rename DCMI PIXCK signal is applicable
2025-10-10 23:29:15,210 [INFO] Rule:233 - rule Change Default Value for I2C46CLockSelection MP1 family is applicable
2025-10-10 23:29:15,210 [INFO] Rule:233 - rule Change Default Value for UART for G4, G0 and WB families is applicable
2025-10-10 23:29:15,210 [INFO] Rule:233 - rule Change Default Value for USART for G4, G0 and WB families is applicable
2025-10-10 23:29:15,210 [INFO] Rule:233 - rule Change Default Value for USART for G4 family is applicable
2025-10-10 23:29:15,211 [INFO] Rule:233 - rule Change USART1CLockSelection refparam name for MP1 is applicable
2025-10-10 23:29:15,211 [INFO] Rule:233 - rule Change USART2CLockSelection refparam name for MP1 is applicable
2025-10-10 23:29:15,211 [INFO] Rule:233 - rule Change USART3CLockSelection refparam name for MP1 is applicable
2025-10-10 23:29:15,211 [INFO] Rule:233 - rule Change UART4CLockSelection refparam name for MP1 is applicable
2025-10-10 23:29:15,211 [INFO] Rule:233 - rule Change UART5CLockSelection refparam name for MP1 is applicable
2025-10-10 23:29:15,211 [INFO] Rule:233 - rule Change LPUART1CLockSelection refparam name for MP1 is applicable
2025-10-10 23:29:15,211 [INFO] Rule:233 - rule Change LPTIM1CLockSelection refparam name for MP1 is applicable
2025-10-10 23:29:15,211 [INFO] Rule:233 - rule Change LPTIM2CLockSelection refparam name for MP1 is applicable
2025-10-10 23:29:15,211 [INFO] Rule:233 - rule Change RCC_MCO1Source refparam name for MP1 is applicable
2025-10-10 23:29:15,211 [INFO] Rule:233 - rule Change LSCOSource1 refparam name for MP1 is applicable
2025-10-10 23:29:15,211 [INFO] Rule:233 - rule Change SMPSCLockSelection refparam name for MP1 is applicable
2025-10-10 23:29:15,211 [INFO] Rule:233 - rule Change LPTIM3CLockSelection refparam name for MP1 is applicable
2025-10-10 23:29:15,211 [INFO] Rule:233 - rule Change MPCBB* Default Template Mode to Parameters is applicable
2025-10-10 23:29:15,211 [INFO] Rule:233 - rule Change MPCWM* or MPCBB* Secure Mode to Parameters is applicable
2025-10-10 23:29:15,211 [INFO] Rule:233 - rule Change MPCWM* or MPCBB* No Secure Mode to Parameters is applicable
2025-10-10 23:29:15,211 [INFO] Rule:233 - rule Change TZSC IP Secure Mode to Parameters is applicable
2025-10-10 23:29:15,211 [INFO] Rule:233 - rule Change TZSC IP No Secure Mode to Parameters is applicable
2025-10-10 23:29:15,211 [INFO] Rule:233 - rule Change TZSC IP Privilege Mode to Parameters is applicable
2025-10-10 23:29:15,211 [INFO] Rule:233 - rule Change TZSC IP No Privilege Mode to Parameters is applicable
2025-10-10 23:29:15,211 [INFO] Rule:233 - rule Change TZIC IT Secure Mode to Parameters is applicable
2025-10-10 23:29:15,211 [INFO] Rule:233 - rule Change TZIC IT No Secure Mode to Parameters is applicable
2025-10-10 23:29:15,211 [INFO] Rule:233 - rule Add MPCBB1_NonSecureArea_Start_Address value with referenced to MPCBB1_NonSecureArea_Start value is applicable
2025-10-10 23:29:15,211 [INFO] Rule:233 - rule Add MPCBB2_NonSecureArea_Start_Address value with referenced to MPCBB2_NonSecureArea_Start value is applicable
2025-10-10 23:29:15,211 [INFO] Rule:233 - rule Add MPCWM1_NonSecureArea*_Start_Address value with referenced to MPCWM1_NonSecureArea*_Start value is applicable
2025-10-10 23:29:15,211 [INFO] Rule:233 - rule Add MPCWM2_NonSecureArea*_Start_Address value with referenced to MPCWM2_NonSecureArea*_Start value is applicable
2025-10-10 23:29:15,211 [INFO] Rule:233 - rule Add MPCWM3_NonSecureArea_Start_Address value with referenced to MPCWM3_NonSecureArea_Start value is applicable
2025-10-10 23:29:15,211 [INFO] Rule:233 - rule Change Default Value for PLL1UserDefinedConfig is applicable
2025-10-10 23:29:15,211 [INFO] Rule:233 - rule Change GPIO_PuPd Default Value for USART in async mode is applicable
2025-10-10 23:29:15,211 [INFO] Rule:233 - rule Change SMPSDivider Default Value is applicable
2025-10-10 23:29:15,211 [INFO] Rule:233 - rule OPAMP is applicable
2025-10-10 23:29:15,211 [INFO] Rule:233 - rule LPUART IPParameter rename Prescaler parameter to ClockPrescaler for STM32H7 is applicable
2025-10-10 23:29:15,211 [INFO] Rule:233 - rule LPUART IPParameter rename Prescaler parameter to ClockPrescaler for STM32H7 is applicable
2025-10-10 23:29:15,211 [INFO] Rule:233 - rule LPUART IPParameter rename Prescaler parameter to ClockPrescaler for STM32WB is applicable
2025-10-10 23:29:15,211 [INFO] Rule:233 - rule LPUART IPParameter rename Prescaler parameter to ClockPrescaler for STM32WB is applicable
2025-10-10 23:29:15,211 [INFO] Rule:233 - rule LPUART IPParameter rename Prescaler parameter to ClockPrescaler for STM32G4 is applicable
2025-10-10 23:29:15,211 [INFO] Rule:233 - rule LPUART IPParameter rename Prescaler parameter to ClockPrescaler for STM32G4 is applicable
2025-10-10 23:29:15,211 [INFO] Rule:233 - rule LPUART IPParameter rename Prescaler parameter to ClockPrescaler for STM32L5 is applicable
2025-10-10 23:29:15,211 [INFO] Rule:233 - rule LPUART IPParameter rename Prescaler parameter to ClockPrescaler for STM32L5 is applicable
2025-10-10 23:29:15,211 [INFO] Rule:233 - rule LPUART IPParameter rename Prescaler parameter to ClockPrescaler for STM32G4 is applicable
2025-10-10 23:29:15,211 [INFO] Rule:233 - rule LPUART IPParameter rename Prescaler parameter to ClockPrescaler for STM32G4 is applicable
2025-10-10 23:29:15,211 [INFO] Rule:233 - rule USB device lib V2.5.3 for L0 rename USBD_SUPPORT_USER_STRING parameter to USBD_SUPPORT_USER_STRING_DESC4 is applicable
2025-10-10 23:29:15,211 [INFO] Rule:233 - rule I2SCLockSelection clock entry align is applicable
2025-10-10 23:29:15,211 [INFO] Rule:233 - rule Assign TIMx context if used as SYS timebase is applicable
2025-10-10 23:29:15,211 [INFO] Rule:233 - rule Change GPIO_Pu Default Value for I2C is applicable
2025-10-10 23:29:15,211 [INFO] Rule:233 - rule Change GPIO_Pu Default Value for SMBus is applicable
2025-10-10 23:29:15,211 [INFO] Rule:233 - rule change FDCAN default value is applicable
2025-10-10 23:29:15,211 [INFO] Rule:233 - rule Change mode sai is applicable
2025-10-10 23:29:15,211 [INFO] Rule:233 - rule **Change sai mode is applicable
2025-10-10 23:29:15,211 [INFO] Rule:233 - rule Rename STM32WPAN CFG_BLE_IRK to CFG_BLE_IR is applicable
2025-10-10 23:29:15,212 [INFO] Rule:233 - rule Rename STM32WPAN CFG_BLE_ERK to CFG_BLE_ER is applicable
2025-10-10 23:29:15,212 [INFO] Rule:233 - rule Rename STM32WPAN CFG_BLE_IRK_HEX to CFG_BLE_IR_HEX is applicable
2025-10-10 23:29:15,212 [INFO] Rule:233 - rule Rename STM32WPAN CFG_BLE_ERK_HEX to CFG_BLE_ER_HEX is applicable
2025-10-10 23:29:15,212 [INFO] Rule:233 - rule Adapt Old IOC before rework replace old CORTEX_M33/CORTEX_M55 attributes by the new one. is applicable
2025-10-10 23:29:15,212 [INFO] Rule:233 - rule Rename parametre of RCC RCC_APBDBG_DIV2 to RCC_TIMPRES_DIV2 is applicable
2025-10-10 23:29:15,212 [INFO] Rule:233 - rule Rename DIE493 pin PA10 [PA12] -> PA10 is applicable
2025-10-10 23:29:15,212 [INFO] Rule:233 - rule Rename DIE493 pin PA9 [PA11] -> PA9 is applicable
2025-10-10 23:29:15,212 [INFO] Rule:233 - rule Rename DIE492 PartNumber CPN STM32WBA5MJGHx -> STM32WBA5MMGHx is applicable
2025-10-10 23:29:15,212 [INFO] Rule:233 - rule Rename DIE492 PartNumber  Name STM32WBA5MJGHx -> STM32WBA5MMGHx is applicable
2025-10-10 23:29:15,212 [INFO] Rule:233 - rule Rename DIE492 PartNumber UserName STM32WBA5MJGHx -> STM32WBA5MMGHx is applicable
2025-10-10 23:29:15,212 [INFO] Rule:233 - rule Rename DIE492 PartNumber DeviceId STM32WBA5MJGHx -> STM32WBA5MMGHx is applicable
2025-10-10 23:29:15,212 [INFO] Rule:233 - rule Adapt Old IOC CSI. is applicable
2025-10-10 23:29:15,212 [INFO] Rule:233 - rule Adapt Old IOC DCMIPP. is applicable
2025-10-10 23:29:15,212 [INFO] Rule:233 - rule Adapt Old IOC DCMIPP Mode Parallel. is applicable
2025-10-10 23:29:15,212 [INFO] Rule:233 - rule Adapt Old IOC LTDC. is applicable
2025-10-10 23:29:15,212 [INFO] Rule:233 - rule Rename STM32MP2 RIF Peripheral LTDC RIF.RISUP.LTDC_L0L1.Privilege -> RIF.RISUP.LTDC_L1L2.Privilege is applicable
2025-10-10 23:29:15,212 [INFO] Rule:233 - rule Rename STM32MP2 RIF Peripheral LTDC RIF.RISUP.LTDC_L0L1.Privilege -> RIF.RISUP.LTDC_L1L2.Privilege is applicable
2025-10-10 23:29:15,212 [INFO] Rule:233 - rule Rename STM32MP2 RIF Peripheral LTDC RIF.RISUP.LTDC_L0L1.Lock -> RIF.RISUP.LTDC_L1L2.Lock is applicable
2025-10-10 23:29:15,212 [INFO] Rule:233 - rule Rename STM32MP2 RIF Peripheral LTDC RIF.RISUP.LTDC_L2.Lock -> RIF.RISUP.LTDC_L3.Lock is applicable
2025-10-10 23:29:15,212 [INFO] Rule:233 - rule Adapt the old IOC example for updating the SYS when it is misconfigured. is applicable
2025-10-10 23:29:15,212 [INFO] Rule:233 - rule Rename STM32C09 Mcu.Package LQFP64 -> LQFP48 is applicable
2025-10-10 23:29:15,212 [INFO] Rule:233 - rule Adapt the old IOC example for updating the SYS when it is misconfigured. is applicable
2025-10-10 23:29:15,212 [INFO] Rule:233 - rule Adapt the old IOC example for updating the SYS when it is misconfigured. is applicable
2025-10-10 23:29:15,238 [INFO] DbConfProperties:307 - Apply Compatibility (54/282 Rules)
2025-10-10 23:29:15,249 [INFO] ImportTextPane:234 - (OptionalMessage_ERROR) Unable to find key (Mcu.ThirdPartyNb) in loaded IOC file
2025-10-10 23:29:15,251 [INFO] ImportTextPane:234 - (OptionalMessage_ERROR) Pin35 (VP_RIF_VS_RIF1) cannot be retrieved for this MCU
2025-10-10 23:29:15,308 [INFO] RtosManager:558 - Registered RTOS mode: class=CMSIS, group=RTOS, mode=CMSIS_V1, owner=FREERTOS
2025-10-10 23:29:15,308 [INFO] RtosManager:558 - Registered RTOS mode: class=CMSIS, group=RTOS2, mode=CMSIS_V2, owner=FREERTOS
2025-10-10 23:29:15,308 [INFO] RtosManager:558 - Registered RTOS mode: class=RTOS, group=Core, mode=CMSIS_V1, owner=FREERTOS
2025-10-10 23:29:15,308 [INFO] RtosManager:558 - Registered RTOS mode: class=RTOS, group=Core, mode=CMSIS_V2, owner=FREERTOS
2025-10-10 23:29:15,308 [WARN] ModelIntegratedComponent:184 - Missing modes for component STMicroelectronics:FreeRTOS:0.0.1:STMicroelectronics:RTOS:FreeRTOS:Core:::10.2.0:
2025-10-10 23:29:15,336 [WARN] ModelIntegratedComponent:63 - No mode defined for component null
2025-10-10 23:29:15,337 [WARN] ModelIntegratedComponent:63 - No mode defined for component null
2025-10-10 23:29:15,337 [WARN] ModelIntegratedComponent:63 - No mode defined for component null
2025-10-10 23:29:15,337 [WARN] ModelIntegratedComponent:63 - No mode defined for component null
2025-10-10 23:29:15,337 [WARN] ModelIntegratedComponent:63 - No mode defined for component null
2025-10-10 23:29:15,337 [WARN] ModelIntegratedComponent:63 - No mode defined for component null
2025-10-10 23:29:15,337 [WARN] ModelIntegratedComponent:63 - No mode defined for component null
2025-10-10 23:29:15,337 [WARN] ModelIntegratedComponent:63 - No mode defined for component null
2025-10-10 23:29:15,337 [WARN] ModelIntegratedComponent:63 - No mode defined for component null
2025-10-10 23:29:15,337 [WARN] ModelIntegratedComponent:63 - No mode defined for component null
2025-10-10 23:29:15,337 [WARN] ModelIntegratedComponent:63 - No mode defined for component null
2025-10-10 23:29:15,337 [WARN] ModelIntegratedComponent:63 - No mode defined for component null
2025-10-10 23:29:15,337 [WARN] ModelIntegratedComponent:63 - No mode defined for component null
2025-10-10 23:29:15,337 [WARN] ModelIntegratedComponent:63 - No mode defined for component null
2025-10-10 23:29:15,337 [WARN] ModelIntegratedComponent:63 - No mode defined for component null
2025-10-10 23:29:15,337 [WARN] ModelIntegratedComponent:63 - No mode defined for component null
2025-10-10 23:29:15,337 [WARN] ModelIntegratedComponent:63 - No mode defined for component null
2025-10-10 23:29:15,337 [WARN] ModelIntegratedComponent:63 - No mode defined for component null
2025-10-10 23:29:15,337 [WARN] ModelIntegratedComponent:63 - No mode defined for component null
2025-10-10 23:29:15,337 [WARN] ModelIntegratedComponent:63 - No mode defined for component null
2025-10-10 23:29:15,337 [WARN] ModelIntegratedComponent:63 - No mode defined for component null
2025-10-10 23:29:15,337 [WARN] ModelIntegratedComponent:63 - No mode defined for component null
2025-10-10 23:29:15,337 [WARN] ModelIntegratedComponent:63 - No mode defined for component null
2025-10-10 23:29:15,337 [WARN] ModelIntegratedComponent:63 - No mode defined for component null
2025-10-10 23:29:15,337 [WARN] ModelIntegratedComponent:63 - No mode defined for component null
2025-10-10 23:29:15,337 [WARN] ModelIntegratedComponent:63 - No mode defined for component null
2025-10-10 23:29:15,337 [WARN] ModelIntegratedComponent:63 - No mode defined for component null
2025-10-10 23:29:15,337 [WARN] ModelIntegratedComponent:63 - No mode defined for component null
2025-10-10 23:29:15,337 [WARN] ModelIntegratedComponent:63 - No mode defined for component null
2025-10-10 23:29:15,337 [WARN] ModelIntegratedComponent:63 - No mode defined for component null
2025-10-10 23:29:15,337 [WARN] ModelIntegratedComponent:63 - No mode defined for component null
2025-10-10 23:29:15,337 [WARN] ModelIntegratedComponent:63 - No mode defined for component null
2025-10-10 23:29:15,337 [WARN] ModelIntegratedComponent:63 - No mode defined for component null
2025-10-10 23:29:15,337 [WARN] ModelIntegratedComponent:63 - No mode defined for component null
2025-10-10 23:29:15,337 [WARN] ModelIntegratedComponent:63 - No mode defined for component null
2025-10-10 23:29:15,338 [WARN] ModelPack:524 - Component already loaded: STMicroelectronics:HAL Drivers:0.0.0:STMicroelectronics:Device:STMicro_Driver:XSPI:HAL::0.0.1:HAL_XSPI
2025-10-10 23:29:15,458 [INFO] ThirdPartyModel:298 - Start build external matchings
2025-10-10 23:29:15,882 [INFO] ThirdPartyModel:316 - End build external matchings
2025-10-10 23:29:15,895 [INFO] ImportTextPane:234 - (OptionalMessage_ERROR) IP (RCC) : Parameter (RTCHSEDivFreq_Value) has invalid value (4000000)
2025-10-10 23:29:16,045 [INFO] UtilMem:75 - End LoadConfig() Used Memory: 667571960 Bytes (933232640)
2025-10-10 23:29:16,056 [WARN] ThirdParty:833 - waiting for thirdparty lock release [change project]
2025-10-10 23:29:16,056 [INFO] ThirdParty:835 - entering critical section [change project]
2025-10-10 23:29:16,056 [INFO] ThirdParty:1030 - CMSIS Pack Vendor :STMicroelectronics X-CUBE-PM33A1 1.0.0
2025-10-10 23:29:16,056 [INFO] ThirdParty:1030 - CMSIS Pack Vendor :STMicroelectronics USBPD 4.1
2025-10-10 23:29:16,056 [INFO] ThirdParty:1030 - CMSIS Pack Vendor :STMicroelectronics X-CUBE-NFC9 1.0.0
2025-10-10 23:29:16,056 [INFO] ThirdParty:1030 - CMSIS Pack Vendor :STMicroelectronics USB_HOST 2.0.0
2025-10-10 23:29:16,056 [INFO] ThirdParty:1030 - CMSIS Pack Vendor :STMicroelectronics FP-SNS-MOTENVWB1 1.4.0
2025-10-10 23:29:16,056 [INFO] ThirdParty:1030 - CMSIS Pack Vendor :STMicroelectronics X-CUBE-AZRTOS-F4 1.1.0
2025-10-10 23:29:16,056 [INFO] ThirdParty:1030 - CMSIS Pack Vendor :STMicroelectronics LIBJPEG 8.0.0
2025-10-10 23:29:16,056 [INFO] ThirdParty:1030 - CMSIS Pack Vendor :STMicroelectronics FP-ATR-ASTRA1 2.0.2
2025-10-10 23:29:16,056 [INFO] ThirdParty:1030 - CMSIS Pack Vendor :wolfSSL I-CUBE-wolfSSL 5.8.2
2025-10-10 23:29:16,056 [INFO] ThirdParty:1030 - CMSIS Pack Vendor :STMicroelectronics X-CUBE-BLE1 7.1.0
2025-10-10 23:29:16,056 [INFO] ThirdParty:1030 - CMSIS Pack Vendor :Avnet-IotConnect X-CUBE-IoTC-DA16k-PMOD 1.0.0
2025-10-10 23:29:16,056 [INFO] ThirdParty:1030 - CMSIS Pack Vendor :STMicroelectronics X-CUBE-SMBUS 2.1.0
2025-10-10 23:29:16,056 [INFO] ThirdParty:1030 - CMSIS Pack Vendor :wolfSSL I-CUBE-wolfMQTT 1.19.2
2025-10-10 23:29:16,056 [INFO] ThirdParty:1030 - CMSIS Pack Vendor :STMicroelectronics USB_DEVICE 3.0.0
2025-10-10 23:29:16,056 [INFO] ThirdParty:1030 - CMSIS Pack Vendor :STMicroelectronics X-CUBE-ISPU 2.1.0
2025-10-10 23:29:16,056 [INFO] ThirdParty:1030 - CMSIS Pack Vendor :STMicroelectronics X-CUBE-EEPRMA1 5.2.0
2025-10-10 23:29:16,056 [INFO] ThirdParty:1030 - CMSIS Pack Vendor :STMicroelectronics X-CUBE-BLEMGR 4.1.0
2025-10-10 23:29:16,056 [INFO] ThirdParty:1030 - CMSIS Pack Vendor :STMicroelectronics X-CUBE-AZRTOS-WB 2.0.0
2025-10-10 23:29:16,056 [INFO] ThirdParty:1030 - CMSIS Pack Vendor :STMicroelectronics X-CUBE-ST60 1.0.0
2025-10-10 23:29:16,056 [INFO] ThirdParty:1030 - CMSIS Pack Vendor :STMicroelectronics X-CUBE-GNSS1 7.0.1
2025-10-10 23:29:16,056 [INFO] ThirdParty:1030 - CMSIS Pack Vendor :STMicroelectronics X-CUBE-NFC12 1.0.0
2025-10-10 23:29:16,056 [INFO] ThirdParty:1030 - CMSIS Pack Vendor :STMicroelectronics X-CUBE-AZRTOS-F7 1.1.0
2025-10-10 23:29:16,056 [INFO] ThirdParty:1030 - CMSIS Pack Vendor :STMicroelectronics X-CUBE-AZRTOS-L5 2.0.0
2025-10-10 23:29:16,056 [INFO] ThirdParty:1030 - CMSIS Pack Vendor :STMicroelectronics X-CUBE-TOUCHGFX 4.25.0
2025-10-10 23:29:16,056 [INFO] ThirdParty:1030 - CMSIS Pack Vendor :STMicroelectronics USB_DEVICE 2.0.0
2025-10-10 23:29:16,056 [INFO] ThirdParty:1030 - CMSIS Pack Vendor :STMicroelectronics X-CUBE-NFC6 3.1.0
2025-10-10 23:29:16,056 [INFO] ThirdParty:1030 - CMSIS Pack Vendor :quantropi X-CUBE-qispace-sdk-base 2.1.0
2025-10-10 23:29:16,056 [INFO] ThirdParty:1030 - CMSIS Pack Vendor :STMicroelectronics FreeRTOS 0.0.1
2025-10-10 23:29:16,056 [INFO] ThirdParty:1030 - CMSIS Pack Vendor :STMicroelectronics X-CUBE-AZRTOS-G0 1.1.0
2025-10-10 23:29:16,056 [INFO] ThirdParty:1030 - CMSIS Pack Vendor :STMicroelectronics X-CUBE-SAFEA1 1.2.2
2025-10-10 23:29:16,056 [INFO] ThirdParty:1030 - CMSIS Pack Vendor :STMicroelectronics X-CUBE-NFC4 3.0.0
2025-10-10 23:29:16,057 [INFO] ThirdParty:1030 - CMSIS Pack Vendor :STMicroelectronics X-CUBE-SUBG2 5.0.0
2025-10-10 23:29:16,057 [INFO] ThirdParty:1030 - CMSIS Pack Vendor :STMicroelectronics X-CUBE-AZRTOS-H7RS 1.1.0
2025-10-10 23:29:16,057 [INFO] ThirdParty:1030 - CMSIS Pack Vendor :STMicroelectronics STM32_WPAN 1.0.0
2025-10-10 23:29:16,057 [INFO] ThirdParty:1030 - CMSIS Pack Vendor :EmbeddedOffice I-CUBE-FS-RTOS 1.0.1
2025-10-10 23:29:16,057 [INFO] ThirdParty:1030 - CMSIS Pack Vendor :STMicroelectronics lwIP 2.0.3
2025-10-10 23:29:16,057 [INFO] ThirdParty:1030 - CMSIS Pack Vendor :WES I-CUBE-Cesium 1.4.0
2025-10-10 23:29:16,057 [INFO] ThirdParty:1030 - CMSIS Pack Vendor :Cesanta I-CUBE-Mongoose 7.13.0
2025-10-10 23:29:16,057 [INFO] ThirdParty:1030 - CMSIS Pack Vendor :STMicroelectronics USB_HOST 1.0.0
2025-10-10 23:29:16,057 [INFO] ThirdParty:1030 - CMSIS Pack Vendor :Infineon AIROC-Wi-Fi-Bluetooth-STM32 1.7.1
2025-10-10 23:29:16,057 [INFO] ThirdParty:1030 - CMSIS Pack Vendor :STMicroelectronics X-CUBE-AZRTOS-G4 2.0.0
2025-10-10 23:29:16,057 [INFO] ThirdParty:1030 - CMSIS Pack Vendor :STMicroelectronics X-CUBE-WB05N 2.0.0
2025-10-10 23:29:16,057 [INFO] ThirdParty:1030 - CMSIS Pack Vendor :STMicroelectronics PDM2PCM 3.1.0
2025-10-10 23:29:16,057 [INFO] ThirdParty:1030 - CMSIS Pack Vendor :STMicroelectronics PDM2PCM 3.3.0
2025-10-10 23:29:16,057 [INFO] ThirdParty:1030 - CMSIS Pack Vendor :wolfSSL I-CUBE-wolfTPM 3.8.0
2025-10-10 23:29:16,057 [INFO] ThirdParty:1030 - CMSIS Pack Vendor :STMicroelectronics X-CUBE-AZRTOS-H7 3.4.0
2025-10-10 23:29:16,057 [INFO] ThirdParty:1030 - CMSIS Pack Vendor :STMicroelectronics X-CUBE-DISPLAY 3.0.0
2025-10-10 23:29:16,057 [INFO] ThirdParty:1030 - CMSIS Pack Vendor :wolfSSL I-CUBE-wolfSSH 1.4.20
2025-10-10 23:29:16,057 [INFO] ThirdParty:1030 - CMSIS Pack Vendor :STMicroelectronics X-CUBE-NFC7 2.0.0
2025-10-10 23:29:16,057 [INFO] ThirdParty:1030 - CMSIS Pack Vendor :STMicroelectronics X-CUBE-TCPP 4.2.0
2025-10-10 23:29:16,057 [INFO] ThirdParty:1030 - CMSIS Pack Vendor :RealThread X-CUBE-RT-Thread_Nano 4.1.1
2025-10-10 23:29:16,057 [INFO] ThirdParty:1030 - CMSIS Pack Vendor :STMicroelectronics FP-ATR-SIGFOX1 3.2.0
2025-10-10 23:29:16,057 [INFO] ThirdParty:1030 - CMSIS Pack Vendor :STMicroelectronics X-CUBE-NFC10 1.0.0
2025-10-10 23:29:16,057 [INFO] ThirdParty:1030 - CMSIS Pack Vendor :STMicroelectronics X-CUBE-FREERTOS 1.3.1
2025-10-10 23:29:16,057 [INFO] ThirdParty:1030 - CMSIS Pack Vendor :STMicroelectronics HAL Drivers 0.0.0
2025-10-10 23:29:16,057 [INFO] ThirdParty:1030 - CMSIS Pack Vendor :STMicroelectronics MBEDTLS 2.16.2
2025-10-10 23:29:16,057 [INFO] ThirdParty:1030 - CMSIS Pack Vendor :STMicroelectronics X-CUBE-IPS 3.1.0
2025-10-10 23:29:16,057 [INFO] ThirdParty:1030 - CMSIS Pack Vendor :STMicroelectronics X-CUBE-ALS 1.0.2
2025-10-10 23:29:16,057 [INFO] ThirdParty:1030 - CMSIS Pack Vendor :emotas I-CUBE-CANOPEN 1.3.0
2025-10-10 23:29:16,057 [INFO] ThirdParty:1030 - CMSIS Pack Vendor :STMicroelectronics MBEDTLS 2.14.1
2025-10-10 23:29:16,057 [INFO] ThirdParty:1030 - CMSIS Pack Vendor :ITTIA_DB I-CUBE-ITTIADB 8.9.0
2025-10-10 23:29:16,057 [INFO] ThirdParty:1030 - CMSIS Pack Vendor :STMicroelectronics X-CUBE-TOUCHGFX 4.26.0
2025-10-10 23:29:16,057 [INFO] ThirdParty:1030 - CMSIS Pack Vendor :STMicroelectronics X-CUBE-STSE01 1.0.0
2025-10-10 23:29:16,057 [INFO] ThirdParty:1030 - CMSIS Pack Vendor :STMicroelectronics X-CUBE-ST67W61 1.0.0
2025-10-10 23:29:16,057 [INFO] ThirdParty:1030 - CMSIS Pack Vendor :STMicroelectronics FP-SNS-STBOX1 2.1.0
2025-10-10 23:29:16,057 [INFO] ThirdParty:1030 - CMSIS Pack Vendor :STMicroelectronics X-CUBE-AI 10.2.0
2025-10-10 23:29:16,057 [INFO] ThirdParty:1030 - CMSIS Pack Vendor :STMicroelectronics FP-SNS-STAIOTCFT 1.0.0
2025-10-10 23:29:16,057 [INFO] ThirdParty:1030 - CMSIS Pack Vendor :STMicroelectronics ThreadX 1.0.0
2025-10-10 23:29:16,057 [INFO] ThirdParty:1030 - CMSIS Pack Vendor :STMicroelectronics FP-SNS-SMARTAG2 1.2.0
2025-10-10 23:29:16,057 [INFO] ThirdParty:1030 - CMSIS Pack Vendor :STMicroelectronics FP-SNS-FLIGHT1 5.1.0
2025-10-10 23:29:16,057 [INFO] ThirdParty:1030 - CMSIS Pack Vendor :STMicroelectronics X-CUBE-AZRTOS-WL 2.0.0
2025-10-10 23:29:16,057 [INFO] ThirdParty:1030 - CMSIS Pack Vendor :SEGGER I-CUBE-embOS 1.3.1
2025-10-10 23:29:16,057 [INFO] ThirdParty:1030 - CMSIS Pack Vendor :STMicroelectronics X-CUBE-ALGOBUILD 1.4.0
2025-10-10 23:29:16,057 [INFO] ThirdParty:1030 - CMSIS Pack Vendor :STMicroelectronics X-CUBE-DPower 1.3.0
2025-10-10 23:29:16,057 [INFO] ThirdParty:1030 - CMSIS Pack Vendor :STMicroelectronics X-CUBE-MEMS1 11.3.0
2025-10-10 23:29:16,057 [INFO] ThirdParty:1030 - CMSIS Pack Vendor :STMicroelectronics FP-SNS-MOTENV1 5.0.0
2025-10-10 23:29:16,058 [INFO] ThirdParty:1030 - CMSIS Pack Vendor :STMicroelectronics USB_DEVICE 1.0.0
2025-10-10 23:29:16,058 [INFO] ThirdParty:1030 - CMSIS Pack Vendor :STMicroelectronics X-CUBE-AZRTOS-L4 2.0.0
2025-10-10 23:29:16,058 [INFO] ThirdParty:1030 - CMSIS Pack Vendor :STMicroelectronics ThreadX 0.0.2
2025-10-10 23:29:16,058 [INFO] ThirdParty:1030 - CMSIS Pack Vendor :STMicroelectronics lwIP 2.1.2
2025-10-10 23:29:16,058 [INFO] ThirdParty:1030 - CMSIS Pack Vendor :STMicroelectronics X-CUBE-SFXS2LP1 4.0.0
2025-10-10 23:29:16,058 [INFO] ThirdParty:1030 - CMSIS Pack Vendor :STMicroelectronics X-CUBE-BLE2 3.3.0
2025-10-10 23:29:16,058 [INFO] ThirdParty:1030 - CMSIS Pack Vendor :STMicroelectronics X-CUBE-TOF1 3.4.3
2025-10-10 23:29:16,058 [INFO] ThirdParty:1030 - CMSIS Pack Vendor :STMicroelectronics PDM2PCM 3.2.0
2025-10-10 23:29:16,058 [INFO] ThirdParty:841 - exiting critical section [change project]
2025-10-10 23:29:16,309 [INFO] PinOutPanel:1589 - setPackage(No Configuration,No Configuration)
2025-10-10 23:29:16,309 [INFO] PinOutPanel:1589 - setPackage(STM32F407VGTx,LQFP100)
2025-10-10 23:29:16,449 [INFO] UtilMem:75 - Before build in PCC Used Memory: 358858472 Bytes (933232640)
2025-10-10 23:29:16,659 [INFO] UtilMem:75 - After build in PCC Used Memory: 404469480 Bytes (933232640)
2025-10-10 23:29:16,666 [INFO] ApiDbMcu:532 - Load IP Config File for USB_HOST
2025-10-10 23:29:16,666 [WARN] BspModel:444 - BSP dependency skipped because of component: name='IOExpander', api='Unknown'
2025-10-10 23:29:16,691 [INFO] IPUIPlugin:80 - create IPUIPlugin
2025-10-10 23:29:16,691 [INFO] IPUIPlugin:80 - create IPUIPlugin
2025-10-10 23:29:16,691 [INFO] IPUIPlugin:80 - create IPUIPlugin
2025-10-10 23:29:16,692 [INFO] IPUIPlugin:80 - create IPUIPlugin
2025-10-10 23:29:16,692 [INFO] IPUIPlugin:80 - create IPUIPlugin
2025-10-10 23:29:16,692 [INFO] IPUIPlugin:80 - create IPUIPlugin
2025-10-10 23:29:16,692 [INFO] IPUIPlugin:80 - create IPUIPlugin
2025-10-10 23:29:16,692 [INFO] IPUIPlugin:80 - create IPUIPlugin
2025-10-10 23:29:16,692 [INFO] IPUIPlugin:80 - create IPUIPlugin
2025-10-10 23:29:16,692 [INFO] IPUIPlugin:80 - create IPUIPlugin
2025-10-10 23:29:16,693 [INFO] IPUIPlugin:80 - create IPUIPlugin
2025-10-10 23:29:16,693 [INFO] IPUIPlugin:80 - create IPUIPlugin
2025-10-10 23:29:16,693 [INFO] IPUIPlugin:80 - create IPUIPlugin
2025-10-10 23:29:16,693 [INFO] IPUIPlugin:80 - create IPUIPlugin
2025-10-10 23:29:16,693 [INFO] IPUIPlugin:80 - create IPUIPlugin
2025-10-10 23:29:16,693 [INFO] IPUIPlugin:80 - create IPUIPlugin
2025-10-10 23:29:16,693 [INFO] IPUIPlugin:80 - create IPUIPlugin
2025-10-10 23:29:16,694 [INFO] IPUIPlugin:80 - create IPUIPlugin
2025-10-10 23:29:16,694 [INFO] IPUIPlugin:80 - create IPUIPlugin
2025-10-10 23:29:16,694 [INFO] IPUIPlugin:80 - create IPUIPlugin
2025-10-10 23:29:16,694 [INFO] IPUIPlugin:80 - create IPUIPlugin
2025-10-10 23:29:16,694 [INFO] IPUIPlugin:80 - create IPUIPlugin
2025-10-10 23:29:16,694 [INFO] IPUIPlugin:80 - create IPUIPlugin
2025-10-10 23:29:16,695 [INFO] IPUIPlugin:80 - create IPUIPlugin
2025-10-10 23:29:16,695 [INFO] IPUIPlugin:80 - create IPUIPlugin
2025-10-10 23:29:16,695 [INFO] IPUIPlugin:80 - create IPUIPlugin
2025-10-10 23:29:16,695 [INFO] IPUIPlugin:80 - create IPUIPlugin
2025-10-10 23:29:16,695 [INFO] IPUIPlugin:80 - create IPUIPlugin
2025-10-10 23:29:16,696 [INFO] IPUIPlugin:80 - create IPUIPlugin
2025-10-10 23:29:16,696 [INFO] IPUIPlugin:80 - create IPUIPlugin
2025-10-10 23:29:16,696 [INFO] IPUIPlugin:80 - create IPUIPlugin
2025-10-10 23:29:16,696 [INFO] IPUIPlugin:80 - create IPUIPlugin
2025-10-10 23:29:16,696 [INFO] IPUIPlugin:80 - create IPUIPlugin
2025-10-10 23:29:16,696 [INFO] IPUIPlugin:80 - create IPUIPlugin
2025-10-10 23:29:16,696 [INFO] IPUIPlugin:80 - create IPUIPlugin
2025-10-10 23:29:16,696 [INFO] IPUIPlugin:80 - create IPUIPlugin
2025-10-10 23:29:16,696 [INFO] IPUIPlugin:80 - create IPUIPlugin
2025-10-10 23:29:16,696 [INFO] IPUIPlugin:80 - create IPUIPlugin
2025-10-10 23:29:16,696 [INFO] IPUIPlugin:80 - create IPUIPlugin
2025-10-10 23:29:16,696 [INFO] IPUIPlugin:80 - create IPUIPlugin
2025-10-10 23:29:16,696 [INFO] IPUIPlugin:80 - create IPUIPlugin
2025-10-10 23:29:16,696 [INFO] IPUIPlugin:80 - create IPUIPlugin
2025-10-10 23:29:16,697 [INFO] IPUIPlugin:80 - create IPUIPlugin
2025-10-10 23:29:16,697 [INFO] IPUIPlugin:80 - create IPUIPlugin
2025-10-10 23:29:16,697 [INFO] IPUIPlugin:80 - create IPUIPlugin
2025-10-10 23:29:16,697 [INFO] IPUIPlugin:80 - create IPUIPlugin
2025-10-10 23:29:16,697 [INFO] IPUIPlugin:80 - create IPUIPlugin
2025-10-10 23:29:16,697 [INFO] IPUIPlugin:80 - create IPUIPlugin
2025-10-10 23:29:16,697 [INFO] IPUIPlugin:80 - create IPUIPlugin
2025-10-10 23:29:16,697 [INFO] IPUIPlugin:80 - create IPUIPlugin
2025-10-10 23:29:16,697 [INFO] IPUIPlugin:80 - create IPUIPlugin
2025-10-10 23:29:16,697 [INFO] IPUIPlugin:80 - create IPUIPlugin
2025-10-10 23:29:16,698 [INFO] IPUIPlugin:80 - create IPUIPlugin
2025-10-10 23:29:16,698 [INFO] IPUIPlugin:80 - create IPUIPlugin
2025-10-10 23:29:16,698 [INFO] IPUIPlugin:80 - create IPUIPlugin
2025-10-10 23:29:16,699 [INFO] IPUIPlugin:80 - create IPUIPlugin
2025-10-10 23:29:16,699 [INFO] IPUIPlugin:80 - create IPUIPlugin
2025-10-10 23:29:16,700 [INFO] IPUIPlugin:80 - create IPUIPlugin
2025-10-10 23:29:16,702 [INFO] ApiDbMcu:532 - Load IP Config File for PDM2PCM
2025-10-10 23:29:16,703 [WARN] IP:2250 - I2C_Coeff_DF not found: check if there is a RefParameter without a condition.
2025-10-10 23:29:16,703 [WARN] IP:2250 - Analog_Filter not found: check if there is a RefParameter without a condition.
2025-10-10 23:29:16,706 [INFO] I2sManager:658 - 9.6E7
2025-10-10 23:29:16,706 [INFO] I2sManager:195 - I2S Clock Value : 9.6E7
2025-10-10 23:29:16,707 [INFO] I2sManager:553 - AudioClock : 93750Divider : 2Odd : 0
2025-10-10 23:29:16,761 [INFO] CADModel:165 - CPN selected for project levelSTM32F407VGT6
2025-10-10 23:29:16,761 [INFO] CADModel:114 - Register for checkConnection events
2025-10-10 23:29:16,827 [INFO] OpenFileManager:386 - Restore cursor
2025-10-10 23:29:16,942 [WARN] IP:2250 - I2C_Coeff_DF not found: check if there is a RefParameter without a condition.
2025-10-10 23:29:16,942 [WARN] IP:2250 - Analog_Filter not found: check if there is a RefParameter without a condition.
2025-10-10 23:29:16,942 [WARN] IP:2250 - I2C_Coeff_DF not found: check if there is a RefParameter without a condition.
2025-10-10 23:29:16,942 [WARN] IP:2250 - Analog_Filter not found: check if there is a RefParameter without a condition.
2025-10-10 23:29:17,109 [INFO] UtilMem:75 - End SaveConfig() Used Memory: 536067816 Bytes (933232640)
2025-10-10 23:29:17,149 [INFO] UtilMem:75 - End SaveConfig() Used Memory: 557039336 Bytes (933232640)
2025-10-10 23:29:17,342 [INFO] BlockDiagram:2775 - set Specific Code input for plugin: SPI
2025-10-10 23:29:17,342 [INFO] BlockDiagram:2775 - set Specific Code input for plugin: I2S
2025-10-10 23:29:17,342 [INFO] BlockDiagram:2775 - set Specific Code input for plugin: SYS
2025-10-10 23:29:17,342 [INFO] BlockDiagram:2775 - set Specific Code input for plugin: RCC
2025-10-10 23:29:17,342 [INFO] BlockDiagram:2775 - set Specific Code input for plugin: I2C
2025-10-10 23:29:17,342 [INFO] BlockDiagram:2775 - set Specific Code input for plugin: USB_OTG_FS
2025-10-10 23:29:17,342 [INFO] BlockDiagram:2775 - set Specific Code input for plugin: NVIC
2025-10-10 23:29:17,342 [INFO] BlockDiagram:2775 - set Specific Code input for plugin: USB_HOST
2025-10-10 23:29:17,342 [INFO] BlockDiagram:2775 - set Specific Code input for plugin: GPIO
2025-10-10 23:29:17,343 [INFO] CodeGenerator:892 - code generatio: config db path: /opt/st/stm32cubeide_1.19.0/plugins/com.st.stm32cube.common.mx_6.15.0.202507011659//db/
2025-10-10 23:29:17,344 [WARN] IP:2250 - I2C_Coeff_DF not found: check if there is a RefParameter without a condition.
2025-10-10 23:29:17,344 [WARN] IP:2250 - Analog_Filter not found: check if there is a RefParameter without a condition.
2025-10-10 23:29:17,454 [INFO] CodeEngine:265 - oldGeneratedFile, /home/oleksii/STM32CubeIDE/workspace_1.19.0/workspace_embedded/Lab2_2/MXTmpFiles/license.tmp_save
2025-10-10 23:29:17,586 [INFO] CodeEngine:289 - Generated code: /home/oleksii/STM32CubeIDE/workspace_1.19.0/workspace_embedded/Lab2_2/MXTmpFiles/license.tmp
2025-10-10 23:29:17,625 [INFO] CodeEngine:265 - oldGeneratedFile, /home/oleksii/STM32CubeIDE/workspace_1.19.0/workspace_embedded/Lab2_2/MXTmpFiles/gpio.tmp_save
2025-10-10 23:29:17,699 [INFO] CodeEngine:289 - Generated code: /home/oleksii/STM32CubeIDE/workspace_1.19.0/workspace_embedded/Lab2_2/MXTmpFiles/gpio.tmp
2025-10-10 23:29:17,742 [WARN] IPConfigManager:3238 - Warning: the RefConfig PWREx_EnableUSBVoltageDetector is not available in your config.xml file
2025-10-10 23:29:17,745 [INFO] CodeEngine:265 - oldGeneratedFile, /home/oleksii/STM32CubeIDE/workspace_1.19.0/workspace_embedded/Lab2_2/MXTmpFiles/usb_otg_fs_vars.tmp_save
2025-10-10 23:29:17,797 [INFO] CodeEngine:289 - Generated code: /home/oleksii/STM32CubeIDE/workspace_1.19.0/workspace_embedded/Lab2_2/MXTmpFiles/usb_otg_fs_vars.tmp
2025-10-10 23:29:17,798 [INFO] CodeEngine:265 - oldGeneratedFile, /home/oleksii/STM32CubeIDE/workspace_1.19.0/workspace_embedded/Lab2_2/MXTmpFiles/usb_otg_fs_inc.tmp_save
2025-10-10 23:29:17,840 [INFO] CodeEngine:289 - Generated code: /home/oleksii/STM32CubeIDE/workspace_1.19.0/workspace_embedded/Lab2_2/MXTmpFiles/usb_otg_fs_inc.tmp
2025-10-10 23:29:17,841 [INFO] CodeEngine:265 - oldGeneratedFile, /home/oleksii/STM32CubeIDE/workspace_1.19.0/workspace_embedded/Lab2_2/MXTmpFiles/usb_otg_fs_HalInit.tmp_save
2025-10-10 23:29:17,902 [INFO] CodeEngine:289 - Generated code: /home/oleksii/STM32CubeIDE/workspace_1.19.0/workspace_embedded/Lab2_2/MXTmpFiles/usb_otg_fs_HalInit.tmp
2025-10-10 23:29:17,903 [INFO] CodeEngine:265 - oldGeneratedFile, /home/oleksii/STM32CubeIDE/workspace_1.19.0/workspace_embedded/Lab2_2/MXTmpFiles/usb_otg_fs_Msp.tmp_save
2025-10-10 23:29:17,962 [INFO] CodeEngine:289 - Generated code: /home/oleksii/STM32CubeIDE/workspace_1.19.0/workspace_embedded/Lab2_2/MXTmpFiles/usb_otg_fs_Msp.tmp
2025-10-10 23:29:18,106 [INFO] CodeEngine:265 - oldGeneratedFile, /home/oleksii/STM32CubeIDE/workspace_1.19.0/workspace_embedded/Lab2_2/USB_HOST/App/usb_host.c_save
2025-10-10 23:29:18,148 [INFO] CodeEngine:289 - Generated code: /home/oleksii/STM32CubeIDE/workspace_1.19.0/workspace_embedded/Lab2_2/USB_HOST/App/usb_host.c
2025-10-10 23:29:18,148 [INFO] CodeEngine:265 - oldGeneratedFile, /home/oleksii/STM32CubeIDE/workspace_1.19.0/workspace_embedded/Lab2_2/USB_HOST/App/usb_host.h_save
2025-10-10 23:29:18,188 [INFO] CodeEngine:289 - Generated code: /home/oleksii/STM32CubeIDE/workspace_1.19.0/workspace_embedded/Lab2_2/USB_HOST/App/usb_host.h
2025-10-10 23:29:18,189 [INFO] CodeEngine:265 - oldGeneratedFile, /home/oleksii/STM32CubeIDE/workspace_1.19.0/workspace_embedded/Lab2_2/USB_HOST/Target/usbh_conf.h_save
2025-10-10 23:29:18,230 [INFO] CodeEngine:289 - Generated code: /home/oleksii/STM32CubeIDE/workspace_1.19.0/workspace_embedded/Lab2_2/USB_HOST/Target/usbh_conf.h
2025-10-10 23:29:18,231 [INFO] CodeEngine:265 - oldGeneratedFile, /home/oleksii/STM32CubeIDE/workspace_1.19.0/workspace_embedded/Lab2_2/USB_HOST/Target/usbh_conf.c_save
2025-10-10 23:29:18,271 [INFO] CodeEngine:289 - Generated code: /home/oleksii/STM32CubeIDE/workspace_1.19.0/workspace_embedded/Lab2_2/USB_HOST/Target/usbh_conf.c
2025-10-10 23:29:18,272 [INFO] CodeEngine:265 - oldGeneratedFile, /home/oleksii/STM32CubeIDE/workspace_1.19.0/workspace_embedded/Lab2_2/USB_HOST/Target/usbh_platform.c_save
2025-10-10 23:29:18,311 [INFO] CodeEngine:289 - Generated code: /home/oleksii/STM32CubeIDE/workspace_1.19.0/workspace_embedded/Lab2_2/USB_HOST/Target/usbh_platform.c
2025-10-10 23:29:18,312 [INFO] CodeEngine:265 - oldGeneratedFile, /home/oleksii/STM32CubeIDE/workspace_1.19.0/workspace_embedded/Lab2_2/USB_HOST/Target/usbh_platform.h_save
2025-10-10 23:29:18,349 [INFO] CodeEngine:289 - Generated code: /home/oleksii/STM32CubeIDE/workspace_1.19.0/workspace_embedded/Lab2_2/USB_HOST/Target/usbh_platform.h
2025-10-10 23:29:18,353 [INFO] CodeEngine:265 - oldGeneratedFile, /home/oleksii/STM32CubeIDE/workspace_1.19.0/workspace_embedded/Lab2_2/Core/Src/stm32f4xx_it.c_save
2025-10-10 23:29:18,456 [INFO] CodeEngine:289 - Generated code: /home/oleksii/STM32CubeIDE/workspace_1.19.0/workspace_embedded/Lab2_2/Core/Src/stm32f4xx_it.c
2025-10-10 23:29:18,457 [INFO] CodeEngine:265 - oldGeneratedFile, /home/oleksii/STM32CubeIDE/workspace_1.19.0/workspace_embedded/Lab2_2/Core/Inc/stm32f4xx_it.h_save
2025-10-10 23:29:18,492 [INFO] CodeEngine:289 - Generated code: /home/oleksii/STM32CubeIDE/workspace_1.19.0/workspace_embedded/Lab2_2/Core/Inc/stm32f4xx_it.h
2025-10-10 23:29:18,498 [INFO] CodeEngine:265 - oldGeneratedFile, /home/oleksii/STM32CubeIDE/workspace_1.19.0/workspace_embedded/Lab2_2/Core/Src/stm32f4xx_hal_msp.c_save
2025-10-10 23:29:18,557 [INFO] CodeEngine:289 - Generated code: /home/oleksii/STM32CubeIDE/workspace_1.19.0/workspace_embedded/Lab2_2/Core/Src/stm32f4xx_hal_msp.c
2025-10-10 23:29:18,558 [INFO] CodeEngine:265 - oldGeneratedFile, /home/oleksii/STM32CubeIDE/workspace_1.19.0/workspace_embedded/Lab2_2/MXTmpFiles/system.tmp_save
2025-10-10 23:29:18,593 [INFO] CodeEngine:289 - Generated code: /home/oleksii/STM32CubeIDE/workspace_1.19.0/workspace_embedded/Lab2_2/MXTmpFiles/system.tmp
2025-10-10 23:29:18,595 [INFO] CodeEngine:321 - oldGeneratedFile, /home/oleksii/STM32CubeIDE/workspace_1.19.0/workspace_embedded/Lab2_2/Core/Inc/stm32f4xx_hal_conf.h_save
2025-10-10 23:29:18,636 [INFO] CodeEngine:345 - Generated code: /home/oleksii/STM32CubeIDE/workspace_1.19.0/workspace_embedded/Lab2_2/Core/Inc/stm32f4xx_hal_conf.h
2025-10-10 23:29:18,649 [INFO] ApiDbMcu:532 - Load IP Config File for I2C1
2025-10-10 23:29:18,650 [INFO] ApiDbMcu:532 - Load IP Config File for I2S3
2025-10-10 23:29:18,651 [INFO] ApiDbMcu:532 - Load IP Config File for SPI1
2025-10-10 23:29:18,652 [INFO] ApiDbMcu:532 - Load IP Config File for RCC
2025-10-10 23:29:18,655 [INFO] CodeEngine:265 - oldGeneratedFile, /home/oleksii/STM32CubeIDE/workspace_1.19.0/workspace_embedded/Lab2_2/Core/Inc/main.h_save
2025-10-10 23:29:18,705 [INFO] CodeEngine:289 - Generated code: /home/oleksii/STM32CubeIDE/workspace_1.19.0/workspace_embedded/Lab2_2/Core/Inc/main.h
2025-10-10 23:29:18,705 [INFO] CodeEngine:265 - oldGeneratedFile, /home/oleksii/STM32CubeIDE/workspace_1.19.0/workspace_embedded/Lab2_2/Core/Src/main.c_save
2025-10-10 23:29:18,758 [INFO] CodeEngine:289 - Generated code: /home/oleksii/STM32CubeIDE/workspace_1.19.0/workspace_embedded/Lab2_2/Core/Src/main.c
2025-10-10 23:29:18,888 [INFO] ProjectBuilder:3606 - Time for Copy HAL[1] : 12mS.
2025-10-10 23:29:18,889 [INFO] ProjectBuilder:5216 - Project Generator version: 4.7.0-B52
2025-10-10 23:29:18,944 [INFO] ConfigFileManager:1595 - The Die is : DIE413
2025-10-10 23:29:18,945 [INFO] ApiDbMcu:532 - Load IP Config File for FATFS
2025-10-10 23:29:18,947 [INFO] ApiDbMcu:532 - Load IP Config File for FREERTOS
2025-10-10 23:29:18,948 [INFO] ApiDbMcu:532 - Load IP Config File for LIBJPEG
2025-10-10 23:29:18,950 [INFO] ApiDbMcu:532 - Load IP Config File for LWIP
2025-10-10 23:29:18,952 [INFO] ApiDbMcu:532 - Load IP Config File for MBEDTLS
2025-10-10 23:29:18,955 [INFO] ApiDbMcu:532 - Load IP Config File for USB_DEVICE
2025-10-10 23:29:20,020 [INFO] ProjectBuilder:5496 - Time for Generating toolchain IDE Files: 1131mS.
2025-10-10 23:29:20,021 [INFO] ProjectBuilder:3463 - Time for Copy CMSIS : 0mS.
2025-10-10 23:29:20,021 [INFO] ProjectBuilder:3463 - Time for Copy CMSIS : 0mS.
2025-10-10 23:29:20,637 [INFO] McuFinderGlobals:76 - Set McuFinderConnectedMode to true
2025-10-10 23:29:20,638 [INFO] ApiDb:448 - Save user favorites file /home/oleksii/.stm32cubeide/favorites.mcus.txt: 0 item(s)
2025-10-10 23:29:20,638 [INFO] ApiDb:452 - User favorites MCUs=[]
2025-10-10 23:29:20,639 [INFO] ApiDb:448 - Save user favorites file /home/oleksii/.stm32cubeide/favorites.boards.txt: 0 item(s)
2025-10-10 23:29:20,639 [INFO] ApiDb:452 - User favorites Boards=[]
2025-10-10 23:29:30,726 [ERROR] LogOutputStream:75 - [STDERR_REDIRECT] 
2025-10-10 23:30:51,869 [INFO] Activator:176 - 


2025-10-10 23:30:51,870 [INFO] Activator:177 - !SESSION log4j initialized
2025-10-10 23:30:53,332 [INFO] LogOutputStream:77 - [STDOUT_REDIRECT] 
2025-10-10 23:30:53,919 [INFO] ApplicationProperties:184 - Using Application install path: /opt/st/stm32cubeide_1.19.0/plugins/com.st.stm32cube.common.mx_6.15.0.202507011659
2025-10-10 23:30:53,930 [INFO] DbMcusXml:78 - Set database path to: /opt/st/stm32cubeide_1.19.0/plugins/com.st.stm32cube.common.mx_6.15.0.202507011659//db//mcu/
2025-10-10 23:30:53,930 [INFO] ApiDb:274 - Set plugin database path to: /opt/st/stm32cubeide_1.19.0/plugins/com.st.stm32cube.common.mx_6.15.0.202507011659//db//plugins/boardmanager/
2025-10-10 23:30:53,930 [WARN] ApiDb:259 - Overriding images path with different value:  => /opt/st/stm32cubeide_1.19.0/plugins/com.st.stm32cube.common.mx_6.15.0.202507011659//db//plugins/mcufinder/images/
2025-10-10 23:30:53,932 [INFO] ApiDb:250 - Set database path to: /home/oleksii/.stmcufinder/plugins/mcufinder//mcu/
2025-10-10 23:30:53,932 [INFO] DbMcusAds:125 - Set database path to: /home/oleksii/.stmcufinder/plugins/mcufinder//mcu/
2025-10-10 23:30:53,934 [INFO] CrossReferenceDbSqlite:203 - Set database path to: /home/oleksii/.stmcufinder/plugins/mcufinder//mcu/cs/
2025-10-10 23:30:54,001 [INFO] RulesReader:64 - Compatibility file has been processed (317 Rules)
2025-10-10 23:30:54,033 [INFO] DbMcusXml:78 - Set database path to: /opt/st/stm32cubeide_1.19.0/plugins/com.st.stm32cube.common.mx_6.15.0.202507011659//db//mcu/
2025-10-10 23:30:54,034 [INFO] ApiDb:274 - Set plugin database path to: /opt/st/stm32cubeide_1.19.0/plugins/com.st.stm32cube.common.mx_6.15.0.202507011659//db//plugins/boardmanager/
2025-10-10 23:30:54,034 [INFO] ApiDb:261 - Set plugin images path to: /opt/st/stm32cubeide_1.19.0/plugins/com.st.stm32cube.common.mx_6.15.0.202507011659//db//plugins/mcufinder/images/
2025-10-10 23:30:54,034 [WARN] DbFile:41 - Overriding database path with different value: /home/oleksii/.stmcufinder/plugins/mcufinder/ => /home/oleksii/.stmcufinder/plugins/mcufinder
2025-10-10 23:30:54,034 [INFO] ApiDb:250 - Set database path to: /home/oleksii/.stmcufinder/plugins/mcufinder//mcu/
2025-10-10 23:30:54,034 [WARN] DbFile:41 - Overriding database path with different value: /home/oleksii/.stmcufinder/plugins/mcufinder/ => /home/oleksii/.stmcufinder/plugins/mcufinder
2025-10-10 23:30:54,034 [INFO] DbMcusAds:125 - Set database path to: /home/oleksii/.stmcufinder/plugins/mcufinder//mcu/
2025-10-10 23:30:54,034 [WARN] DbFile:41 - Overriding database path with different value: /home/oleksii/.stmcufinder/plugins/mcufinder/ => /home/oleksii/.stmcufinder/plugins/mcufinder
2025-10-10 23:30:54,034 [WARN] DbFile:41 - Overriding database path with different value: /home/oleksii/.stmcufinder/plugins/mcufinder/ => /home/oleksii/.stmcufinder/plugins/mcufinder
2025-10-10 23:30:54,034 [INFO] CrossReferenceDbSqlite:203 - Set database path to: /home/oleksii/.stmcufinder/plugins/mcufinder//mcu/cs/
2025-10-10 23:30:54,067 [INFO] MainPanel:274 - HeapMemory: 268435456
2025-10-10 23:30:54,142 [INFO] DbMcusXml:78 - Set database path to: /opt/st/stm32cubeide_1.19.0/plugins/com.st.stm32cube.common.mx_6.15.0.202507011659//db//mcu/
2025-10-10 23:30:54,142 [INFO] ApiDb:274 - Set plugin database path to: /opt/st/stm32cubeide_1.19.0/plugins/com.st.stm32cube.common.mx_6.15.0.202507011659//db//plugins/boardmanager/
2025-10-10 23:30:54,142 [INFO] ApiDb:261 - Set plugin images path to: /opt/st/stm32cubeide_1.19.0/plugins/com.st.stm32cube.common.mx_6.15.0.202507011659//db//plugins/mcufinder/images/
2025-10-10 23:30:54,143 [WARN] DbFile:41 - Overriding database path with different value: /home/oleksii/.stmcufinder/plugins/mcufinder/ => /home/oleksii/.stmcufinder/plugins/mcufinder
2025-10-10 23:30:54,143 [INFO] ApiDb:250 - Set database path to: /home/oleksii/.stmcufinder/plugins/mcufinder//mcu/
2025-10-10 23:30:54,143 [WARN] DbFile:41 - Overriding database path with different value: /home/oleksii/.stmcufinder/plugins/mcufinder/ => /home/oleksii/.stmcufinder/plugins/mcufinder
2025-10-10 23:30:54,143 [INFO] DbMcusAds:125 - Set database path to: /home/oleksii/.stmcufinder/plugins/mcufinder//mcu/
2025-10-10 23:30:54,143 [WARN] DbFile:41 - Overriding database path with different value: /home/oleksii/.stmcufinder/plugins/mcufinder/ => /home/oleksii/.stmcufinder/plugins/mcufinder
2025-10-10 23:30:54,143 [WARN] DbFile:41 - Overriding database path with different value: /home/oleksii/.stmcufinder/plugins/mcufinder/ => /home/oleksii/.stmcufinder/plugins/mcufinder
2025-10-10 23:30:54,143 [INFO] CrossReferenceDbSqlite:203 - Set database path to: /home/oleksii/.stmcufinder/plugins/mcufinder//mcu/cs/
2025-10-10 23:30:54,151 [INFO] ApplicationProperties:184 - Using Application install path: /opt/st/stm32cubeide_1.19.0/plugins/com.st.stm32cube.common.mx_6.15.0.202507011659
2025-10-10 23:30:54,152 [INFO] PluginManage:196 - Search for loadable plugins [exclusion list=, ]
2025-10-10 23:30:54,153 [INFO] PluginManage:310 - Check plugin analytics
2025-10-10 23:30:54,247 [INFO] AnalyticsPlugin:253 - Accepted Software Licenses: 
2025-10-10 23:30:54,247 [INFO] AnalyticsPlugin:255 - Accepted CMSIS Pack Licenses: 
2025-10-10 23:30:54,247 [INFO] AnalyticsPlugin:257 - Accepted Firmware Licenses: FW.F4.1.28.0
2025-10-10 23:30:54,248 [INFO] PluginManage:359 - Loaded plugin analytics (category:tool,tabindex:-1)
2025-10-10 23:30:54,248 [INFO] PluginManage:310 - Check plugin cadmodel
2025-10-10 23:30:54,250 [INFO] CADModel:105 - Init CAD model plugin
2025-10-10 23:30:54,250 [INFO] PluginManage:359 - Loaded plugin cadmodel (category:power,tabindex:5)
2025-10-10 23:30:54,250 [INFO] PluginManage:310 - Check plugin clock
2025-10-10 23:30:54,255 [INFO] PluginManage:359 - Loaded plugin clock (category:base,tabindex:2)
2025-10-10 23:30:54,255 [INFO] PluginManage:310 - Check plugin ddr
2025-10-10 23:30:54,256 [INFO] PluginManage:359 - Loaded plugin ddr (category:tool,tabindex:6)
2025-10-10 23:30:54,256 [INFO] PluginManage:310 - Check plugin filemanager
2025-10-10 23:30:54,336 [INFO] PluginManage:359 - Loaded plugin filemanager (category:base,tabindex:10)
2025-10-10 23:30:54,336 [INFO] PluginManage:310 - Check plugin ipmanager
2025-10-10 23:30:54,339 [INFO] PluginManage:359 - Loaded plugin ipmanager (category:base,tabindex:5)
2025-10-10 23:30:54,339 [INFO] PluginManage:310 - Check plugin lpbam
2025-10-10 23:30:54,343 [INFO] PluginManage:359 - Loaded plugin lpbam (category:base,tabindex:0)
2025-10-10 23:30:54,344 [INFO] PluginManage:310 - Check plugin memorymap
2025-10-10 23:30:54,351 [INFO] PluginManage:359 - Loaded plugin memorymap (category:base,tabindex:4)
2025-10-10 23:30:54,351 [INFO] PluginManage:310 - Check plugin pinoutandconfiguration
2025-10-10 23:30:54,355 [INFO] PluginManage:359 - Loaded plugin pinoutandconfiguration (category:base,tabindex:1)
2025-10-10 23:30:54,356 [INFO] PluginManage:310 - Check plugin pinoutconfig
2025-10-10 23:30:54,416 [WARN] SupportedApi:132 - Cannot load RTOS API schema: s4s-elt-must-match.1: The content of 'definitions' must match (annotation?, (simpleType | complexType)?, (unique | key | keyref)*)). A problem was found starting at: attribute.
2025-10-10 23:30:54,484 [INFO] PluginManage:359 - Loaded plugin pinoutconfig (category:base,tabindex:0)
2025-10-10 23:30:54,484 [INFO] PluginManage:310 - Check plugin power
2025-10-10 23:30:54,489 [INFO] PluginManage:359 - Loaded plugin power (category:power,tabindex:4)
2025-10-10 23:30:54,489 [INFO] PluginManage:310 - Check plugin projectmanager
2025-10-10 23:30:54,500 [INFO] PluginManage:359 - Loaded plugin projectmanager (category:projectmanager,tabindex:4)
2025-10-10 23:30:54,501 [INFO] PluginManage:310 - Check plugin rif
2025-10-10 23:30:54,507 [INFO] PluginManage:359 - Loaded plugin rif (category:base,tabindex:3)
2025-10-10 23:30:54,507 [INFO] PluginManage:310 - Check plugin thirdparty
2025-10-10 23:30:54,568 [INFO] PluginManage:359 - Loaded plugin thirdparty (category:base,tabindex:-1)
2025-10-10 23:30:54,568 [WARN] IntegrityCheckThread:84 - waiting for thirdparty lock release [integrity check]
2025-10-10 23:30:54,569 [INFO] PluginManage:310 - Check plugin tools
2025-10-10 23:30:54,569 [INFO] IntegrityCheckThread:86 - entering critical section [integrity check]
2025-10-10 23:30:54,569 [INFO] ThirdPartyUpdaterWithRetryManager:70 - Updater plugin not ready yet. [1/15]
2025-10-10 23:30:54,570 [INFO] PluginManage:359 - Loaded plugin tools (category:base,tabindex:7)
2025-10-10 23:30:54,570 [INFO] PluginManage:310 - Check plugin tutovideos
2025-10-10 23:30:54,675 [INFO] PluginManage:359 - Loaded plugin tutovideos (category:base,tabindex:-1)
2025-10-10 23:30:54,675 [INFO] PluginManage:310 - Check plugin updater
2025-10-10 23:30:54,686 [INFO] PluginManage:359 - Loaded plugin updater (category:base,tabindex:12)
2025-10-10 23:30:54,686 [INFO] PluginManage:310 - Check plugin userauth
2025-10-10 23:30:54,688 [INFO] UserAuth:118 - Init User Auth plugin
2025-10-10 23:30:54,688 [INFO] PluginManage:359 - Loaded plugin userauth (category:base,tabindex:14)
2025-10-10 23:30:54,689 [INFO] PluginManage:283 - PluginManage : Loaded plugins [18]
2025-10-10 23:30:54,773 [INFO] PinOutPanel:1589 - setPackage(No Configuration,No Configuration)
2025-10-10 23:30:54,816 [INFO] CADModel:165 - CPN selected for project level
2025-10-10 23:30:54,816 [INFO] CADModel:114 - Register for checkConnection events
2025-10-10 23:30:54,823 [INFO] IPUIPlugin:80 - create IPUIPlugin
2025-10-10 23:30:54,824 [INFO] PluginManager:220 - loadIPPluginJar : add radio
2025-10-10 23:30:54,827 [INFO] IPUIPlugin:80 - create IPUIPlugin
2025-10-10 23:30:54,827 [INFO] PluginManager:220 - loadIPPluginJar : add spi
2025-10-10 23:30:54,828 [INFO] IPUIPlugin:80 - create IPUIPlugin
2025-10-10 23:30:54,828 [INFO] PluginManager:220 - loadIPPluginJar : add tsc
2025-10-10 23:30:54,832 [INFO] IPUIPlugin:80 - create IPUIPlugin
2025-10-10 23:30:54,832 [INFO] PluginManager:220 - loadIPPluginJar : add fmc
2025-10-10 23:30:54,834 [INFO] IPUIPlugin:80 - create IPUIPlugin
2025-10-10 23:30:54,834 [INFO] PluginManager:220 - loadIPPluginJar : add hash
2025-10-10 23:30:54,836 [INFO] IPUIPlugin:80 - create IPUIPlugin
2025-10-10 23:30:54,836 [INFO] PluginManager:220 - loadIPPluginJar : add extmemmanager
2025-10-10 23:30:54,837 [INFO] IPUIPlugin:80 - create IPUIPlugin
2025-10-10 23:30:54,837 [INFO] PluginManager:220 - loadIPPluginJar : add tim
2025-10-10 23:30:54,837 [INFO] IPUIPlugin:80 - create IPUIPlugin
2025-10-10 23:30:54,837 [INFO] PluginManager:220 - loadIPPluginJar : add ltdc
2025-10-10 23:30:54,838 [INFO] IPUIPlugin:80 - create IPUIPlugin
2025-10-10 23:30:54,838 [INFO] PluginManager:220 - loadIPPluginJar : add quadspi
2025-10-10 23:30:54,841 [INFO] IPUIPlugin:80 - create IPUIPlugin
2025-10-10 23:30:54,841 [INFO] PluginManager:220 - loadIPPluginJar : add gic
2025-10-10 23:30:54,842 [INFO] IPUIPlugin:80 - create IPUIPlugin
2025-10-10 23:30:54,842 [INFO] PluginManager:220 - loadIPPluginJar : add comp
2025-10-10 23:30:54,842 [INFO] IPUIPlugin:80 - create IPUIPlugin
2025-10-10 23:30:54,842 [INFO] PluginManager:220 - loadIPPluginJar : add fatfs
2025-10-10 23:30:54,846 [INFO] IPUIPlugin:80 - create IPUIPlugin
2025-10-10 23:30:54,846 [INFO] PluginManager:220 - loadIPPluginJar : add linkedlist
2025-10-10 23:30:54,847 [INFO] IPUIPlugin:80 - create IPUIPlugin
2025-10-10 23:30:54,847 [INFO] PluginManager:220 - loadIPPluginJar : add ucpd
2025-10-10 23:30:54,848 [INFO] IPUIPlugin:80 - create IPUIPlugin
2025-10-10 23:30:54,848 [INFO] PluginManager:220 - loadIPPluginJar : add ddr_ctrl_phy
2025-10-10 23:30:54,849 [INFO] IPUIPlugin:80 - create IPUIPlugin
2025-10-10 23:30:54,849 [INFO] PluginManager:220 - loadIPPluginJar : add gfxmmu
2025-10-10 23:30:54,850 [INFO] IPUIPlugin:80 - create IPUIPlugin
2025-10-10 23:30:54,850 [INFO] PluginManager:220 - loadIPPluginJar : add usart
2025-10-10 23:30:54,853 [INFO] IPUIPlugin:80 - create IPUIPlugin
2025-10-10 23:30:54,854 [INFO] PluginManager:220 - loadIPPluginJar : add dma
2025-10-10 23:30:54,855 [INFO] IPUIPlugin:80 - create IPUIPlugin
2025-10-10 23:30:54,855 [INFO] PluginManager:220 - loadIPPluginJar : add aes
2025-10-10 23:30:54,858 [INFO] IPUIPlugin:80 - create IPUIPlugin
2025-10-10 23:30:54,859 [INFO] PluginManager:220 - loadIPPluginJar : add plateformsettings
2025-10-10 23:30:54,860 [INFO] IPUIPlugin:80 - create IPUIPlugin
2025-10-10 23:30:54,860 [INFO] PluginManager:220 - loadIPPluginJar : add genericplugin
2025-10-10 23:30:54,861 [INFO] IPUIPlugin:80 - create IPUIPlugin
2025-10-10 23:30:54,861 [INFO] PluginManager:220 - loadIPPluginJar : add pdm2pcm
2025-10-10 23:30:54,863 [INFO] IPUIPlugin:80 - create IPUIPlugin
2025-10-10 23:30:54,863 [INFO] PluginManager:220 - loadIPPluginJar : add ipddr
2025-10-10 23:30:54,864 [INFO] IPUIPlugin:80 - create IPUIPlugin
2025-10-10 23:30:54,864 [INFO] PluginManager:220 - loadIPPluginJar : add opamp
2025-10-10 23:30:54,865 [INFO] IPUIPlugin:80 - create IPUIPlugin
2025-10-10 23:30:54,866 [INFO] PluginManager:220 - loadIPPluginJar : add dma3
2025-10-10 23:30:54,866 [INFO] IPUIPlugin:80 - create IPUIPlugin
2025-10-10 23:30:54,866 [INFO] PluginManager:220 - loadIPPluginJar : add dfsdm
2025-10-10 23:30:54,867 [INFO] IPUIPlugin:80 - create IPUIPlugin
2025-10-10 23:30:54,867 [INFO] PluginManager:220 - loadIPPluginJar : add ts
2025-10-10 23:30:54,869 [INFO] IPUIPlugin:80 - create IPUIPlugin
2025-10-10 23:30:54,869 [INFO] PluginManager:220 - loadIPPluginJar : add nvic
2025-10-10 23:30:54,871 [INFO] IPUIPlugin:80 - create IPUIPlugin
2025-10-10 23:30:54,871 [INFO] PluginManager:220 - loadIPPluginJar : add cryp
2025-10-10 23:30:54,873 [INFO] IPUIPlugin:80 - create IPUIPlugin
2025-10-10 23:30:54,873 [INFO] PluginManager:220 - loadIPPluginJar : add freertos
2025-10-10 23:30:54,875 [INFO] IPUIPlugin:80 - create IPUIPlugin
2025-10-10 23:30:54,875 [INFO] PluginManager:220 - loadIPPluginJar : add resmgrutility
2025-10-10 23:30:54,876 [INFO] IPUIPlugin:80 - create IPUIPlugin
2025-10-10 23:30:54,876 [INFO] PluginManager:220 - loadIPPluginJar : add gtzc
2025-10-10 23:30:54,877 [INFO] IPUIPlugin:80 - create IPUIPlugin
2025-10-10 23:30:54,877 [INFO] PluginManager:220 - loadIPPluginJar : add tracer_emb
2025-10-10 23:30:54,880 [INFO] IPUIPlugin:80 - create IPUIPlugin
2025-10-10 23:30:54,880 [INFO] PluginManager:220 - loadIPPluginJar : add stm32_wpan
2025-10-10 23:30:54,882 [INFO] IPUIPlugin:80 - create IPUIPlugin
2025-10-10 23:30:54,882 [INFO] PluginManager:220 - loadIPPluginJar : add gpio
2025-10-10 23:30:54,883 [INFO] IPUIPlugin:80 - create IPUIPlugin
2025-10-10 23:30:54,884 [INFO] PluginManager:220 - loadIPPluginJar : add sai
2025-10-10 23:30:54,885 [INFO] IPUIPlugin:80 - create IPUIPlugin
2025-10-10 23:30:54,885 [INFO] PluginManager:220 - loadIPPluginJar : add usbx
2025-10-10 23:30:54,888 [INFO] IPUIPlugin:80 - create IPUIPlugin
2025-10-10 23:30:54,888 [INFO] PluginManager:220 - loadIPPluginJar : add touchsensing
2025-10-10 23:30:54,890 [INFO] IPUIPlugin:80 - create IPUIPlugin
2025-10-10 23:30:54,890 [INFO] PluginManager:220 - loadIPPluginJar : add openamp
2025-10-10 23:30:54,891 [INFO] IPUIPlugin:80 - create IPUIPlugin
2025-10-10 23:30:54,891 [INFO] PluginManager:220 - loadIPPluginJar : add i3c
2025-10-10 23:30:54,892 [INFO] IPUIPlugin:80 - create IPUIPlugin
2025-10-10 23:30:54,893 [INFO] PluginManager:220 - loadIPPluginJar : add i2s
2025-10-10 23:30:54,894 [INFO] IPUIPlugin:80 - create IPUIPlugin
2025-10-10 23:30:54,894 [INFO] PluginManager:220 - loadIPPluginJar : add can
2025-10-10 23:30:54,896 [INFO] IPUIPlugin:80 - create IPUIPlugin
2025-10-10 23:30:54,896 [INFO] PluginManager:220 - loadIPPluginJar : add lorawan
2025-10-10 23:30:54,900 [INFO] IPUIPlugin:80 - create IPUIPlugin
2025-10-10 23:30:54,900 [INFO] PluginManager:220 - loadIPPluginJar : add adc
2025-10-10 23:30:54,902 [INFO] IPUIPlugin:80 - create IPUIPlugin
2025-10-10 23:30:54,902 [INFO] PluginManager:220 - loadIPPluginJar : add i2c
2025-10-10 23:30:54,906 [INFO] IPUIPlugin:80 - create IPUIPlugin
2025-10-10 23:30:54,906 [INFO] PluginManager:220 - loadIPPluginJar : add mdma
2025-10-10 23:30:54,996 [FATAL] Updater:351 - Updater called before beeing initialized
2025-10-10 23:30:55,022 [INFO] RulesReader:64 - Compatibility file has been processed (317 Rules)
2025-10-10 23:30:55,035 [INFO] RulesReader:64 - Compatibility file has been processed (317 Rules)
2025-10-10 23:30:55,041 [INFO] CADModel:165 - CPN selected for project level
2025-10-10 23:30:55,041 [INFO] CADModel:114 - Register for checkConnection events
2025-10-10 23:30:55,041 [FATAL] Updater:351 - Updater called before beeing initialized
2025-10-10 23:30:55,041 [ERROR] CADModel:125 - Updater not yet initialized, retry later 
2025-10-10 23:30:55,111 [FATAL] Updater:351 - Updater called before beeing initialized
2025-10-10 23:30:55,112 [INFO] CADModel:165 - CPN selected for project level
2025-10-10 23:30:55,112 [INFO] CADModel:114 - Register for checkConnection events
2025-10-10 23:30:55,112 [FATAL] Updater:351 - Updater called before beeing initialized
2025-10-10 23:30:55,112 [ERROR] CADModel:125 - Updater not yet initialized, retry later 
2025-10-10 23:30:55,114 [FATAL] Updater:351 - Updater called before beeing initialized
2025-10-10 23:30:55,168 [FATAL] Updater:351 - Updater called before beeing initialized
2025-10-10 23:30:55,170 [INFO] DbMcusAds:53 - JSON generation date=Thu Oct 02 12:36:05 EEST 2025 (1759397765645)
2025-10-10 23:30:55,170 [FATAL] Updater:351 - Updater called before beeing initialized
2025-10-10 23:30:55,191 [WARN] DetailPanel:346 - Failed to get advertising image, set to default
2025-10-10 23:30:55,242 [FATAL] Updater:351 - Updater called before beeing initialized
2025-10-10 23:30:55,243 [FATAL] Updater:351 - Updater called before beeing initialized
2025-10-10 23:30:55,243 [FATAL] Updater:351 - Updater called before beeing initialized
2025-10-10 23:30:55,243 [WARN] DetailPanel:346 - Failed to get advertising image, set to default
2025-10-10 23:30:55,244 [FATAL] Updater:351 - Updater called before beeing initialized
2025-10-10 23:30:55,261 [ERROR] Updater:1198 - MainUpdater not yet initialized. External WinMGr cannot be set.
2025-10-10 23:30:55,262 [INFO] Updater:1134 - Updater Version found : 6.15.0
2025-10-10 23:30:55,271 [INFO] ApplicationProperties:184 - Using Application install path: /opt/st/stm32cubeide_1.19.0/plugins/com.st.stm32cube.common.mx_6.15.0.202507011659
2025-10-10 23:30:55,674 [INFO] MainUpdater:2872 - connection check result : 10
2025-10-10 23:30:55,676 [INFO] MainUpdater:289 - Updater Check For Update Now.
2025-10-10 23:30:55,677 [INFO] MicroXplorer:498 - Change Database Version : DB.6.0.150
2025-10-10 23:30:55,689 [INFO] McuFinderGlobals:63 - Set McuFinder mode to 2 (CubeIDE integrated)
2025-10-10 23:30:55,690 [INFO] UserAuth:487 - Internet connection configuration mode: 1
2025-10-10 23:30:55,708 [INFO] JxBrowserEngine:152 - Initiate JxBrowser Engine with user profile folder
2025-10-10 23:30:55,844 [INFO] CheckServerUpdateThread:120 - End of CheckServer Thread
2025-10-10 23:30:56,069 [INFO] WebApp:169 - Instantiating new browser for Auth
2025-10-10 23:30:56,430 [INFO] WebApp:463 - Apply proxy settings
2025-10-10 23:30:56,430 [INFO] WebApp:548 - Chromium requires no authentication
2025-10-10 23:30:56,433 [INFO] WebApp:491 - Direct internet connection detected
2025-10-10 23:30:56,443 [INFO] WebApp:900 - Register for checkConnection events
2025-10-10 23:30:56,443 [INFO] WebApp:463 - Apply proxy settings
2025-10-10 23:30:56,443 [INFO] WebApp:548 - Chromium requires no authentication
2025-10-10 23:30:56,444 [INFO] WebApp:491 - Direct internet connection detected
2025-10-10 23:30:56,514 [INFO] WebApp:225 - Starting web application
2025-10-10 23:30:56,514 [INFO] WebApp:593 - Web application path used /opt/st/stm32cubeide_1.19.0/plugins/com.st.stm32cube.common.mx_6.15.0.202507011659/db/plugins/mcufinder/reactClient1/index.html
2025-10-10 23:30:56,565 [INFO] UserAuth:487 - Internet connection configuration mode: 1
2025-10-10 23:30:56,677 [INFO] WebApp:191 - Connection restablished
2025-10-10 23:30:57,678 [WARN] PackLoader:240 - Cannot read IP mode file for STMicroelectronics.FP-SNS-MOTENVWB1.1.4.0
2025-10-10 23:30:57,682 [WARN] PackLoader:240 - Cannot read IP mode file for STMicroelectronics.FP-ATR-ASTRA1.2.0.2
2025-10-10 23:30:57,685 [WARN] PackLoader:240 - Cannot read IP mode file for STMicroelectronics.X-CUBE-SMBUS.2.1.0
2025-10-10 23:30:57,687 [WARN] PackLoader:240 - Cannot read IP mode file for STMicroelectronics.X-CUBE-ST60.1.0.0
2025-10-10 23:30:57,705 [WARN] PackLoader:240 - Cannot read IP mode file for STMicroelectronics.X-CUBE-AZRTOS-F7.1.1.0
2025-10-10 23:30:57,712 [WARN] PackLoader:240 - Cannot read IP mode file for WES.I-CUBE-Cesium.1.4.0
2025-10-10 23:30:57,725 [WARN] PackLoader:240 - Cannot read IP mode file for Infineon.AIROC-Wi-Fi-Bluetooth-STM32.1.7.1
2025-10-10 23:30:57,743 [WARN] PackLoader:240 - Cannot read IP mode file for STMicroelectronics.X-CUBE-AZRTOS-H7.3.4.0
2025-10-10 23:30:57,748 [WARN] PackLoader:240 - Cannot read IP mode file for STMicroelectronics.X-CUBE-DISPLAY.3.0.0
2025-10-10 23:30:57,757 [WARN] PackLoader:240 - Cannot read IP mode file for STMicroelectronics.X-CUBE-NFC10.1.0.0
2025-10-10 23:30:57,760 [WARN] PackLoader:240 - Cannot read IP mode file for emotas.I-CUBE-CANOPEN.1.3.0
2025-10-10 23:30:57,763 [WARN] PackLoader:240 - Cannot read IP mode file for STMicroelectronics.FP-SNS-STBOX1.2.1.0
2025-10-10 23:30:57,767 [WARN] PackLoader:240 - Cannot read IP mode file for STMicroelectronics.FP-SNS-SMARTAG2.1.2.0
2025-10-10 23:30:57,768 [WARN] PackLoader:240 - Cannot read IP mode file for STMicroelectronics.FP-SNS-FLIGHT1.5.1.0
2025-10-10 23:30:57,773 [INFO] LogOutputStream:77 - [STDOUT_REDIRECT] 1 : Invalid condition id : UX_CORESTACK_Condition cause : null
2025-10-10 23:30:57,774 [INFO] LogOutputStream:77 - [STDOUT_REDIRECT] 1 : Invalid condition id : UX_CORESTACK_Condition cause : null
2025-10-10 23:30:57,774 [INFO] LogOutputStream:77 - [STDOUT_REDIRECT] 1 : Invalid condition id : UX_CORESTACK_Condition cause : null
2025-10-10 23:30:57,774 [INFO] LogOutputStream:77 - [STDOUT_REDIRECT] 1 : Invalid condition id : UX_CORESTACK_Condition cause : null
2025-10-10 23:30:57,774 [INFO] LogOutputStream:77 - [STDOUT_REDIRECT] 1 : Invalid condition id : UX_CORESTACK_Condition cause : null
2025-10-10 23:30:57,776 [WARN] PackLoader:240 - Cannot read IP mode file for STMicroelectronics.X-CUBE-AZRTOS-WL.2.0.0
2025-10-10 23:30:57,778 [WARN] PackLoader:240 - Cannot read IP mode file for STMicroelectronics.FP-SNS-MOTENV1.5.0.0
2025-10-10 23:30:57,782 [WARN] PackLoader:240 - Cannot read IP mode file for STMicroelectronics.X-CUBE-BLE2.3.3.0
2025-10-10 23:30:57,785 [WARN] PackLoader:240 - Cannot read IP mode file for STMicroelectronics.X-CUBE-NFC9.1.0.0
2025-10-10 23:30:57,787 [WARN] PackLoader:240 - Cannot read IP mode file for wolfSSL.I-CUBE-wolfSSL.5.8.2
2025-10-10 23:30:57,789 [WARN] PackLoader:240 - Cannot read IP mode file for STMicroelectronics.X-CUBE-BLE1.7.1.0
2025-10-10 23:30:57,791 [WARN] PackLoader:240 - Cannot read IP mode file for wolfSSL.I-CUBE-wolfMQTT.1.19.2
2025-10-10 23:30:57,794 [WARN] PackLoader:240 - Cannot read IP mode file for STMicroelectronics.X-CUBE-EEPRMA1.5.2.0
2025-10-10 23:30:57,802 [WARN] PackLoader:240 - Cannot read IP mode file for STMicroelectronics.X-CUBE-AZRTOS-G0.1.1.0
2025-10-10 23:30:57,807 [WARN] PackLoader:240 - Cannot read IP mode file for STMicroelectronics.X-CUBE-SAFEA1.1.2.2
2025-10-10 23:30:57,810 [WARN] PackLoader:240 - Cannot read IP mode file for STMicroelectronics.X-CUBE-NFC4.3.0.0
2025-10-10 23:30:57,815 [WARN] PackLoader:240 - Cannot read IP mode file for EmbeddedOffice.I-CUBE-FS-RTOS.1.0.1
2025-10-10 23:30:57,818 [WARN] PackLoader:240 - Cannot read IP mode file for STMicroelectronics.X-CUBE-WB05N.2.0.0
2025-10-10 23:30:57,825 [WARN] PackLoader:240 - Cannot read IP mode file for wolfSSL.I-CUBE-wolfTPM.3.8.0
2025-10-10 23:30:57,829 [WARN] PackLoader:240 - Cannot read IP mode file for STMicroelectronics.X-CUBE-TCPP.4.2.0
2025-10-10 23:30:57,833 [WARN] PackLoader:240 - Cannot read IP mode file for RealThread.X-CUBE-RT-Thread_Nano.4.1.1
2025-10-10 23:30:57,835 [WARN] PackLoader:240 - Cannot read IP mode file for STMicroelectronics.FP-ATR-SIGFOX1.3.2.0
2025-10-10 23:30:57,839 [WARN] PackLoader:240 - Cannot read IP mode file for ITTIA_DB.I-CUBE-ITTIADB.8.9.0
2025-10-10 23:30:57,843 [WARN] PackLoader:240 - Cannot read IP mode file for STMicroelectronics.X-CUBE-ST67W61.1.0.0
2025-10-10 23:30:57,846 [WARN] PackLoader:240 - Cannot read IP mode file for STMicroelectronics.X-CUBE-AI.10.2.0
2025-10-10 23:30:57,870 [WARN] PackLoader:240 - Cannot read IP mode file for SEGGER.I-CUBE-embOS.1.3.1
2025-10-10 23:30:57,894 [WARN] PackLoader:240 - Cannot read IP mode file for STMicroelectronics.X-CUBE-ALGOBUILD.1.4.0
2025-10-10 23:30:57,919 [WARN] PackLoader:240 - Cannot read IP mode file for STMicroelectronics.X-CUBE-MEMS1.11.3.0
2025-10-10 23:30:58,028 [WARN] PackLoader:240 - Cannot read IP mode file for STMicroelectronics.X-CUBE-PM33A1.1.0.0
2025-10-10 23:30:58,037 [WARN] PackLoader:240 - Cannot read IP mode file for STMicroelectronics.X-CUBE-AZRTOS-F4.1.1.0
2025-10-10 23:30:58,041 [WARN] PackLoader:240 - Cannot read IP mode file for Avnet-IotConnect.X-CUBE-IoTC-DA16k-PMOD.1.0.0
2025-10-10 23:30:58,044 [WARN] PackLoader:240 - Cannot read IP mode file for STMicroelectronics.X-CUBE-ISPU.2.1.0
2025-10-10 23:30:58,048 [WARN] PackLoader:240 - Cannot read IP mode file for STMicroelectronics.X-CUBE-NFC12.1.0.0
2025-10-10 23:30:58,062 [WARN] PackLoader:240 - Cannot read IP mode file for STMicroelectronics.X-CUBE-AZRTOS-L5.2.0.0
2025-10-10 23:30:58,069 [WARN] PackLoader:240 - Cannot read IP mode file for STMicroelectronics.X-CUBE-NFC6.3.1.0
2025-10-10 23:30:58,074 [WARN] PackLoader:240 - Cannot read IP mode file for STMicroelectronics.X-CUBE-FREERTOS.1.3.1
2025-10-10 23:30:58,077 [WARN] PackLoader:240 - Cannot read IP mode file for STMicroelectronics.X-CUBE-TOUCHGFX.4.26.0
2025-10-10 23:30:58,080 [WARN] PackLoader:240 - Cannot read IP mode file for STMicroelectronics.FP-SNS-STAIOTCFT.1.0.0
2025-10-10 23:30:58,083 [WARN] PackLoader:240 - Cannot read IP mode file for STMicroelectronics.X-CUBE-DPower.1.3.0
2025-10-10 23:30:58,099 [WARN] ConditionMgr:438 - getConditionDescription Invalid condition id : LAN8742 Phy interface Condition cause : null
2025-10-10 23:30:58,100 [WARN] PackLoader:240 - Cannot read IP mode file for STMicroelectronics.X-CUBE-AZRTOS-L4.2.0.0
2025-10-10 23:30:58,101 [WARN] ConditionMgr:1044 - genDependencies : Invalid condition id : LAN8742 Phy interface Condition cause : null
2025-10-10 23:30:58,101 [WARN] ConditionMgr:1044 - genDependencies : Invalid condition id : LAN8742 Phy interface Condition cause : null
2025-10-10 23:30:58,102 [WARN] ConditionMgr:1044 - genDependencies : Invalid condition id : LAN8742 Phy interface Condition cause : null
2025-10-10 23:30:58,107 [WARN] PackLoader:240 - Cannot read IP mode file for STMicroelectronics.X-CUBE-SFXS2LP1.4.0.0
2025-10-10 23:30:58,116 [WARN] PackLoader:240 - Cannot read IP mode file for STMicroelectronics.X-CUBE-BLEMGR.4.1.0
2025-10-10 23:30:58,128 [WARN] ConditionMgr:438 - getConditionDescription Invalid condition id : UX DEVICE CLASS RTOS Condition cause : null
2025-10-10 23:30:58,129 [WARN] ConditionMgr:438 - getConditionDescription Invalid condition id : UX DEVICE CLASS RTOS Condition cause : null
2025-10-10 23:30:58,131 [WARN] PackLoader:240 - Cannot read IP mode file for STMicroelectronics.X-CUBE-AZRTOS-WB.2.0.0
2025-10-10 23:30:58,131 [WARN] ConditionMgr:1044 - genDependencies : Invalid condition id : UX DEVICE CLASS RTOS Condition cause : null
2025-10-10 23:30:58,131 [WARN] ConditionMgr:1044 - genDependencies : Invalid condition id : UX DEVICE CLASS RTOS Condition cause : null
2025-10-10 23:30:58,132 [WARN] ConditionMgr:1044 - genDependencies : Invalid condition id : UX DEVICE CLASS RTOS Condition cause : null
2025-10-10 23:30:58,132 [WARN] ConditionMgr:1044 - genDependencies : Invalid condition id : UX DEVICE CLASS RTOS Condition cause : null
2025-10-10 23:30:58,132 [WARN] ConditionMgr:1044 - genDependencies : Invalid condition id : UX DEVICE CLASS RTOS Condition cause : null
2025-10-10 23:30:58,136 [WARN] PackLoader:240 - Cannot read IP mode file for STMicroelectronics.X-CUBE-GNSS1.7.0.1
2025-10-10 23:30:58,139 [WARN] PackLoader:240 - Cannot read IP mode file for STMicroelectronics.X-CUBE-TOUCHGFX.4.25.0
2025-10-10 23:30:58,141 [WARN] ConditionMgr:438 - getConditionDescription Invalid condition id : Cortex-A Device cause : null
2025-10-10 23:30:58,150 [WARN] ConditionMgr:1044 - genDependencies : Invalid condition id : Cortex-A Device cause : null
2025-10-10 23:30:58,150 [WARN] ConditionMgr:1044 - genDependencies : Invalid condition id : Cortex-A Device cause : null
2025-10-10 23:30:58,150 [WARN] ConditionMgr:1044 - genDependencies : Invalid condition id : Cortex-A Device cause : null
2025-10-10 23:30:58,157 [WARN] PackLoader:240 - Cannot read IP mode file for STMicroelectronics.X-CUBE-SUBG2.5.0.0
2025-10-10 23:30:58,169 [WARN] PackLoader:240 - Cannot read IP mode file for STMicroelectronics.X-CUBE-AZRTOS-H7RS.1.1.0
2025-10-10 23:30:58,172 [WARN] PackLoader:240 - Cannot read IP mode file for Cesanta.I-CUBE-Mongoose.7.13.0
2025-10-10 23:30:58,178 [WARN] PackLoader:240 - Cannot read IP mode file for STMicroelectronics.X-CUBE-AZRTOS-G4.2.0.0
2025-10-10 23:30:58,180 [WARN] PackLoader:240 - Cannot read IP mode file for wolfSSL.I-CUBE-wolfSSH.1.4.20
2025-10-10 23:30:58,182 [WARN] PackLoader:240 - Cannot read IP mode file for STMicroelectronics.X-CUBE-NFC7.2.0.0
2025-10-10 23:30:58,189 [WARN] PackLoader:240 - Cannot read IP mode file for STMicroelectronics.X-CUBE-IPS.3.1.0
2025-10-10 23:30:58,198 [WARN] PackLoader:240 - Cannot read IP mode file for STMicroelectronics.X-CUBE-ALS.1.0.2
2025-10-10 23:30:58,202 [WARN] PackLoader:240 - Cannot read IP mode file for STMicroelectronics.X-CUBE-STSE01.1.0.0
2025-10-10 23:30:58,211 [WARN] PackLoader:240 - Cannot read IP mode file for STMicroelectronics.X-CUBE-TOF1.3.4.3
2025-10-10 23:30:58,220 [INFO] ThirdParty:978 - Integrity check success = true
2025-10-10 23:30:58,221 [INFO] IntegrityCheckThread:100 - exiting critical section [integrity check]
2025-10-10 23:30:58,221 [INFO] IntegrityCheckThread:103 - End integrity checks thread
2025-10-10 23:30:59,937 [INFO] McuFinderGlobals:63 - Set McuFinder mode to 2 (CubeIDE integrated)
2025-10-10 23:30:59,939 [INFO] MainUpdater:2872 - connection check result : 10
2025-10-10 23:30:59,940 [INFO] MainUpdater:2872 - connection check result : 10
2025-10-10 23:30:59,951 [INFO] MicroXplorer:468 - Change Database Path : 
2025-10-10 23:30:59,951 [INFO] MicroXplorer:498 - Change Database Version : DB.6.0.150
2025-10-10 23:30:59,953 [WARN] ThirdParty:871 - waiting for thirdparty lock release [close project]
2025-10-10 23:30:59,953 [INFO] ThirdParty:873 - entering critical section [close project]
2025-10-10 23:30:59,954 [INFO] ThirdParty:883 - exiting critical section [close project]
2025-10-10 23:30:59,955 [INFO] PinOutPanel:1589 - setPackage(No Configuration,No Configuration)
2025-10-10 23:30:59,956 [INFO] UtilMem:75 - Begin LoadConfig() Used Memory: 224135888 Bytes (276824064)
2025-10-10 23:30:59,956 [INFO] MicroXplorer:468 - Change Database Path : 
2025-10-10 23:30:59,956 [INFO] MicroXplorer:498 - Change Database Version : DB.6.0.150
2025-10-10 23:30:59,956 [INFO] OpenFileManager:355 - Change cursor
2025-10-10 23:30:59,967 [INFO] Mcu:2029 - Initializing MCU STM32F407V(E-G)Tx STM32F407VGTx STM32F407VGT6
2025-10-10 23:31:00,721 [INFO] Context:786 - Trying to add GPIOservice into a context  which must be forbidden
2025-10-10 23:31:01,047 [INFO] ImportTextPane:234 - (OptionalMessage_ERROR) Pin36 (VP_RIF_VS_RIF1) cannot be retrieved for this MCU
2025-10-10 23:31:01,101 [INFO] RtosManager:558 - Registered RTOS mode: class=CMSIS, group=RTOS, mode=CMSIS_V1, owner=FREERTOS
2025-10-10 23:31:01,102 [INFO] RtosManager:558 - Registered RTOS mode: class=CMSIS, group=RTOS2, mode=CMSIS_V2, owner=FREERTOS
2025-10-10 23:31:01,102 [INFO] RtosManager:558 - Registered RTOS mode: class=RTOS, group=Core, mode=CMSIS_V1, owner=FREERTOS
2025-10-10 23:31:01,102 [INFO] RtosManager:558 - Registered RTOS mode: class=RTOS, group=Core, mode=CMSIS_V2, owner=FREERTOS
2025-10-10 23:31:01,102 [WARN] ModelIntegratedComponent:184 - Missing modes for component STMicroelectronics:FreeRTOS:0.0.1:STMicroelectronics:RTOS:FreeRTOS:Core:::10.2.0:
2025-10-10 23:31:01,113 [WARN] ModelIntegratedComponent:63 - No mode defined for component null
2025-10-10 23:31:01,113 [WARN] ModelIntegratedComponent:63 - No mode defined for component null
2025-10-10 23:31:01,113 [WARN] ModelIntegratedComponent:63 - No mode defined for component null
2025-10-10 23:31:01,113 [WARN] ModelIntegratedComponent:63 - No mode defined for component null
2025-10-10 23:31:01,113 [WARN] ModelIntegratedComponent:63 - No mode defined for component null
2025-10-10 23:31:01,113 [WARN] ModelIntegratedComponent:63 - No mode defined for component null
2025-10-10 23:31:01,113 [WARN] ModelIntegratedComponent:63 - No mode defined for component null
2025-10-10 23:31:01,113 [WARN] ModelIntegratedComponent:63 - No mode defined for component null
2025-10-10 23:31:01,113 [WARN] ModelIntegratedComponent:63 - No mode defined for component null
2025-10-10 23:31:01,114 [WARN] ModelIntegratedComponent:63 - No mode defined for component null
2025-10-10 23:31:01,114 [WARN] ModelIntegratedComponent:63 - No mode defined for component null
2025-10-10 23:31:01,114 [WARN] ModelIntegratedComponent:63 - No mode defined for component null
2025-10-10 23:31:01,114 [WARN] ModelIntegratedComponent:63 - No mode defined for component null
2025-10-10 23:31:01,114 [WARN] ModelIntegratedComponent:63 - No mode defined for component null
2025-10-10 23:31:01,114 [WARN] ModelIntegratedComponent:63 - No mode defined for component null
2025-10-10 23:31:01,114 [WARN] ModelIntegratedComponent:63 - No mode defined for component null
2025-10-10 23:31:01,114 [WARN] ModelIntegratedComponent:63 - No mode defined for component null
2025-10-10 23:31:01,114 [WARN] ModelIntegratedComponent:63 - No mode defined for component null
2025-10-10 23:31:01,114 [WARN] ModelIntegratedComponent:63 - No mode defined for component null
2025-10-10 23:31:01,114 [WARN] ModelIntegratedComponent:63 - No mode defined for component null
2025-10-10 23:31:01,114 [WARN] ModelIntegratedComponent:63 - No mode defined for component null
2025-10-10 23:31:01,114 [WARN] ModelIntegratedComponent:63 - No mode defined for component null
2025-10-10 23:31:01,114 [WARN] ModelIntegratedComponent:63 - No mode defined for component null
2025-10-10 23:31:01,114 [WARN] ModelIntegratedComponent:63 - No mode defined for component null
2025-10-10 23:31:01,114 [WARN] ModelIntegratedComponent:63 - No mode defined for component null
2025-10-10 23:31:01,114 [WARN] ModelIntegratedComponent:63 - No mode defined for component null
2025-10-10 23:31:01,114 [WARN] ModelIntegratedComponent:63 - No mode defined for component null
2025-10-10 23:31:01,114 [WARN] ModelIntegratedComponent:63 - No mode defined for component null
2025-10-10 23:31:01,114 [WARN] ModelIntegratedComponent:63 - No mode defined for component null
2025-10-10 23:31:01,114 [WARN] ModelIntegratedComponent:63 - No mode defined for component null
2025-10-10 23:31:01,114 [WARN] ModelIntegratedComponent:63 - No mode defined for component null
2025-10-10 23:31:01,114 [WARN] ModelIntegratedComponent:63 - No mode defined for component null
2025-10-10 23:31:01,114 [WARN] ModelIntegratedComponent:63 - No mode defined for component null
2025-10-10 23:31:01,114 [WARN] ModelIntegratedComponent:63 - No mode defined for component null
2025-10-10 23:31:01,114 [WARN] ModelIntegratedComponent:63 - No mode defined for component null
2025-10-10 23:31:01,115 [WARN] ModelPack:524 - Component already loaded: STMicroelectronics:HAL Drivers:0.0.0:STMicroelectronics:Device:STMicro_Driver:XSPI:HAL::0.0.1:HAL_XSPI
2025-10-10 23:31:01,182 [INFO] ThirdPartyModel:298 - Start build external matchings
2025-10-10 23:31:01,539 [INFO] ThirdPartyModel:316 - End build external matchings
2025-10-10 23:31:01,552 [INFO] ImportTextPane:234 - (OptionalMessage_ERROR) IP (RCC) : Parameter (RTCHSEDivFreq_Value) has invalid value (4000000)
2025-10-10 23:31:01,750 [INFO] ApiDb:581 - Connected to CubeFinder SQLite database (/home/oleksii/.stmcufinder/plugins/mcufinder/mcu/cube-finder-db.db)
2025-10-10 23:31:01,780 [INFO] ApiDb:668 - CubeFinder database Data Model version=2.1
2025-10-10 23:31:01,780 [INFO] ApiDb:669 - CubeFinder database Configuration version=3.0.39
2025-10-10 23:31:01,781 [INFO] ApiDb:670 - CubeFinder database generation date=2025-08-25 (1756130511)
2025-10-10 23:31:01,781 [INFO] ApiDb:671 - CubeFinder database FW Pack versions=[FP-ATR-ASTRA1_V2.0.0, FP-SNS-FLIGHT1_V5.1.0, FP-SNS-MOTENV1_V5.0.0, FP-SNS-MOTENVWB1_V1.4.0, FP-SNS-SMARTAG2_V1.2.0, FP-SNS-STBOX1_V2.1.0, STM32Cube_FW_C0_V1.4.0, STM32Cube_FW_F4_V1.28.3, STM32Cube_FW_F7_V1.17.4, STM32Cube_FW_G0_V1.6.2, STM32Cube_FW_G4_V1.6.1, STM32Cube_FW_H5_V1.5.0, STM32Cube_FW_H7RS_V1.2.0, STM32Cube_FW_H7_V1.12.1, STM32Cube_FW_L0_V1.12.2, STM32Cube_FW_L4_V1.18.1, STM32Cube_FW_L5_V1.5.1, STM32Cube_FW_N6_V1.2.0, STM32Cube_FW_U0_V1.3.0, STM32Cube_FW_U3_V1.2.0, STM32Cube_FW_U5_V1.8.0, STM32Cube_FW_WB0_V1.3.0, STM32Cube_FW_WBA_V1.7.0, STM32Cube_FW_WB_V1.23.0, STM32Cube_FW_WL3_V1.2.0, STM32Cube_FW_WL_V1.3.1, X-CUBE-ALGOBUILD_V1.4.0, X-CUBE-ALS_V1.0.2, X-CUBE-AZRTOS-F4_V1.1.0, X-CUBE-AZRTOS-F7_V1.1.0, X-CUBE-AZRTOS-G0_V1.1.0, X-CUBE-AZRTOS-G4_V2.0.0, X-CUBE-AZRTOS-H7RS_V1.1.0, X-CUBE-AZRTOS-H7_V3.4.0, X-CUBE-AZRTOS-L4_V2.0.0, X-CUBE-AZRTOS-L5_V2.0.0, X-CUBE-AZRTOS-WB_V2.0.0, X-CUBE-AZRTOS-WL_V2.0.0, X-CUBE-BLE1_V7.1.0, X-CUBE-BLE2_V3.3.0, X-CUBE-BLEMGR_V4.1.0, X-CUBE-EEPRMA1_V5.2.0, X-CUBE-FREERTOS_V1.3.1, X-CUBE-GNSS1_V6.0.0, X-CUBE-MEMS1_V11.3.0, X-CUBE-NFC4_V3.0.0, X-CUBE-NFC7_V2.0.0, X-CUBE-SFXS2LP1_V4.0.0, X-CUBE-ST67W61_V1.0.0, X-CUBE-SUBG2_V5.0.0, X-CUBE-TOF1_V3.4.3]
2025-10-10 23:31:01,814 [INFO] DbBoardsSqlite:226 - include board P-NUCLEO-WB55-NUCLEO as a kit item of type 'Nucleo-64'
2025-10-10 23:31:01,814 [INFO] DbBoardsSqlite:226 - include board P-NUCLEO-WB55-USBDONGLE as a kit item of type 'Nucleo USB Dongle'
2025-10-10 23:31:01,814 [INFO] DbBoardsSqlite:226 - include board STEVAL-IDP005V1 as a kit item of type 'Evaluation Board'
2025-10-10 23:31:01,815 [INFO] DbBoardsSqlite:226 - include board STEVAL-IDP005V2 as a kit item of type 'Evaluation Board'
2025-10-10 23:31:01,838 [INFO] ApiDb:240 - Found 880 in-development CPN: [B-G473E-ZEST1S, B-WB1M-WPAN1, B-WBA5M-WPAN, B-WL5M-SUBG1, NUCLEO-C031C6, NUCLEO-C051C8, NUCLEO-C071RB, NUCLEO-C092RC, NUCLEO-H503RB, NUCLEO-H533RE, NUCLEO-H563ZI, NUCLEO-H7S3L8, NUCLEO-N657X0-Q, NUCLEO-U031R8, NUCLEO-U083RC, NUCLEO-U385RG-Q, NUCLEO-U545RE-Q, NUCLEO-U5A5ZJ-Q, NUCLEO-WB05KZ, NUCLEO-WB07CC, NUCLEO-WB09KE, NUCLEO-WBA52CG, NUCLEO-WBA55CG, NUCLEO-WL33CC1, NUCLEO-WL33CC2, STEVAL-PROTEUS1, STEVAL-SMARTAG2, STEVAL-STWINBX1, STM320518-EVAL, STM32C0116-DK, STM32C011D6Y3TR, STM32C011D6Y6TR, STM32C011F4P3, STM32C011F4P6, STM32C011F4U3, STM32C011F4U6TR, STM32C011F6P3, STM32C011F6P6, STM32C011F6U3, STM32C011F6U6TR, STM32C011J4M3, STM32C011J4M6, STM32C011J6M3, STM32C011J6M6, STM32C0316-DK, STM32C031C4T3, STM32C031C4T6, STM32C031C4U3, STM32C031C4U6, STM32C031C6T3, STM32C031C6T6, STM32C031C6U3, STM32C031C6U6, STM32C031F4P3, STM32C031F4P6, STM32C031F6P3, STM32C031F6P6, STM32C031G4U3, STM32C031G4U6, STM32C031G6U3, STM32C031G6U6, STM32C031K4T3, STM32C031K4T6, STM32C031K4U3, STM32C031K4U6, STM32C031K6T3, STM32C031K6T6, STM32C031K6U3, STM32C031K6U6, STM32C051C6T6, STM32C051C6U6, STM32C051C8T6, STM32C051C8U6, STM32C051D8Y6TR, STM32C051F6P6, STM32C051F8P6, STM32C051G6U6, STM32C051G8U6, STM32C051K6T6, STM32C051K6U6, STM32C051K8T6, STM32C071C8T6, STM32C071C8T6N, STM32C071C8U6, STM32C071C8U6N, STM32C071CBT6, STM32C071CBT6N, STM32C071CBU6, STM32C071CBU6N, STM32C071F8P6, STM32C071F8P6N, STM32C071FBP6, STM32C071FBP6N, STM32C071FBY6TR, STM32C071G8U6, STM32C071G8U6N, STM32C071GBU6, STM32C071GBU6N, STM32C071K8T6, STM32C071K8T6N, STM32C071K8U6, STM32C071K8U6N, STM32C071KBT6, STM32C071KBT6N, STM32C071KBU6, STM32C071KBU6N, STM32C071R8T6, STM32C071R8T6N, STM32C071RBI6N, STM32C071RBT6, STM32C071RBT6N, STM32C091CBT6, STM32C091CBU6, STM32C091CCT6, STM32C091CCU6, STM32C091ECY6TR, STM32C091FBP6, STM32C091FCP6, STM32C091GBU6, STM32C091GCU6, STM32C091KBT6, STM32C091KBU6, STM32C091KCT6, STM32C091KCU6, STM32C091RBT6, STM32C091RCI6, STM32C091RCT6, STM32C092CBT6, STM32C092CBU6, STM32C092CCT6, STM32C092CCU6, STM32C092ECY6TR, STM32C092FBP6, STM32C092FCP6, STM32C092GBU6, STM32C092GCU6, STM32C092KBT6, STM32C092KBU6, STM32C092KCT6, STM32C092KCU6, STM32C092RBT6, STM32C092RCI6, STM32C092RCT6, STM32G071K8TXN, STM32G071K8UXN, STM32G081GBU6N, STM32G081KBT6N, STM32G081KBUXN, STM32G0B1CCT6N, STM32G0B1KCT6, STM32G0B1NEY6TR, STM32G0B1RCT6N, STM32G0C1CCT6, STM32G0C1CCT6N, STM32G0C1CCU6N, STM32G0C1CET6N, STM32G0C1CEU6N, STM32G0C1KCT6, STM32G0C1NEY6TR, STM32G0C1RCI6N, STM32G0C1RCT6N, STM32G0C1REI6N, STM32G0C1RET6N, STM32G0C1VCI6, STM32G0C1VEI6, STM32G411C6T3, STM32G411C6T6, STM32G411C6U3, STM32G411C6U6, STM32G411C8T3, STM32G411C8T6, STM32G411C8U3, STM32G411C8U6, STM32G411CBT3, STM32G411CBT6, STM32G411CBU3, STM32G411CBU6, STM32G411K6T3, STM32G411K6T6, STM32G411K6U3, STM32G411K6U6, STM32G411K8T3, STM32G411K8T6, STM32G411K8U3, STM32G411K8U6, STM32G411KBT3, STM32G411KBT6, STM32G411KBU3, STM32G411KBU6, STM32G411M6T3, STM32G411M6T6, STM32G411M8T3, STM32G411M8T6, STM32G411MBT3, STM32G411MBT6, STM32G411R6T3, STM32G411R6T6, STM32G411R8T3, STM32G411R8T6, STM32G411RBT3, STM32G411RBT6, STM32G414CBT3, STM32G414CBT6, STM32G414CBU3, STM32G414CBU6, STM32G414CCT3, STM32G414CCT6, STM32G414CCU3, STM32G414CCU6, STM32G414MBT3, STM32G414MBT6, STM32G414MCT3, STM32G414MCT6, STM32G414RBT3, STM32G414RBT6, STM32G414RCT3, STM32G414RCT6, STM32G414VBT3, STM32G414VBT6, STM32G414VCT3, STM32G414VCT6, STM32G431CBT3Z, STM32G431RBT3Z, STM32G471CCT6, STM32G471CCU6, STM32G471CET3, STM32G471CET6, STM32G471CEU3, STM32G471CEU6, STM32G471MCT6, STM32G471MET3, STM32G471MET6, STM32G471MEY6TR, STM32G471QCT6, STM32G471QET3, STM32G471RCT6, STM32G471RET3, STM32G471RET6, STM32G471VCH6, STM32G471VCI6, STM32G471VCT6, STM32G471VEH3, STM32G471VEH6, STM32G471VEI3, STM32G471VEI6, STM32G471VET3, STM32G471VET6, STM32G473QET3Z, STM32G473RET3Z, STM32G474CCT6, STM32G491RET3Z, STM32H503CBT6, STM32H503CBU6, STM32H503EBY6TR, STM32H503KBU6, STM32H503RBT6, STM32H523CCT6, STM32H523CCU6, STM32H523CET6, STM32H523CEU6, STM32H523HEY6TR, STM32H523RCT6, STM32H523RET6, STM32H523VCI6, STM32H523VCT6, STM32H523VEI6, STM32H523VET6, STM32H523ZCJ6, STM32H523ZCT6, STM32H523ZEJ6, STM32H523ZET6, STM32H533CET6, STM32H533CEU6, STM32H533HEY6TR, STM32H533RET6, STM32H533VEI6, STM32H533VET6, STM32H533ZEJ6, STM32H533ZET6, STM32H562AGI6, STM32H562AII6, STM32H562IGK6, STM32H562IGT6, STM32H562IIK6, STM32H562IIT6, STM32H562RGT6, STM32H562RGV6, STM32H562RIT6, STM32H562RIV6, STM32H562VGT6, STM32H562VIT6, STM32H562ZGT6, STM32H562ZIT6, STM32H563AGI6, STM32H563AII3Q, STM32H563AII6, STM32H563IGK6, STM32H563IGT6, STM32H563IIK3Q, STM32H563IIK6, STM32H563IIT3Q, STM32H563IIT6, STM32H563MIY3QTR, STM32H563RGT6, STM32H563RGV6, STM32H563RIT6, STM32H563RIV6, STM32H563VGT6, STM32H563VIT3Q, STM32H563VIT6, STM32H563ZGT6, STM32H563ZIT3Q, STM32H563ZIT6, STM32H573AII3Q, STM32H573AII6, STM32H573I-DK, STM32H573IIK3Q, STM32H573IIK6, STM32H573IIT3Q, STM32H573IIT6, STM32H573MIY3QTR, STM32H573RIT6, STM32H573RIV6, STM32H573VIT3Q, STM32H573VIT6, STM32H573ZIT3Q, STM32H573ZIT6, STM32H7R3A8I6, STM32H7R3I8K6, STM32H7R3I8T6, STM32H7R3L8H6, STM32H7R3L8H6H, STM32H7R3R8V6, STM32H7R3V8H6, STM32H7R3V8T6, STM32H7R3V8Y6TR, STM32H7R3Z8J6, STM32H7R3Z8T6, STM32H7R7A8I6, STM32H7R7I8K6, STM32H7R7I8T6, STM32H7R7L8H6, STM32H7R7L8H6H, STM32H7R7Z8J6, STM32H7S3A8I6, STM32H7S3I8K6, STM32H7S3I8T6, STM32H7S3L8H6, STM32H7S3L8H6H, STM32H7S3R8V6, STM32H7S3V8H6, STM32H7S3V8T6, STM32H7S3V8Y6TR, STM32H7S3Z8J6, STM32H7S3Z8T6, STM32H7S78-DK, STM32H7S7A8I6, STM32H7S7I8K6, STM32H7S7I8T6, STM32H7S7L8H6, STM32H7S7L8H6H, STM32H7S7Z8J6, STM32L4R5QGI6STR, STM32MP131AAE3, STM32MP131AAF3, STM32MP131AAG3, STM32MP131CAE3, STM32MP131CAF3, STM32MP131CAG3, STM32MP131DAE7, STM32MP131DAF7, STM32MP131DAG7, STM32MP131FAE7, STM32MP131FAF7, STM32MP131FAG7, STM32MP133AAE3, STM32MP133AAF3, STM32MP133AAG3, STM32MP133CAE3, STM32MP133CAF3, STM32MP133CAG3, STM32MP133DAE7, STM32MP133DAF7, STM32MP133DAG7, STM32MP133FAE7, STM32MP133FAF7, STM32MP133FAG7, STM32MP135AAE3, STM32MP135AAF3, STM32MP135AAG3, STM32MP135CAE3, STM32MP135CAF3, STM32MP135CAG3, STM32MP135DAE7, STM32MP135DAF7, STM32MP135DAG7, STM32MP135F-DK, STM32MP135FAE7, STM32MP135FAF7, STM32MP135FAF7T, STM32MP135FAF7U, STM32MP135FAG7, STM32MP211AAL3, STM32MP211AAM3, STM32MP211AAN3, STM32MP211AAO3, STM32MP211CAL3, STM32MP211CAM3, STM32MP211CAN3, STM32MP211CAO3, STM32MP211DAL3, STM32MP211DAM3, STM32MP211DAN3, STM32MP211DAO3, STM32MP211FAL3, STM32MP211FAM3, STM32MP211FAN3, STM32MP211FAO3, STM32MP213AAL3, STM32MP213AAM3, STM32MP213AAN3, STM32MP213AAO3, STM32MP213CAL3, STM32MP213CAM3, STM32MP213CAN3, STM32MP213CAO3, STM32MP213DAL3, STM32MP213DAM3, STM32MP213DAN3, STM32MP213DAO3, STM32MP213FAL3, STM32MP213FAM3, STM32MP213FAN3, STM32MP213FAO3, STM32MP215AAL3, STM32MP215AAM3, STM32MP215AAN3, STM32MP215AAO3, STM32MP215CAL3, STM32MP215CAM3, STM32MP215CAN3, STM32MP215CAO3, STM32MP215DAL3, STM32MP215DAM3, STM32MP215DAN3, STM32MP215DAO3, STM32MP215F-DK, STM32MP215FAL3, STM32MP215FAM3, STM32MP215FAN3, STM32MP215FAO3, STM32MP231AAJ3, STM32MP231AAK3, STM32MP231AAL3, STM32MP231CAJ3, STM32MP231CAK3, STM32MP231CAL3, STM32MP231DAJ3, STM32MP231DAK3, STM32MP231DAL3, STM32MP231FAJ3, STM32MP231FAK3, STM32MP231FAL3, STM32MP233AAJ3, STM32MP233AAK3, STM32MP233AAL3, STM32MP233CAJ3, STM32MP233CAK3, STM32MP233CAL3, STM32MP233DAJ3, STM32MP233DAK3, STM32MP233DAL3, STM32MP233FAJ3, STM32MP233FAK3, STM32MP233FAL3, STM32MP235AAJ3, STM32MP235AAK3, STM32MP235AAL3, STM32MP235CAJ3, STM32MP235CAK3, STM32MP235CAL3, STM32MP235DAJ3, STM32MP235DAK3, STM32MP235DAL3, STM32MP235FAJ3, STM32MP235FAK3, STM32MP235FAL3, STM32MP251AAI3, STM32MP251AAK3, STM32MP251AAL3, STM32MP251CAI3, STM32MP251CAK3, STM32MP251CAL3, STM32MP251DAI3, STM32MP251DAK3, STM32MP251DAL3, STM32MP251FAI3, STM32MP251FAK3, STM32MP251FAL3, STM32MP253AAI3, STM32MP253AAK3, STM32MP253AAL3, STM32MP253CAI3, STM32MP253CAK3, STM32MP253CAL3, STM32MP253DAI3, STM32MP253DAK3, STM32MP253DAL3, STM32MP253FAI3, STM32MP253FAK3, STM32MP253FAL3, STM32MP255AAI3, STM32MP255AAK3, STM32MP255AAL3, STM32MP255CAI3, STM32MP255CAK3, STM32MP255CAL3, STM32MP255DAI3, STM32MP255DAK3, STM32MP255DAL3, STM32MP255FAI3, STM32MP255FAK3, STM32MP255FAL3, STM32MP257AAI3, STM32MP257AAK3, STM32MP257AAL3, STM32MP257CAI3, STM32MP257CAK3, STM32MP257CAL3, STM32MP257DAI3, STM32MP257DAK3, STM32MP257DAL3, STM32MP257F-DK, STM32MP257F-EV1, STM32MP257FAI3, STM32MP257FAK3, STM32MP257FAL3, STM32N645A0H3Q, STM32N645B0H3Q, STM32N645I0H3Q, STM32N645L0H3Q, STM32N645X0H3Q, STM32N645Z0H3Q, STM32N647A0H3Q, STM32N647B0H3Q, STM32N647I0H3Q, STM32N647L0H3Q, STM32N647X0H3Q, STM32N647Z0H3Q, STM32N655A0H3Q, STM32N655B0H3Q, STM32N655I0H3Q, STM32N655L0H3Q, STM32N655X0H3Q, STM32N655Z0H3Q, STM32N6570-DK, STM32N657A0H3Q, STM32N657B0H3Q, STM32N657I0H3Q, STM32N657L0H3Q, STM32N657X0H3Q, STM32N657Z0H3Q, STM32U031C6T6, STM32U031C6U6, STM32U031C8T6, STM32U031C8U6, STM32U031F4P6, STM32U031F6P6, STM32U031F8P6, STM32U031G6Y6TR, STM32U031G8Y6TR, STM32U031K4U6, STM32U031K6U6, STM32U031K8U6, STM32U031R6I6, STM32U031R6T6, STM32U031R8I6, STM32U031R8T6, STM32U073C8T6, STM32U073C8U6, STM32U073CBT6, STM32U073CBU6, STM32U073CCT6, STM32U073CCU6, STM32U073H8Y6TR, STM32U073HBY6TR, STM32U073HCY6TR, STM32U073K8U6, STM32U073KBU6, STM32U073KCU6, STM32U073M8I6, STM32U073M8T6, STM32U073MBI6, STM32U073MBT6, STM32U073MCI6, STM32U073MCT6, STM32U073R8I6, STM32U073R8T6, STM32U073RBI6, STM32U073RBT6, STM32U073RCI6, STM32U073RCT6, STM32U083C-DK, STM32U083CCT6, STM32U083CCU6, STM32U083HCY6TR, STM32U083KCU6, STM32U083MCI6, STM32U083MCT6, STM32U083RCI6, STM32U083RCT6, STM32U375CET6, STM32U375CET6Q, STM32U375CEU6, STM32U375CEU6Q, STM32U375CEY6QTR, STM32U375CGT6, STM32U375CGT6Q, STM32U375CGU6, STM32U375CGU6Q, STM32U375CGY6QTR, STM32U375KEU6, STM32U375KGU6, STM32U375REI6, STM32U375REI6Q, STM32U375RET6, STM32U375RET6Q, STM32U375REY6GTR, STM32U375REY6QTR, STM32U375RGI6, STM32U375RGI6Q, STM32U375RGT6, STM32U375RGT6Q, STM32U375RGY6GTR, STM32U375RGY6QTR, STM32U375VEI6, STM32U375VEI6Q, STM32U375VET6, STM32U375VET6Q, STM32U375VGI6, STM32U375VGI6Q, STM32U375VGT6, STM32U375VGT6Q, STM32U385CGT6, STM32U385CGT6Q, STM32U385CGU6, STM32U385CGU6Q, STM32U385CGY6QTR, STM32U385KGU6, STM32U385RGI6, STM32U385RGI6Q, STM32U385RGT6, STM32U385RGT6Q, STM32U385RGY6GTR, STM32U385RGY6QTR, STM32U385VGI6, STM32U385VGI6Q, STM32U385VGT6, STM32U385VGT6Q, STM32U535CBT6, STM32U535CBT6Q, STM32U535CBU6, STM32U535CBU6Q, STM32U535CCT6, STM32U535CCT6Q, STM32U535CCU6, STM32U535CCU6Q, STM32U535CET6, STM32U535CET6Q, STM32U535CEU6, STM32U535CEU6Q, STM32U535JEY6QTR, STM32U535NCY6QTR, STM32U535NEY6QTR, STM32U535RBI6, STM32U535RBI6Q, STM32U535RBT6, STM32U535RBT6Q, STM32U535RCI6, STM32U535RCI6Q, STM32U535RCT6, STM32U535RCT6Q, STM32U535REI6, STM32U535REI6Q, STM32U535RET6, STM32U535RET6Q, STM32U535VCI6, STM32U535VCI6Q, STM32U535VCT6, STM32U535VCT6Q, STM32U535VEI6, STM32U535VEI6Q, STM32U535VET6, STM32U535VET6Q, STM32U545CET6, STM32U545CET6Q, STM32U545CEU6, STM32U545CEU6Q, STM32U545JEY6QTR, STM32U545NEY6QTR, STM32U545REI6, STM32U545REI6Q, STM32U545RET6, STM32U545RET6Q, STM32U545VEI6, STM32U545VEI6Q, STM32U545VET6, STM32U545VET6Q, STM32U595AIH6, STM32U595AIH6Q, STM32U595AJH6, STM32U595AJH6Q, STM32U595QII6, STM32U595QII6Q, STM32U595QJI6, STM32U595QJI6Q, STM32U595RIT6, STM32U595RIT6Q, STM32U595RJT6, STM32U595RJT6Q, STM32U595VIT6, STM32U595VIT6Q, STM32U595VJT6, STM32U595VJT6Q, STM32U595ZIT6, STM32U595ZIT6Q, STM32U595ZIY6QTR, STM32U595ZJT6, STM32U595ZJT6Q, STM32U595ZJY6QTR, STM32U599BJY6QTR, STM32U599NIH6Q, STM32U599NJH6Q, STM32U599VIT6Q, STM32U599VJT6, STM32U599VJT6Q, STM32U599ZIT6Q, STM32U599ZIY6QTR, STM32U599ZJT6Q, STM32U599ZJY6QTR, STM32U5A5AJH6, STM32U5A5AJH6Q, STM32U5A5QII3Q , STM32U5A5QJI6, STM32U5A5QJI6Q, STM32U5A5RJT6, STM32U5A5RJT6Q, STM32U5A5VJT6, STM32U5A5VJT6Q, STM32U5A5ZJT6, STM32U5A5ZJT6Q, STM32U5A5ZJY6QTR, STM32U5A9BJY6QTR, STM32U5A9J-DK, STM32U5A9NJH6Q, STM32U5A9VJT6Q, STM32U5A9ZJT6Q, STM32U5A9ZJY6QTR, STM32U5F7VIT6, STM32U5F7VIT6Q, STM32U5F7VJT6, STM32U5F7VJT6Q, STM32U5F9BJY6QTR, STM32U5F9NJH6Q, STM32U5F9VIT6Q, STM32U5F9VJT6Q, STM32U5F9ZIJ6QTR, STM32U5F9ZIT6Q, STM32U5F9ZJJ6QTR, STM32U5F9ZJT6Q, STM32U5G7VJT6, STM32U5G7VJT6Q, STM32U5G9BJY6QTR, STM32U5G9J-DK1, STM32U5G9J-DK2, STM32U5G9NJH6Q, STM32U5G9VJT6Q, STM32U5G9ZJJ6QTR, STM32U5G9ZJT6Q, STM32WB05KZV6TR, STM32WB05KZV7TR, STM32WB05TZF6TR, STM32WB05TZF7TR, STM32WB06CCF6TR, STM32WB06CCF7TR, STM32WB06CCV6TR, STM32WB06CCV7TR, STM32WB06KCV6TR, STM32WB06KCV7TR, STM32WB07CCF6TR, STM32WB07CCF7TR, STM32WB07CCV6TR, STM32WB07CCV7TR, STM32WB07KCV6TR, STM32WB07KCV7TR, STM32WB09KEV6TR, STM32WB09KEV7TR, STM32WB09TEF6TR, STM32WB09TEF7TR, STM32WB1MMCH6, STM32WBA50KGU6, STM32WBA50KGU6TR, STM32WBA52CEU6, STM32WBA52CEU6TR, STM32WBA52CEU7, STM32WBA52CEU7TR, STM32WBA52CGU6, STM32WBA52CGU6TR, STM32WBA52CGU6U, STM32WBA52CGU7, STM32WBA52CGU7TR, STM32WBA52KEU6, STM32WBA52KEU6TR, STM32WBA52KGU6, STM32WBA52KGU6TR, STM32WBA54CEU6, STM32WBA54CEU6TR, STM32WBA54CEU7, STM32WBA54CEU7TR, STM32WBA54CGU6, STM32WBA54CGU6TR, STM32WBA54CGU7, STM32WBA54CGU7TR, STM32WBA54KEU6, STM32WBA54KEU6TR, STM32WBA54KEU7, STM32WBA54KEU7TR, STM32WBA54KGU6, STM32WBA54KGU6TR, STM32WBA54KGU7, STM32WBA54KGU7TR, STM32WBA55CEU6, STM32WBA55CEU6TR, STM32WBA55CEU7, STM32WBA55CEU7TR, STM32WBA55CGU6, STM32WBA55CGU6TR, STM32WBA55CGU6U, STM32WBA55CGU7, STM32WBA55CGU7TR, STM32WBA55G-DK1, STM32WBA55HEF6, STM32WBA55HEF7, STM32WBA55HGF6, STM32WBA55HGF7, STM32WBA55UEI6, STM32WBA55UEI6TR, STM32WBA55UEI7, STM32WBA55UEI7TR, STM32WBA55UGI6, STM32WBA55UGI6TR, STM32WBA55UGI7, STM32WBA55UGI7TR, STM32WBA5MMGH6TR, STM32WBA62MGF6, STM32WBA62MIF6, STM32WBA65MGF7, STM32WBA65MIF6, STM32WBA65MIF7, STM32WL30K8V6, STM32WL30KBV6, STM32WL31C8V6, STM32WL31CBV6, STM32WL31K8V6, STM32WL31KBV6, STM32WL33C8V6, STM32WL33C8V6X, STM32WL33CBV6, STM32WL33CBV6X, STM32WL33CCV6, STM32WL33CCV6A, STM32WL33CCV6X, STM32WL33K8V7, STM32WL33K8V7X, STM32WL33KBV7 , STM32WL33KBV7X, STM32WL33KCV7, STM32WL33KCV7X, STM32WL5MOCH6, STM32WL5MOCH6TR]
2025-10-10 23:31:01,906 [INFO] BoardInfo:889 - No configuration file found for board P-NUCLEO-WB55
2025-10-10 23:31:01,906 [INFO] DbBoards:161 - Kit is not supported: P-NUCLEO-WB55
2025-10-10 23:31:01,908 [INFO] BoardInfo:889 - No configuration file found for board STEVAL-BFA001V1B
2025-10-10 23:31:01,909 [INFO] DbBoards:161 - Kit is not supported: STEVAL-BFA001V1B
2025-10-10 23:31:01,909 [INFO] BoardInfo:889 - No configuration file found for board STEVAL-BFA001V2B
2025-10-10 23:31:01,909 [INFO] DbBoards:161 - Kit is not supported: STEVAL-BFA001V2B
2025-10-10 23:31:02,013 [INFO] DbBoards:168 - Found 212 boards, 209 are supported
2025-10-10 23:31:02,013 [INFO] DbBoards:169 - Found 212 boards, 43 of them is supported for  Bsp
2025-10-10 23:31:02,016 [INFO] ApiDb:668 - CubeFinder database Data Model version=2.1
2025-10-10 23:31:02,016 [INFO] ApiDb:669 - CubeFinder database Configuration version=3.0.39
2025-10-10 23:31:02,016 [INFO] ApiDb:670 - CubeFinder database generation date=2025-08-25 (1756130511)
2025-10-10 23:31:02,016 [INFO] ApiDb:671 - CubeFinder database FW Pack versions=[FP-ATR-ASTRA1_V2.0.0, FP-SNS-FLIGHT1_V5.1.0, FP-SNS-MOTENV1_V5.0.0, FP-SNS-MOTENVWB1_V1.4.0, FP-SNS-SMARTAG2_V1.2.0, FP-SNS-STBOX1_V2.1.0, STM32Cube_FW_C0_V1.4.0, STM32Cube_FW_F4_V1.28.3, STM32Cube_FW_F7_V1.17.4, STM32Cube_FW_G0_V1.6.2, STM32Cube_FW_G4_V1.6.1, STM32Cube_FW_H5_V1.5.0, STM32Cube_FW_H7RS_V1.2.0, STM32Cube_FW_H7_V1.12.1, STM32Cube_FW_L0_V1.12.2, STM32Cube_FW_L4_V1.18.1, STM32Cube_FW_L5_V1.5.1, STM32Cube_FW_N6_V1.2.0, STM32Cube_FW_U0_V1.3.0, STM32Cube_FW_U3_V1.2.0, STM32Cube_FW_U5_V1.8.0, STM32Cube_FW_WB0_V1.3.0, STM32Cube_FW_WBA_V1.7.0, STM32Cube_FW_WB_V1.23.0, STM32Cube_FW_WL3_V1.2.0, STM32Cube_FW_WL_V1.3.1, X-CUBE-ALGOBUILD_V1.4.0, X-CUBE-ALS_V1.0.2, X-CUBE-AZRTOS-F4_V1.1.0, X-CUBE-AZRTOS-F7_V1.1.0, X-CUBE-AZRTOS-G0_V1.1.0, X-CUBE-AZRTOS-G4_V2.0.0, X-CUBE-AZRTOS-H7RS_V1.1.0, X-CUBE-AZRTOS-H7_V3.4.0, X-CUBE-AZRTOS-L4_V2.0.0, X-CUBE-AZRTOS-L5_V2.0.0, X-CUBE-AZRTOS-WB_V2.0.0, X-CUBE-AZRTOS-WL_V2.0.0, X-CUBE-BLE1_V7.1.0, X-CUBE-BLE2_V3.3.0, X-CUBE-BLEMGR_V4.1.0, X-CUBE-EEPRMA1_V5.2.0, X-CUBE-FREERTOS_V1.3.1, X-CUBE-GNSS1_V6.0.0, X-CUBE-MEMS1_V11.3.0, X-CUBE-NFC4_V3.0.0, X-CUBE-NFC7_V2.0.0, X-CUBE-SFXS2LP1_V4.0.0, X-CUBE-ST67W61_V1.0.0, X-CUBE-SUBG2_V5.0.0, X-CUBE-TOF1_V3.4.3]
2025-10-10 23:31:03,912 [INFO] ApiDb:240 - Found 880 in-development CPN: [B-G473E-ZEST1S, B-WB1M-WPAN1, B-WBA5M-WPAN, B-WL5M-SUBG1, NUCLEO-C031C6, NUCLEO-C051C8, NUCLEO-C071RB, NUCLEO-C092RC, NUCLEO-H503RB, NUCLEO-H533RE, NUCLEO-H563ZI, NUCLEO-H7S3L8, NUCLEO-N657X0-Q, NUCLEO-U031R8, NUCLEO-U083RC, NUCLEO-U385RG-Q, NUCLEO-U545RE-Q, NUCLEO-U5A5ZJ-Q, NUCLEO-WB05KZ, NUCLEO-WB07CC, NUCLEO-WB09KE, NUCLEO-WBA52CG, NUCLEO-WBA55CG, NUCLEO-WL33CC1, NUCLEO-WL33CC2, STEVAL-PROTEUS1, STEVAL-SMARTAG2, STEVAL-STWINBX1, STM320518-EVAL, STM32C0116-DK, STM32C011D6Y3TR, STM32C011D6Y6TR, STM32C011F4P3, STM32C011F4P6, STM32C011F4U3, STM32C011F4U6TR, STM32C011F6P3, STM32C011F6P6, STM32C011F6U3, STM32C011F6U6TR, STM32C011J4M3, STM32C011J4M6, STM32C011J6M3, STM32C011J6M6, STM32C0316-DK, STM32C031C4T3, STM32C031C4T6, STM32C031C4U3, STM32C031C4U6, STM32C031C6T3, STM32C031C6T6, STM32C031C6U3, STM32C031C6U6, STM32C031F4P3, STM32C031F4P6, STM32C031F6P3, STM32C031F6P6, STM32C031G4U3, STM32C031G4U6, STM32C031G6U3, STM32C031G6U6, STM32C031K4T3, STM32C031K4T6, STM32C031K4U3, STM32C031K4U6, STM32C031K6T3, STM32C031K6T6, STM32C031K6U3, STM32C031K6U6, STM32C051C6T6, STM32C051C6U6, STM32C051C8T6, STM32C051C8U6, STM32C051D8Y6TR, STM32C051F6P6, STM32C051F8P6, STM32C051G6U6, STM32C051G8U6, STM32C051K6T6, STM32C051K6U6, STM32C051K8T6, STM32C071C8T6, STM32C071C8T6N, STM32C071C8U6, STM32C071C8U6N, STM32C071CBT6, STM32C071CBT6N, STM32C071CBU6, STM32C071CBU6N, STM32C071F8P6, STM32C071F8P6N, STM32C071FBP6, STM32C071FBP6N, STM32C071FBY6TR, STM32C071G8U6, STM32C071G8U6N, STM32C071GBU6, STM32C071GBU6N, STM32C071K8T6, STM32C071K8T6N, STM32C071K8U6, STM32C071K8U6N, STM32C071KBT6, STM32C071KBT6N, STM32C071KBU6, STM32C071KBU6N, STM32C071R8T6, STM32C071R8T6N, STM32C071RBI6N, STM32C071RBT6, STM32C071RBT6N, STM32C091CBT6, STM32C091CBU6, STM32C091CCT6, STM32C091CCU6, STM32C091ECY6TR, STM32C091FBP6, STM32C091FCP6, STM32C091GBU6, STM32C091GCU6, STM32C091KBT6, STM32C091KBU6, STM32C091KCT6, STM32C091KCU6, STM32C091RBT6, STM32C091RCI6, STM32C091RCT6, STM32C092CBT6, STM32C092CBU6, STM32C092CCT6, STM32C092CCU6, STM32C092ECY6TR, STM32C092FBP6, STM32C092FCP6, STM32C092GBU6, STM32C092GCU6, STM32C092KBT6, STM32C092KBU6, STM32C092KCT6, STM32C092KCU6, STM32C092RBT6, STM32C092RCI6, STM32C092RCT6, STM32G071K8TXN, STM32G071K8UXN, STM32G081GBU6N, STM32G081KBT6N, STM32G081KBUXN, STM32G0B1CCT6N, STM32G0B1KCT6, STM32G0B1NEY6TR, STM32G0B1RCT6N, STM32G0C1CCT6, STM32G0C1CCT6N, STM32G0C1CCU6N, STM32G0C1CET6N, STM32G0C1CEU6N, STM32G0C1KCT6, STM32G0C1NEY6TR, STM32G0C1RCI6N, STM32G0C1RCT6N, STM32G0C1REI6N, STM32G0C1RET6N, STM32G0C1VCI6, STM32G0C1VEI6, STM32G411C6T3, STM32G411C6T6, STM32G411C6U3, STM32G411C6U6, STM32G411C8T3, STM32G411C8T6, STM32G411C8U3, STM32G411C8U6, STM32G411CBT3, STM32G411CBT6, STM32G411CBU3, STM32G411CBU6, STM32G411K6T3, STM32G411K6T6, STM32G411K6U3, STM32G411K6U6, STM32G411K8T3, STM32G411K8T6, STM32G411K8U3, STM32G411K8U6, STM32G411KBT3, STM32G411KBT6, STM32G411KBU3, STM32G411KBU6, STM32G411M6T3, STM32G411M6T6, STM32G411M8T3, STM32G411M8T6, STM32G411MBT3, STM32G411MBT6, STM32G411R6T3, STM32G411R6T6, STM32G411R8T3, STM32G411R8T6, STM32G411RBT3, STM32G411RBT6, STM32G414CBT3, STM32G414CBT6, STM32G414CBU3, STM32G414CBU6, STM32G414CCT3, STM32G414CCT6, STM32G414CCU3, STM32G414CCU6, STM32G414MBT3, STM32G414MBT6, STM32G414MCT3, STM32G414MCT6, STM32G414RBT3, STM32G414RBT6, STM32G414RCT3, STM32G414RCT6, STM32G414VBT3, STM32G414VBT6, STM32G414VCT3, STM32G414VCT6, STM32G431CBT3Z, STM32G431RBT3Z, STM32G471CCT6, STM32G471CCU6, STM32G471CET3, STM32G471CET6, STM32G471CEU3, STM32G471CEU6, STM32G471MCT6, STM32G471MET3, STM32G471MET6, STM32G471MEY6TR, STM32G471QCT6, STM32G471QET3, STM32G471RCT6, STM32G471RET3, STM32G471RET6, STM32G471VCH6, STM32G471VCI6, STM32G471VCT6, STM32G471VEH3, STM32G471VEH6, STM32G471VEI3, STM32G471VEI6, STM32G471VET3, STM32G471VET6, STM32G473QET3Z, STM32G473RET3Z, STM32G474CCT6, STM32G491RET3Z, STM32H503CBT6, STM32H503CBU6, STM32H503EBY6TR, STM32H503KBU6, STM32H503RBT6, STM32H523CCT6, STM32H523CCU6, STM32H523CET6, STM32H523CEU6, STM32H523HEY6TR, STM32H523RCT6, STM32H523RET6, STM32H523VCI6, STM32H523VCT6, STM32H523VEI6, STM32H523VET6, STM32H523ZCJ6, STM32H523ZCT6, STM32H523ZEJ6, STM32H523ZET6, STM32H533CET6, STM32H533CEU6, STM32H533HEY6TR, STM32H533RET6, STM32H533VEI6, STM32H533VET6, STM32H533ZEJ6, STM32H533ZET6, STM32H562AGI6, STM32H562AII6, STM32H562IGK6, STM32H562IGT6, STM32H562IIK6, STM32H562IIT6, STM32H562RGT6, STM32H562RGV6, STM32H562RIT6, STM32H562RIV6, STM32H562VGT6, STM32H562VIT6, STM32H562ZGT6, STM32H562ZIT6, STM32H563AGI6, STM32H563AII3Q, STM32H563AII6, STM32H563IGK6, STM32H563IGT6, STM32H563IIK3Q, STM32H563IIK6, STM32H563IIT3Q, STM32H563IIT6, STM32H563MIY3QTR, STM32H563RGT6, STM32H563RGV6, STM32H563RIT6, STM32H563RIV6, STM32H563VGT6, STM32H563VIT3Q, STM32H563VIT6, STM32H563ZGT6, STM32H563ZIT3Q, STM32H563ZIT6, STM32H573AII3Q, STM32H573AII6, STM32H573I-DK, STM32H573IIK3Q, STM32H573IIK6, STM32H573IIT3Q, STM32H573IIT6, STM32H573MIY3QTR, STM32H573RIT6, STM32H573RIV6, STM32H573VIT3Q, STM32H573VIT6, STM32H573ZIT3Q, STM32H573ZIT6, STM32H7R3A8I6, STM32H7R3I8K6, STM32H7R3I8T6, STM32H7R3L8H6, STM32H7R3L8H6H, STM32H7R3R8V6, STM32H7R3V8H6, STM32H7R3V8T6, STM32H7R3V8Y6TR, STM32H7R3Z8J6, STM32H7R3Z8T6, STM32H7R7A8I6, STM32H7R7I8K6, STM32H7R7I8T6, STM32H7R7L8H6, STM32H7R7L8H6H, STM32H7R7Z8J6, STM32H7S3A8I6, STM32H7S3I8K6, STM32H7S3I8T6, STM32H7S3L8H6, STM32H7S3L8H6H, STM32H7S3R8V6, STM32H7S3V8H6, STM32H7S3V8T6, STM32H7S3V8Y6TR, STM32H7S3Z8J6, STM32H7S3Z8T6, STM32H7S78-DK, STM32H7S7A8I6, STM32H7S7I8K6, STM32H7S7I8T6, STM32H7S7L8H6, STM32H7S7L8H6H, STM32H7S7Z8J6, STM32L4R5QGI6STR, STM32MP131AAE3, STM32MP131AAF3, STM32MP131AAG3, STM32MP131CAE3, STM32MP131CAF3, STM32MP131CAG3, STM32MP131DAE7, STM32MP131DAF7, STM32MP131DAG7, STM32MP131FAE7, STM32MP131FAF7, STM32MP131FAG7, STM32MP133AAE3, STM32MP133AAF3, STM32MP133AAG3, STM32MP133CAE3, STM32MP133CAF3, STM32MP133CAG3, STM32MP133DAE7, STM32MP133DAF7, STM32MP133DAG7, STM32MP133FAE7, STM32MP133FAF7, STM32MP133FAG7, STM32MP135AAE3, STM32MP135AAF3, STM32MP135AAG3, STM32MP135CAE3, STM32MP135CAF3, STM32MP135CAG3, STM32MP135DAE7, STM32MP135DAF7, STM32MP135DAG7, STM32MP135F-DK, STM32MP135FAE7, STM32MP135FAF7, STM32MP135FAF7T, STM32MP135FAF7U, STM32MP135FAG7, STM32MP211AAL3, STM32MP211AAM3, STM32MP211AAN3, STM32MP211AAO3, STM32MP211CAL3, STM32MP211CAM3, STM32MP211CAN3, STM32MP211CAO3, STM32MP211DAL3, STM32MP211DAM3, STM32MP211DAN3, STM32MP211DAO3, STM32MP211FAL3, STM32MP211FAM3, STM32MP211FAN3, STM32MP211FAO3, STM32MP213AAL3, STM32MP213AAM3, STM32MP213AAN3, STM32MP213AAO3, STM32MP213CAL3, STM32MP213CAM3, STM32MP213CAN3, STM32MP213CAO3, STM32MP213DAL3, STM32MP213DAM3, STM32MP213DAN3, STM32MP213DAO3, STM32MP213FAL3, STM32MP213FAM3, STM32MP213FAN3, STM32MP213FAO3, STM32MP215AAL3, STM32MP215AAM3, STM32MP215AAN3, STM32MP215AAO3, STM32MP215CAL3, STM32MP215CAM3, STM32MP215CAN3, STM32MP215CAO3, STM32MP215DAL3, STM32MP215DAM3, STM32MP215DAN3, STM32MP215DAO3, STM32MP215F-DK, STM32MP215FAL3, STM32MP215FAM3, STM32MP215FAN3, STM32MP215FAO3, STM32MP231AAJ3, STM32MP231AAK3, STM32MP231AAL3, STM32MP231CAJ3, STM32MP231CAK3, STM32MP231CAL3, STM32MP231DAJ3, STM32MP231DAK3, STM32MP231DAL3, STM32MP231FAJ3, STM32MP231FAK3, STM32MP231FAL3, STM32MP233AAJ3, STM32MP233AAK3, STM32MP233AAL3, STM32MP233CAJ3, STM32MP233CAK3, STM32MP233CAL3, STM32MP233DAJ3, STM32MP233DAK3, STM32MP233DAL3, STM32MP233FAJ3, STM32MP233FAK3, STM32MP233FAL3, STM32MP235AAJ3, STM32MP235AAK3, STM32MP235AAL3, STM32MP235CAJ3, STM32MP235CAK3, STM32MP235CAL3, STM32MP235DAJ3, STM32MP235DAK3, STM32MP235DAL3, STM32MP235FAJ3, STM32MP235FAK3, STM32MP235FAL3, STM32MP251AAI3, STM32MP251AAK3, STM32MP251AAL3, STM32MP251CAI3, STM32MP251CAK3, STM32MP251CAL3, STM32MP251DAI3, STM32MP251DAK3, STM32MP251DAL3, STM32MP251FAI3, STM32MP251FAK3, STM32MP251FAL3, STM32MP253AAI3, STM32MP253AAK3, STM32MP253AAL3, STM32MP253CAI3, STM32MP253CAK3, STM32MP253CAL3, STM32MP253DAI3, STM32MP253DAK3, STM32MP253DAL3, STM32MP253FAI3, STM32MP253FAK3, STM32MP253FAL3, STM32MP255AAI3, STM32MP255AAK3, STM32MP255AAL3, STM32MP255CAI3, STM32MP255CAK3, STM32MP255CAL3, STM32MP255DAI3, STM32MP255DAK3, STM32MP255DAL3, STM32MP255FAI3, STM32MP255FAK3, STM32MP255FAL3, STM32MP257AAI3, STM32MP257AAK3, STM32MP257AAL3, STM32MP257CAI3, STM32MP257CAK3, STM32MP257CAL3, STM32MP257DAI3, STM32MP257DAK3, STM32MP257DAL3, STM32MP257F-DK, STM32MP257F-EV1, STM32MP257FAI3, STM32MP257FAK3, STM32MP257FAL3, STM32N645A0H3Q, STM32N645B0H3Q, STM32N645I0H3Q, STM32N645L0H3Q, STM32N645X0H3Q, STM32N645Z0H3Q, STM32N647A0H3Q, STM32N647B0H3Q, STM32N647I0H3Q, STM32N647L0H3Q, STM32N647X0H3Q, STM32N647Z0H3Q, STM32N655A0H3Q, STM32N655B0H3Q, STM32N655I0H3Q, STM32N655L0H3Q, STM32N655X0H3Q, STM32N655Z0H3Q, STM32N6570-DK, STM32N657A0H3Q, STM32N657B0H3Q, STM32N657I0H3Q, STM32N657L0H3Q, STM32N657X0H3Q, STM32N657Z0H3Q, STM32U031C6T6, STM32U031C6U6, STM32U031C8T6, STM32U031C8U6, STM32U031F4P6, STM32U031F6P6, STM32U031F8P6, STM32U031G6Y6TR, STM32U031G8Y6TR, STM32U031K4U6, STM32U031K6U6, STM32U031K8U6, STM32U031R6I6, STM32U031R6T6, STM32U031R8I6, STM32U031R8T6, STM32U073C8T6, STM32U073C8U6, STM32U073CBT6, STM32U073CBU6, STM32U073CCT6, STM32U073CCU6, STM32U073H8Y6TR, STM32U073HBY6TR, STM32U073HCY6TR, STM32U073K8U6, STM32U073KBU6, STM32U073KCU6, STM32U073M8I6, STM32U073M8T6, STM32U073MBI6, STM32U073MBT6, STM32U073MCI6, STM32U073MCT6, STM32U073R8I6, STM32U073R8T6, STM32U073RBI6, STM32U073RBT6, STM32U073RCI6, STM32U073RCT6, STM32U083C-DK, STM32U083CCT6, STM32U083CCU6, STM32U083HCY6TR, STM32U083KCU6, STM32U083MCI6, STM32U083MCT6, STM32U083RCI6, STM32U083RCT6, STM32U375CET6, STM32U375CET6Q, STM32U375CEU6, STM32U375CEU6Q, STM32U375CEY6QTR, STM32U375CGT6, STM32U375CGT6Q, STM32U375CGU6, STM32U375CGU6Q, STM32U375CGY6QTR, STM32U375KEU6, STM32U375KGU6, STM32U375REI6, STM32U375REI6Q, STM32U375RET6, STM32U375RET6Q, STM32U375REY6GTR, STM32U375REY6QTR, STM32U375RGI6, STM32U375RGI6Q, STM32U375RGT6, STM32U375RGT6Q, STM32U375RGY6GTR, STM32U375RGY6QTR, STM32U375VEI6, STM32U375VEI6Q, STM32U375VET6, STM32U375VET6Q, STM32U375VGI6, STM32U375VGI6Q, STM32U375VGT6, STM32U375VGT6Q, STM32U385CGT6, STM32U385CGT6Q, STM32U385CGU6, STM32U385CGU6Q, STM32U385CGY6QTR, STM32U385KGU6, STM32U385RGI6, STM32U385RGI6Q, STM32U385RGT6, STM32U385RGT6Q, STM32U385RGY6GTR, STM32U385RGY6QTR, STM32U385VGI6, STM32U385VGI6Q, STM32U385VGT6, STM32U385VGT6Q, STM32U535CBT6, STM32U535CBT6Q, STM32U535CBU6, STM32U535CBU6Q, STM32U535CCT6, STM32U535CCT6Q, STM32U535CCU6, STM32U535CCU6Q, STM32U535CET6, STM32U535CET6Q, STM32U535CEU6, STM32U535CEU6Q, STM32U535JEY6QTR, STM32U535NCY6QTR, STM32U535NEY6QTR, STM32U535RBI6, STM32U535RBI6Q, STM32U535RBT6, STM32U535RBT6Q, STM32U535RCI6, STM32U535RCI6Q, STM32U535RCT6, STM32U535RCT6Q, STM32U535REI6, STM32U535REI6Q, STM32U535RET6, STM32U535RET6Q, STM32U535VCI6, STM32U535VCI6Q, STM32U535VCT6, STM32U535VCT6Q, STM32U535VEI6, STM32U535VEI6Q, STM32U535VET6, STM32U535VET6Q, STM32U545CET6, STM32U545CET6Q, STM32U545CEU6, STM32U545CEU6Q, STM32U545JEY6QTR, STM32U545NEY6QTR, STM32U545REI6, STM32U545REI6Q, STM32U545RET6, STM32U545RET6Q, STM32U545VEI6, STM32U545VEI6Q, STM32U545VET6, STM32U545VET6Q, STM32U595AIH6, STM32U595AIH6Q, STM32U595AJH6, STM32U595AJH6Q, STM32U595QII6, STM32U595QII6Q, STM32U595QJI6, STM32U595QJI6Q, STM32U595RIT6, STM32U595RIT6Q, STM32U595RJT6, STM32U595RJT6Q, STM32U595VIT6, STM32U595VIT6Q, STM32U595VJT6, STM32U595VJT6Q, STM32U595ZIT6, STM32U595ZIT6Q, STM32U595ZIY6QTR, STM32U595ZJT6, STM32U595ZJT6Q, STM32U595ZJY6QTR, STM32U599BJY6QTR, STM32U599NIH6Q, STM32U599NJH6Q, STM32U599VIT6Q, STM32U599VJT6, STM32U599VJT6Q, STM32U599ZIT6Q, STM32U599ZIY6QTR, STM32U599ZJT6Q, STM32U599ZJY6QTR, STM32U5A5AJH6, STM32U5A5AJH6Q, STM32U5A5QII3Q , STM32U5A5QJI6, STM32U5A5QJI6Q, STM32U5A5RJT6, STM32U5A5RJT6Q, STM32U5A5VJT6, STM32U5A5VJT6Q, STM32U5A5ZJT6, STM32U5A5ZJT6Q, STM32U5A5ZJY6QTR, STM32U5A9BJY6QTR, STM32U5A9J-DK, STM32U5A9NJH6Q, STM32U5A9VJT6Q, STM32U5A9ZJT6Q, STM32U5A9ZJY6QTR, STM32U5F7VIT6, STM32U5F7VIT6Q, STM32U5F7VJT6, STM32U5F7VJT6Q, STM32U5F9BJY6QTR, STM32U5F9NJH6Q, STM32U5F9VIT6Q, STM32U5F9VJT6Q, STM32U5F9ZIJ6QTR, STM32U5F9ZIT6Q, STM32U5F9ZJJ6QTR, STM32U5F9ZJT6Q, STM32U5G7VJT6, STM32U5G7VJT6Q, STM32U5G9BJY6QTR, STM32U5G9J-DK1, STM32U5G9J-DK2, STM32U5G9NJH6Q, STM32U5G9VJT6Q, STM32U5G9ZJJ6QTR, STM32U5G9ZJT6Q, STM32WB05KZV6TR, STM32WB05KZV7TR, STM32WB05TZF6TR, STM32WB05TZF7TR, STM32WB06CCF6TR, STM32WB06CCF7TR, STM32WB06CCV6TR, STM32WB06CCV7TR, STM32WB06KCV6TR, STM32WB06KCV7TR, STM32WB07CCF6TR, STM32WB07CCF7TR, STM32WB07CCV6TR, STM32WB07CCV7TR, STM32WB07KCV6TR, STM32WB07KCV7TR, STM32WB09KEV6TR, STM32WB09KEV7TR, STM32WB09TEF6TR, STM32WB09TEF7TR, STM32WB1MMCH6, STM32WBA50KGU6, STM32WBA50KGU6TR, STM32WBA52CEU6, STM32WBA52CEU6TR, STM32WBA52CEU7, STM32WBA52CEU7TR, STM32WBA52CGU6, STM32WBA52CGU6TR, STM32WBA52CGU6U, STM32WBA52CGU7, STM32WBA52CGU7TR, STM32WBA52KEU6, STM32WBA52KEU6TR, STM32WBA52KGU6, STM32WBA52KGU6TR, STM32WBA54CEU6, STM32WBA54CEU6TR, STM32WBA54CEU7, STM32WBA54CEU7TR, STM32WBA54CGU6, STM32WBA54CGU6TR, STM32WBA54CGU7, STM32WBA54CGU7TR, STM32WBA54KEU6, STM32WBA54KEU6TR, STM32WBA54KEU7, STM32WBA54KEU7TR, STM32WBA54KGU6, STM32WBA54KGU6TR, STM32WBA54KGU7, STM32WBA54KGU7TR, STM32WBA55CEU6, STM32WBA55CEU6TR, STM32WBA55CEU7, STM32WBA55CEU7TR, STM32WBA55CGU6, STM32WBA55CGU6TR, STM32WBA55CGU6U, STM32WBA55CGU7, STM32WBA55CGU7TR, STM32WBA55G-DK1, STM32WBA55HEF6, STM32WBA55HEF7, STM32WBA55HGF6, STM32WBA55HGF7, STM32WBA55UEI6, STM32WBA55UEI6TR, STM32WBA55UEI7, STM32WBA55UEI7TR, STM32WBA55UGI6, STM32WBA55UGI6TR, STM32WBA55UGI7, STM32WBA55UGI7TR, STM32WBA5MMGH6TR, STM32WBA62MGF6, STM32WBA62MIF6, STM32WBA65MGF7, STM32WBA65MIF6, STM32WBA65MIF7, STM32WL30K8V6, STM32WL30KBV6, STM32WL31C8V6, STM32WL31CBV6, STM32WL31K8V6, STM32WL31KBV6, STM32WL33C8V6, STM32WL33C8V6X, STM32WL33CBV6, STM32WL33CBV6X, STM32WL33CCV6, STM32WL33CCV6A, STM32WL33CCV6X, STM32WL33K8V7, STM32WL33K8V7X, STM32WL33KBV7 , STM32WL33KBV7X, STM32WL33KCV7, STM32WL33KCV7X, STM32WL5MOCH6, STM32WL5MOCH6TR]
2025-10-10 23:31:03,918 [INFO] DbMcus:218 - Found 4801 MCUs, 4801 are supported
2025-10-10 23:31:03,918 [INFO] ApiDb:423 - Load user favorites file /home/oleksii/.stm32cubeide/favorites.mcus.txt: 0 item(s)
2025-10-10 23:31:03,918 [INFO] ApiDb:427 - User favorites MCUs=[]
2025-10-10 23:31:03,918 [INFO] DbMcus:224 - Set 0 / 0 favorites MCUs
2025-10-10 23:31:04,253 [INFO] ApiDb:423 - Load user favorites file /home/oleksii/.stm32cubeide/favorites.boards.txt: 0 item(s)
2025-10-10 23:31:04,253 [INFO] ApiDb:427 - User favorites Boards=[]
2025-10-10 23:31:04,253 [INFO] DbBoards:198 - Set 0 / 0 favorites Boards
2025-10-10 23:31:04,308 [INFO] UtilMem:75 - End LoadConfig() Used Memory: 204415048 Bytes (363855872)
2025-10-10 23:31:04,424 [WARN] ThirdParty:833 - waiting for thirdparty lock release [change project]
2025-10-10 23:31:04,424 [INFO] ThirdParty:835 - entering critical section [change project]
2025-10-10 23:31:04,424 [INFO] ThirdParty:1030 - CMSIS Pack Vendor :STMicroelectronics X-CUBE-PM33A1 1.0.0
2025-10-10 23:31:04,424 [INFO] ThirdParty:1030 - CMSIS Pack Vendor :STMicroelectronics USBPD 4.1
2025-10-10 23:31:04,424 [INFO] ThirdParty:1030 - CMSIS Pack Vendor :STMicroelectronics X-CUBE-NFC9 1.0.0
2025-10-10 23:31:04,424 [INFO] ThirdParty:1030 - CMSIS Pack Vendor :STMicroelectronics USB_HOST 2.0.0
2025-10-10 23:31:04,424 [INFO] ThirdParty:1030 - CMSIS Pack Vendor :STMicroelectronics FP-SNS-MOTENVWB1 1.4.0
2025-10-10 23:31:04,424 [INFO] ThirdParty:1030 - CMSIS Pack Vendor :STMicroelectronics X-CUBE-AZRTOS-F4 1.1.0
2025-10-10 23:31:04,424 [INFO] ThirdParty:1030 - CMSIS Pack Vendor :STMicroelectronics LIBJPEG 8.0.0
2025-10-10 23:31:04,424 [INFO] ThirdParty:1030 - CMSIS Pack Vendor :STMicroelectronics FP-ATR-ASTRA1 2.0.2
2025-10-10 23:31:04,424 [INFO] ThirdParty:1030 - CMSIS Pack Vendor :wolfSSL I-CUBE-wolfSSL 5.8.2
2025-10-10 23:31:04,424 [INFO] ThirdParty:1030 - CMSIS Pack Vendor :STMicroelectronics X-CUBE-BLE1 7.1.0
2025-10-10 23:31:04,424 [INFO] ThirdParty:1030 - CMSIS Pack Vendor :Avnet-IotConnect X-CUBE-IoTC-DA16k-PMOD 1.0.0
2025-10-10 23:31:04,425 [INFO] ThirdParty:1030 - CMSIS Pack Vendor :STMicroelectronics X-CUBE-SMBUS 2.1.0
2025-10-10 23:31:04,425 [INFO] ThirdParty:1030 - CMSIS Pack Vendor :wolfSSL I-CUBE-wolfMQTT 1.19.2
2025-10-10 23:31:04,425 [INFO] ThirdParty:1030 - CMSIS Pack Vendor :STMicroelectronics USB_DEVICE 3.0.0
2025-10-10 23:31:04,425 [INFO] ThirdParty:1030 - CMSIS Pack Vendor :STMicroelectronics X-CUBE-ISPU 2.1.0
2025-10-10 23:31:04,425 [INFO] ThirdParty:1030 - CMSIS Pack Vendor :STMicroelectronics X-CUBE-EEPRMA1 5.2.0
2025-10-10 23:31:04,425 [INFO] ThirdParty:1030 - CMSIS Pack Vendor :STMicroelectronics X-CUBE-BLEMGR 4.1.0
2025-10-10 23:31:04,425 [INFO] ThirdParty:1030 - CMSIS Pack Vendor :STMicroelectronics X-CUBE-AZRTOS-WB 2.0.0
2025-10-10 23:31:04,425 [INFO] ThirdParty:1030 - CMSIS Pack Vendor :STMicroelectronics X-CUBE-ST60 1.0.0
2025-10-10 23:31:04,425 [INFO] ThirdParty:1030 - CMSIS Pack Vendor :STMicroelectronics X-CUBE-GNSS1 7.0.1
2025-10-10 23:31:04,425 [INFO] ThirdParty:1030 - CMSIS Pack Vendor :STMicroelectronics X-CUBE-NFC12 1.0.0
2025-10-10 23:31:04,425 [INFO] ThirdParty:1030 - CMSIS Pack Vendor :STMicroelectronics X-CUBE-AZRTOS-F7 1.1.0
2025-10-10 23:31:04,425 [INFO] ThirdParty:1030 - CMSIS Pack Vendor :STMicroelectronics X-CUBE-AZRTOS-L5 2.0.0
2025-10-10 23:31:04,425 [INFO] ThirdParty:1030 - CMSIS Pack Vendor :STMicroelectronics X-CUBE-TOUCHGFX 4.25.0
2025-10-10 23:31:04,425 [INFO] ThirdParty:1030 - CMSIS Pack Vendor :STMicroelectronics USB_DEVICE 2.0.0
2025-10-10 23:31:04,425 [INFO] ThirdParty:1030 - CMSIS Pack Vendor :STMicroelectronics X-CUBE-NFC6 3.1.0
2025-10-10 23:31:04,425 [INFO] ThirdParty:1030 - CMSIS Pack Vendor :quantropi X-CUBE-qispace-sdk-base 2.1.0
2025-10-10 23:31:04,425 [INFO] ThirdParty:1030 - CMSIS Pack Vendor :STMicroelectronics FreeRTOS 0.0.1
2025-10-10 23:31:04,425 [INFO] ThirdParty:1030 - CMSIS Pack Vendor :STMicroelectronics X-CUBE-AZRTOS-G0 1.1.0
2025-10-10 23:31:04,425 [INFO] ThirdParty:1030 - CMSIS Pack Vendor :STMicroelectronics X-CUBE-SAFEA1 1.2.2
2025-10-10 23:31:04,425 [INFO] ThirdParty:1030 - CMSIS Pack Vendor :STMicroelectronics X-CUBE-NFC4 3.0.0
2025-10-10 23:31:04,425 [INFO] ThirdParty:1030 - CMSIS Pack Vendor :STMicroelectronics X-CUBE-SUBG2 5.0.0
2025-10-10 23:31:04,425 [INFO] ThirdParty:1030 - CMSIS Pack Vendor :STMicroelectronics X-CUBE-AZRTOS-H7RS 1.1.0
2025-10-10 23:31:04,425 [INFO] ThirdParty:1030 - CMSIS Pack Vendor :STMicroelectronics STM32_WPAN 1.0.0
2025-10-10 23:31:04,425 [INFO] ThirdParty:1030 - CMSIS Pack Vendor :EmbeddedOffice I-CUBE-FS-RTOS 1.0.1
2025-10-10 23:31:04,425 [INFO] ThirdParty:1030 - CMSIS Pack Vendor :STMicroelectronics lwIP 2.0.3
2025-10-10 23:31:04,425 [INFO] ThirdParty:1030 - CMSIS Pack Vendor :WES I-CUBE-Cesium 1.4.0
2025-10-10 23:31:04,425 [INFO] ThirdParty:1030 - CMSIS Pack Vendor :Cesanta I-CUBE-Mongoose 7.13.0
2025-10-10 23:31:04,425 [INFO] ThirdParty:1030 - CMSIS Pack Vendor :STMicroelectronics USB_HOST 1.0.0
2025-10-10 23:31:04,425 [INFO] ThirdParty:1030 - CMSIS Pack Vendor :Infineon AIROC-Wi-Fi-Bluetooth-STM32 1.7.1
2025-10-10 23:31:04,425 [INFO] ThirdParty:1030 - CMSIS Pack Vendor :STMicroelectronics X-CUBE-AZRTOS-G4 2.0.0
2025-10-10 23:31:04,425 [INFO] ThirdParty:1030 - CMSIS Pack Vendor :STMicroelectronics X-CUBE-WB05N 2.0.0
2025-10-10 23:31:04,425 [INFO] ThirdParty:1030 - CMSIS Pack Vendor :STMicroelectronics PDM2PCM 3.1.0
2025-10-10 23:31:04,425 [INFO] ThirdParty:1030 - CMSIS Pack Vendor :STMicroelectronics PDM2PCM 3.3.0
2025-10-10 23:31:04,425 [INFO] ThirdParty:1030 - CMSIS Pack Vendor :wolfSSL I-CUBE-wolfTPM 3.8.0
2025-10-10 23:31:04,425 [INFO] ThirdParty:1030 - CMSIS Pack Vendor :STMicroelectronics X-CUBE-AZRTOS-H7 3.4.0
2025-10-10 23:31:04,425 [INFO] ThirdParty:1030 - CMSIS Pack Vendor :STMicroelectronics X-CUBE-DISPLAY 3.0.0
2025-10-10 23:31:04,425 [INFO] ThirdParty:1030 - CMSIS Pack Vendor :wolfSSL I-CUBE-wolfSSH 1.4.20
2025-10-10 23:31:04,425 [INFO] ThirdParty:1030 - CMSIS Pack Vendor :STMicroelectronics X-CUBE-NFC7 2.0.0
2025-10-10 23:31:04,425 [INFO] ThirdParty:1030 - CMSIS Pack Vendor :STMicroelectronics X-CUBE-TCPP 4.2.0
2025-10-10 23:31:04,425 [INFO] ThirdParty:1030 - CMSIS Pack Vendor :RealThread X-CUBE-RT-Thread_Nano 4.1.1
2025-10-10 23:31:04,425 [INFO] ThirdParty:1030 - CMSIS Pack Vendor :STMicroelectronics FP-ATR-SIGFOX1 3.2.0
2025-10-10 23:31:04,425 [INFO] ThirdParty:1030 - CMSIS Pack Vendor :STMicroelectronics X-CUBE-NFC10 1.0.0
2025-10-10 23:31:04,425 [INFO] ThirdParty:1030 - CMSIS Pack Vendor :STMicroelectronics X-CUBE-FREERTOS 1.3.1
2025-10-10 23:31:04,426 [INFO] ThirdParty:1030 - CMSIS Pack Vendor :STMicroelectronics HAL Drivers 0.0.0
2025-10-10 23:31:04,426 [INFO] ThirdParty:1030 - CMSIS Pack Vendor :STMicroelectronics MBEDTLS 2.16.2
2025-10-10 23:31:04,426 [INFO] ThirdParty:1030 - CMSIS Pack Vendor :STMicroelectronics X-CUBE-IPS 3.1.0
2025-10-10 23:31:04,426 [INFO] ThirdParty:1030 - CMSIS Pack Vendor :STMicroelectronics X-CUBE-ALS 1.0.2
2025-10-10 23:31:04,426 [INFO] ThirdParty:1030 - CMSIS Pack Vendor :emotas I-CUBE-CANOPEN 1.3.0
2025-10-10 23:31:04,426 [INFO] ThirdParty:1030 - CMSIS Pack Vendor :STMicroelectronics MBEDTLS 2.14.1
2025-10-10 23:31:04,426 [INFO] ThirdParty:1030 - CMSIS Pack Vendor :ITTIA_DB I-CUBE-ITTIADB 8.9.0
2025-10-10 23:31:04,426 [INFO] ThirdParty:1030 - CMSIS Pack Vendor :STMicroelectronics X-CUBE-TOUCHGFX 4.26.0
2025-10-10 23:31:04,426 [INFO] ThirdParty:1030 - CMSIS Pack Vendor :STMicroelectronics X-CUBE-STSE01 1.0.0
2025-10-10 23:31:04,426 [INFO] ThirdParty:1030 - CMSIS Pack Vendor :STMicroelectronics X-CUBE-ST67W61 1.0.0
2025-10-10 23:31:04,426 [INFO] ThirdParty:1030 - CMSIS Pack Vendor :STMicroelectronics FP-SNS-STBOX1 2.1.0
2025-10-10 23:31:04,426 [INFO] ThirdParty:1030 - CMSIS Pack Vendor :STMicroelectronics X-CUBE-AI 10.2.0
2025-10-10 23:31:04,426 [INFO] ThirdParty:1030 - CMSIS Pack Vendor :STMicroelectronics FP-SNS-STAIOTCFT 1.0.0
2025-10-10 23:31:04,426 [INFO] ThirdParty:1030 - CMSIS Pack Vendor :STMicroelectronics ThreadX 1.0.0
2025-10-10 23:31:04,426 [INFO] ThirdParty:1030 - CMSIS Pack Vendor :STMicroelectronics FP-SNS-SMARTAG2 1.2.0
2025-10-10 23:31:04,426 [INFO] ThirdParty:1030 - CMSIS Pack Vendor :STMicroelectronics FP-SNS-FLIGHT1 5.1.0
2025-10-10 23:31:04,426 [INFO] ThirdParty:1030 - CMSIS Pack Vendor :STMicroelectronics X-CUBE-AZRTOS-WL 2.0.0
2025-10-10 23:31:04,426 [INFO] ThirdParty:1030 - CMSIS Pack Vendor :SEGGER I-CUBE-embOS 1.3.1
2025-10-10 23:31:04,426 [INFO] ThirdParty:1030 - CMSIS Pack Vendor :STMicroelectronics X-CUBE-ALGOBUILD 1.4.0
2025-10-10 23:31:04,426 [INFO] ThirdParty:1030 - CMSIS Pack Vendor :STMicroelectronics X-CUBE-DPower 1.3.0
2025-10-10 23:31:04,426 [INFO] ThirdParty:1030 - CMSIS Pack Vendor :STMicroelectronics X-CUBE-MEMS1 11.3.0
2025-10-10 23:31:04,426 [INFO] ThirdParty:1030 - CMSIS Pack Vendor :STMicroelectronics FP-SNS-MOTENV1 5.0.0
2025-10-10 23:31:04,426 [INFO] ThirdParty:1030 - CMSIS Pack Vendor :STMicroelectronics USB_DEVICE 1.0.0
2025-10-10 23:31:04,426 [INFO] ThirdParty:1030 - CMSIS Pack Vendor :STMicroelectronics X-CUBE-AZRTOS-L4 2.0.0
2025-10-10 23:31:04,426 [INFO] ThirdParty:1030 - CMSIS Pack Vendor :STMicroelectronics ThreadX 0.0.2
2025-10-10 23:31:04,426 [INFO] ThirdParty:1030 - CMSIS Pack Vendor :STMicroelectronics lwIP 2.1.2
2025-10-10 23:31:04,426 [INFO] ThirdParty:1030 - CMSIS Pack Vendor :STMicroelectronics X-CUBE-SFXS2LP1 4.0.0
2025-10-10 23:31:04,426 [INFO] ThirdParty:1030 - CMSIS Pack Vendor :STMicroelectronics X-CUBE-BLE2 3.3.0
2025-10-10 23:31:04,426 [INFO] ThirdParty:1030 - CMSIS Pack Vendor :STMicroelectronics X-CUBE-TOF1 3.4.3
2025-10-10 23:31:04,426 [INFO] ThirdParty:1030 - CMSIS Pack Vendor :STMicroelectronics PDM2PCM 3.2.0
2025-10-10 23:31:04,426 [INFO] ThirdParty:841 - exiting critical section [change project]
2025-10-10 23:31:04,706 [INFO] PinOutPanel:1589 - setPackage(No Configuration,No Configuration)
2025-10-10 23:31:04,707 [INFO] PinOutPanel:1589 - setPackage(STM32F407VGTx,LQFP100)
2025-10-10 23:31:04,961 [INFO] UtilMem:75 - Before build in PCC Used Memory: 244186592 Bytes (363855872)
2025-10-10 23:31:05,272 [INFO] UtilMem:75 - After build in PCC Used Memory: 195251528 Bytes (363855872)
2025-10-10 23:31:05,298 [INFO] ApiDbMcu:532 - Load IP Config File for USB_HOST
2025-10-10 23:31:05,299 [WARN] BspModel:444 - BSP dependency skipped because of component: name='IOExpander', api='Unknown'
2025-10-10 23:31:05,320 [INFO] IPUIPlugin:80 - create IPUIPlugin
2025-10-10 23:31:05,320 [INFO] IPUIPlugin:80 - create IPUIPlugin
2025-10-10 23:31:05,320 [INFO] IPUIPlugin:80 - create IPUIPlugin
2025-10-10 23:31:05,320 [INFO] IPUIPlugin:80 - create IPUIPlugin
2025-10-10 23:31:05,320 [INFO] IPUIPlugin:80 - create IPUIPlugin
2025-10-10 23:31:05,320 [INFO] IPUIPlugin:80 - create IPUIPlugin
2025-10-10 23:31:05,320 [INFO] IPUIPlugin:80 - create IPUIPlugin
2025-10-10 23:31:05,320 [INFO] IPUIPlugin:80 - create IPUIPlugin
2025-10-10 23:31:05,320 [INFO] IPUIPlugin:80 - create IPUIPlugin
2025-10-10 23:31:05,321 [INFO] IPUIPlugin:80 - create IPUIPlugin
2025-10-10 23:31:05,321 [INFO] IPUIPlugin:80 - create IPUIPlugin
2025-10-10 23:31:05,321 [INFO] IPUIPlugin:80 - create IPUIPlugin
2025-10-10 23:31:05,321 [INFO] IPUIPlugin:80 - create IPUIPlugin
2025-10-10 23:31:05,321 [INFO] IPUIPlugin:80 - create IPUIPlugin
2025-10-10 23:31:05,321 [INFO] IPUIPlugin:80 - create IPUIPlugin
2025-10-10 23:31:05,321 [INFO] IPUIPlugin:80 - create IPUIPlugin
2025-10-10 23:31:05,321 [INFO] IPUIPlugin:80 - create IPUIPlugin
2025-10-10 23:31:05,321 [INFO] IPUIPlugin:80 - create IPUIPlugin
2025-10-10 23:31:05,321 [INFO] IPUIPlugin:80 - create IPUIPlugin
2025-10-10 23:31:05,322 [INFO] IPUIPlugin:80 - create IPUIPlugin
2025-10-10 23:31:05,322 [INFO] IPUIPlugin:80 - create IPUIPlugin
2025-10-10 23:31:05,322 [INFO] IPUIPlugin:80 - create IPUIPlugin
2025-10-10 23:31:05,322 [INFO] IPUIPlugin:80 - create IPUIPlugin
2025-10-10 23:31:05,322 [INFO] IPUIPlugin:80 - create IPUIPlugin
2025-10-10 23:31:05,322 [INFO] IPUIPlugin:80 - create IPUIPlugin
2025-10-10 23:31:05,322 [INFO] IPUIPlugin:80 - create IPUIPlugin
2025-10-10 23:31:05,323 [INFO] IPUIPlugin:80 - create IPUIPlugin
2025-10-10 23:31:05,323 [INFO] IPUIPlugin:80 - create IPUIPlugin
2025-10-10 23:31:05,323 [INFO] IPUIPlugin:80 - create IPUIPlugin
2025-10-10 23:31:05,323 [INFO] IPUIPlugin:80 - create IPUIPlugin
2025-10-10 23:31:05,324 [INFO] IPUIPlugin:80 - create IPUIPlugin
2025-10-10 23:31:05,324 [INFO] IPUIPlugin:80 - create IPUIPlugin
2025-10-10 23:31:05,324 [INFO] IPUIPlugin:80 - create IPUIPlugin
2025-10-10 23:31:05,324 [INFO] IPUIPlugin:80 - create IPUIPlugin
2025-10-10 23:31:05,324 [INFO] IPUIPlugin:80 - create IPUIPlugin
2025-10-10 23:31:05,324 [INFO] IPUIPlugin:80 - create IPUIPlugin
2025-10-10 23:31:05,324 [INFO] IPUIPlugin:80 - create IPUIPlugin
2025-10-10 23:31:05,324 [INFO] IPUIPlugin:80 - create IPUIPlugin
2025-10-10 23:31:05,324 [INFO] IPUIPlugin:80 - create IPUIPlugin
2025-10-10 23:31:05,324 [INFO] IPUIPlugin:80 - create IPUIPlugin
2025-10-10 23:31:05,324 [INFO] IPUIPlugin:80 - create IPUIPlugin
2025-10-10 23:31:05,324 [INFO] IPUIPlugin:80 - create IPUIPlugin
2025-10-10 23:31:05,324 [INFO] IPUIPlugin:80 - create IPUIPlugin
2025-10-10 23:31:05,324 [INFO] IPUIPlugin:80 - create IPUIPlugin
2025-10-10 23:31:05,325 [INFO] IPUIPlugin:80 - create IPUIPlugin
2025-10-10 23:31:05,325 [INFO] IPUIPlugin:80 - create IPUIPlugin
2025-10-10 23:31:05,325 [INFO] IPUIPlugin:80 - create IPUIPlugin
2025-10-10 23:31:05,325 [INFO] IPUIPlugin:80 - create IPUIPlugin
2025-10-10 23:31:05,325 [INFO] IPUIPlugin:80 - create IPUIPlugin
2025-10-10 23:31:05,325 [INFO] IPUIPlugin:80 - create IPUIPlugin
2025-10-10 23:31:05,325 [INFO] IPUIPlugin:80 - create IPUIPlugin
2025-10-10 23:31:05,325 [INFO] IPUIPlugin:80 - create IPUIPlugin
2025-10-10 23:31:05,325 [INFO] IPUIPlugin:80 - create IPUIPlugin
2025-10-10 23:31:05,325 [INFO] IPUIPlugin:80 - create IPUIPlugin
2025-10-10 23:31:05,326 [INFO] IPUIPlugin:80 - create IPUIPlugin
2025-10-10 23:31:05,326 [INFO] IPUIPlugin:80 - create IPUIPlugin
2025-10-10 23:31:05,326 [INFO] IPUIPlugin:80 - create IPUIPlugin
2025-10-10 23:31:05,327 [INFO] IPUIPlugin:80 - create IPUIPlugin
2025-10-10 23:31:05,329 [INFO] ApiDbMcu:532 - Load IP Config File for PDM2PCM
2025-10-10 23:31:05,333 [WARN] IP:2250 - I2C_Coeff_DF not found: check if there is a RefParameter without a condition.
2025-10-10 23:31:05,333 [WARN] IP:2250 - Analog_Filter not found: check if there is a RefParameter without a condition.
2025-10-10 23:31:05,339 [INFO] I2sManager:658 - 9.6E7
2025-10-10 23:31:05,339 [INFO] I2sManager:195 - I2S Clock Value : 9.6E7
2025-10-10 23:31:05,340 [INFO] I2sManager:553 - AudioClock : 93750Divider : 2Odd : 0
2025-10-10 23:31:05,456 [INFO] CADModel:165 - CPN selected for project levelSTM32F407VGT6
2025-10-10 23:31:05,456 [INFO] CADModel:114 - Register for checkConnection events
2025-10-10 23:31:05,523 [INFO] OpenFileManager:386 - Restore cursor
2025-10-10 23:31:05,649 [WARN] IP:2250 - I2C_Coeff_DF not found: check if there is a RefParameter without a condition.
2025-10-10 23:31:05,649 [WARN] IP:2250 - Analog_Filter not found: check if there is a RefParameter without a condition.
2025-10-10 23:31:05,649 [WARN] IP:2250 - I2C_Coeff_DF not found: check if there is a RefParameter without a condition.
2025-10-10 23:31:05,649 [WARN] IP:2250 - Analog_Filter not found: check if there is a RefParameter without a condition.
2025-10-10 23:31:19,663 [WARN] BspModel:444 - BSP dependency skipped because of component: name='IOExpander', api='Unknown'
2025-10-10 23:31:27,050 [INFO] UtilMem:75 - End SaveConfig() Used Memory: 302281728 Bytes (389021696)
2025-10-10 23:31:50,051 [WARN] BspModel:444 - BSP dependency skipped because of component: name='IOExpander', api='Unknown'
2025-10-10 23:31:53,495 [INFO] UtilMem:75 - End SaveConfig() Used Memory: 754771888 Bytes (996147200)
2025-10-10 23:31:56,239 [INFO] UtilMem:75 - End SaveConfig() Used Memory: 973397936 Bytes (996147200)
2025-10-10 23:31:57,169 [INFO] UtilMem:75 - End SaveConfig() Used Memory: 794756304 Bytes (1069547520)
2025-10-10 23:31:57,463 [INFO] BlockDiagram:2775 - set Specific Code input for plugin: SPI
2025-10-10 23:31:57,464 [INFO] BlockDiagram:2775 - set Specific Code input for plugin: TIM1_8
2025-10-10 23:31:57,464 [INFO] BlockDiagram:2775 - set Specific Code input for plugin: I2S
2025-10-10 23:31:57,464 [INFO] BlockDiagram:2775 - set Specific Code input for plugin: SYS
2025-10-10 23:31:57,464 [INFO] BlockDiagram:2775 - set Specific Code input for plugin: RCC
2025-10-10 23:31:57,464 [INFO] BlockDiagram:2775 - set Specific Code input for plugin: I2C
2025-10-10 23:31:57,464 [INFO] BlockDiagram:2775 - set Specific Code input for plugin: USB_OTG_FS
2025-10-10 23:31:57,464 [INFO] BlockDiagram:2775 - set Specific Code input for plugin: NVIC
2025-10-10 23:31:57,464 [INFO] BlockDiagram:2775 - set Specific Code input for plugin: USB_HOST
2025-10-10 23:31:57,464 [INFO] BlockDiagram:2775 - set Specific Code input for plugin: GPIO
2025-10-10 23:31:57,465 [INFO] CodeGenerator:892 - code generatio: config db path: /opt/st/stm32cubeide_1.19.0/plugins/com.st.stm32cube.common.mx_6.15.0.202507011659//db/
2025-10-10 23:31:57,471 [WARN] IP:2250 - I2C_Coeff_DF not found: check if there is a RefParameter without a condition.
2025-10-10 23:31:57,471 [WARN] IP:2250 - Analog_Filter not found: check if there is a RefParameter without a condition.
2025-10-10 23:31:57,641 [INFO] CodeEngine:265 - oldGeneratedFile, /home/oleksii/STM32CubeIDE/workspace_1.19.0/workspace_embedded/Lab2_2/MXTmpFiles/license.tmp_save
2025-10-10 23:31:57,836 [INFO] CodeEngine:289 - Generated code: /home/oleksii/STM32CubeIDE/workspace_1.19.0/workspace_embedded/Lab2_2/MXTmpFiles/license.tmp
2025-10-10 23:31:57,876 [INFO] CodeEngine:265 - oldGeneratedFile, /home/oleksii/STM32CubeIDE/workspace_1.19.0/workspace_embedded/Lab2_2/MXTmpFiles/gpio.tmp_save
2025-10-10 23:31:57,972 [INFO] CodeEngine:289 - Generated code: /home/oleksii/STM32CubeIDE/workspace_1.19.0/workspace_embedded/Lab2_2/MXTmpFiles/gpio.tmp
2025-10-10 23:31:58,050 [WARN] IPConfigManager:3238 - Warning: the RefConfig PWREx_EnableUSBVoltageDetector is not available in your config.xml file
2025-10-10 23:31:58,054 [INFO] CodeEngine:265 - oldGeneratedFile, /home/oleksii/STM32CubeIDE/workspace_1.19.0/workspace_embedded/Lab2_2/MXTmpFiles/usb_otg_fs_vars.tmp_save
2025-10-10 23:31:58,125 [INFO] CodeEngine:289 - Generated code: /home/oleksii/STM32CubeIDE/workspace_1.19.0/workspace_embedded/Lab2_2/MXTmpFiles/usb_otg_fs_vars.tmp
2025-10-10 23:31:58,126 [INFO] CodeEngine:265 - oldGeneratedFile, /home/oleksii/STM32CubeIDE/workspace_1.19.0/workspace_embedded/Lab2_2/MXTmpFiles/usb_otg_fs_inc.tmp_save
2025-10-10 23:31:58,177 [INFO] CodeEngine:289 - Generated code: /home/oleksii/STM32CubeIDE/workspace_1.19.0/workspace_embedded/Lab2_2/MXTmpFiles/usb_otg_fs_inc.tmp
2025-10-10 23:31:58,177 [INFO] CodeEngine:265 - oldGeneratedFile, /home/oleksii/STM32CubeIDE/workspace_1.19.0/workspace_embedded/Lab2_2/MXTmpFiles/usb_otg_fs_HalInit.tmp_save
2025-10-10 23:31:58,227 [INFO] CodeEngine:289 - Generated code: /home/oleksii/STM32CubeIDE/workspace_1.19.0/workspace_embedded/Lab2_2/MXTmpFiles/usb_otg_fs_HalInit.tmp
2025-10-10 23:31:58,228 [INFO] CodeEngine:265 - oldGeneratedFile, /home/oleksii/STM32CubeIDE/workspace_1.19.0/workspace_embedded/Lab2_2/MXTmpFiles/usb_otg_fs_Msp.tmp_save
2025-10-10 23:31:58,297 [INFO] CodeEngine:289 - Generated code: /home/oleksii/STM32CubeIDE/workspace_1.19.0/workspace_embedded/Lab2_2/MXTmpFiles/usb_otg_fs_Msp.tmp
2025-10-10 23:31:58,515 [INFO] CodeEngine:265 - oldGeneratedFile, /home/oleksii/STM32CubeIDE/workspace_1.19.0/workspace_embedded/Lab2_2/USB_HOST/App/usb_host.c_save
2025-10-10 23:31:58,589 [INFO] CodeEngine:289 - Generated code: /home/oleksii/STM32CubeIDE/workspace_1.19.0/workspace_embedded/Lab2_2/USB_HOST/App/usb_host.c
2025-10-10 23:31:58,590 [INFO] CodeEngine:265 - oldGeneratedFile, /home/oleksii/STM32CubeIDE/workspace_1.19.0/workspace_embedded/Lab2_2/USB_HOST/App/usb_host.h_save
2025-10-10 23:31:58,634 [INFO] CodeEngine:289 - Generated code: /home/oleksii/STM32CubeIDE/workspace_1.19.0/workspace_embedded/Lab2_2/USB_HOST/App/usb_host.h
2025-10-10 23:31:58,635 [INFO] CodeEngine:265 - oldGeneratedFile, /home/oleksii/STM32CubeIDE/workspace_1.19.0/workspace_embedded/Lab2_2/USB_HOST/Target/usbh_conf.h_save
2025-10-10 23:31:58,677 [INFO] CodeEngine:289 - Generated code: /home/oleksii/STM32CubeIDE/workspace_1.19.0/workspace_embedded/Lab2_2/USB_HOST/Target/usbh_conf.h
2025-10-10 23:31:58,678 [INFO] CodeEngine:265 - oldGeneratedFile, /home/oleksii/STM32CubeIDE/workspace_1.19.0/workspace_embedded/Lab2_2/USB_HOST/Target/usbh_conf.c_save
2025-10-10 23:31:58,726 [INFO] CodeEngine:289 - Generated code: /home/oleksii/STM32CubeIDE/workspace_1.19.0/workspace_embedded/Lab2_2/USB_HOST/Target/usbh_conf.c
2025-10-10 23:31:58,727 [INFO] CodeEngine:265 - oldGeneratedFile, /home/oleksii/STM32CubeIDE/workspace_1.19.0/workspace_embedded/Lab2_2/USB_HOST/Target/usbh_platform.c_save
2025-10-10 23:31:58,765 [INFO] CodeEngine:289 - Generated code: /home/oleksii/STM32CubeIDE/workspace_1.19.0/workspace_embedded/Lab2_2/USB_HOST/Target/usbh_platform.c
2025-10-10 23:31:58,766 [INFO] CodeEngine:265 - oldGeneratedFile, /home/oleksii/STM32CubeIDE/workspace_1.19.0/workspace_embedded/Lab2_2/USB_HOST/Target/usbh_platform.h_save
2025-10-10 23:31:58,802 [INFO] CodeEngine:289 - Generated code: /home/oleksii/STM32CubeIDE/workspace_1.19.0/workspace_embedded/Lab2_2/USB_HOST/Target/usbh_platform.h
2025-10-10 23:31:58,812 [INFO] CodeEngine:265 - oldGeneratedFile, /home/oleksii/STM32CubeIDE/workspace_1.19.0/workspace_embedded/Lab2_2/Core/Src/stm32f4xx_it.c_save
2025-10-10 23:31:58,875 [INFO] CodeEngine:289 - Generated code: /home/oleksii/STM32CubeIDE/workspace_1.19.0/workspace_embedded/Lab2_2/Core/Src/stm32f4xx_it.c
2025-10-10 23:31:58,876 [INFO] CodeEngine:265 - oldGeneratedFile, /home/oleksii/STM32CubeIDE/workspace_1.19.0/workspace_embedded/Lab2_2/Core/Inc/stm32f4xx_it.h_save
2025-10-10 23:31:58,914 [INFO] CodeEngine:289 - Generated code: /home/oleksii/STM32CubeIDE/workspace_1.19.0/workspace_embedded/Lab2_2/Core/Inc/stm32f4xx_it.h
2025-10-10 23:31:58,922 [INFO] CodeEngine:265 - oldGeneratedFile, /home/oleksii/STM32CubeIDE/workspace_1.19.0/workspace_embedded/Lab2_2/Core/Src/stm32f4xx_hal_msp.c_save
2025-10-10 23:31:58,998 [INFO] CodeEngine:289 - Generated code: /home/oleksii/STM32CubeIDE/workspace_1.19.0/workspace_embedded/Lab2_2/Core/Src/stm32f4xx_hal_msp.c
2025-10-10 23:31:58,999 [INFO] CodeEngine:265 - oldGeneratedFile, /home/oleksii/STM32CubeIDE/workspace_1.19.0/workspace_embedded/Lab2_2/MXTmpFiles/system.tmp_save
2025-10-10 23:31:59,036 [INFO] CodeEngine:289 - Generated code: /home/oleksii/STM32CubeIDE/workspace_1.19.0/workspace_embedded/Lab2_2/MXTmpFiles/system.tmp
2025-10-10 23:31:59,039 [INFO] CodeEngine:321 - oldGeneratedFile, /home/oleksii/STM32CubeIDE/workspace_1.19.0/workspace_embedded/Lab2_2/Core/Inc/stm32f4xx_hal_conf.h_save
2025-10-10 23:31:59,082 [INFO] CodeEngine:345 - Generated code: /home/oleksii/STM32CubeIDE/workspace_1.19.0/workspace_embedded/Lab2_2/Core/Inc/stm32f4xx_hal_conf.h
2025-10-10 23:31:59,102 [INFO] ApiDbMcu:532 - Load IP Config File for I2C1
2025-10-10 23:31:59,104 [INFO] ApiDbMcu:532 - Load IP Config File for I2S3
2025-10-10 23:31:59,106 [INFO] ApiDbMcu:532 - Load IP Config File for SPI1
2025-10-10 23:31:59,113 [INFO] ApiDbMcu:532 - Load IP Config File for TIM2
2025-10-10 23:31:59,115 [INFO] ApiDbMcu:532 - Load IP Config File for RCC
2025-10-10 23:31:59,116 [WARN] IPConfigManager:3811 - IP not found : TIM
2025-10-10 23:31:59,117 [WARN] CodeGenerator:4259 - IP not found : null
2025-10-10 23:31:59,118 [INFO] CodeEngine:265 - oldGeneratedFile, /home/oleksii/STM32CubeIDE/workspace_1.19.0/workspace_embedded/Lab2_2/Core/Inc/main.h_save
2025-10-10 23:31:59,170 [INFO] CodeEngine:289 - Generated code: /home/oleksii/STM32CubeIDE/workspace_1.19.0/workspace_embedded/Lab2_2/Core/Inc/main.h
2025-10-10 23:31:59,171 [INFO] CodeEngine:265 - oldGeneratedFile, /home/oleksii/STM32CubeIDE/workspace_1.19.0/workspace_embedded/Lab2_2/Core/Src/main.c_save
2025-10-10 23:31:59,261 [INFO] CodeEngine:289 - Generated code: /home/oleksii/STM32CubeIDE/workspace_1.19.0/workspace_embedded/Lab2_2/Core/Src/main.c
2025-10-10 23:31:59,390 [INFO] ProjectBuilder:3606 - Time for Copy HAL[1] : 17mS.
2025-10-10 23:31:59,393 [INFO] ProjectBuilder:5216 - Project Generator version: 4.7.0-B52
2025-10-10 23:31:59,448 [INFO] ConfigFileManager:1595 - The Die is : DIE413
2025-10-10 23:31:59,449 [INFO] ApiDbMcu:532 - Load IP Config File for FATFS
2025-10-10 23:31:59,451 [INFO] ApiDbMcu:532 - Load IP Config File for FREERTOS
2025-10-10 23:31:59,452 [INFO] ApiDbMcu:532 - Load IP Config File for LIBJPEG
2025-10-10 23:31:59,457 [INFO] ApiDbMcu:532 - Load IP Config File for LWIP
2025-10-10 23:31:59,460 [INFO] ApiDbMcu:532 - Load IP Config File for MBEDTLS
2025-10-10 23:31:59,465 [INFO] ApiDbMcu:532 - Load IP Config File for USB_DEVICE
2025-10-10 23:31:59,683 [INFO] LogOutputStream:77 - [STDOUT_REDIRECT] 
2025-10-10 23:32:00,178 [INFO] ProjectBuilder:5496 - Time for Generating toolchain IDE Files: 785mS.
2025-10-10 23:32:00,179 [INFO] ProjectBuilder:3463 - Time for Copy CMSIS : 1mS.
2025-10-10 23:32:00,179 [INFO] ProjectBuilder:3463 - Time for Copy CMSIS : 0mS.
2025-10-10 23:33:46,865 [INFO] MainUpdater:2872 - connection check result : 10
2025-10-10 23:33:47,117 [INFO] McuFinderGlobals:76 - Set McuFinderConnectedMode to true
2025-10-10 23:33:47,123 [INFO] MultiScanPanel:200 - Auto-refresh data requested => check proxy status ongoing
2025-10-10 23:33:47,124 [INFO] FinderPluginLoader:96 - Searching for filters in installed packs
2025-10-10 23:33:47,960 [INFO] LoadUrlFilesThread:185 - End of LoadServerUrlFiles without Thread
2025-10-10 23:33:47,966 [INFO] DetailPanel:341 - Set advertising image to /home/oleksii/STM32Cube/Repository//en.mcu-finder-stm32n6dk.jpg
2025-10-10 23:33:50,685 [INFO] MultiScanPanel:200 - Auto-refresh data requested => check proxy status ongoing
2025-10-10 23:33:50,742 [INFO] LoadUrlFilesThread:185 - End of LoadServerUrlFiles without Thread
2025-10-10 23:33:50,742 [INFO] DetailPanel:341 - Set advertising image to /home/oleksii/STM32Cube/Repository//en.mcu-finder-stm32n6dk.jpg
2025-10-10 23:33:50,748 [INFO] DbBoards:642 - Loading board mini-images...
2025-10-10 23:33:52,234 [ERROR] DbBoards:659 - Image file not found for board STM32MP215F-DK: /home/oleksii/.stmcufinder/plugins/mcufinder//mcu//boards_images/STM32MP215F-DK.jpg
2025-10-10 23:33:52,313 [INFO] DbBoards:665 - Loaded 211 board mini-images
2025-10-10 23:34:30,010 [INFO] MainUpdater:2872 - connection check result : 10
2025-10-10 23:34:30,010 [INFO] MainUpdater:2872 - connection check result : 10
2025-10-10 23:34:30,030 [INFO] I2sManager:658 - 9.6E7
2025-10-10 23:34:30,030 [INFO] I2sManager:195 - I2S Clock Value : 9.6E7
2025-10-10 23:34:30,030 [INFO] I2sManager:553 - AudioClock : 93750Divider : 2Odd : 0
2025-10-10 23:34:30,032 [INFO] MicroXplorer:468 - Change Database Path : 
2025-10-10 23:34:30,032 [INFO] MicroXplorer:498 - Change Database Version : DB.6.0.150
2025-10-10 23:34:30,043 [ERROR] ProjectManagerView:395 - 
java.lang.NullPointerException: Cannot invoke "javax.swing.JTextField.getText()" because the return value of "java.util.List.get(int)" is null
	at com.st.microxplorer.plugins.projectmanager.gui.ProjectChoiceTab$9.caretUpdate(ProjectChoiceTab.java:2706) ~[filemanager.jar:?]
	at javax.swing.text.JTextComponent.fireCaretUpdate(JTextComponent.java:408) ~[?:?]
	at javax.swing.text.JTextComponent$MutableCaretEvent.fire(JTextComponent.java:4484) ~[?:?]
	at javax.swing.text.JTextComponent$MutableCaretEvent.stateChanged(JTextComponent.java:4506) ~[?:?]
	at javax.swing.text.DefaultCaret.fireStateChanged(DefaultCaret.java:857) ~[?:?]
	at javax.swing.text.DefaultCaret.changeCaretPosition(DefaultCaret.java:1343) ~[?:?]
	at javax.swing.text.DefaultCaret.handleSetDot(DefaultCaret.java:1242) ~[?:?]
	at javax.swing.text.DefaultCaret.setDot(DefaultCaret.java:1223) ~[?:?]
	at javax.swing.text.DefaultCaret$Handler.insertUpdate(DefaultCaret.java:1819) ~[?:?]
	at javax.swing.text.AbstractDocument.fireInsertUpdate(AbstractDocument.java:227) ~[?:?]
	at javax.swing.text.AbstractDocument.handleInsertString(AbstractDocument.java:781) ~[?:?]
	at javax.swing.text.AbstractDocument.insertString(AbstractDocument.java:740) ~[?:?]
	at javax.swing.text.PlainDocument.insertString(PlainDocument.java:131) ~[?:?]
	at javax.swing.text.AbstractDocument.replace(AbstractDocument.java:699) ~[?:?]
	at javax.swing.text.JTextComponent.setText(JTextComponent.java:1725) ~[?:?]
	at com.st.microxplorer.plugins.projectmanager.gui.ProjectChoiceTab.createHeapStackFields(ProjectChoiceTab.java:993) ~[filemanager.jar:?]
	at com.st.microxplorer.plugins.projectmanager.gui.ProjectChoiceTab.buildLinkSettingsPanel(ProjectChoiceTab.java:3813) ~[filemanager.jar:?]
	at com.st.microxplorer.plugins.projectmanager.gui.ProjectChoiceTab.defineWindowsFields(ProjectChoiceTab.java:1987) ~[filemanager.jar:?]
	at com.st.microxplorer.plugins.projectmanager.gui.ProjectChoiceTab.updateSettings(ProjectChoiceTab.java:558) ~[filemanager.jar:?]
	at com.st.microxplorer.plugins.projectmanager.gui.ProjectSettingsPanel.UpdateDialog(ProjectSettingsPanel.java:247) ~[filemanager.jar:?]
	at com.st.microxplorer.plugins.projectmanager.ProjectManagerView.propertyChange(ProjectManagerView.java:392) ~[filemanager.jar:?]
	at java.beans.PropertyChangeSupport.fire(PropertyChangeSupport.java:343) ~[?:?]
	at java.beans.PropertyChangeSupport.firePropertyChange(PropertyChangeSupport.java:335) ~[?:?]
	at java.beans.PropertyChangeSupport.firePropertyChange(PropertyChangeSupport.java:268) ~[?:?]
	at com.st.microxplorer.util.MXPropertyChangeSupport.firePropertyChange(MXPropertyChangeSupport.java:54) ~[STM32CubeMX.jar:?]
	at com.st.microxplorer.mxsystem.MxSystem.closeConfig(MxSystem.java:899) ~[STM32CubeMX.jar:?]
	at com.st.microxplorer.maingui.MainPanel.closeConfig(MainPanel.java:792) ~[STM32CubeMX.jar:?]
	at com.st.microxplorer.plugins.filemanager.engine.OpenFileManager.loadConfigurationFile(OpenFileManager.java:288) ~[filemanager.jar:?]
	at com.st.microxplorer.plugins.filemanager.engine.MainFileManager.userLoadConfig(MainFileManager.java:364) ~[filemanager.jar:?]
	at com.st.microxplorer.plugins.filemanager.FileManagerView.getSpecificTask(FileManagerView.java:268) ~[filemanager.jar:?]
	at com.st.stm32cube.common.mx.editor.CubeMxEditor.getMxTabbedPaneInstance(CubeMxEditor.java:1191) ~[com.st.stm32cube.common.mx_6.15.0.202507011659/:?]
	at com.st.stm32cube.common.mx.editor.CubeMxEditor$12$1.createSwingComponent(CubeMxEditor.java:1068) ~[com.st.stm32cube.common.mx_6.15.0.202507011659/:?]
	at com.st.stm32cube.common.mx.oss.core.awtswtbridge.EmbeddedSwingComposite.doComponentCreation(EmbeddedSwingComposite.java:492) ~[com.st.stm32cube.common.mx.oss_6.15.0.202507011659/:?]
	at com.st.stm32cube.common.mx.oss.core.awtswtbridge.EmbeddedSwingComposite$4.run(EmbeddedSwingComposite.java:291) ~[com.st.stm32cube.common.mx.oss_6.15.0.202507011659/:?]
	at com.st.stm32cube.common.mx.oss.core.awtswtbridge.AwtEnvironment$2.run(AwtEnvironment.java:166) ~[com.st.stm32cube.common.mx.oss_6.15.0.202507011659/:?]
	at java.awt.event.InvocationEvent.dispatch(InvocationEvent.java:318) ~[?:?]
	at java.awt.EventQueue.dispatchEventImpl(EventQueue.java:773) ~[?:?]
	at java.awt.EventQueue$4.run(EventQueue.java:720) ~[?:?]
	at java.awt.EventQueue$4.run(EventQueue.java:714) ~[?:?]
	at java.security.AccessController.doPrivileged(AccessController.java:400) ~[?:?]
	at java.security.ProtectionDomain$JavaSecurityAccessImpl.doIntersectionPrivilege(ProtectionDomain.java:87) ~[?:?]
	at java.awt.EventQueue.dispatchEvent(EventQueue.java:742) ~[?:?]
	at java.awt.EventDispatchThread.pumpOneEventForFilters(EventDispatchThread.java:203) ~[?:?]
	at java.awt.EventDispatchThread.pumpEventsForFilter(EventDispatchThread.java:124) ~[?:?]
	at java.awt.EventDispatchThread.pumpEventsForHierarchy(EventDispatchThread.java:113) ~[?:?]
	at java.awt.EventDispatchThread.pumpEvents(EventDispatchThread.java:109) ~[?:?]
	at java.awt.EventDispatchThread.pumpEvents(EventDispatchThread.java:101) ~[?:?]
	at java.awt.EventDispatchThread.run(EventDispatchThread.java:90) ~[?:?]
2025-10-10 23:34:30,046 [WARN] ThirdParty:871 - waiting for thirdparty lock release [close project]
2025-10-10 23:34:30,046 [INFO] ThirdParty:873 - entering critical section [close project]
2025-10-10 23:34:30,046 [INFO] ThirdParty:883 - exiting critical section [close project]
2025-10-10 23:34:30,048 [INFO] PinOutPanel:1589 - setPackage(No Configuration,No Configuration)
2025-10-10 23:34:30,053 [WARN] IpParametersView:155 - Warning: This peripheral hasn't parameters
2025-10-10 23:34:30,059 [WARN] MainPanel:289 - <html><b><center>Warning: This peripheral has no parameters to be configured<br></b></html>
2025-10-10 23:34:30,064 [INFO] UtilMem:75 - Begin LoadConfig() Used Memory: 530080336 Bytes (1003487232)
2025-10-10 23:34:30,064 [INFO] OpenFileManager:355 - Change cursor
2025-10-10 23:34:30,086 [INFO] RulesReader:64 - Compatibility file has been processed (317 Rules)
2025-10-10 23:34:30,091 [INFO] ProjectFactory:514 - No CPN specified for board STM32F407G-DISC1 => set CPN to STM32F407VGT6
2025-10-10 23:34:30,091 [INFO] Mcu:2029 - Initializing MCU STM32F407V(E-G)Tx STM32F407VGTx STM32F407VGT6
2025-10-10 23:34:30,853 [INFO] Context:786 - Trying to add GPIOservice into a context  which must be forbidden
2025-10-10 23:34:31,262 [INFO] Rule:233 - rule 117617 - U5Cobra4M][GTZC] default value MPCBB3 and MPCBB5 - Not Secured memory - MPCBB1 is applicable
2025-10-10 23:34:31,262 [INFO] Rule:233 - rule 117617 - U5Cobra4M][GTZC] default value MPCBB3 and MPCBB5 - Not Secured memory - MPCBB1 is applicable
2025-10-10 23:34:31,262 [INFO] Rule:233 - rule 117617 - U5Cobra4M][GTZC] default value MPCBB3 and MPCBB5 - Not Secured memory - MPCBB2 is applicable
2025-10-10 23:34:31,262 [INFO] Rule:233 - rule 117617 - U5Cobra4M][GTZC] default value MPCBB3 and MPCBB5 - Not Secured memory - MPCBB2 is applicable
2025-10-10 23:34:31,262 [INFO] Rule:233 - rule 117617 - U5Cobra4M][GTZC] default value MPCBB3 and MPCBB5 - Not Secured memory - MPCBB3 is applicable
2025-10-10 23:34:31,262 [INFO] Rule:233 - rule 117617 - U5Cobra4M][GTZC] default value MPCBB3 and MPCBB5 - Not Secured memory - MPCBB3 is applicable
2025-10-10 23:34:31,262 [INFO] Rule:233 - rule 117617 - U5Cobra4M][GTZC] default value MPCBB3 and MPCBB5 - Not Secured memory - MPCBB4 is applicable
2025-10-10 23:34:31,262 [INFO] Rule:233 - rule 117617 - U5Cobra4M][GTZC] default value MPCBB3 and MPCBB5 - Not Secured memory - MPCBB4 is applicable
2025-10-10 23:34:31,262 [INFO] Rule:233 - rule 117617 - U5Cobra4M][GTZC] default value MPCBB3 and MPCBB5 - Secured memory - MPCBB1 is applicable
2025-10-10 23:34:31,262 [INFO] Rule:233 - rule 117617 - U5Cobra4M][GTZC] default value MPCBB3 and MPCBB5 - Secured memory - MPCBB2 is applicable
2025-10-10 23:34:31,262 [INFO] Rule:233 - rule 117617 - U5Cobra4M][GTZC] default value MPCBB3 and MPCBB5 - Secured memory - MPCBB3 is applicable
2025-10-10 23:34:31,262 [INFO] Rule:233 - rule 117617 - U5Cobra4M][GTZC] default value MPCBB3 and MPCBB5 - Secured memory - MPCBB4 is applicable
2025-10-10 23:34:31,262 [INFO] Rule:233 - rule 117617 - U5Cobra4M][GTZC] default value MPCBB3 and MPCBB5 - Privileged memory - MPCBB1 is applicable
2025-10-10 23:34:31,262 [INFO] Rule:233 - rule 117617 - U5Cobra4M][GTZC] default value MPCBB3 and MPCBB5 - Privileged memory - MPCBB2 is applicable
2025-10-10 23:34:31,262 [INFO] Rule:233 - rule 117617 - U5Cobra4M][GTZC] default value MPCBB3 and MPCBB5 - Privileged memory - MPCBB3 is applicable
2025-10-10 23:34:31,262 [INFO] Rule:233 - rule 117617 - U5Cobra4M][GTZC] default value MPCBB3 and MPCBB5 - Privileged memory - MPCBB4 is applicable
2025-10-10 23:34:31,262 [INFO] Rule:233 - rule 117617 - U5Cobra4M][GTZC] default value MPCBB3 and MPCBB5 - Not Privileged memory - MPCBB1 is applicable
2025-10-10 23:34:31,262 [INFO] Rule:233 - rule 117617 - U5Cobra4M][GTZC] default value MPCBB3 and MPCBB5 - Not Privileged memory - MPCBB2 is applicable
2025-10-10 23:34:31,262 [INFO] Rule:233 - rule 117617 - U5Cobra4M][GTZC] default value MPCBB3 and MPCBB5 - Not Privileged memory - MPCBB3 is applicable
2025-10-10 23:34:31,262 [INFO] Rule:233 - rule 117617 - U5Cobra4M][GTZC] default value MPCBB3 and MPCBB5 - Not Privileged memory - MPCBB4 is applicable
2025-10-10 23:34:31,262 [INFO] Rule:233 - rule 117617 - U5Cobra4M][GTZC] default value MPCBB3 and MPCBB5 - Privileged memory - MPCBB1 is applicable
2025-10-10 23:34:31,262 [INFO] Rule:233 - rule 117617 - U5Cobra4M][GTZC] default value MPCBB3 and MPCBB5 - Privileged memory - MPCBB2 is applicable
2025-10-10 23:34:31,262 [INFO] Rule:233 - rule 117617 - U5Cobra4M][GTZC] default value MPCBB3 and MPCBB5 - Privileged memory - MPCBB3 is applicable
2025-10-10 23:34:31,262 [INFO] Rule:233 - rule 117617 - U5Cobra4M][GTZC] default value MPCBB3 and MPCBB5 - Privileged memory - MPCBB4 is applicable
2025-10-10 23:34:31,262 [INFO] Rule:233 - rule 117617 - U5Cobra4M][GTZC] default value MPCBB3 and MPCBB5 - Privileged memory - MPCBB1 is applicable
2025-10-10 23:34:31,262 [INFO] Rule:233 - rule 117617 - U5Cobra4M][GTZC] default value MPCBB3 and MPCBB5 - Privileged memory - MPCBB2 is applicable
2025-10-10 23:34:31,263 [INFO] Rule:233 - rule 117617 - U5Cobra4M][GTZC] default value MPCBB3 and MPCBB5 - Privileged memory - MPCBB3 is applicable
2025-10-10 23:34:31,263 [INFO] Rule:233 - rule 117617 - U5Cobra4M][GTZC] default value MPCBB3 and MPCBB5 - Privileged memory - MPCBB4 is applicable
2025-10-10 23:34:31,263 [INFO] Rule:233 - rule 117617 - U5Cobra4M][GTZC] default value MPCBB3 and MPCBB5 - Not Privileged memory - MPCBB1 is applicable
2025-10-10 23:34:31,263 [INFO] Rule:233 - rule 117617 - U5Cobra4M][GTZC] default value MPCBB3 and MPCBB5 - Not Privileged memory - MPCBB2 is applicable
2025-10-10 23:34:31,263 [INFO] Rule:233 - rule 117617 - U5Cobra4M][GTZC] default value MPCBB3 and MPCBB5 - Not Privileged memory - MPCBB3 is applicable
2025-10-10 23:34:31,263 [INFO] Rule:233 - rule 117617 - U5Cobra4M][GTZC] default value MPCBB3 and MPCBB5 - Not Privileged memory - MPCBB4 is applicable
2025-10-10 23:34:31,263 [INFO] Rule:233 - rule 117617 - U5Cobra4M][GTZC] default value MPCBB3 and MPCBB5 - Privileged memory - MPCBB1 is applicable
2025-10-10 23:34:31,263 [INFO] Rule:233 - rule 117617 - U5Cobra4M][GTZC] default value MPCBB3 and MPCBB5 - Privileged memory - MPCBB2 is applicable
2025-10-10 23:34:31,263 [INFO] Rule:233 - rule 117617 - U5Cobra4M][GTZC] default value MPCBB3 and MPCBB5 - Privileged memory - MPCBB3 is applicable
2025-10-10 23:34:31,263 [INFO] Rule:233 - rule 117617 - U5Cobra4M][GTZC] default value MPCBB3 and MPCBB5 - Privileged memory - MPCBB4 is applicable
2025-10-10 23:34:31,263 [INFO] Rule:233 - rule Rename SubGHz_Phy SUBGHZ_APPLICATION SUBGHZ_PINGPONG to SUBGHZ_ADV_APPLICATION is applicable
2025-10-10 23:34:31,263 [INFO] Rule:233 - rule Rename Enabled to IBEACON is applicable
2025-10-10 23:34:31,263 [INFO] Rule:233 - rule GTZC_S instance for project manager is applicable
2025-10-10 23:34:31,263 [INFO] Rule:233 - rule GTZC_S instance for context M33S is applicable
2025-10-10 23:34:31,263 [INFO] Rule:233 - rule GTZC_S instance value for IP GTZC is applicable
2025-10-10 23:34:31,263 [INFO] Rule:233 - rule GTZC_S instance for mcu.IP is applicable
2025-10-10 23:34:31,263 [INFO] Rule:233 - rule GTZC_S instance for VP is applicable
2025-10-10 23:34:31,263 [INFO] Rule:233 - rule GTZC_S instance for signal is applicable
2025-10-10 23:34:31,263 [INFO] Rule:233 - rule GTZC_S instance for mcu.Pin is applicable
2025-10-10 23:34:31,263 [INFO] Rule:233 - rule GTZC_S instance for VP is applicable
2025-10-10 23:34:31,263 [INFO] Rule:233 - rule GTZC_S instance for signal is applicable
2025-10-10 23:34:31,263 [INFO] Rule:233 - rule GTZC_S instance for mcu is applicable
2025-10-10 23:34:31,263 [INFO] Rule:233 - rule GTZC_S instance for mcu.Pin is applicable
2025-10-10 23:34:31,263 [INFO] Rule:233 - rule GTZC_S instance value for IP GTZC is applicable
2025-10-10 23:34:31,263 [INFO] Rule:233 - rule GTZC_S instance for project manager is applicable
2025-10-10 23:34:31,263 [INFO] Rule:233 - rule GTZC_S instance for context M33S is applicable
2025-10-10 23:34:31,263 [INFO] Rule:233 - rule GTZC_S instance for VP is applicable
2025-10-10 23:34:31,263 [INFO] Rule:233 - rule GTZC_S instance for signal is applicable
2025-10-10 23:34:31,263 [INFO] Rule:233 - rule SPDIFRX instance for mcu is applicable
2025-10-10 23:34:31,263 [INFO] Rule:233 - rule Rename Tracer Mode is applicable
2025-10-10 23:34:31,263 [INFO] Rule:233 - rule SPDIFRX instance value for IP SPDIFRX is applicable
2025-10-10 23:34:31,263 [INFO] Rule:233 - rule SPDIFRX instance for signal is applicable
2025-10-10 23:34:31,263 [INFO] Rule:233 - rule SPDIFRX instance for project manager is applicable
2025-10-10 23:34:31,264 [INFO] Rule:233 - rule SPDIFRX instance for project manager is applicable
2025-10-10 23:34:31,264 [INFO] Rule:233 - rule ADC Scan  fix with FW F7 is applicable
2025-10-10 23:34:31,264 [INFO] Rule:233 - rule ADC Scan  fix with FW F7 is applicable
2025-10-10 23:34:31,264 [INFO] Rule:233 - rule WakeUp0 Mode is applicable
2025-10-10 23:34:31,264 [INFO] Rule:233 - rule WakeUp0 SIGNAL is applicable
2025-10-10 23:34:31,264 [INFO] Rule:233 - rule WakeUp1 Mode is applicable
2025-10-10 23:34:31,264 [INFO] Rule:233 - rule WakeUp1 SIGNAL is applicable
2025-10-10 23:34:31,264 [INFO] Rule:233 - rule WakeUp2 Mode is applicable
2025-10-10 23:34:31,264 [INFO] Rule:233 - rule WakeUp2 SIGNAL is applicable
2025-10-10 23:34:31,264 [INFO] Rule:233 - rule WakeUp4 Mode is applicable
2025-10-10 23:34:31,264 [INFO] Rule:233 - rule WakeUp4 SIGNAL is applicable
2025-10-10 23:34:31,264 [INFO] Rule:233 - rule WakeUp5 Mode is applicable
2025-10-10 23:34:31,264 [INFO] Rule:233 - rule WakeUp5 SIGNAL is applicable
2025-10-10 23:34:31,264 [INFO] Rule:233 - rule Add RTC Activate Clock Source is applicable
2025-10-10 23:34:31,264 [INFO] Rule:233 - rule Add RTC Activate Calendar 1 is applicable
2025-10-10 23:34:31,264 [INFO] Rule:233 - rule Add RTC Activate Calendar 2 is applicable
2025-10-10 23:34:31,264 [INFO] Rule:233 - rule Add RTC Activate Calendar 3 is applicable
2025-10-10 23:34:31,264 [INFO] Rule:233 - rule UART/USART TX Mode is applicable
2025-10-10 23:34:31,264 [INFO] Rule:233 - rule UART/USART RX Mode is applicable
2025-10-10 23:34:31,264 [INFO] Rule:233 - rule UART/USART RX TX Mode is applicable
2025-10-10 23:34:31,264 [INFO] Rule:233 - rule UART/USART PARITY NONE is applicable
2025-10-10 23:34:31,264 [INFO] Rule:233 - rule UART/USART PARITY EVEN is applicable
2025-10-10 23:34:31,264 [INFO] Rule:233 - rule UART/USART PARITY ODD is applicable
2025-10-10 23:34:31,264 [INFO] Rule:233 - rule USART StopBits 1 is applicable
2025-10-10 23:34:31,264 [INFO] Rule:233 - rule USART StopBits 2 is applicable
2025-10-10 23:34:31,264 [INFO] Rule:233 - rule USART StopBits 1.5 is applicable
2025-10-10 23:34:31,264 [INFO] Rule:233 - rule USART StopBits 0.5 is applicable
2025-10-10 23:34:31,264 [INFO] Rule:233 - rule UART/USART WORD LENGTH 7 is applicable
2025-10-10 23:34:31,264 [INFO] Rule:233 - rule UART/USART WORD LENGTH 8 is applicable
2025-10-10 23:34:31,264 [INFO] Rule:233 - rule UART/USART WORD LENGTH 9 is applicable
2025-10-10 23:34:31,264 [INFO] Rule:233 - rule Rename FMC NAND NCE signal is applicable
2025-10-10 23:34:31,264 [INFO] Rule:233 - rule Rename FMC NAND INT signal is applicable
2025-10-10 23:34:31,265 [INFO] Rule:233 - rule Change Default Value for LSE Drive Capability for WB family is applicable
2025-10-10 23:34:31,265 [INFO] Rule:233 - rule Change Default Value for ADC Clock Prescaler G0 family is applicable
2025-10-10 23:34:31,265 [INFO] Rule:233 - rule Change Default Value for ADC ExternalTrigConv L4 family is applicable
2025-10-10 23:34:31,265 [INFO] Rule:233 - rule Change Default Value for ADC ExternalTrigInjecConv L4 family is applicable
2025-10-10 23:34:31,265 [INFO] Rule:233 - rule Change Default Value for ADC ExternalTrigConv F3 family is applicable
2025-10-10 23:34:31,265 [INFO] Rule:233 - rule Change Default Value for ADC ExternalTrigInjecConv F3 family is applicable
2025-10-10 23:34:31,265 [INFO] Rule:233 - rule Change Default Value for ADC ExternalTrigConv Goldfish serie is applicable
2025-10-10 23:34:31,265 [INFO] Rule:233 - rule Change Default Value for ADC ExternalTrigInjecConv Goldfish serie is applicable
2025-10-10 23:34:31,265 [INFO] Rule:233 - rule Change Default Value for ADC ExternalTrigConv L0 family is applicable
2025-10-10 23:34:31,265 [INFO] Rule:233 - rule Change Default Value for ADC ExternalTrigConv F0 family is applicable
2025-10-10 23:34:31,265 [INFO] Rule:233 - rule Change Default Value for ADC ExternalTrigConvn L1 family is applicable
2025-10-10 23:34:31,265 [INFO] Rule:233 - rule Change Default Value for ADC ExternalTrigInjecConv L1 family is applicable
2025-10-10 23:34:31,265 [INFO] Rule:233 - rule Change Default Value for ADC ExternalTrigConv F1 family is applicable
2025-10-10 23:34:31,265 [INFO] Rule:233 - rule Change Default Value for ADC ExternalTrigInjecConv F1 family is applicable
2025-10-10 23:34:31,265 [INFO] Rule:233 - rule Change Default Value for ADC ExternalTrigConv F7 family is applicable
2025-10-10 23:34:31,265 [INFO] Rule:233 - rule Change Default Value for ADC ExternalTrigInjecConv F7 family is applicable
2025-10-10 23:34:31,265 [INFO] Rule:233 - rule Change Default Value for ADC ExternalTrigConv F4 and F2 family is applicable
2025-10-10 23:34:31,265 [INFO] Rule:233 - rule Change Default Value for ADC ExternalTrigInjecConv F4 and F2 family is applicable
2025-10-10 23:34:31,265 [INFO] Rule:233 - rule ADC SamplingTime fix with FW L0  is applicable
2025-10-10 23:34:31,265 [INFO] Rule:233 - rule ADC SamplingTime fix with FW L0  is applicable
2025-10-10 23:34:31,265 [INFO] Rule:233 - rule ADC SamplingTime fix with FW L0 is applicable
2025-10-10 23:34:31,265 [INFO] Rule:233 - rule ADC SamplingTime fix with FW L0 is applicable
2025-10-10 23:34:31,265 [INFO] Rule:233 - rule ADC SamplingTime fix with FW L0  is applicable
2025-10-10 23:34:31,265 [INFO] Rule:233 - rule ADC SamplingTime fix with FW L0 is applicable
2025-10-10 23:34:31,265 [INFO] Rule:233 - rule Rename USB_OE Signal is applicable
2025-10-10 23:34:31,265 [INFO] Rule:233 - rule Rename Activate_OE Mode is applicable
2025-10-10 23:34:31,265 [INFO] Rule:233 - rule Rename DIE462/DIE415 pin PC14/OSC32_IN -> PC14-OSC32_IN (PC14) is applicable
2025-10-10 23:34:31,265 [INFO] Rule:233 - rule Rename DIE462/DIE415 pin PC15/OSC32_OUT -> PC15-OSC32_OUT (PC15) is applicable
2025-10-10 23:34:31,265 [INFO] Rule:233 - rule Rename DIE462/DIE415 pin PH0/OSC_IN -> PH0-OSC_IN (PH0) is applicable
2025-10-10 23:34:31,265 [INFO] Rule:233 - rule Rename DIE462/DIE415 pin PH1/OSC_OUT -> PH1-OSC_OUT (PH1) is applicable
2025-10-10 23:34:31,265 [INFO] Rule:233 - rule Rename DIE462 pin PA13 -> PA13 (JTMS/SWDIO) is applicable
2025-10-10 23:34:31,265 [INFO] Rule:233 - rule Rename DIE415 pin PA13 -> PA13 (JTMS/SWDIO) is applicable
2025-10-10 23:34:31,266 [INFO] Rule:233 - rule Rename DIE462 pin PA14 -> PA14 (JTCK/SWCLK) is applicable
2025-10-10 23:34:31,266 [INFO] Rule:233 - rule Rename DIE415 pin PA14 -> PA14 (JTCK/SWCLK) is applicable
2025-10-10 23:34:31,266 [INFO] Rule:233 - rule Rename DIE462/DIE415 pin PA15 -> PA15 (JTDI) is applicable
2025-10-10 23:34:31,266 [INFO] Rule:233 - rule Rename DIE462 pin PB3 -> PB3 (JTD0/TRACESWO) is applicable
2025-10-10 23:34:31,266 [INFO] Rule:233 - rule Rename DIE415 pin PB3 -> PB3 (JTD0-TRACESWO) is applicable
2025-10-10 23:34:31,266 [INFO] Rule:233 - rule Rename DIE462/DIE415 pin PB4 -> PB4 (NJTRST) is applicable
2025-10-10 23:34:31,266 [INFO] Rule:233 - rule Rename DIE462 pin PH3/BOOT0 -> PH3-BOOT0 (BOOT0) is applicable
2025-10-10 23:34:31,266 [INFO] Rule:233 - rule Rename CRYP DataEncryptionTypesList to Algorithm is applicable
2025-10-10 23:34:31,266 [INFO] Rule:233 - rule Rename AES DataEncryptionTypesList to Algorithm is applicable
2025-10-10 23:34:31,266 [INFO] Rule:233 - rule Rename TDESECB to CRYP_TDES_ECB is applicable
2025-10-10 23:34:31,266 [INFO] Rule:233 - rule Rename TDESCBC to CRYP_TDES_CBC is applicable
2025-10-10 23:34:31,266 [INFO] Rule:233 - rule Rename DESECB to CRYP_DES_ECB is applicable
2025-10-10 23:34:31,266 [INFO] Rule:233 - rule Rename DESCBC to CRYP_DES_CBC is applicable
2025-10-10 23:34:31,266 [INFO] Rule:233 - rule Rename AESECB to CRYP_AES_ECB is applicable
2025-10-10 23:34:31,266 [INFO] Rule:233 - rule Rename AESCBC to CRYP_AES_CBC is applicable
2025-10-10 23:34:31,266 [INFO] Rule:233 - rule Rename AESCTR to CRYP_AES_CTR is applicable
2025-10-10 23:34:31,266 [INFO] Rule:233 - rule Rename AESGCM to CRYP_AES_GCM is applicable
2025-10-10 23:34:31,266 [INFO] Rule:233 - rule Rename AESCCM to CRYP_AES_CCM is applicable
2025-10-10 23:34:31,266 [INFO] Rule:233 - rule Rename CAN TimeSeg1 to BS1 is applicable
2025-10-10 23:34:31,266 [INFO] Rule:233 - rule Rename CAN TimeSeg2 to BS2 is applicable
2025-10-10 23:34:31,266 [INFO] Rule:233 - rule Rename CAN SyncJumpWidth to SJW is applicable
2025-10-10 23:34:31,266 [INFO] Rule:233 - rule TimeTriggeredMode to TTCM is applicable
2025-10-10 23:34:31,266 [INFO] Rule:233 - rule Rename CAN AutoBusOff to ABOM is applicable
2025-10-10 23:34:31,266 [INFO] Rule:233 - rule Rename CAN AutoWakeUp to AWUM is applicable
2025-10-10 23:34:31,266 [INFO] Rule:233 - rule Rename CAN AutoRetransmission to NART is applicable
2025-10-10 23:34:31,266 [INFO] Rule:233 - rule Rename CAN ReceiveFifoLocked to RFLM is applicable
2025-10-10 23:34:31,266 [INFO] Rule:233 - rule Rename CAN TransmitFifoPriority to TXFP is applicable
2025-10-10 23:34:31,266 [INFO] Rule:233 - rule Rename HRTIMER HRTIM_OUTPUTFAULTLEVEL_HIGH in HRTIMER HRTIM_OUTPUTFAULTLEVEL_HIGHZ is applicable
2025-10-10 23:34:31,266 [INFO] Rule:233 - rule Rename TIMER TIM_CLEARINPUTSOURCE_OCREFCLR in  TIMER TIM_CLEARINPUTSOURCE_NONE for F7 family is applicable
2025-10-10 23:34:31,266 [INFO] Rule:233 - rule FDCAN_R1 - Rename FDCAN mode Master into Classic is applicable
2025-10-10 23:34:31,266 [INFO] Rule:233 - rule FDCAN_R2 - Rename FDCAN mode Slave into Classic is applicable
2025-10-10 23:34:31,266 [INFO] Rule:233 - rule FDCAN1_R3 - if PA10.Mode=FullDuplex, add Pin PA12 is applicable
2025-10-10 23:34:31,266 [INFO] Rule:233 - rule FDCAN1_R3 - if PA9.Mode=FullDuplex, add Pin PA11 is applicable
2025-10-10 23:34:31,266 [INFO] Rule:233 - rule FDCAN1_R3 - Alternatepin_1 - if PE1.Mode=FullDuplex, add Pin PB9 is applicable
2025-10-10 23:34:31,267 [INFO] Rule:233 - rule FDCAN1_R3 - Alternatepin_1 - if PE0.Mode=FullDuplex, add Pin PB8 is applicable
2025-10-10 23:34:31,267 [INFO] Rule:233 - rule FDCAN1_R3 - Alternatepin_2 - if PD5.Mode=FullDuplex, add Pin PD1 is applicable
2025-10-10 23:34:31,267 [INFO] Rule:233 - rule FDCAN1_R3 - Alternatepin_2 - if PD4.Mode=FullDuplex, add Pin PD0 is applicable
2025-10-10 23:34:31,267 [INFO] Rule:233 - rule FDCAN1_R4 - Rename Mode FullDuplex into Enable FDCAN_TXFD for pin PA10 is applicable
2025-10-10 23:34:31,267 [INFO] Rule:233 - rule FDCAN1_R4 - Rename Mode FullDuplex into Enable FDCAN_TXFD for pin PA9 is applicable
2025-10-10 23:34:31,267 [INFO] Rule:233 - rule FDCAN1_R4 - Alternatepin_1 - Rename Mode FullDuplex into Enable FDCAN_TXFD for pin PE1 is applicable
2025-10-10 23:34:31,267 [INFO] Rule:233 - rule FDCAN1_R4 - Alternatepin_1 - Rename Mode FullDuplex into Enable FDCAN_TXFD for pin PE0 is applicable
2025-10-10 23:34:31,267 [INFO] Rule:233 - rule FDCAN1_R4 - Alternatepin_2 - Rename Mode FullDuplex into Enable FDCAN_TXFD for pin PD5 is applicable
2025-10-10 23:34:31,267 [INFO] Rule:233 - rule FDCAN1_R4 - Alternatepin_2 - Rename Mode FullDuplex into Enable FDCAN_TXFD for pin PD4 is applicable
2025-10-10 23:34:31,267 [INFO] Rule:233 - rule FDCAN2_R3 - if PD10.Mode=FullDuplex, add Pin PB13 is applicable
2025-10-10 23:34:31,267 [INFO] Rule:233 - rule FDCAN2_R3 - if PD9.Mode=FullDuplex, add Pin PB12 is applicable
2025-10-10 23:34:31,267 [INFO] Rule:233 - rule FDCAN2_R3 - Alternatepin_1 - if PB7.Mode=FullDuplex, add Pin PB6 is applicable
2025-10-10 23:34:31,267 [INFO] Rule:233 - rule FDCAN2_R3 - Alternatepin_1 - if PD9.Mode=FullDuplex, add Pin PB12 is applicable
2025-10-10 23:34:31,267 [INFO] Rule:233 - rule FDCAN2_R4 - Rename Mode FullDuplex into Enable FDCAN_TXFD for pin PD10 is applicable
2025-10-10 23:34:31,267 [INFO] Rule:233 - rule FDCAN2_R4 - Rename Mode FullDuplex into Enable FDCAN_TXFD for pin PD9 is applicable
2025-10-10 23:34:31,267 [INFO] Rule:233 - rule FDCAN2_R4 - Alternatepin_1 - Rename Mode FullDuplex into Enable FDCAN_TXFD for pin PB7 is applicable
2025-10-10 23:34:31,267 [INFO] Rule:233 - rule FDCAN2_R4 - Alternatepin_1 - Rename Mode FullDuplex into Enable FDCAN_TXFD for pin PD6 is applicable
2025-10-10 23:34:31,267 [INFO] Rule:233 - rule USART TxPinLevelInvertParam Mode is applicable
2025-10-10 23:34:31,267 [INFO] Rule:233 - rule USART RxPinLevelInvertParam Mode is applicable
2025-10-10 23:34:31,267 [INFO] Rule:233 - rule USART DataInvertParam Mode is applicable
2025-10-10 23:34:31,267 [INFO] Rule:233 - rule USART SwapParam Mode is applicable
2025-10-10 23:34:31,267 [INFO] Rule:233 - rule USART OverrunDisableParam Mode is applicable
2025-10-10 23:34:31,267 [INFO] Rule:233 - rule USART DMADisableonRxErrorParam Mode is applicable
2025-10-10 23:34:31,267 [INFO] Rule:233 - rule USART MSBFirstParam Mode is applicable
2025-10-10 23:34:31,267 [INFO] Rule:233 - rule Update MwName for USB_DEVICE is applicable
2025-10-10 23:34:31,267 [INFO] Rule:233 - rule Change PWR_Regulator_Voltage_Scale Default Value for RCC  H7 family is applicable
2025-10-10 23:34:31,267 [INFO] Rule:233 - rule UART/USART IPParameter rename Prescaler parameter to ClockPrescaler is applicable
2025-10-10 23:34:31,267 [INFO] Rule:233 - rule UART/USART Prescaler rename Prescaler parameter to ClockPrescaler is applicable
2025-10-10 23:34:31,267 [INFO] Rule:233 - rule TIM1CLockSelection is applicable
2025-10-10 23:34:31,267 [INFO] Rule:233 - rule TIM15CLockSelection is applicable
2025-10-10 23:34:31,267 [INFO] Rule:233 - rule align RCC SDMMC3CLockSelection default value on MP1 is applicable
2025-10-10 23:34:31,267 [INFO] Rule:233 - rule align RCC SDMMC12CLockSelection default value on MP1 is applicable
2025-10-10 23:34:31,267 [INFO] Rule:233 - rule align RCC QSPICLockSelection default value on MP1 is applicable
2025-10-10 23:34:31,267 [INFO] Rule:233 - rule align RCC QSPICLockSelection default value on MP1 is applicable
2025-10-10 23:34:31,267 [INFO] Rule:233 - rule align RCC SPI6CLockSelection default value on MP1 is applicable
2025-10-10 23:34:31,267 [INFO] Rule:233 - rule align RCC LPTIM23CLockSelection default value on MP1 is applicable
2025-10-10 23:34:31,267 [INFO] Rule:233 - rule align RCC LPTIM1CLockSelection default value on MP1 is applicable
2025-10-10 23:34:31,267 [INFO] Rule:233 - rule align RCC USART1CLockSelection default value on MP1 is applicable
2025-10-10 23:34:31,267 [INFO] Rule:233 - rule align RCC USART24CLockSelection default value on MP1 is applicable
2025-10-10 23:34:31,267 [INFO] Rule:233 - rule align RCC USART6CLockSelection default value on MP1 is applicable
2025-10-10 23:34:31,267 [INFO] Rule:233 - rule align RCC UART78CLockSelection default value on MP1 is applicable
2025-10-10 23:34:31,267 [INFO] Rule:233 - rule align RCC USART35CLockSelection default value on MP1 is applicable
2025-10-10 23:34:31,267 [INFO] Rule:233 - rule align RCC SPI45CLockSelection default value on MP1 is applicable
2025-10-10 23:34:31,267 [INFO] Rule:233 - rule align RCC I2C46CLockSelection BCLK value on MP1 is applicable
2025-10-10 23:34:31,267 [INFO] Rule:233 - rule align RCC SPI45CLockSelection default value on MP1 is applicable
2025-10-10 23:34:31,267 [INFO] Rule:233 - rule align RCC I2C12CLockSelection default value on MP1 is applicable
2025-10-10 23:34:31,267 [INFO] Rule:233 - rule align RCC I2C35CLockSelection default value on MP1 is applicable
2025-10-10 23:34:31,267 [INFO] Rule:233 - rule align RCC LPTIM45CLockSelection default value on MP1 is applicable
2025-10-10 23:34:31,267 [INFO] Rule:233 - rule Rename DCMI PIXCK signal is applicable
2025-10-10 23:34:31,267 [INFO] Rule:233 - rule Change Default Value for I2C46CLockSelection MP1 family is applicable
2025-10-10 23:34:31,267 [INFO] Rule:233 - rule Change Default Value for UART for G4, G0 and WB families is applicable
2025-10-10 23:34:31,267 [INFO] Rule:233 - rule Change Default Value for USART for G4, G0 and WB families is applicable
2025-10-10 23:34:31,267 [INFO] Rule:233 - rule Change Default Value for USART for G4 family is applicable
2025-10-10 23:34:31,267 [INFO] Rule:233 - rule Change USART1CLockSelection refparam name for MP1 is applicable
2025-10-10 23:34:31,268 [INFO] Rule:233 - rule Change USART2CLockSelection refparam name for MP1 is applicable
2025-10-10 23:34:31,268 [INFO] Rule:233 - rule Change USART3CLockSelection refparam name for MP1 is applicable
2025-10-10 23:34:31,268 [INFO] Rule:233 - rule Change UART4CLockSelection refparam name for MP1 is applicable
2025-10-10 23:34:31,268 [INFO] Rule:233 - rule Change UART5CLockSelection refparam name for MP1 is applicable
2025-10-10 23:34:31,268 [INFO] Rule:233 - rule Change LPUART1CLockSelection refparam name for MP1 is applicable
2025-10-10 23:34:31,268 [INFO] Rule:233 - rule Change LPTIM1CLockSelection refparam name for MP1 is applicable
2025-10-10 23:34:31,268 [INFO] Rule:233 - rule Change LPTIM2CLockSelection refparam name for MP1 is applicable
2025-10-10 23:34:31,268 [INFO] Rule:233 - rule Change RCC_MCO1Source refparam name for MP1 is applicable
2025-10-10 23:34:31,268 [INFO] Rule:233 - rule Change LSCOSource1 refparam name for MP1 is applicable
2025-10-10 23:34:31,268 [INFO] Rule:233 - rule Change SMPSCLockSelection refparam name for MP1 is applicable
2025-10-10 23:34:31,268 [INFO] Rule:233 - rule Change LPTIM3CLockSelection refparam name for MP1 is applicable
2025-10-10 23:34:31,268 [INFO] Rule:233 - rule Change MPCBB* Default Template Mode to Parameters is applicable
2025-10-10 23:34:31,268 [INFO] Rule:233 - rule Change MPCWM* or MPCBB* Secure Mode to Parameters is applicable
2025-10-10 23:34:31,268 [INFO] Rule:233 - rule Change MPCWM* or MPCBB* No Secure Mode to Parameters is applicable
2025-10-10 23:34:31,268 [INFO] Rule:233 - rule Change TZSC IP Secure Mode to Parameters is applicable
2025-10-10 23:34:31,268 [INFO] Rule:233 - rule Change TZSC IP No Secure Mode to Parameters is applicable
2025-10-10 23:34:31,268 [INFO] Rule:233 - rule Change TZSC IP Privilege Mode to Parameters is applicable
2025-10-10 23:34:31,268 [INFO] Rule:233 - rule Change TZSC IP No Privilege Mode to Parameters is applicable
2025-10-10 23:34:31,268 [INFO] Rule:233 - rule Change TZIC IT Secure Mode to Parameters is applicable
2025-10-10 23:34:31,268 [INFO] Rule:233 - rule Change TZIC IT No Secure Mode to Parameters is applicable
2025-10-10 23:34:31,268 [INFO] Rule:233 - rule Add MPCBB1_NonSecureArea_Start_Address value with referenced to MPCBB1_NonSecureArea_Start value is applicable
2025-10-10 23:34:31,268 [INFO] Rule:233 - rule Add MPCBB2_NonSecureArea_Start_Address value with referenced to MPCBB2_NonSecureArea_Start value is applicable
2025-10-10 23:34:31,268 [INFO] Rule:233 - rule Add MPCWM1_NonSecureArea*_Start_Address value with referenced to MPCWM1_NonSecureArea*_Start value is applicable
2025-10-10 23:34:31,268 [INFO] Rule:233 - rule Add MPCWM2_NonSecureArea*_Start_Address value with referenced to MPCWM2_NonSecureArea*_Start value is applicable
2025-10-10 23:34:31,268 [INFO] Rule:233 - rule Add MPCWM3_NonSecureArea_Start_Address value with referenced to MPCWM3_NonSecureArea_Start value is applicable
2025-10-10 23:34:31,268 [INFO] Rule:233 - rule Change Default Value for PLL1UserDefinedConfig is applicable
2025-10-10 23:34:31,268 [INFO] Rule:233 - rule Change GPIO_PuPd Default Value for USART in async mode is applicable
2025-10-10 23:34:31,268 [INFO] Rule:233 - rule Change SMPSDivider Default Value is applicable
2025-10-10 23:34:31,268 [INFO] Rule:233 - rule OPAMP is applicable
2025-10-10 23:34:31,268 [INFO] Rule:233 - rule LPUART IPParameter rename Prescaler parameter to ClockPrescaler for STM32H7 is applicable
2025-10-10 23:34:31,268 [INFO] Rule:233 - rule LPUART IPParameter rename Prescaler parameter to ClockPrescaler for STM32H7 is applicable
2025-10-10 23:34:31,268 [INFO] Rule:233 - rule LPUART IPParameter rename Prescaler parameter to ClockPrescaler for STM32WB is applicable
2025-10-10 23:34:31,268 [INFO] Rule:233 - rule LPUART IPParameter rename Prescaler parameter to ClockPrescaler for STM32WB is applicable
2025-10-10 23:34:31,268 [INFO] Rule:233 - rule LPUART IPParameter rename Prescaler parameter to ClockPrescaler for STM32G4 is applicable
2025-10-10 23:34:31,268 [INFO] Rule:233 - rule LPUART IPParameter rename Prescaler parameter to ClockPrescaler for STM32G4 is applicable
2025-10-10 23:34:31,268 [INFO] Rule:233 - rule LPUART IPParameter rename Prescaler parameter to ClockPrescaler for STM32L5 is applicable
2025-10-10 23:34:31,268 [INFO] Rule:233 - rule LPUART IPParameter rename Prescaler parameter to ClockPrescaler for STM32L5 is applicable
2025-10-10 23:34:31,268 [INFO] Rule:233 - rule LPUART IPParameter rename Prescaler parameter to ClockPrescaler for STM32G4 is applicable
2025-10-10 23:34:31,268 [INFO] Rule:233 - rule LPUART IPParameter rename Prescaler parameter to ClockPrescaler for STM32G4 is applicable
2025-10-10 23:34:31,268 [INFO] Rule:233 - rule USB device lib V2.5.3 for L0 rename USBD_SUPPORT_USER_STRING parameter to USBD_SUPPORT_USER_STRING_DESC4 is applicable
2025-10-10 23:34:31,268 [INFO] Rule:233 - rule I2SCLockSelection clock entry align is applicable
2025-10-10 23:34:31,268 [INFO] Rule:233 - rule Assign TIMx context if used as SYS timebase is applicable
2025-10-10 23:34:31,268 [INFO] Rule:233 - rule Change GPIO_Pu Default Value for I2C is applicable
2025-10-10 23:34:31,268 [INFO] Rule:233 - rule Change GPIO_Pu Default Value for SMBus is applicable
2025-10-10 23:34:31,268 [INFO] Rule:233 - rule change FDCAN default value is applicable
2025-10-10 23:34:31,268 [INFO] Rule:233 - rule Change mode sai is applicable
2025-10-10 23:34:31,268 [INFO] Rule:233 - rule **Change sai mode is applicable
2025-10-10 23:34:31,268 [INFO] Rule:233 - rule Rename STM32WPAN CFG_BLE_IRK to CFG_BLE_IR is applicable
2025-10-10 23:34:31,268 [INFO] Rule:233 - rule Rename STM32WPAN CFG_BLE_ERK to CFG_BLE_ER is applicable
2025-10-10 23:34:31,268 [INFO] Rule:233 - rule Rename STM32WPAN CFG_BLE_IRK_HEX to CFG_BLE_IR_HEX is applicable
2025-10-10 23:34:31,268 [INFO] Rule:233 - rule Rename STM32WPAN CFG_BLE_ERK_HEX to CFG_BLE_ER_HEX is applicable
2025-10-10 23:34:31,268 [INFO] Rule:233 - rule Adapt Old IOC before rework replace old CORTEX_M33/CORTEX_M55 attributes by the new one. is applicable
2025-10-10 23:34:31,268 [INFO] Rule:233 - rule Rename parametre of RCC RCC_APBDBG_DIV2 to RCC_TIMPRES_DIV2 is applicable
2025-10-10 23:34:31,269 [INFO] Rule:233 - rule Rename DIE493 pin PA10 [PA12] -> PA10 is applicable
2025-10-10 23:34:31,269 [INFO] Rule:233 - rule Rename DIE493 pin PA9 [PA11] -> PA9 is applicable
2025-10-10 23:34:31,269 [INFO] Rule:233 - rule Rename DIE492 PartNumber CPN STM32WBA5MJGHx -> STM32WBA5MMGHx is applicable
2025-10-10 23:34:31,269 [INFO] Rule:233 - rule Rename DIE492 PartNumber  Name STM32WBA5MJGHx -> STM32WBA5MMGHx is applicable
2025-10-10 23:34:31,269 [INFO] Rule:233 - rule Rename DIE492 PartNumber UserName STM32WBA5MJGHx -> STM32WBA5MMGHx is applicable
2025-10-10 23:34:31,269 [INFO] Rule:233 - rule Rename DIE492 PartNumber DeviceId STM32WBA5MJGHx -> STM32WBA5MMGHx is applicable
2025-10-10 23:34:31,269 [INFO] Rule:233 - rule Adapt Old IOC CSI. is applicable
2025-10-10 23:34:31,269 [INFO] Rule:233 - rule Adapt Old IOC DCMIPP. is applicable
2025-10-10 23:34:31,269 [INFO] Rule:233 - rule Adapt Old IOC DCMIPP Mode Parallel. is applicable
2025-10-10 23:34:31,269 [INFO] Rule:233 - rule Adapt Old IOC LTDC. is applicable
2025-10-10 23:34:31,269 [INFO] Rule:233 - rule Rename STM32MP2 RIF Peripheral LTDC RIF.RISUP.LTDC_L0L1.Privilege -> RIF.RISUP.LTDC_L1L2.Privilege is applicable
2025-10-10 23:34:31,269 [INFO] Rule:233 - rule Rename STM32MP2 RIF Peripheral LTDC RIF.RISUP.LTDC_L0L1.Privilege -> RIF.RISUP.LTDC_L1L2.Privilege is applicable
2025-10-10 23:34:31,269 [INFO] Rule:233 - rule Rename STM32MP2 RIF Peripheral LTDC RIF.RISUP.LTDC_L0L1.Lock -> RIF.RISUP.LTDC_L1L2.Lock is applicable
2025-10-10 23:34:31,269 [INFO] Rule:233 - rule Rename STM32MP2 RIF Peripheral LTDC RIF.RISUP.LTDC_L2.Lock -> RIF.RISUP.LTDC_L3.Lock is applicable
2025-10-10 23:34:31,269 [INFO] Rule:233 - rule Adapt the old IOC example for updating the SYS when it is misconfigured. is applicable
2025-10-10 23:34:31,269 [INFO] Rule:233 - rule Rename STM32C09 Mcu.Package LQFP64 -> LQFP48 is applicable
2025-10-10 23:34:31,269 [INFO] Rule:233 - rule Adapt the old IOC example for updating the SYS when it is misconfigured. is applicable
2025-10-10 23:34:31,269 [INFO] Rule:233 - rule Adapt the old IOC example for updating the SYS when it is misconfigured. is applicable
2025-10-10 23:34:31,294 [INFO] DbConfProperties:307 - Apply Compatibility (54/282 Rules)
2025-10-10 23:34:31,308 [INFO] ImportTextPane:234 - (OptionalMessage_ERROR) Unable to find key (Mcu.ThirdPartyNb) in loaded IOC file
2025-10-10 23:34:31,310 [INFO] ImportTextPane:234 - (OptionalMessage_ERROR) Pin35 (VP_RIF_VS_RIF1) cannot be retrieved for this MCU
2025-10-10 23:34:31,350 [INFO] RtosManager:558 - Registered RTOS mode: class=CMSIS, group=RTOS, mode=CMSIS_V1, owner=FREERTOS
2025-10-10 23:34:31,351 [INFO] RtosManager:558 - Registered RTOS mode: class=CMSIS, group=RTOS2, mode=CMSIS_V2, owner=FREERTOS
2025-10-10 23:34:31,351 [INFO] RtosManager:558 - Registered RTOS mode: class=RTOS, group=Core, mode=CMSIS_V1, owner=FREERTOS
2025-10-10 23:34:31,351 [INFO] RtosManager:558 - Registered RTOS mode: class=RTOS, group=Core, mode=CMSIS_V2, owner=FREERTOS
2025-10-10 23:34:31,351 [WARN] ModelIntegratedComponent:184 - Missing modes for component STMicroelectronics:FreeRTOS:0.0.1:STMicroelectronics:RTOS:FreeRTOS:Core:::10.2.0:
2025-10-10 23:34:31,363 [WARN] ModelIntegratedComponent:63 - No mode defined for component null
2025-10-10 23:34:31,363 [WARN] ModelIntegratedComponent:63 - No mode defined for component null
2025-10-10 23:34:31,363 [WARN] ModelIntegratedComponent:63 - No mode defined for component null
2025-10-10 23:34:31,363 [WARN] ModelIntegratedComponent:63 - No mode defined for component null
2025-10-10 23:34:31,363 [WARN] ModelIntegratedComponent:63 - No mode defined for component null
2025-10-10 23:34:31,363 [WARN] ModelIntegratedComponent:63 - No mode defined for component null
2025-10-10 23:34:31,363 [WARN] ModelIntegratedComponent:63 - No mode defined for component null
2025-10-10 23:34:31,363 [WARN] ModelIntegratedComponent:63 - No mode defined for component null
2025-10-10 23:34:31,363 [WARN] ModelIntegratedComponent:63 - No mode defined for component null
2025-10-10 23:34:31,363 [WARN] ModelIntegratedComponent:63 - No mode defined for component null
2025-10-10 23:34:31,363 [WARN] ModelIntegratedComponent:63 - No mode defined for component null
2025-10-10 23:34:31,363 [WARN] ModelIntegratedComponent:63 - No mode defined for component null
2025-10-10 23:34:31,363 [WARN] ModelIntegratedComponent:63 - No mode defined for component null
2025-10-10 23:34:31,363 [WARN] ModelIntegratedComponent:63 - No mode defined for component null
2025-10-10 23:34:31,363 [WARN] ModelIntegratedComponent:63 - No mode defined for component null
2025-10-10 23:34:31,363 [WARN] ModelIntegratedComponent:63 - No mode defined for component null
2025-10-10 23:34:31,363 [WARN] ModelIntegratedComponent:63 - No mode defined for component null
2025-10-10 23:34:31,363 [WARN] ModelIntegratedComponent:63 - No mode defined for component null
2025-10-10 23:34:31,364 [WARN] ModelIntegratedComponent:63 - No mode defined for component null
2025-10-10 23:34:31,364 [WARN] ModelIntegratedComponent:63 - No mode defined for component null
2025-10-10 23:34:31,364 [WARN] ModelIntegratedComponent:63 - No mode defined for component null
2025-10-10 23:34:31,364 [WARN] ModelIntegratedComponent:63 - No mode defined for component null
2025-10-10 23:34:31,364 [WARN] ModelIntegratedComponent:63 - No mode defined for component null
2025-10-10 23:34:31,364 [WARN] ModelIntegratedComponent:63 - No mode defined for component null
2025-10-10 23:34:31,364 [WARN] ModelIntegratedComponent:63 - No mode defined for component null
2025-10-10 23:34:31,364 [WARN] ModelIntegratedComponent:63 - No mode defined for component null
2025-10-10 23:34:31,364 [WARN] ModelIntegratedComponent:63 - No mode defined for component null
2025-10-10 23:34:31,364 [WARN] ModelIntegratedComponent:63 - No mode defined for component null
2025-10-10 23:34:31,364 [WARN] ModelIntegratedComponent:63 - No mode defined for component null
2025-10-10 23:34:31,364 [WARN] ModelIntegratedComponent:63 - No mode defined for component null
2025-10-10 23:34:31,364 [WARN] ModelIntegratedComponent:63 - No mode defined for component null
2025-10-10 23:34:31,364 [WARN] ModelIntegratedComponent:63 - No mode defined for component null
2025-10-10 23:34:31,364 [WARN] ModelIntegratedComponent:63 - No mode defined for component null
2025-10-10 23:34:31,364 [WARN] ModelIntegratedComponent:63 - No mode defined for component null
2025-10-10 23:34:31,364 [WARN] ModelIntegratedComponent:63 - No mode defined for component null
2025-10-10 23:34:31,364 [WARN] ModelPack:524 - Component already loaded: STMicroelectronics:HAL Drivers:0.0.0:STMicroelectronics:Device:STMicro_Driver:XSPI:HAL::0.0.1:HAL_XSPI
2025-10-10 23:34:31,468 [INFO] ThirdPartyModel:298 - Start build external matchings
2025-10-10 23:34:31,929 [INFO] ThirdPartyModel:316 - End build external matchings
2025-10-10 23:34:31,940 [INFO] ImportTextPane:234 - (OptionalMessage_ERROR) IP (RCC) : Parameter (RTCHSEDivFreq_Value) has invalid value (4000000)
2025-10-10 23:34:32,083 [INFO] UtilMem:75 - End LoadConfig() Used Memory: 597120280 Bytes (1003487232)
2025-10-10 23:34:32,094 [WARN] ThirdParty:833 - waiting for thirdparty lock release [change project]
2025-10-10 23:34:32,094 [INFO] ThirdParty:835 - entering critical section [change project]
2025-10-10 23:34:32,094 [INFO] ThirdParty:1030 - CMSIS Pack Vendor :STMicroelectronics X-CUBE-PM33A1 1.0.0
2025-10-10 23:34:32,094 [INFO] ThirdParty:1030 - CMSIS Pack Vendor :STMicroelectronics USBPD 4.1
2025-10-10 23:34:32,094 [INFO] ThirdParty:1030 - CMSIS Pack Vendor :STMicroelectronics X-CUBE-NFC9 1.0.0
2025-10-10 23:34:32,094 [INFO] ThirdParty:1030 - CMSIS Pack Vendor :STMicroelectronics USB_HOST 2.0.0
2025-10-10 23:34:32,094 [INFO] ThirdParty:1030 - CMSIS Pack Vendor :STMicroelectronics FP-SNS-MOTENVWB1 1.4.0
2025-10-10 23:34:32,094 [INFO] ThirdParty:1030 - CMSIS Pack Vendor :STMicroelectronics X-CUBE-AZRTOS-F4 1.1.0
2025-10-10 23:34:32,094 [INFO] ThirdParty:1030 - CMSIS Pack Vendor :STMicroelectronics LIBJPEG 8.0.0
2025-10-10 23:34:32,094 [INFO] ThirdParty:1030 - CMSIS Pack Vendor :STMicroelectronics FP-ATR-ASTRA1 2.0.2
2025-10-10 23:34:32,094 [INFO] ThirdParty:1030 - CMSIS Pack Vendor :wolfSSL I-CUBE-wolfSSL 5.8.2
2025-10-10 23:34:32,094 [INFO] ThirdParty:1030 - CMSIS Pack Vendor :STMicroelectronics X-CUBE-BLE1 7.1.0
2025-10-10 23:34:32,094 [INFO] ThirdParty:1030 - CMSIS Pack Vendor :Avnet-IotConnect X-CUBE-IoTC-DA16k-PMOD 1.0.0
2025-10-10 23:34:32,094 [INFO] ThirdParty:1030 - CMSIS Pack Vendor :STMicroelectronics X-CUBE-SMBUS 2.1.0
2025-10-10 23:34:32,094 [INFO] ThirdParty:1030 - CMSIS Pack Vendor :wolfSSL I-CUBE-wolfMQTT 1.19.2
2025-10-10 23:34:32,094 [INFO] ThirdParty:1030 - CMSIS Pack Vendor :STMicroelectronics USB_DEVICE 3.0.0
2025-10-10 23:34:32,094 [INFO] ThirdParty:1030 - CMSIS Pack Vendor :STMicroelectronics X-CUBE-ISPU 2.1.0
2025-10-10 23:34:32,094 [INFO] ThirdParty:1030 - CMSIS Pack Vendor :STMicroelectronics X-CUBE-EEPRMA1 5.2.0
2025-10-10 23:34:32,094 [INFO] ThirdParty:1030 - CMSIS Pack Vendor :STMicroelectronics X-CUBE-BLEMGR 4.1.0
2025-10-10 23:34:32,094 [INFO] ThirdParty:1030 - CMSIS Pack Vendor :STMicroelectronics X-CUBE-AZRTOS-WB 2.0.0
2025-10-10 23:34:32,094 [INFO] ThirdParty:1030 - CMSIS Pack Vendor :STMicroelectronics X-CUBE-ST60 1.0.0
2025-10-10 23:34:32,094 [INFO] ThirdParty:1030 - CMSIS Pack Vendor :STMicroelectronics X-CUBE-GNSS1 7.0.1
2025-10-10 23:34:32,094 [INFO] ThirdParty:1030 - CMSIS Pack Vendor :STMicroelectronics X-CUBE-NFC12 1.0.0
2025-10-10 23:34:32,094 [INFO] ThirdParty:1030 - CMSIS Pack Vendor :STMicroelectronics X-CUBE-AZRTOS-F7 1.1.0
2025-10-10 23:34:32,094 [INFO] ThirdParty:1030 - CMSIS Pack Vendor :STMicroelectronics X-CUBE-AZRTOS-L5 2.0.0
2025-10-10 23:34:32,094 [INFO] ThirdParty:1030 - CMSIS Pack Vendor :STMicroelectronics X-CUBE-TOUCHGFX 4.25.0
2025-10-10 23:34:32,094 [INFO] ThirdParty:1030 - CMSIS Pack Vendor :STMicroelectronics USB_DEVICE 2.0.0
2025-10-10 23:34:32,094 [INFO] ThirdParty:1030 - CMSIS Pack Vendor :STMicroelectronics X-CUBE-NFC6 3.1.0
2025-10-10 23:34:32,094 [INFO] ThirdParty:1030 - CMSIS Pack Vendor :quantropi X-CUBE-qispace-sdk-base 2.1.0
2025-10-10 23:34:32,094 [INFO] ThirdParty:1030 - CMSIS Pack Vendor :STMicroelectronics FreeRTOS 0.0.1
2025-10-10 23:34:32,094 [INFO] ThirdParty:1030 - CMSIS Pack Vendor :STMicroelectronics X-CUBE-AZRTOS-G0 1.1.0
2025-10-10 23:34:32,094 [INFO] ThirdParty:1030 - CMSIS Pack Vendor :STMicroelectronics X-CUBE-SAFEA1 1.2.2
2025-10-10 23:34:32,094 [INFO] ThirdParty:1030 - CMSIS Pack Vendor :STMicroelectronics X-CUBE-NFC4 3.0.0
2025-10-10 23:34:32,094 [INFO] ThirdParty:1030 - CMSIS Pack Vendor :STMicroelectronics X-CUBE-SUBG2 5.0.0
2025-10-10 23:34:32,094 [INFO] ThirdParty:1030 - CMSIS Pack Vendor :STMicroelectronics X-CUBE-AZRTOS-H7RS 1.1.0
2025-10-10 23:34:32,094 [INFO] ThirdParty:1030 - CMSIS Pack Vendor :STMicroelectronics STM32_WPAN 1.0.0
2025-10-10 23:34:32,094 [INFO] ThirdParty:1030 - CMSIS Pack Vendor :EmbeddedOffice I-CUBE-FS-RTOS 1.0.1
2025-10-10 23:34:32,094 [INFO] ThirdParty:1030 - CMSIS Pack Vendor :STMicroelectronics lwIP 2.0.3
2025-10-10 23:34:32,094 [INFO] ThirdParty:1030 - CMSIS Pack Vendor :WES I-CUBE-Cesium 1.4.0
2025-10-10 23:34:32,094 [INFO] ThirdParty:1030 - CMSIS Pack Vendor :Cesanta I-CUBE-Mongoose 7.13.0
2025-10-10 23:34:32,094 [INFO] ThirdParty:1030 - CMSIS Pack Vendor :STMicroelectronics USB_HOST 1.0.0
2025-10-10 23:34:32,095 [INFO] ThirdParty:1030 - CMSIS Pack Vendor :Infineon AIROC-Wi-Fi-Bluetooth-STM32 1.7.1
2025-10-10 23:34:32,095 [INFO] ThirdParty:1030 - CMSIS Pack Vendor :STMicroelectronics X-CUBE-AZRTOS-G4 2.0.0
2025-10-10 23:34:32,095 [INFO] ThirdParty:1030 - CMSIS Pack Vendor :STMicroelectronics X-CUBE-WB05N 2.0.0
2025-10-10 23:34:32,095 [INFO] ThirdParty:1030 - CMSIS Pack Vendor :STMicroelectronics PDM2PCM 3.1.0
2025-10-10 23:34:32,095 [INFO] ThirdParty:1030 - CMSIS Pack Vendor :STMicroelectronics PDM2PCM 3.3.0
2025-10-10 23:34:32,095 [INFO] ThirdParty:1030 - CMSIS Pack Vendor :wolfSSL I-CUBE-wolfTPM 3.8.0
2025-10-10 23:34:32,095 [INFO] ThirdParty:1030 - CMSIS Pack Vendor :STMicroelectronics X-CUBE-AZRTOS-H7 3.4.0
2025-10-10 23:34:32,095 [INFO] ThirdParty:1030 - CMSIS Pack Vendor :STMicroelectronics X-CUBE-DISPLAY 3.0.0
2025-10-10 23:34:32,095 [INFO] ThirdParty:1030 - CMSIS Pack Vendor :wolfSSL I-CUBE-wolfSSH 1.4.20
2025-10-10 23:34:32,095 [INFO] ThirdParty:1030 - CMSIS Pack Vendor :STMicroelectronics X-CUBE-NFC7 2.0.0
2025-10-10 23:34:32,095 [INFO] ThirdParty:1030 - CMSIS Pack Vendor :STMicroelectronics X-CUBE-TCPP 4.2.0
2025-10-10 23:34:32,095 [INFO] ThirdParty:1030 - CMSIS Pack Vendor :RealThread X-CUBE-RT-Thread_Nano 4.1.1
2025-10-10 23:34:32,095 [INFO] ThirdParty:1030 - CMSIS Pack Vendor :STMicroelectronics FP-ATR-SIGFOX1 3.2.0
2025-10-10 23:34:32,095 [INFO] ThirdParty:1030 - CMSIS Pack Vendor :STMicroelectronics X-CUBE-NFC10 1.0.0
2025-10-10 23:34:32,095 [INFO] ThirdParty:1030 - CMSIS Pack Vendor :STMicroelectronics X-CUBE-FREERTOS 1.3.1
2025-10-10 23:34:32,095 [INFO] ThirdParty:1030 - CMSIS Pack Vendor :STMicroelectronics HAL Drivers 0.0.0
2025-10-10 23:34:32,095 [INFO] ThirdParty:1030 - CMSIS Pack Vendor :STMicroelectronics MBEDTLS 2.16.2
2025-10-10 23:34:32,095 [INFO] ThirdParty:1030 - CMSIS Pack Vendor :STMicroelectronics X-CUBE-IPS 3.1.0
2025-10-10 23:34:32,095 [INFO] ThirdParty:1030 - CMSIS Pack Vendor :STMicroelectronics X-CUBE-ALS 1.0.2
2025-10-10 23:34:32,095 [INFO] ThirdParty:1030 - CMSIS Pack Vendor :emotas I-CUBE-CANOPEN 1.3.0
2025-10-10 23:34:32,095 [INFO] ThirdParty:1030 - CMSIS Pack Vendor :STMicroelectronics MBEDTLS 2.14.1
2025-10-10 23:34:32,095 [INFO] ThirdParty:1030 - CMSIS Pack Vendor :ITTIA_DB I-CUBE-ITTIADB 8.9.0
2025-10-10 23:34:32,095 [INFO] ThirdParty:1030 - CMSIS Pack Vendor :STMicroelectronics X-CUBE-TOUCHGFX 4.26.0
2025-10-10 23:34:32,095 [INFO] ThirdParty:1030 - CMSIS Pack Vendor :STMicroelectronics X-CUBE-STSE01 1.0.0
2025-10-10 23:34:32,095 [INFO] ThirdParty:1030 - CMSIS Pack Vendor :STMicroelectronics X-CUBE-ST67W61 1.0.0
2025-10-10 23:34:32,095 [INFO] ThirdParty:1030 - CMSIS Pack Vendor :STMicroelectronics FP-SNS-STBOX1 2.1.0
2025-10-10 23:34:32,095 [INFO] ThirdParty:1030 - CMSIS Pack Vendor :STMicroelectronics X-CUBE-AI 10.2.0
2025-10-10 23:34:32,095 [INFO] ThirdParty:1030 - CMSIS Pack Vendor :STMicroelectronics FP-SNS-STAIOTCFT 1.0.0
2025-10-10 23:34:32,095 [INFO] ThirdParty:1030 - CMSIS Pack Vendor :STMicroelectronics ThreadX 1.0.0
2025-10-10 23:34:32,095 [INFO] ThirdParty:1030 - CMSIS Pack Vendor :STMicroelectronics FP-SNS-SMARTAG2 1.2.0
2025-10-10 23:34:32,095 [INFO] ThirdParty:1030 - CMSIS Pack Vendor :STMicroelectronics FP-SNS-FLIGHT1 5.1.0
2025-10-10 23:34:32,095 [INFO] ThirdParty:1030 - CMSIS Pack Vendor :STMicroelectronics X-CUBE-AZRTOS-WL 2.0.0
2025-10-10 23:34:32,095 [INFO] ThirdParty:1030 - CMSIS Pack Vendor :SEGGER I-CUBE-embOS 1.3.1
2025-10-10 23:34:32,095 [INFO] ThirdParty:1030 - CMSIS Pack Vendor :STMicroelectronics X-CUBE-ALGOBUILD 1.4.0
2025-10-10 23:34:32,095 [INFO] ThirdParty:1030 - CMSIS Pack Vendor :STMicroelectronics X-CUBE-DPower 1.3.0
2025-10-10 23:34:32,095 [INFO] ThirdParty:1030 - CMSIS Pack Vendor :STMicroelectronics X-CUBE-MEMS1 11.3.0
2025-10-10 23:34:32,095 [INFO] ThirdParty:1030 - CMSIS Pack Vendor :STMicroelectronics FP-SNS-MOTENV1 5.0.0
2025-10-10 23:34:32,095 [INFO] ThirdParty:1030 - CMSIS Pack Vendor :STMicroelectronics USB_DEVICE 1.0.0
2025-10-10 23:34:32,095 [INFO] ThirdParty:1030 - CMSIS Pack Vendor :STMicroelectronics X-CUBE-AZRTOS-L4 2.0.0
2025-10-10 23:34:32,095 [INFO] ThirdParty:1030 - CMSIS Pack Vendor :STMicroelectronics ThreadX 0.0.2
2025-10-10 23:34:32,095 [INFO] ThirdParty:1030 - CMSIS Pack Vendor :STMicroelectronics lwIP 2.1.2
2025-10-10 23:34:32,095 [INFO] ThirdParty:1030 - CMSIS Pack Vendor :STMicroelectronics X-CUBE-SFXS2LP1 4.0.0
2025-10-10 23:34:32,095 [INFO] ThirdParty:1030 - CMSIS Pack Vendor :STMicroelectronics X-CUBE-BLE2 3.3.0
2025-10-10 23:34:32,095 [INFO] ThirdParty:1030 - CMSIS Pack Vendor :STMicroelectronics X-CUBE-TOF1 3.4.3
2025-10-10 23:34:32,095 [INFO] ThirdParty:1030 - CMSIS Pack Vendor :STMicroelectronics PDM2PCM 3.2.0
2025-10-10 23:34:32,096 [INFO] ThirdParty:841 - exiting critical section [change project]
2025-10-10 23:34:32,331 [INFO] PinOutPanel:1589 - setPackage(No Configuration,No Configuration)
2025-10-10 23:34:32,331 [INFO] PinOutPanel:1589 - setPackage(STM32F407VGTx,LQFP100)
2025-10-10 23:34:32,459 [INFO] UtilMem:75 - Before build in PCC Used Memory: 800007024 Bytes (1003487232)
2025-10-10 23:34:32,637 [INFO] UtilMem:75 - After build in PCC Used Memory: 845095792 Bytes (1003487232)
2025-10-10 23:34:32,646 [INFO] ApiDbMcu:532 - Load IP Config File for USB_HOST
2025-10-10 23:34:32,646 [WARN] BspModel:444 - BSP dependency skipped because of component: name='IOExpander', api='Unknown'
2025-10-10 23:34:32,673 [INFO] IPUIPlugin:80 - create IPUIPlugin
2025-10-10 23:34:32,673 [INFO] IPUIPlugin:80 - create IPUIPlugin
2025-10-10 23:34:32,673 [INFO] IPUIPlugin:80 - create IPUIPlugin
2025-10-10 23:34:32,674 [INFO] IPUIPlugin:80 - create IPUIPlugin
2025-10-10 23:34:32,674 [INFO] IPUIPlugin:80 - create IPUIPlugin
2025-10-10 23:34:32,674 [INFO] IPUIPlugin:80 - create IPUIPlugin
2025-10-10 23:34:32,674 [INFO] IPUIPlugin:80 - create IPUIPlugin
2025-10-10 23:34:32,674 [INFO] IPUIPlugin:80 - create IPUIPlugin
2025-10-10 23:34:32,674 [INFO] IPUIPlugin:80 - create IPUIPlugin
2025-10-10 23:34:32,674 [INFO] IPUIPlugin:80 - create IPUIPlugin
2025-10-10 23:34:32,674 [INFO] IPUIPlugin:80 - create IPUIPlugin
2025-10-10 23:34:32,675 [INFO] IPUIPlugin:80 - create IPUIPlugin
2025-10-10 23:34:32,675 [INFO] IPUIPlugin:80 - create IPUIPlugin
2025-10-10 23:34:32,675 [INFO] IPUIPlugin:80 - create IPUIPlugin
2025-10-10 23:34:32,675 [INFO] IPUIPlugin:80 - create IPUIPlugin
2025-10-10 23:34:32,675 [INFO] IPUIPlugin:80 - create IPUIPlugin
2025-10-10 23:34:32,675 [INFO] IPUIPlugin:80 - create IPUIPlugin
2025-10-10 23:34:32,676 [INFO] IPUIPlugin:80 - create IPUIPlugin
2025-10-10 23:34:32,676 [INFO] IPUIPlugin:80 - create IPUIPlugin
2025-10-10 23:34:32,676 [INFO] IPUIPlugin:80 - create IPUIPlugin
2025-10-10 23:34:32,676 [INFO] IPUIPlugin:80 - create IPUIPlugin
2025-10-10 23:34:32,676 [INFO] IPUIPlugin:80 - create IPUIPlugin
2025-10-10 23:34:32,676 [INFO] IPUIPlugin:80 - create IPUIPlugin
2025-10-10 23:34:32,677 [INFO] IPUIPlugin:80 - create IPUIPlugin
2025-10-10 23:34:32,677 [INFO] IPUIPlugin:80 - create IPUIPlugin
2025-10-10 23:34:32,677 [INFO] IPUIPlugin:80 - create IPUIPlugin
2025-10-10 23:34:32,677 [INFO] IPUIPlugin:80 - create IPUIPlugin
2025-10-10 23:34:32,677 [INFO] IPUIPlugin:80 - create IPUIPlugin
2025-10-10 23:34:32,678 [INFO] IPUIPlugin:80 - create IPUIPlugin
2025-10-10 23:34:32,678 [INFO] IPUIPlugin:80 - create IPUIPlugin
2025-10-10 23:34:32,678 [INFO] IPUIPlugin:80 - create IPUIPlugin
2025-10-10 23:34:32,678 [INFO] IPUIPlugin:80 - create IPUIPlugin
2025-10-10 23:34:32,678 [INFO] IPUIPlugin:80 - create IPUIPlugin
2025-10-10 23:34:32,678 [INFO] IPUIPlugin:80 - create IPUIPlugin
2025-10-10 23:34:32,678 [INFO] IPUIPlugin:80 - create IPUIPlugin
2025-10-10 23:34:32,678 [INFO] IPUIPlugin:80 - create IPUIPlugin
2025-10-10 23:34:32,678 [INFO] IPUIPlugin:80 - create IPUIPlugin
2025-10-10 23:34:32,678 [INFO] IPUIPlugin:80 - create IPUIPlugin
2025-10-10 23:34:32,678 [INFO] IPUIPlugin:80 - create IPUIPlugin
2025-10-10 23:34:32,678 [INFO] IPUIPlugin:80 - create IPUIPlugin
2025-10-10 23:34:32,679 [INFO] IPUIPlugin:80 - create IPUIPlugin
2025-10-10 23:34:32,679 [INFO] IPUIPlugin:80 - create IPUIPlugin
2025-10-10 23:34:32,679 [INFO] IPUIPlugin:80 - create IPUIPlugin
2025-10-10 23:34:32,679 [INFO] IPUIPlugin:80 - create IPUIPlugin
2025-10-10 23:34:32,679 [INFO] IPUIPlugin:80 - create IPUIPlugin
2025-10-10 23:34:32,679 [INFO] IPUIPlugin:80 - create IPUIPlugin
2025-10-10 23:34:32,679 [INFO] IPUIPlugin:80 - create IPUIPlugin
2025-10-10 23:34:32,679 [INFO] IPUIPlugin:80 - create IPUIPlugin
2025-10-10 23:34:32,679 [INFO] IPUIPlugin:80 - create IPUIPlugin
2025-10-10 23:34:32,679 [INFO] IPUIPlugin:80 - create IPUIPlugin
2025-10-10 23:34:32,680 [INFO] IPUIPlugin:80 - create IPUIPlugin
2025-10-10 23:34:32,680 [INFO] IPUIPlugin:80 - create IPUIPlugin
2025-10-10 23:34:32,680 [INFO] IPUIPlugin:80 - create IPUIPlugin
2025-10-10 23:34:32,680 [INFO] IPUIPlugin:80 - create IPUIPlugin
2025-10-10 23:34:32,681 [INFO] IPUIPlugin:80 - create IPUIPlugin
2025-10-10 23:34:32,681 [INFO] IPUIPlugin:80 - create IPUIPlugin
2025-10-10 23:34:32,681 [INFO] IPUIPlugin:80 - create IPUIPlugin
2025-10-10 23:34:32,682 [INFO] IPUIPlugin:80 - create IPUIPlugin
2025-10-10 23:34:32,684 [INFO] ApiDbMcu:532 - Load IP Config File for PDM2PCM
2025-10-10 23:34:32,685 [WARN] IP:2250 - I2C_Coeff_DF not found: check if there is a RefParameter without a condition.
2025-10-10 23:34:32,685 [WARN] IP:2250 - Analog_Filter not found: check if there is a RefParameter without a condition.
2025-10-10 23:34:32,688 [INFO] I2sManager:658 - 9.6E7
2025-10-10 23:34:32,688 [INFO] I2sManager:195 - I2S Clock Value : 9.6E7
2025-10-10 23:34:32,688 [INFO] I2sManager:553 - AudioClock : 93750Divider : 2Odd : 0
2025-10-10 23:34:32,735 [INFO] CADModel:165 - CPN selected for project levelSTM32F407VGT6
2025-10-10 23:34:32,735 [INFO] CADModel:114 - Register for checkConnection events
2025-10-10 23:34:32,800 [INFO] OpenFileManager:386 - Restore cursor
2025-10-10 23:34:32,926 [WARN] IP:2250 - I2C_Coeff_DF not found: check if there is a RefParameter without a condition.
2025-10-10 23:34:32,926 [WARN] IP:2250 - Analog_Filter not found: check if there is a RefParameter without a condition.
2025-10-10 23:34:32,926 [WARN] IP:2250 - I2C_Coeff_DF not found: check if there is a RefParameter without a condition.
2025-10-10 23:34:32,926 [WARN] IP:2250 - Analog_Filter not found: check if there is a RefParameter without a condition.
2025-10-10 23:34:33,123 [INFO] UtilMem:75 - End SaveConfig() Used Memory: 446153136 Bytes (1003487232)
2025-10-10 23:34:33,163 [INFO] UtilMem:75 - End SaveConfig() Used Memory: 467124656 Bytes (1003487232)
2025-10-10 23:34:33,369 [INFO] BlockDiagram:2775 - set Specific Code input for plugin: SPI
2025-10-10 23:34:33,369 [INFO] BlockDiagram:2775 - set Specific Code input for plugin: I2S
2025-10-10 23:34:33,369 [INFO] BlockDiagram:2775 - set Specific Code input for plugin: SYS
2025-10-10 23:34:33,369 [INFO] BlockDiagram:2775 - set Specific Code input for plugin: RCC
2025-10-10 23:34:33,369 [INFO] BlockDiagram:2775 - set Specific Code input for plugin: I2C
2025-10-10 23:34:33,369 [INFO] BlockDiagram:2775 - set Specific Code input for plugin: USB_OTG_FS
2025-10-10 23:34:33,369 [INFO] BlockDiagram:2775 - set Specific Code input for plugin: NVIC
2025-10-10 23:34:33,369 [INFO] BlockDiagram:2775 - set Specific Code input for plugin: USB_HOST
2025-10-10 23:34:33,370 [INFO] BlockDiagram:2775 - set Specific Code input for plugin: GPIO
2025-10-10 23:34:33,370 [INFO] CodeGenerator:892 - code generatio: config db path: /opt/st/stm32cubeide_1.19.0/plugins/com.st.stm32cube.common.mx_6.15.0.202507011659//db/
2025-10-10 23:34:33,372 [WARN] IP:2250 - I2C_Coeff_DF not found: check if there is a RefParameter without a condition.
2025-10-10 23:34:33,372 [WARN] IP:2250 - Analog_Filter not found: check if there is a RefParameter without a condition.
2025-10-10 23:34:33,492 [INFO] CodeEngine:265 - oldGeneratedFile, /home/oleksii/STM32CubeIDE/workspace_1.19.0/workspace_embedded/Lab2_3/MXTmpFiles/license.tmp_save
2025-10-10 23:34:33,630 [INFO] CodeEngine:289 - Generated code: /home/oleksii/STM32CubeIDE/workspace_1.19.0/workspace_embedded/Lab2_3/MXTmpFiles/license.tmp
2025-10-10 23:34:33,667 [INFO] CodeEngine:265 - oldGeneratedFile, /home/oleksii/STM32CubeIDE/workspace_1.19.0/workspace_embedded/Lab2_3/MXTmpFiles/gpio.tmp_save
2025-10-10 23:34:33,758 [INFO] CodeEngine:289 - Generated code: /home/oleksii/STM32CubeIDE/workspace_1.19.0/workspace_embedded/Lab2_3/MXTmpFiles/gpio.tmp
2025-10-10 23:34:33,821 [WARN] IPConfigManager:3238 - Warning: the RefConfig PWREx_EnableUSBVoltageDetector is not available in your config.xml file
2025-10-10 23:34:33,824 [INFO] CodeEngine:265 - oldGeneratedFile, /home/oleksii/STM32CubeIDE/workspace_1.19.0/workspace_embedded/Lab2_3/MXTmpFiles/usb_otg_fs_vars.tmp_save
2025-10-10 23:34:33,899 [INFO] CodeEngine:289 - Generated code: /home/oleksii/STM32CubeIDE/workspace_1.19.0/workspace_embedded/Lab2_3/MXTmpFiles/usb_otg_fs_vars.tmp
2025-10-10 23:34:33,900 [INFO] CodeEngine:265 - oldGeneratedFile, /home/oleksii/STM32CubeIDE/workspace_1.19.0/workspace_embedded/Lab2_3/MXTmpFiles/usb_otg_fs_inc.tmp_save
2025-10-10 23:34:33,951 [INFO] CodeEngine:289 - Generated code: /home/oleksii/STM32CubeIDE/workspace_1.19.0/workspace_embedded/Lab2_3/MXTmpFiles/usb_otg_fs_inc.tmp
2025-10-10 23:34:33,952 [INFO] CodeEngine:265 - oldGeneratedFile, /home/oleksii/STM32CubeIDE/workspace_1.19.0/workspace_embedded/Lab2_3/MXTmpFiles/usb_otg_fs_HalInit.tmp_save
2025-10-10 23:34:34,015 [INFO] CodeEngine:289 - Generated code: /home/oleksii/STM32CubeIDE/workspace_1.19.0/workspace_embedded/Lab2_3/MXTmpFiles/usb_otg_fs_HalInit.tmp
2025-10-10 23:34:34,016 [INFO] CodeEngine:265 - oldGeneratedFile, /home/oleksii/STM32CubeIDE/workspace_1.19.0/workspace_embedded/Lab2_3/MXTmpFiles/usb_otg_fs_Msp.tmp_save
2025-10-10 23:34:34,072 [INFO] CodeEngine:289 - Generated code: /home/oleksii/STM32CubeIDE/workspace_1.19.0/workspace_embedded/Lab2_3/MXTmpFiles/usb_otg_fs_Msp.tmp
2025-10-10 23:34:34,216 [INFO] CodeEngine:265 - oldGeneratedFile, /home/oleksii/STM32CubeIDE/workspace_1.19.0/workspace_embedded/Lab2_3/USB_HOST/App/usb_host.c_save
2025-10-10 23:34:34,261 [INFO] CodeEngine:289 - Generated code: /home/oleksii/STM32CubeIDE/workspace_1.19.0/workspace_embedded/Lab2_3/USB_HOST/App/usb_host.c
2025-10-10 23:34:34,262 [INFO] CodeEngine:265 - oldGeneratedFile, /home/oleksii/STM32CubeIDE/workspace_1.19.0/workspace_embedded/Lab2_3/USB_HOST/App/usb_host.h_save
2025-10-10 23:34:34,300 [INFO] CodeEngine:289 - Generated code: /home/oleksii/STM32CubeIDE/workspace_1.19.0/workspace_embedded/Lab2_3/USB_HOST/App/usb_host.h
2025-10-10 23:34:34,301 [INFO] CodeEngine:265 - oldGeneratedFile, /home/oleksii/STM32CubeIDE/workspace_1.19.0/workspace_embedded/Lab2_3/USB_HOST/Target/usbh_conf.h_save
2025-10-10 23:34:34,340 [INFO] CodeEngine:289 - Generated code: /home/oleksii/STM32CubeIDE/workspace_1.19.0/workspace_embedded/Lab2_3/USB_HOST/Target/usbh_conf.h
2025-10-10 23:34:34,341 [INFO] CodeEngine:265 - oldGeneratedFile, /home/oleksii/STM32CubeIDE/workspace_1.19.0/workspace_embedded/Lab2_3/USB_HOST/Target/usbh_conf.c_save
2025-10-10 23:34:34,393 [INFO] CodeEngine:289 - Generated code: /home/oleksii/STM32CubeIDE/workspace_1.19.0/workspace_embedded/Lab2_3/USB_HOST/Target/usbh_conf.c
2025-10-10 23:34:34,394 [INFO] CodeEngine:265 - oldGeneratedFile, /home/oleksii/STM32CubeIDE/workspace_1.19.0/workspace_embedded/Lab2_3/USB_HOST/Target/usbh_platform.c_save
2025-10-10 23:34:34,445 [INFO] CodeEngine:289 - Generated code: /home/oleksii/STM32CubeIDE/workspace_1.19.0/workspace_embedded/Lab2_3/USB_HOST/Target/usbh_platform.c
2025-10-10 23:34:34,445 [INFO] CodeEngine:265 - oldGeneratedFile, /home/oleksii/STM32CubeIDE/workspace_1.19.0/workspace_embedded/Lab2_3/USB_HOST/Target/usbh_platform.h_save
2025-10-10 23:34:34,490 [INFO] CodeEngine:289 - Generated code: /home/oleksii/STM32CubeIDE/workspace_1.19.0/workspace_embedded/Lab2_3/USB_HOST/Target/usbh_platform.h
2025-10-10 23:34:34,494 [INFO] CodeEngine:265 - oldGeneratedFile, /home/oleksii/STM32CubeIDE/workspace_1.19.0/workspace_embedded/Lab2_3/Core/Src/stm32f4xx_it.c_save
2025-10-10 23:34:34,611 [INFO] CodeEngine:289 - Generated code: /home/oleksii/STM32CubeIDE/workspace_1.19.0/workspace_embedded/Lab2_3/Core/Src/stm32f4xx_it.c
2025-10-10 23:34:34,612 [INFO] CodeEngine:265 - oldGeneratedFile, /home/oleksii/STM32CubeIDE/workspace_1.19.0/workspace_embedded/Lab2_3/Core/Inc/stm32f4xx_it.h_save
2025-10-10 23:34:34,652 [INFO] CodeEngine:289 - Generated code: /home/oleksii/STM32CubeIDE/workspace_1.19.0/workspace_embedded/Lab2_3/Core/Inc/stm32f4xx_it.h
2025-10-10 23:34:34,658 [INFO] CodeEngine:265 - oldGeneratedFile, /home/oleksii/STM32CubeIDE/workspace_1.19.0/workspace_embedded/Lab2_3/Core/Src/stm32f4xx_hal_msp.c_save
2025-10-10 23:34:34,728 [INFO] CodeEngine:289 - Generated code: /home/oleksii/STM32CubeIDE/workspace_1.19.0/workspace_embedded/Lab2_3/Core/Src/stm32f4xx_hal_msp.c
2025-10-10 23:34:34,729 [INFO] CodeEngine:265 - oldGeneratedFile, /home/oleksii/STM32CubeIDE/workspace_1.19.0/workspace_embedded/Lab2_3/MXTmpFiles/system.tmp_save
2025-10-10 23:34:34,767 [INFO] CodeEngine:289 - Generated code: /home/oleksii/STM32CubeIDE/workspace_1.19.0/workspace_embedded/Lab2_3/MXTmpFiles/system.tmp
2025-10-10 23:34:34,769 [INFO] CodeEngine:321 - oldGeneratedFile, /home/oleksii/STM32CubeIDE/workspace_1.19.0/workspace_embedded/Lab2_3/Core/Inc/stm32f4xx_hal_conf.h_save
2025-10-10 23:34:34,812 [INFO] CodeEngine:345 - Generated code: /home/oleksii/STM32CubeIDE/workspace_1.19.0/workspace_embedded/Lab2_3/Core/Inc/stm32f4xx_hal_conf.h
2025-10-10 23:34:34,830 [INFO] ApiDbMcu:532 - Load IP Config File for I2C1
2025-10-10 23:34:34,832 [INFO] ApiDbMcu:532 - Load IP Config File for I2S3
2025-10-10 23:34:34,834 [INFO] ApiDbMcu:532 - Load IP Config File for SPI1
2025-10-10 23:34:34,837 [INFO] ApiDbMcu:532 - Load IP Config File for RCC
2025-10-10 23:34:34,841 [INFO] CodeEngine:265 - oldGeneratedFile, /home/oleksii/STM32CubeIDE/workspace_1.19.0/workspace_embedded/Lab2_3/Core/Inc/main.h_save
2025-10-10 23:34:34,892 [INFO] CodeEngine:289 - Generated code: /home/oleksii/STM32CubeIDE/workspace_1.19.0/workspace_embedded/Lab2_3/Core/Inc/main.h
2025-10-10 23:34:34,893 [INFO] CodeEngine:265 - oldGeneratedFile, /home/oleksii/STM32CubeIDE/workspace_1.19.0/workspace_embedded/Lab2_3/Core/Src/main.c_save
2025-10-10 23:34:34,947 [INFO] CodeEngine:289 - Generated code: /home/oleksii/STM32CubeIDE/workspace_1.19.0/workspace_embedded/Lab2_3/Core/Src/main.c
2025-10-10 23:34:35,086 [INFO] ProjectBuilder:3606 - Time for Copy HAL[1] : 13mS.
2025-10-10 23:34:35,087 [INFO] ProjectBuilder:5216 - Project Generator version: 4.7.0-B52
2025-10-10 23:34:35,142 [INFO] ConfigFileManager:1595 - The Die is : DIE413
2025-10-10 23:34:35,143 [INFO] ApiDbMcu:532 - Load IP Config File for FATFS
2025-10-10 23:34:35,145 [INFO] ApiDbMcu:532 - Load IP Config File for FREERTOS
2025-10-10 23:34:35,146 [INFO] ApiDbMcu:532 - Load IP Config File for LIBJPEG
2025-10-10 23:34:35,149 [INFO] ApiDbMcu:532 - Load IP Config File for LWIP
2025-10-10 23:34:35,151 [INFO] ApiDbMcu:532 - Load IP Config File for MBEDTLS
2025-10-10 23:34:35,154 [INFO] ApiDbMcu:532 - Load IP Config File for USB_DEVICE
2025-10-10 23:34:36,362 [INFO] ProjectBuilder:5496 - Time for Generating toolchain IDE Files: 1275mS.
2025-10-10 23:34:36,362 [INFO] ProjectBuilder:3463 - Time for Copy CMSIS : 0mS.
2025-10-10 23:34:36,363 [INFO] ProjectBuilder:3463 - Time for Copy CMSIS : 0mS.
2025-10-10 23:34:36,790 [INFO] McuFinderGlobals:76 - Set McuFinderConnectedMode to true
2025-10-10 23:34:36,792 [INFO] ApiDb:448 - Save user favorites file /home/oleksii/.stm32cubeide/favorites.mcus.txt: 0 item(s)
2025-10-10 23:34:36,793 [INFO] ApiDb:452 - User favorites MCUs=[]
2025-10-10 23:34:36,793 [INFO] ApiDb:448 - Save user favorites file /home/oleksii/.stm32cubeide/favorites.boards.txt: 0 item(s)
2025-10-10 23:34:36,793 [INFO] ApiDb:452 - User favorites Boards=[]
2025-10-10 23:35:09,058 [ERROR] LogOutputStream:75 - [STDERR_REDIRECT] 
2025-10-10 23:37:56,120 [INFO] Activator:176 - 


2025-10-10 23:37:56,121 [INFO] Activator:177 - !SESSION log4j initialized
2025-10-10 23:37:57,543 [INFO] LogOutputStream:77 - [STDOUT_REDIRECT] 
2025-10-10 23:37:58,734 [INFO] ApplicationProperties:184 - Using Application install path: /opt/st/stm32cubeide_1.19.0/plugins/com.st.stm32cube.common.mx_6.15.0.202507011659
2025-10-10 23:37:58,743 [INFO] DbMcusXml:78 - Set database path to: /opt/st/stm32cubeide_1.19.0/plugins/com.st.stm32cube.common.mx_6.15.0.202507011659//db//mcu/
2025-10-10 23:37:58,743 [INFO] ApiDb:274 - Set plugin database path to: /opt/st/stm32cubeide_1.19.0/plugins/com.st.stm32cube.common.mx_6.15.0.202507011659//db//plugins/boardmanager/
2025-10-10 23:37:58,743 [WARN] ApiDb:259 - Overriding images path with different value:  => /opt/st/stm32cubeide_1.19.0/plugins/com.st.stm32cube.common.mx_6.15.0.202507011659//db//plugins/mcufinder/images/
2025-10-10 23:37:58,745 [INFO] ApiDb:250 - Set database path to: /home/oleksii/.stmcufinder/plugins/mcufinder//mcu/
2025-10-10 23:37:58,745 [INFO] DbMcusAds:125 - Set database path to: /home/oleksii/.stmcufinder/plugins/mcufinder//mcu/
2025-10-10 23:37:58,746 [INFO] CrossReferenceDbSqlite:203 - Set database path to: /home/oleksii/.stmcufinder/plugins/mcufinder//mcu/cs/
2025-10-10 23:37:58,809 [INFO] RulesReader:64 - Compatibility file has been processed (317 Rules)
2025-10-10 23:37:58,840 [INFO] DbMcusXml:78 - Set database path to: /opt/st/stm32cubeide_1.19.0/plugins/com.st.stm32cube.common.mx_6.15.0.202507011659//db//mcu/
2025-10-10 23:37:58,840 [INFO] ApiDb:274 - Set plugin database path to: /opt/st/stm32cubeide_1.19.0/plugins/com.st.stm32cube.common.mx_6.15.0.202507011659//db//plugins/boardmanager/
2025-10-10 23:37:58,840 [INFO] ApiDb:261 - Set plugin images path to: /opt/st/stm32cubeide_1.19.0/plugins/com.st.stm32cube.common.mx_6.15.0.202507011659//db//plugins/mcufinder/images/
2025-10-10 23:37:58,841 [WARN] DbFile:41 - Overriding database path with different value: /home/oleksii/.stmcufinder/plugins/mcufinder/ => /home/oleksii/.stmcufinder/plugins/mcufinder
2025-10-10 23:37:58,841 [INFO] ApiDb:250 - Set database path to: /home/oleksii/.stmcufinder/plugins/mcufinder//mcu/
2025-10-10 23:37:58,841 [WARN] DbFile:41 - Overriding database path with different value: /home/oleksii/.stmcufinder/plugins/mcufinder/ => /home/oleksii/.stmcufinder/plugins/mcufinder
2025-10-10 23:37:58,841 [INFO] DbMcusAds:125 - Set database path to: /home/oleksii/.stmcufinder/plugins/mcufinder//mcu/
2025-10-10 23:37:58,841 [WARN] DbFile:41 - Overriding database path with different value: /home/oleksii/.stmcufinder/plugins/mcufinder/ => /home/oleksii/.stmcufinder/plugins/mcufinder
2025-10-10 23:37:58,841 [WARN] DbFile:41 - Overriding database path with different value: /home/oleksii/.stmcufinder/plugins/mcufinder/ => /home/oleksii/.stmcufinder/plugins/mcufinder
2025-10-10 23:37:58,841 [INFO] CrossReferenceDbSqlite:203 - Set database path to: /home/oleksii/.stmcufinder/plugins/mcufinder//mcu/cs/
2025-10-10 23:37:58,872 [INFO] MainPanel:274 - HeapMemory: 268435456
2025-10-10 23:37:58,930 [INFO] DbMcusXml:78 - Set database path to: /opt/st/stm32cubeide_1.19.0/plugins/com.st.stm32cube.common.mx_6.15.0.202507011659//db//mcu/
2025-10-10 23:37:58,930 [INFO] ApiDb:274 - Set plugin database path to: /opt/st/stm32cubeide_1.19.0/plugins/com.st.stm32cube.common.mx_6.15.0.202507011659//db//plugins/boardmanager/
2025-10-10 23:37:58,931 [INFO] ApiDb:261 - Set plugin images path to: /opt/st/stm32cubeide_1.19.0/plugins/com.st.stm32cube.common.mx_6.15.0.202507011659//db//plugins/mcufinder/images/
2025-10-10 23:37:58,931 [WARN] DbFile:41 - Overriding database path with different value: /home/oleksii/.stmcufinder/plugins/mcufinder/ => /home/oleksii/.stmcufinder/plugins/mcufinder
2025-10-10 23:37:58,931 [INFO] ApiDb:250 - Set database path to: /home/oleksii/.stmcufinder/plugins/mcufinder//mcu/
2025-10-10 23:37:58,931 [WARN] DbFile:41 - Overriding database path with different value: /home/oleksii/.stmcufinder/plugins/mcufinder/ => /home/oleksii/.stmcufinder/plugins/mcufinder
2025-10-10 23:37:58,931 [INFO] DbMcusAds:125 - Set database path to: /home/oleksii/.stmcufinder/plugins/mcufinder//mcu/
2025-10-10 23:37:58,931 [WARN] DbFile:41 - Overriding database path with different value: /home/oleksii/.stmcufinder/plugins/mcufinder/ => /home/oleksii/.stmcufinder/plugins/mcufinder
2025-10-10 23:37:58,931 [WARN] DbFile:41 - Overriding database path with different value: /home/oleksii/.stmcufinder/plugins/mcufinder/ => /home/oleksii/.stmcufinder/plugins/mcufinder
2025-10-10 23:37:58,931 [INFO] CrossReferenceDbSqlite:203 - Set database path to: /home/oleksii/.stmcufinder/plugins/mcufinder//mcu/cs/
2025-10-10 23:37:58,939 [INFO] ApplicationProperties:184 - Using Application install path: /opt/st/stm32cubeide_1.19.0/plugins/com.st.stm32cube.common.mx_6.15.0.202507011659
2025-10-10 23:37:58,939 [INFO] PluginManage:196 - Search for loadable plugins [exclusion list=, ]
2025-10-10 23:37:58,940 [INFO] PluginManage:310 - Check plugin analytics
2025-10-10 23:37:59,017 [INFO] AnalyticsPlugin:253 - Accepted Software Licenses: 
2025-10-10 23:37:59,017 [INFO] AnalyticsPlugin:255 - Accepted CMSIS Pack Licenses: 
2025-10-10 23:37:59,017 [INFO] AnalyticsPlugin:257 - Accepted Firmware Licenses: FW.F4.1.28.0
2025-10-10 23:37:59,018 [INFO] PluginManage:359 - Loaded plugin analytics (category:tool,tabindex:-1)
2025-10-10 23:37:59,019 [INFO] PluginManage:310 - Check plugin cadmodel
2025-10-10 23:37:59,021 [INFO] CADModel:105 - Init CAD model plugin
2025-10-10 23:37:59,021 [INFO] PluginManage:359 - Loaded plugin cadmodel (category:power,tabindex:5)
2025-10-10 23:37:59,021 [INFO] PluginManage:310 - Check plugin clock
2025-10-10 23:37:59,025 [INFO] PluginManage:359 - Loaded plugin clock (category:base,tabindex:2)
2025-10-10 23:37:59,025 [INFO] PluginManage:310 - Check plugin ddr
2025-10-10 23:37:59,026 [INFO] PluginManage:359 - Loaded plugin ddr (category:tool,tabindex:6)
2025-10-10 23:37:59,026 [INFO] PluginManage:310 - Check plugin filemanager
2025-10-10 23:37:59,122 [INFO] PluginManage:359 - Loaded plugin filemanager (category:base,tabindex:10)
2025-10-10 23:37:59,122 [INFO] PluginManage:310 - Check plugin ipmanager
2025-10-10 23:37:59,126 [INFO] PluginManage:359 - Loaded plugin ipmanager (category:base,tabindex:5)
2025-10-10 23:37:59,126 [INFO] PluginManage:310 - Check plugin lpbam
2025-10-10 23:37:59,140 [INFO] PluginManage:359 - Loaded plugin lpbam (category:base,tabindex:0)
2025-10-10 23:37:59,140 [INFO] PluginManage:310 - Check plugin memorymap
2025-10-10 23:37:59,148 [INFO] PluginManage:359 - Loaded plugin memorymap (category:base,tabindex:4)
2025-10-10 23:37:59,148 [INFO] PluginManage:310 - Check plugin pinoutandconfiguration
2025-10-10 23:37:59,152 [INFO] PluginManage:359 - Loaded plugin pinoutandconfiguration (category:base,tabindex:1)
2025-10-10 23:37:59,153 [INFO] PluginManage:310 - Check plugin pinoutconfig
2025-10-10 23:37:59,196 [WARN] SupportedApi:132 - Cannot load RTOS API schema: s4s-elt-must-match.1: The content of 'definitions' must match (annotation?, (simpleType | complexType)?, (unique | key | keyref)*)). A problem was found starting at: attribute.
2025-10-10 23:37:59,255 [INFO] PluginManage:359 - Loaded plugin pinoutconfig (category:base,tabindex:0)
2025-10-10 23:37:59,255 [INFO] PluginManage:310 - Check plugin power
2025-10-10 23:37:59,259 [INFO] PluginManage:359 - Loaded plugin power (category:power,tabindex:4)
2025-10-10 23:37:59,259 [INFO] PluginManage:310 - Check plugin projectmanager
2025-10-10 23:37:59,267 [INFO] PluginManage:359 - Loaded plugin projectmanager (category:projectmanager,tabindex:4)
2025-10-10 23:37:59,267 [INFO] PluginManage:310 - Check plugin rif
2025-10-10 23:37:59,270 [INFO] PluginManage:359 - Loaded plugin rif (category:base,tabindex:3)
2025-10-10 23:37:59,270 [INFO] PluginManage:310 - Check plugin thirdparty
2025-10-10 23:37:59,324 [INFO] PluginManage:359 - Loaded plugin thirdparty (category:base,tabindex:-1)
2025-10-10 23:37:59,324 [WARN] IntegrityCheckThread:84 - waiting for thirdparty lock release [integrity check]
2025-10-10 23:37:59,324 [INFO] PluginManage:310 - Check plugin tools
2025-10-10 23:37:59,324 [INFO] IntegrityCheckThread:86 - entering critical section [integrity check]
2025-10-10 23:37:59,324 [INFO] ThirdPartyUpdaterWithRetryManager:70 - Updater plugin not ready yet. [1/15]
2025-10-10 23:37:59,325 [INFO] PluginManage:359 - Loaded plugin tools (category:base,tabindex:7)
2025-10-10 23:37:59,325 [INFO] PluginManage:310 - Check plugin tutovideos
2025-10-10 23:37:59,415 [INFO] PluginManage:359 - Loaded plugin tutovideos (category:base,tabindex:-1)
2025-10-10 23:37:59,415 [INFO] PluginManage:310 - Check plugin updater
2025-10-10 23:37:59,425 [INFO] PluginManage:359 - Loaded plugin updater (category:base,tabindex:12)
2025-10-10 23:37:59,425 [INFO] PluginManage:310 - Check plugin userauth
2025-10-10 23:37:59,427 [INFO] UserAuth:118 - Init User Auth plugin
2025-10-10 23:37:59,427 [INFO] PluginManage:359 - Loaded plugin userauth (category:base,tabindex:14)
2025-10-10 23:37:59,428 [INFO] PluginManage:283 - PluginManage : Loaded plugins [18]
2025-10-10 23:37:59,519 [INFO] PinOutPanel:1589 - setPackage(No Configuration,No Configuration)
2025-10-10 23:37:59,550 [INFO] CADModel:165 - CPN selected for project level
2025-10-10 23:37:59,550 [INFO] CADModel:114 - Register for checkConnection events
2025-10-10 23:37:59,554 [INFO] IPUIPlugin:80 - create IPUIPlugin
2025-10-10 23:37:59,554 [INFO] PluginManager:220 - loadIPPluginJar : add radio
2025-10-10 23:37:59,556 [INFO] IPUIPlugin:80 - create IPUIPlugin
2025-10-10 23:37:59,556 [INFO] PluginManager:220 - loadIPPluginJar : add spi
2025-10-10 23:37:59,557 [INFO] IPUIPlugin:80 - create IPUIPlugin
2025-10-10 23:37:59,557 [INFO] PluginManager:220 - loadIPPluginJar : add tsc
2025-10-10 23:37:59,559 [INFO] IPUIPlugin:80 - create IPUIPlugin
2025-10-10 23:37:59,559 [INFO] PluginManager:220 - loadIPPluginJar : add fmc
2025-10-10 23:37:59,560 [INFO] IPUIPlugin:80 - create IPUIPlugin
2025-10-10 23:37:59,560 [INFO] PluginManager:220 - loadIPPluginJar : add hash
2025-10-10 23:37:59,561 [INFO] IPUIPlugin:80 - create IPUIPlugin
2025-10-10 23:37:59,561 [INFO] PluginManager:220 - loadIPPluginJar : add extmemmanager
2025-10-10 23:37:59,562 [INFO] IPUIPlugin:80 - create IPUIPlugin
2025-10-10 23:37:59,562 [INFO] PluginManager:220 - loadIPPluginJar : add tim
2025-10-10 23:37:59,562 [INFO] IPUIPlugin:80 - create IPUIPlugin
2025-10-10 23:37:59,562 [INFO] PluginManager:220 - loadIPPluginJar : add ltdc
2025-10-10 23:37:59,563 [INFO] IPUIPlugin:80 - create IPUIPlugin
2025-10-10 23:37:59,563 [INFO] PluginManager:220 - loadIPPluginJar : add quadspi
2025-10-10 23:37:59,565 [INFO] IPUIPlugin:80 - create IPUIPlugin
2025-10-10 23:37:59,565 [INFO] PluginManager:220 - loadIPPluginJar : add gic
2025-10-10 23:37:59,566 [INFO] IPUIPlugin:80 - create IPUIPlugin
2025-10-10 23:37:59,566 [INFO] PluginManager:220 - loadIPPluginJar : add comp
2025-10-10 23:37:59,567 [INFO] IPUIPlugin:80 - create IPUIPlugin
2025-10-10 23:37:59,567 [INFO] PluginManager:220 - loadIPPluginJar : add fatfs
2025-10-10 23:37:59,570 [INFO] IPUIPlugin:80 - create IPUIPlugin
2025-10-10 23:37:59,570 [INFO] PluginManager:220 - loadIPPluginJar : add linkedlist
2025-10-10 23:37:59,571 [INFO] IPUIPlugin:80 - create IPUIPlugin
2025-10-10 23:37:59,571 [INFO] PluginManager:220 - loadIPPluginJar : add ucpd
2025-10-10 23:37:59,572 [INFO] IPUIPlugin:80 - create IPUIPlugin
2025-10-10 23:37:59,572 [INFO] PluginManager:220 - loadIPPluginJar : add ddr_ctrl_phy
2025-10-10 23:37:59,573 [INFO] IPUIPlugin:80 - create IPUIPlugin
2025-10-10 23:37:59,573 [INFO] PluginManager:220 - loadIPPluginJar : add gfxmmu
2025-10-10 23:37:59,574 [INFO] IPUIPlugin:80 - create IPUIPlugin
2025-10-10 23:37:59,574 [INFO] PluginManager:220 - loadIPPluginJar : add usart
2025-10-10 23:37:59,577 [INFO] IPUIPlugin:80 - create IPUIPlugin
2025-10-10 23:37:59,577 [INFO] PluginManager:220 - loadIPPluginJar : add dma
2025-10-10 23:37:59,578 [INFO] IPUIPlugin:80 - create IPUIPlugin
2025-10-10 23:37:59,578 [INFO] PluginManager:220 - loadIPPluginJar : add aes
2025-10-10 23:37:59,580 [INFO] IPUIPlugin:80 - create IPUIPlugin
2025-10-10 23:37:59,582 [INFO] PluginManager:220 - loadIPPluginJar : add plateformsettings
2025-10-10 23:37:59,582 [INFO] IPUIPlugin:80 - create IPUIPlugin
2025-10-10 23:37:59,582 [INFO] PluginManager:220 - loadIPPluginJar : add genericplugin
2025-10-10 23:37:59,583 [INFO] IPUIPlugin:80 - create IPUIPlugin
2025-10-10 23:37:59,584 [INFO] PluginManager:220 - loadIPPluginJar : add pdm2pcm
2025-10-10 23:37:59,585 [INFO] IPUIPlugin:80 - create IPUIPlugin
2025-10-10 23:37:59,585 [INFO] PluginManager:220 - loadIPPluginJar : add ipddr
2025-10-10 23:37:59,586 [INFO] IPUIPlugin:80 - create IPUIPlugin
2025-10-10 23:37:59,586 [INFO] PluginManager:220 - loadIPPluginJar : add opamp
2025-10-10 23:37:59,588 [INFO] IPUIPlugin:80 - create IPUIPlugin
2025-10-10 23:37:59,588 [INFO] PluginManager:220 - loadIPPluginJar : add dma3
2025-10-10 23:37:59,589 [INFO] IPUIPlugin:80 - create IPUIPlugin
2025-10-10 23:37:59,589 [INFO] PluginManager:220 - loadIPPluginJar : add dfsdm
2025-10-10 23:37:59,589 [INFO] IPUIPlugin:80 - create IPUIPlugin
2025-10-10 23:37:59,589 [INFO] PluginManager:220 - loadIPPluginJar : add ts
2025-10-10 23:37:59,591 [INFO] IPUIPlugin:80 - create IPUIPlugin
2025-10-10 23:37:59,591 [INFO] PluginManager:220 - loadIPPluginJar : add nvic
2025-10-10 23:37:59,592 [INFO] IPUIPlugin:80 - create IPUIPlugin
2025-10-10 23:37:59,592 [INFO] PluginManager:220 - loadIPPluginJar : add cryp
2025-10-10 23:37:59,594 [INFO] IPUIPlugin:80 - create IPUIPlugin
2025-10-10 23:37:59,594 [INFO] PluginManager:220 - loadIPPluginJar : add freertos
2025-10-10 23:37:59,595 [INFO] IPUIPlugin:80 - create IPUIPlugin
2025-10-10 23:37:59,595 [INFO] PluginManager:220 - loadIPPluginJar : add resmgrutility
2025-10-10 23:37:59,596 [INFO] IPUIPlugin:80 - create IPUIPlugin
2025-10-10 23:37:59,596 [INFO] PluginManager:220 - loadIPPluginJar : add gtzc
2025-10-10 23:37:59,597 [INFO] IPUIPlugin:80 - create IPUIPlugin
2025-10-10 23:37:59,597 [INFO] PluginManager:220 - loadIPPluginJar : add tracer_emb
2025-10-10 23:37:59,600 [INFO] IPUIPlugin:80 - create IPUIPlugin
2025-10-10 23:37:59,600 [INFO] PluginManager:220 - loadIPPluginJar : add stm32_wpan
2025-10-10 23:37:59,601 [INFO] IPUIPlugin:80 - create IPUIPlugin
2025-10-10 23:37:59,601 [INFO] PluginManager:220 - loadIPPluginJar : add gpio
2025-10-10 23:37:59,603 [INFO] IPUIPlugin:80 - create IPUIPlugin
2025-10-10 23:37:59,603 [INFO] PluginManager:220 - loadIPPluginJar : add sai
2025-10-10 23:37:59,604 [INFO] IPUIPlugin:80 - create IPUIPlugin
2025-10-10 23:37:59,604 [INFO] PluginManager:220 - loadIPPluginJar : add usbx
2025-10-10 23:37:59,605 [INFO] IPUIPlugin:80 - create IPUIPlugin
2025-10-10 23:37:59,605 [INFO] PluginManager:220 - loadIPPluginJar : add touchsensing
2025-10-10 23:37:59,606 [INFO] IPUIPlugin:80 - create IPUIPlugin
2025-10-10 23:37:59,606 [INFO] PluginManager:220 - loadIPPluginJar : add openamp
2025-10-10 23:37:59,607 [INFO] IPUIPlugin:80 - create IPUIPlugin
2025-10-10 23:37:59,607 [INFO] PluginManager:220 - loadIPPluginJar : add i3c
2025-10-10 23:37:59,608 [INFO] IPUIPlugin:80 - create IPUIPlugin
2025-10-10 23:37:59,608 [INFO] PluginManager:220 - loadIPPluginJar : add i2s
2025-10-10 23:37:59,609 [INFO] IPUIPlugin:80 - create IPUIPlugin
2025-10-10 23:37:59,609 [INFO] PluginManager:220 - loadIPPluginJar : add can
2025-10-10 23:37:59,610 [INFO] IPUIPlugin:80 - create IPUIPlugin
2025-10-10 23:37:59,610 [INFO] PluginManager:220 - loadIPPluginJar : add lorawan
2025-10-10 23:37:59,613 [INFO] IPUIPlugin:80 - create IPUIPlugin
2025-10-10 23:37:59,613 [INFO] PluginManager:220 - loadIPPluginJar : add adc
2025-10-10 23:37:59,614 [INFO] IPUIPlugin:80 - create IPUIPlugin
2025-10-10 23:37:59,614 [INFO] PluginManager:220 - loadIPPluginJar : add i2c
2025-10-10 23:37:59,616 [INFO] IPUIPlugin:80 - create IPUIPlugin
2025-10-10 23:37:59,617 [INFO] PluginManager:220 - loadIPPluginJar : add mdma
2025-10-10 23:37:59,705 [FATAL] Updater:351 - Updater called before beeing initialized
2025-10-10 23:37:59,718 [INFO] RulesReader:64 - Compatibility file has been processed (317 Rules)
2025-10-10 23:37:59,724 [INFO] RulesReader:64 - Compatibility file has been processed (317 Rules)
2025-10-10 23:37:59,729 [INFO] CADModel:165 - CPN selected for project level
2025-10-10 23:37:59,729 [INFO] CADModel:114 - Register for checkConnection events
2025-10-10 23:37:59,729 [FATAL] Updater:351 - Updater called before beeing initialized
2025-10-10 23:37:59,729 [ERROR] CADModel:125 - Updater not yet initialized, retry later 
2025-10-10 23:37:59,786 [FATAL] Updater:351 - Updater called before beeing initialized
2025-10-10 23:37:59,786 [INFO] CADModel:165 - CPN selected for project level
2025-10-10 23:37:59,786 [INFO] CADModel:114 - Register for checkConnection events
2025-10-10 23:37:59,787 [FATAL] Updater:351 - Updater called before beeing initialized
2025-10-10 23:37:59,787 [ERROR] CADModel:125 - Updater not yet initialized, retry later 
2025-10-10 23:37:59,788 [FATAL] Updater:351 - Updater called before beeing initialized
2025-10-10 23:37:59,831 [FATAL] Updater:351 - Updater called before beeing initialized
2025-10-10 23:37:59,833 [INFO] DbMcusAds:53 - JSON generation date=Thu Oct 02 12:36:05 EEST 2025 (1759397765645)
2025-10-10 23:37:59,833 [FATAL] Updater:351 - Updater called before beeing initialized
2025-10-10 23:37:59,852 [WARN] DetailPanel:346 - Failed to get advertising image, set to default
2025-10-10 23:37:59,895 [FATAL] Updater:351 - Updater called before beeing initialized
2025-10-10 23:37:59,896 [FATAL] Updater:351 - Updater called before beeing initialized
2025-10-10 23:37:59,896 [FATAL] Updater:351 - Updater called before beeing initialized
2025-10-10 23:37:59,896 [WARN] DetailPanel:346 - Failed to get advertising image, set to default
2025-10-10 23:37:59,897 [FATAL] Updater:351 - Updater called before beeing initialized
2025-10-10 23:37:59,914 [ERROR] Updater:1198 - MainUpdater not yet initialized. External WinMGr cannot be set.
2025-10-10 23:37:59,915 [INFO] Updater:1134 - Updater Version found : 6.15.0
2025-10-10 23:37:59,923 [INFO] ApplicationProperties:184 - Using Application install path: /opt/st/stm32cubeide_1.19.0/plugins/com.st.stm32cube.common.mx_6.15.0.202507011659
2025-10-10 23:38:00,173 [INFO] MainUpdater:2872 - connection check result : 10
2025-10-10 23:38:00,173 [INFO] MainUpdater:289 - Updater Check For Update Now.
2025-10-10 23:38:00,173 [INFO] MicroXplorer:498 - Change Database Version : DB.6.0.150
2025-10-10 23:38:00,175 [INFO] McuFinderGlobals:63 - Set McuFinder mode to 2 (CubeIDE integrated)
2025-10-10 23:38:00,176 [INFO] UserAuth:487 - Internet connection configuration mode: 1
2025-10-10 23:38:00,183 [INFO] JxBrowserEngine:152 - Initiate JxBrowser Engine with user profile folder
2025-10-10 23:38:00,325 [INFO] CheckServerUpdateThread:120 - End of CheckServer Thread
2025-10-10 23:38:00,522 [INFO] WebApp:169 - Instantiating new browser for Auth
2025-10-10 23:38:00,864 [INFO] WebApp:463 - Apply proxy settings
2025-10-10 23:38:00,864 [INFO] WebApp:548 - Chromium requires no authentication
2025-10-10 23:38:00,867 [INFO] WebApp:491 - Direct internet connection detected
2025-10-10 23:38:00,876 [INFO] WebApp:900 - Register for checkConnection events
2025-10-10 23:38:00,876 [INFO] WebApp:463 - Apply proxy settings
2025-10-10 23:38:00,876 [INFO] WebApp:548 - Chromium requires no authentication
2025-10-10 23:38:00,876 [INFO] WebApp:491 - Direct internet connection detected
2025-10-10 23:38:00,943 [INFO] WebApp:225 - Starting web application
2025-10-10 23:38:00,944 [INFO] WebApp:593 - Web application path used /opt/st/stm32cubeide_1.19.0/plugins/com.st.stm32cube.common.mx_6.15.0.202507011659/db/plugins/mcufinder/reactClient1/index.html
2025-10-10 23:38:00,995 [INFO] UserAuth:487 - Internet connection configuration mode: 1
2025-10-10 23:38:01,108 [INFO] WebApp:191 - Connection restablished
2025-10-10 23:38:02,393 [WARN] PackLoader:240 - Cannot read IP mode file for STMicroelectronics.FP-SNS-MOTENVWB1.1.4.0
2025-10-10 23:38:02,397 [WARN] PackLoader:240 - Cannot read IP mode file for STMicroelectronics.FP-ATR-ASTRA1.2.0.2
2025-10-10 23:38:02,400 [WARN] PackLoader:240 - Cannot read IP mode file for STMicroelectronics.X-CUBE-SMBUS.2.1.0
2025-10-10 23:38:02,402 [WARN] PackLoader:240 - Cannot read IP mode file for STMicroelectronics.X-CUBE-ST60.1.0.0
2025-10-10 23:38:02,420 [WARN] PackLoader:240 - Cannot read IP mode file for STMicroelectronics.X-CUBE-AZRTOS-F7.1.1.0
2025-10-10 23:38:02,428 [WARN] PackLoader:240 - Cannot read IP mode file for WES.I-CUBE-Cesium.1.4.0
2025-10-10 23:38:02,445 [WARN] PackLoader:240 - Cannot read IP mode file for Infineon.AIROC-Wi-Fi-Bluetooth-STM32.1.7.1
2025-10-10 23:38:02,472 [WARN] PackLoader:240 - Cannot read IP mode file for STMicroelectronics.X-CUBE-AZRTOS-H7.3.4.0
2025-10-10 23:38:02,482 [WARN] PackLoader:240 - Cannot read IP mode file for STMicroelectronics.X-CUBE-DISPLAY.3.0.0
2025-10-10 23:38:02,510 [WARN] PackLoader:240 - Cannot read IP mode file for STMicroelectronics.X-CUBE-NFC10.1.0.0
2025-10-10 23:38:02,514 [WARN] PackLoader:240 - Cannot read IP mode file for emotas.I-CUBE-CANOPEN.1.3.0
2025-10-10 23:38:02,518 [WARN] PackLoader:240 - Cannot read IP mode file for STMicroelectronics.FP-SNS-STBOX1.2.1.0
2025-10-10 23:38:02,523 [WARN] PackLoader:240 - Cannot read IP mode file for STMicroelectronics.FP-SNS-SMARTAG2.1.2.0
2025-10-10 23:38:02,526 [WARN] PackLoader:240 - Cannot read IP mode file for STMicroelectronics.FP-SNS-FLIGHT1.5.1.0
2025-10-10 23:38:02,532 [INFO] LogOutputStream:77 - [STDOUT_REDIRECT] 1 : Invalid condition id : UX_CORESTACK_Condition cause : null
2025-10-10 23:38:02,532 [INFO] LogOutputStream:77 - [STDOUT_REDIRECT] 1 : Invalid condition id : UX_CORESTACK_Condition cause : null
2025-10-10 23:38:02,532 [INFO] LogOutputStream:77 - [STDOUT_REDIRECT] 1 : Invalid condition id : UX_CORESTACK_Condition cause : null
2025-10-10 23:38:02,533 [INFO] LogOutputStream:77 - [STDOUT_REDIRECT] 1 : Invalid condition id : UX_CORESTACK_Condition cause : null
2025-10-10 23:38:02,533 [INFO] LogOutputStream:77 - [STDOUT_REDIRECT] 1 : Invalid condition id : UX_CORESTACK_Condition cause : null
2025-10-10 23:38:02,535 [WARN] PackLoader:240 - Cannot read IP mode file for STMicroelectronics.X-CUBE-AZRTOS-WL.2.0.0
2025-10-10 23:38:02,540 [WARN] PackLoader:240 - Cannot read IP mode file for STMicroelectronics.FP-SNS-MOTENV1.5.0.0
2025-10-10 23:38:02,544 [WARN] PackLoader:240 - Cannot read IP mode file for STMicroelectronics.X-CUBE-BLE2.3.3.0
2025-10-10 23:38:02,548 [WARN] PackLoader:240 - Cannot read IP mode file for STMicroelectronics.X-CUBE-NFC9.1.0.0
2025-10-10 23:38:02,551 [WARN] PackLoader:240 - Cannot read IP mode file for wolfSSL.I-CUBE-wolfSSL.5.8.2
2025-10-10 23:38:02,555 [WARN] PackLoader:240 - Cannot read IP mode file for STMicroelectronics.X-CUBE-BLE1.7.1.0
2025-10-10 23:38:02,557 [WARN] PackLoader:240 - Cannot read IP mode file for wolfSSL.I-CUBE-wolfMQTT.1.19.2
2025-10-10 23:38:02,561 [WARN] PackLoader:240 - Cannot read IP mode file for STMicroelectronics.X-CUBE-EEPRMA1.5.2.0
2025-10-10 23:38:02,573 [WARN] PackLoader:240 - Cannot read IP mode file for STMicroelectronics.X-CUBE-AZRTOS-G0.1.1.0
2025-10-10 23:38:02,577 [WARN] PackLoader:240 - Cannot read IP mode file for STMicroelectronics.X-CUBE-SAFEA1.1.2.2
2025-10-10 23:38:02,580 [WARN] PackLoader:240 - Cannot read IP mode file for STMicroelectronics.X-CUBE-NFC4.3.0.0
2025-10-10 23:38:02,584 [WARN] PackLoader:240 - Cannot read IP mode file for EmbeddedOffice.I-CUBE-FS-RTOS.1.0.1
2025-10-10 23:38:02,587 [WARN] PackLoader:240 - Cannot read IP mode file for STMicroelectronics.X-CUBE-WB05N.2.0.0
2025-10-10 23:38:02,590 [WARN] PackLoader:240 - Cannot read IP mode file for wolfSSL.I-CUBE-wolfTPM.3.8.0
2025-10-10 23:38:02,592 [WARN] PackLoader:240 - Cannot read IP mode file for STMicroelectronics.X-CUBE-TCPP.4.2.0
2025-10-10 23:38:02,595 [WARN] PackLoader:240 - Cannot read IP mode file for RealThread.X-CUBE-RT-Thread_Nano.4.1.1
2025-10-10 23:38:02,597 [WARN] PackLoader:240 - Cannot read IP mode file for STMicroelectronics.FP-ATR-SIGFOX1.3.2.0
2025-10-10 23:38:02,599 [WARN] PackLoader:240 - Cannot read IP mode file for ITTIA_DB.I-CUBE-ITTIADB.8.9.0
2025-10-10 23:38:02,602 [WARN] PackLoader:240 - Cannot read IP mode file for STMicroelectronics.X-CUBE-ST67W61.1.0.0
2025-10-10 23:38:02,605 [WARN] PackLoader:240 - Cannot read IP mode file for STMicroelectronics.X-CUBE-AI.10.2.0
2025-10-10 23:38:02,621 [WARN] PackLoader:240 - Cannot read IP mode file for SEGGER.I-CUBE-embOS.1.3.1
2025-10-10 23:38:02,645 [WARN] PackLoader:240 - Cannot read IP mode file for STMicroelectronics.X-CUBE-ALGOBUILD.1.4.0
2025-10-10 23:38:02,669 [WARN] PackLoader:240 - Cannot read IP mode file for STMicroelectronics.X-CUBE-MEMS1.11.3.0
2025-10-10 23:38:02,757 [WARN] PackLoader:240 - Cannot read IP mode file for STMicroelectronics.X-CUBE-PM33A1.1.0.0
2025-10-10 23:38:02,766 [WARN] PackLoader:240 - Cannot read IP mode file for STMicroelectronics.X-CUBE-AZRTOS-F4.1.1.0
2025-10-10 23:38:02,769 [WARN] PackLoader:240 - Cannot read IP mode file for Avnet-IotConnect.X-CUBE-IoTC-DA16k-PMOD.1.0.0
2025-10-10 23:38:02,771 [WARN] PackLoader:240 - Cannot read IP mode file for STMicroelectronics.X-CUBE-ISPU.2.1.0
2025-10-10 23:38:02,774 [WARN] PackLoader:240 - Cannot read IP mode file for STMicroelectronics.X-CUBE-NFC12.1.0.0
2025-10-10 23:38:02,783 [WARN] PackLoader:240 - Cannot read IP mode file for STMicroelectronics.X-CUBE-AZRTOS-L5.2.0.0
2025-10-10 23:38:02,787 [WARN] PackLoader:240 - Cannot read IP mode file for STMicroelectronics.X-CUBE-NFC6.3.1.0
2025-10-10 23:38:02,791 [WARN] PackLoader:240 - Cannot read IP mode file for STMicroelectronics.X-CUBE-FREERTOS.1.3.1
2025-10-10 23:38:02,793 [WARN] PackLoader:240 - Cannot read IP mode file for STMicroelectronics.X-CUBE-TOUCHGFX.4.26.0
2025-10-10 23:38:02,795 [WARN] PackLoader:240 - Cannot read IP mode file for STMicroelectronics.FP-SNS-STAIOTCFT.1.0.0
2025-10-10 23:38:02,797 [WARN] PackLoader:240 - Cannot read IP mode file for STMicroelectronics.X-CUBE-DPower.1.3.0
2025-10-10 23:38:02,806 [WARN] ConditionMgr:438 - getConditionDescription Invalid condition id : LAN8742 Phy interface Condition cause : null
2025-10-10 23:38:02,807 [WARN] PackLoader:240 - Cannot read IP mode file for STMicroelectronics.X-CUBE-AZRTOS-L4.2.0.0
2025-10-10 23:38:02,807 [WARN] ConditionMgr:1044 - genDependencies : Invalid condition id : LAN8742 Phy interface Condition cause : null
2025-10-10 23:38:02,808 [WARN] ConditionMgr:1044 - genDependencies : Invalid condition id : LAN8742 Phy interface Condition cause : null
2025-10-10 23:38:02,808 [WARN] ConditionMgr:1044 - genDependencies : Invalid condition id : LAN8742 Phy interface Condition cause : null
2025-10-10 23:38:02,811 [WARN] PackLoader:240 - Cannot read IP mode file for STMicroelectronics.X-CUBE-SFXS2LP1.4.0.0
2025-10-10 23:38:02,817 [WARN] PackLoader:240 - Cannot read IP mode file for STMicroelectronics.X-CUBE-BLEMGR.4.1.0
2025-10-10 23:38:02,824 [WARN] ConditionMgr:438 - getConditionDescription Invalid condition id : UX DEVICE CLASS RTOS Condition cause : null
2025-10-10 23:38:02,824 [WARN] ConditionMgr:438 - getConditionDescription Invalid condition id : UX DEVICE CLASS RTOS Condition cause : null
2025-10-10 23:38:02,825 [WARN] PackLoader:240 - Cannot read IP mode file for STMicroelectronics.X-CUBE-AZRTOS-WB.2.0.0
2025-10-10 23:38:02,826 [WARN] ConditionMgr:1044 - genDependencies : Invalid condition id : UX DEVICE CLASS RTOS Condition cause : null
2025-10-10 23:38:02,826 [WARN] ConditionMgr:1044 - genDependencies : Invalid condition id : UX DEVICE CLASS RTOS Condition cause : null
2025-10-10 23:38:02,826 [WARN] ConditionMgr:1044 - genDependencies : Invalid condition id : UX DEVICE CLASS RTOS Condition cause : null
2025-10-10 23:38:02,826 [WARN] ConditionMgr:1044 - genDependencies : Invalid condition id : UX DEVICE CLASS RTOS Condition cause : null
2025-10-10 23:38:02,826 [WARN] ConditionMgr:1044 - genDependencies : Invalid condition id : UX DEVICE CLASS RTOS Condition cause : null
2025-10-10 23:38:02,829 [WARN] PackLoader:240 - Cannot read IP mode file for STMicroelectronics.X-CUBE-GNSS1.7.0.1
2025-10-10 23:38:02,831 [WARN] PackLoader:240 - Cannot read IP mode file for STMicroelectronics.X-CUBE-TOUCHGFX.4.25.0
2025-10-10 23:38:02,832 [WARN] ConditionMgr:438 - getConditionDescription Invalid condition id : Cortex-A Device cause : null
2025-10-10 23:38:02,839 [WARN] ConditionMgr:1044 - genDependencies : Invalid condition id : Cortex-A Device cause : null
2025-10-10 23:38:02,839 [WARN] ConditionMgr:1044 - genDependencies : Invalid condition id : Cortex-A Device cause : null
2025-10-10 23:38:02,839 [WARN] ConditionMgr:1044 - genDependencies : Invalid condition id : Cortex-A Device cause : null
2025-10-10 23:38:02,843 [WARN] PackLoader:240 - Cannot read IP mode file for STMicroelectronics.X-CUBE-SUBG2.5.0.0
2025-10-10 23:38:02,853 [WARN] PackLoader:240 - Cannot read IP mode file for STMicroelectronics.X-CUBE-AZRTOS-H7RS.1.1.0
2025-10-10 23:38:02,856 [WARN] PackLoader:240 - Cannot read IP mode file for Cesanta.I-CUBE-Mongoose.7.13.0
2025-10-10 23:38:02,861 [WARN] PackLoader:240 - Cannot read IP mode file for STMicroelectronics.X-CUBE-AZRTOS-G4.2.0.0
2025-10-10 23:38:02,863 [WARN] PackLoader:240 - Cannot read IP mode file for wolfSSL.I-CUBE-wolfSSH.1.4.20
2025-10-10 23:38:02,865 [WARN] PackLoader:240 - Cannot read IP mode file for STMicroelectronics.X-CUBE-NFC7.2.0.0
2025-10-10 23:38:02,875 [WARN] PackLoader:240 - Cannot read IP mode file for STMicroelectronics.X-CUBE-IPS.3.1.0
2025-10-10 23:38:02,885 [WARN] PackLoader:240 - Cannot read IP mode file for STMicroelectronics.X-CUBE-ALS.1.0.2
2025-10-10 23:38:02,890 [WARN] PackLoader:240 - Cannot read IP mode file for STMicroelectronics.X-CUBE-STSE01.1.0.0
2025-10-10 23:38:02,899 [WARN] PackLoader:240 - Cannot read IP mode file for STMicroelectronics.X-CUBE-TOF1.3.4.3
2025-10-10 23:38:02,910 [INFO] ThirdParty:978 - Integrity check success = true
2025-10-10 23:38:02,910 [INFO] IntegrityCheckThread:100 - exiting critical section [integrity check]
2025-10-10 23:38:02,910 [INFO] IntegrityCheckThread:103 - End integrity checks thread
2025-10-10 23:38:46,543 [INFO] McuFinderGlobals:63 - Set McuFinder mode to 2 (CubeIDE integrated)
2025-10-10 23:38:46,545 [INFO] MainUpdater:2872 - connection check result : 10
2025-10-10 23:38:46,546 [INFO] MainUpdater:2872 - connection check result : 10
2025-10-10 23:38:46,559 [INFO] MicroXplorer:468 - Change Database Path : 
2025-10-10 23:38:46,559 [INFO] MicroXplorer:498 - Change Database Version : DB.6.0.150
2025-10-10 23:38:46,562 [WARN] ThirdParty:871 - waiting for thirdparty lock release [close project]
2025-10-10 23:38:46,562 [INFO] ThirdParty:873 - entering critical section [close project]
2025-10-10 23:38:46,563 [INFO] ThirdParty:883 - exiting critical section [close project]
2025-10-10 23:38:46,565 [INFO] PinOutPanel:1589 - setPackage(No Configuration,No Configuration)
2025-10-10 23:38:46,567 [INFO] UtilMem:75 - Begin LoadConfig() Used Memory: 434390960 Bytes (586153984)
2025-10-10 23:38:46,569 [INFO] MicroXplorer:468 - Change Database Path : 
2025-10-10 23:38:46,569 [INFO] MicroXplorer:498 - Change Database Version : DB.6.0.150
2025-10-10 23:38:46,569 [INFO] OpenFileManager:355 - Change cursor
2025-10-10 23:38:46,598 [INFO] Mcu:2029 - Initializing MCU STM32F407V(E-G)Tx STM32F407VGTx STM32F407VGT6
2025-10-10 23:38:47,528 [INFO] Context:786 - Trying to add GPIOservice into a context  which must be forbidden
2025-10-10 23:38:47,949 [INFO] ImportTextPane:234 - (OptionalMessage_ERROR) Pin36 (VP_RIF_VS_RIF1) cannot be retrieved for this MCU
2025-10-10 23:38:48,028 [INFO] RtosManager:558 - Registered RTOS mode: class=CMSIS, group=RTOS, mode=CMSIS_V1, owner=FREERTOS
2025-10-10 23:38:48,028 [INFO] RtosManager:558 - Registered RTOS mode: class=CMSIS, group=RTOS2, mode=CMSIS_V2, owner=FREERTOS
2025-10-10 23:38:48,028 [INFO] RtosManager:558 - Registered RTOS mode: class=RTOS, group=Core, mode=CMSIS_V1, owner=FREERTOS
2025-10-10 23:38:48,028 [INFO] RtosManager:558 - Registered RTOS mode: class=RTOS, group=Core, mode=CMSIS_V2, owner=FREERTOS
2025-10-10 23:38:48,029 [WARN] ModelIntegratedComponent:184 - Missing modes for component STMicroelectronics:FreeRTOS:0.0.1:STMicroelectronics:RTOS:FreeRTOS:Core:::10.2.0:
2025-10-10 23:38:48,047 [WARN] ModelIntegratedComponent:63 - No mode defined for component null
2025-10-10 23:38:48,047 [WARN] ModelIntegratedComponent:63 - No mode defined for component null
2025-10-10 23:38:48,048 [WARN] ModelIntegratedComponent:63 - No mode defined for component null
2025-10-10 23:38:48,048 [WARN] ModelIntegratedComponent:63 - No mode defined for component null
2025-10-10 23:38:48,048 [WARN] ModelIntegratedComponent:63 - No mode defined for component null
2025-10-10 23:38:48,048 [WARN] ModelIntegratedComponent:63 - No mode defined for component null
2025-10-10 23:38:48,048 [WARN] ModelIntegratedComponent:63 - No mode defined for component null
2025-10-10 23:38:48,048 [WARN] ModelIntegratedComponent:63 - No mode defined for component null
2025-10-10 23:38:48,048 [WARN] ModelIntegratedComponent:63 - No mode defined for component null
2025-10-10 23:38:48,048 [WARN] ModelIntegratedComponent:63 - No mode defined for component null
2025-10-10 23:38:48,048 [WARN] ModelIntegratedComponent:63 - No mode defined for component null
2025-10-10 23:38:48,048 [WARN] ModelIntegratedComponent:63 - No mode defined for component null
2025-10-10 23:38:48,048 [WARN] ModelIntegratedComponent:63 - No mode defined for component null
2025-10-10 23:38:48,048 [WARN] ModelIntegratedComponent:63 - No mode defined for component null
2025-10-10 23:38:48,048 [WARN] ModelIntegratedComponent:63 - No mode defined for component null
2025-10-10 23:38:48,048 [WARN] ModelIntegratedComponent:63 - No mode defined for component null
2025-10-10 23:38:48,049 [WARN] ModelIntegratedComponent:63 - No mode defined for component null
2025-10-10 23:38:48,049 [WARN] ModelIntegratedComponent:63 - No mode defined for component null
2025-10-10 23:38:48,049 [WARN] ModelIntegratedComponent:63 - No mode defined for component null
2025-10-10 23:38:48,049 [WARN] ModelIntegratedComponent:63 - No mode defined for component null
2025-10-10 23:38:48,049 [WARN] ModelIntegratedComponent:63 - No mode defined for component null
2025-10-10 23:38:48,049 [WARN] ModelIntegratedComponent:63 - No mode defined for component null
2025-10-10 23:38:48,049 [WARN] ModelIntegratedComponent:63 - No mode defined for component null
2025-10-10 23:38:48,049 [WARN] ModelIntegratedComponent:63 - No mode defined for component null
2025-10-10 23:38:48,049 [WARN] ModelIntegratedComponent:63 - No mode defined for component null
2025-10-10 23:38:48,049 [WARN] ModelIntegratedComponent:63 - No mode defined for component null
2025-10-10 23:38:48,049 [WARN] ModelIntegratedComponent:63 - No mode defined for component null
2025-10-10 23:38:48,049 [WARN] ModelIntegratedComponent:63 - No mode defined for component null
2025-10-10 23:38:48,049 [WARN] ModelIntegratedComponent:63 - No mode defined for component null
2025-10-10 23:38:48,049 [WARN] ModelIntegratedComponent:63 - No mode defined for component null
2025-10-10 23:38:48,049 [WARN] ModelIntegratedComponent:63 - No mode defined for component null
2025-10-10 23:38:48,050 [WARN] ModelIntegratedComponent:63 - No mode defined for component null
2025-10-10 23:38:48,050 [WARN] ModelIntegratedComponent:63 - No mode defined for component null
2025-10-10 23:38:48,050 [WARN] ModelIntegratedComponent:63 - No mode defined for component null
2025-10-10 23:38:48,050 [WARN] ModelIntegratedComponent:63 - No mode defined for component null
2025-10-10 23:38:48,050 [WARN] ModelPack:524 - Component already loaded: STMicroelectronics:HAL Drivers:0.0.0:STMicroelectronics:Device:STMicro_Driver:XSPI:HAL::0.0.1:HAL_XSPI
2025-10-10 23:38:48,134 [INFO] ThirdPartyModel:298 - Start build external matchings
2025-10-10 23:38:48,495 [INFO] ThirdPartyModel:316 - End build external matchings
2025-10-10 23:38:48,511 [INFO] ImportTextPane:234 - (OptionalMessage_ERROR) IP (RCC) : Parameter (RTCHSEDivFreq_Value) has invalid value (4000000)
2025-10-10 23:38:48,719 [INFO] ApiDb:581 - Connected to CubeFinder SQLite database (/home/oleksii/.stmcufinder/plugins/mcufinder/mcu/cube-finder-db.db)
2025-10-10 23:38:48,752 [INFO] ApiDb:668 - CubeFinder database Data Model version=2.1
2025-10-10 23:38:48,752 [INFO] ApiDb:669 - CubeFinder database Configuration version=3.0.39
2025-10-10 23:38:48,752 [INFO] ApiDb:670 - CubeFinder database generation date=2025-08-25 (1756130511)
2025-10-10 23:38:48,753 [INFO] ApiDb:671 - CubeFinder database FW Pack versions=[FP-ATR-ASTRA1_V2.0.0, FP-SNS-FLIGHT1_V5.1.0, FP-SNS-MOTENV1_V5.0.0, FP-SNS-MOTENVWB1_V1.4.0, FP-SNS-SMARTAG2_V1.2.0, FP-SNS-STBOX1_V2.1.0, STM32Cube_FW_C0_V1.4.0, STM32Cube_FW_F4_V1.28.3, STM32Cube_FW_F7_V1.17.4, STM32Cube_FW_G0_V1.6.2, STM32Cube_FW_G4_V1.6.1, STM32Cube_FW_H5_V1.5.0, STM32Cube_FW_H7RS_V1.2.0, STM32Cube_FW_H7_V1.12.1, STM32Cube_FW_L0_V1.12.2, STM32Cube_FW_L4_V1.18.1, STM32Cube_FW_L5_V1.5.1, STM32Cube_FW_N6_V1.2.0, STM32Cube_FW_U0_V1.3.0, STM32Cube_FW_U3_V1.2.0, STM32Cube_FW_U5_V1.8.0, STM32Cube_FW_WB0_V1.3.0, STM32Cube_FW_WBA_V1.7.0, STM32Cube_FW_WB_V1.23.0, STM32Cube_FW_WL3_V1.2.0, STM32Cube_FW_WL_V1.3.1, X-CUBE-ALGOBUILD_V1.4.0, X-CUBE-ALS_V1.0.2, X-CUBE-AZRTOS-F4_V1.1.0, X-CUBE-AZRTOS-F7_V1.1.0, X-CUBE-AZRTOS-G0_V1.1.0, X-CUBE-AZRTOS-G4_V2.0.0, X-CUBE-AZRTOS-H7RS_V1.1.0, X-CUBE-AZRTOS-H7_V3.4.0, X-CUBE-AZRTOS-L4_V2.0.0, X-CUBE-AZRTOS-L5_V2.0.0, X-CUBE-AZRTOS-WB_V2.0.0, X-CUBE-AZRTOS-WL_V2.0.0, X-CUBE-BLE1_V7.1.0, X-CUBE-BLE2_V3.3.0, X-CUBE-BLEMGR_V4.1.0, X-CUBE-EEPRMA1_V5.2.0, X-CUBE-FREERTOS_V1.3.1, X-CUBE-GNSS1_V6.0.0, X-CUBE-MEMS1_V11.3.0, X-CUBE-NFC4_V3.0.0, X-CUBE-NFC7_V2.0.0, X-CUBE-SFXS2LP1_V4.0.0, X-CUBE-ST67W61_V1.0.0, X-CUBE-SUBG2_V5.0.0, X-CUBE-TOF1_V3.4.3]
2025-10-10 23:38:48,788 [INFO] DbBoardsSqlite:226 - include board P-NUCLEO-WB55-NUCLEO as a kit item of type 'Nucleo-64'
2025-10-10 23:38:48,788 [INFO] DbBoardsSqlite:226 - include board P-NUCLEO-WB55-USBDONGLE as a kit item of type 'Nucleo USB Dongle'
2025-10-10 23:38:48,788 [INFO] DbBoardsSqlite:226 - include board STEVAL-IDP005V1 as a kit item of type 'Evaluation Board'
2025-10-10 23:38:48,788 [INFO] DbBoardsSqlite:226 - include board STEVAL-IDP005V2 as a kit item of type 'Evaluation Board'
2025-10-10 23:38:48,813 [INFO] ApiDb:240 - Found 880 in-development CPN: [B-G473E-ZEST1S, B-WB1M-WPAN1, B-WBA5M-WPAN, B-WL5M-SUBG1, NUCLEO-C031C6, NUCLEO-C051C8, NUCLEO-C071RB, NUCLEO-C092RC, NUCLEO-H503RB, NUCLEO-H533RE, NUCLEO-H563ZI, NUCLEO-H7S3L8, NUCLEO-N657X0-Q, NUCLEO-U031R8, NUCLEO-U083RC, NUCLEO-U385RG-Q, NUCLEO-U545RE-Q, NUCLEO-U5A5ZJ-Q, NUCLEO-WB05KZ, NUCLEO-WB07CC, NUCLEO-WB09KE, NUCLEO-WBA52CG, NUCLEO-WBA55CG, NUCLEO-WL33CC1, NUCLEO-WL33CC2, STEVAL-PROTEUS1, STEVAL-SMARTAG2, STEVAL-STWINBX1, STM320518-EVAL, STM32C0116-DK, STM32C011D6Y3TR, STM32C011D6Y6TR, STM32C011F4P3, STM32C011F4P6, STM32C011F4U3, STM32C011F4U6TR, STM32C011F6P3, STM32C011F6P6, STM32C011F6U3, STM32C011F6U6TR, STM32C011J4M3, STM32C011J4M6, STM32C011J6M3, STM32C011J6M6, STM32C0316-DK, STM32C031C4T3, STM32C031C4T6, STM32C031C4U3, STM32C031C4U6, STM32C031C6T3, STM32C031C6T6, STM32C031C6U3, STM32C031C6U6, STM32C031F4P3, STM32C031F4P6, STM32C031F6P3, STM32C031F6P6, STM32C031G4U3, STM32C031G4U6, STM32C031G6U3, STM32C031G6U6, STM32C031K4T3, STM32C031K4T6, STM32C031K4U3, STM32C031K4U6, STM32C031K6T3, STM32C031K6T6, STM32C031K6U3, STM32C031K6U6, STM32C051C6T6, STM32C051C6U6, STM32C051C8T6, STM32C051C8U6, STM32C051D8Y6TR, STM32C051F6P6, STM32C051F8P6, STM32C051G6U6, STM32C051G8U6, STM32C051K6T6, STM32C051K6U6, STM32C051K8T6, STM32C071C8T6, STM32C071C8T6N, STM32C071C8U6, STM32C071C8U6N, STM32C071CBT6, STM32C071CBT6N, STM32C071CBU6, STM32C071CBU6N, STM32C071F8P6, STM32C071F8P6N, STM32C071FBP6, STM32C071FBP6N, STM32C071FBY6TR, STM32C071G8U6, STM32C071G8U6N, STM32C071GBU6, STM32C071GBU6N, STM32C071K8T6, STM32C071K8T6N, STM32C071K8U6, STM32C071K8U6N, STM32C071KBT6, STM32C071KBT6N, STM32C071KBU6, STM32C071KBU6N, STM32C071R8T6, STM32C071R8T6N, STM32C071RBI6N, STM32C071RBT6, STM32C071RBT6N, STM32C091CBT6, STM32C091CBU6, STM32C091CCT6, STM32C091CCU6, STM32C091ECY6TR, STM32C091FBP6, STM32C091FCP6, STM32C091GBU6, STM32C091GCU6, STM32C091KBT6, STM32C091KBU6, STM32C091KCT6, STM32C091KCU6, STM32C091RBT6, STM32C091RCI6, STM32C091RCT6, STM32C092CBT6, STM32C092CBU6, STM32C092CCT6, STM32C092CCU6, STM32C092ECY6TR, STM32C092FBP6, STM32C092FCP6, STM32C092GBU6, STM32C092GCU6, STM32C092KBT6, STM32C092KBU6, STM32C092KCT6, STM32C092KCU6, STM32C092RBT6, STM32C092RCI6, STM32C092RCT6, STM32G071K8TXN, STM32G071K8UXN, STM32G081GBU6N, STM32G081KBT6N, STM32G081KBUXN, STM32G0B1CCT6N, STM32G0B1KCT6, STM32G0B1NEY6TR, STM32G0B1RCT6N, STM32G0C1CCT6, STM32G0C1CCT6N, STM32G0C1CCU6N, STM32G0C1CET6N, STM32G0C1CEU6N, STM32G0C1KCT6, STM32G0C1NEY6TR, STM32G0C1RCI6N, STM32G0C1RCT6N, STM32G0C1REI6N, STM32G0C1RET6N, STM32G0C1VCI6, STM32G0C1VEI6, STM32G411C6T3, STM32G411C6T6, STM32G411C6U3, STM32G411C6U6, STM32G411C8T3, STM32G411C8T6, STM32G411C8U3, STM32G411C8U6, STM32G411CBT3, STM32G411CBT6, STM32G411CBU3, STM32G411CBU6, STM32G411K6T3, STM32G411K6T6, STM32G411K6U3, STM32G411K6U6, STM32G411K8T3, STM32G411K8T6, STM32G411K8U3, STM32G411K8U6, STM32G411KBT3, STM32G411KBT6, STM32G411KBU3, STM32G411KBU6, STM32G411M6T3, STM32G411M6T6, STM32G411M8T3, STM32G411M8T6, STM32G411MBT3, STM32G411MBT6, STM32G411R6T3, STM32G411R6T6, STM32G411R8T3, STM32G411R8T6, STM32G411RBT3, STM32G411RBT6, STM32G414CBT3, STM32G414CBT6, STM32G414CBU3, STM32G414CBU6, STM32G414CCT3, STM32G414CCT6, STM32G414CCU3, STM32G414CCU6, STM32G414MBT3, STM32G414MBT6, STM32G414MCT3, STM32G414MCT6, STM32G414RBT3, STM32G414RBT6, STM32G414RCT3, STM32G414RCT6, STM32G414VBT3, STM32G414VBT6, STM32G414VCT3, STM32G414VCT6, STM32G431CBT3Z, STM32G431RBT3Z, STM32G471CCT6, STM32G471CCU6, STM32G471CET3, STM32G471CET6, STM32G471CEU3, STM32G471CEU6, STM32G471MCT6, STM32G471MET3, STM32G471MET6, STM32G471MEY6TR, STM32G471QCT6, STM32G471QET3, STM32G471RCT6, STM32G471RET3, STM32G471RET6, STM32G471VCH6, STM32G471VCI6, STM32G471VCT6, STM32G471VEH3, STM32G471VEH6, STM32G471VEI3, STM32G471VEI6, STM32G471VET3, STM32G471VET6, STM32G473QET3Z, STM32G473RET3Z, STM32G474CCT6, STM32G491RET3Z, STM32H503CBT6, STM32H503CBU6, STM32H503EBY6TR, STM32H503KBU6, STM32H503RBT6, STM32H523CCT6, STM32H523CCU6, STM32H523CET6, STM32H523CEU6, STM32H523HEY6TR, STM32H523RCT6, STM32H523RET6, STM32H523VCI6, STM32H523VCT6, STM32H523VEI6, STM32H523VET6, STM32H523ZCJ6, STM32H523ZCT6, STM32H523ZEJ6, STM32H523ZET6, STM32H533CET6, STM32H533CEU6, STM32H533HEY6TR, STM32H533RET6, STM32H533VEI6, STM32H533VET6, STM32H533ZEJ6, STM32H533ZET6, STM32H562AGI6, STM32H562AII6, STM32H562IGK6, STM32H562IGT6, STM32H562IIK6, STM32H562IIT6, STM32H562RGT6, STM32H562RGV6, STM32H562RIT6, STM32H562RIV6, STM32H562VGT6, STM32H562VIT6, STM32H562ZGT6, STM32H562ZIT6, STM32H563AGI6, STM32H563AII3Q, STM32H563AII6, STM32H563IGK6, STM32H563IGT6, STM32H563IIK3Q, STM32H563IIK6, STM32H563IIT3Q, STM32H563IIT6, STM32H563MIY3QTR, STM32H563RGT6, STM32H563RGV6, STM32H563RIT6, STM32H563RIV6, STM32H563VGT6, STM32H563VIT3Q, STM32H563VIT6, STM32H563ZGT6, STM32H563ZIT3Q, STM32H563ZIT6, STM32H573AII3Q, STM32H573AII6, STM32H573I-DK, STM32H573IIK3Q, STM32H573IIK6, STM32H573IIT3Q, STM32H573IIT6, STM32H573MIY3QTR, STM32H573RIT6, STM32H573RIV6, STM32H573VIT3Q, STM32H573VIT6, STM32H573ZIT3Q, STM32H573ZIT6, STM32H7R3A8I6, STM32H7R3I8K6, STM32H7R3I8T6, STM32H7R3L8H6, STM32H7R3L8H6H, STM32H7R3R8V6, STM32H7R3V8H6, STM32H7R3V8T6, STM32H7R3V8Y6TR, STM32H7R3Z8J6, STM32H7R3Z8T6, STM32H7R7A8I6, STM32H7R7I8K6, STM32H7R7I8T6, STM32H7R7L8H6, STM32H7R7L8H6H, STM32H7R7Z8J6, STM32H7S3A8I6, STM32H7S3I8K6, STM32H7S3I8T6, STM32H7S3L8H6, STM32H7S3L8H6H, STM32H7S3R8V6, STM32H7S3V8H6, STM32H7S3V8T6, STM32H7S3V8Y6TR, STM32H7S3Z8J6, STM32H7S3Z8T6, STM32H7S78-DK, STM32H7S7A8I6, STM32H7S7I8K6, STM32H7S7I8T6, STM32H7S7L8H6, STM32H7S7L8H6H, STM32H7S7Z8J6, STM32L4R5QGI6STR, STM32MP131AAE3, STM32MP131AAF3, STM32MP131AAG3, STM32MP131CAE3, STM32MP131CAF3, STM32MP131CAG3, STM32MP131DAE7, STM32MP131DAF7, STM32MP131DAG7, STM32MP131FAE7, STM32MP131FAF7, STM32MP131FAG7, STM32MP133AAE3, STM32MP133AAF3, STM32MP133AAG3, STM32MP133CAE3, STM32MP133CAF3, STM32MP133CAG3, STM32MP133DAE7, STM32MP133DAF7, STM32MP133DAG7, STM32MP133FAE7, STM32MP133FAF7, STM32MP133FAG7, STM32MP135AAE3, STM32MP135AAF3, STM32MP135AAG3, STM32MP135CAE3, STM32MP135CAF3, STM32MP135CAG3, STM32MP135DAE7, STM32MP135DAF7, STM32MP135DAG7, STM32MP135F-DK, STM32MP135FAE7, STM32MP135FAF7, STM32MP135FAF7T, STM32MP135FAF7U, STM32MP135FAG7, STM32MP211AAL3, STM32MP211AAM3, STM32MP211AAN3, STM32MP211AAO3, STM32MP211CAL3, STM32MP211CAM3, STM32MP211CAN3, STM32MP211CAO3, STM32MP211DAL3, STM32MP211DAM3, STM32MP211DAN3, STM32MP211DAO3, STM32MP211FAL3, STM32MP211FAM3, STM32MP211FAN3, STM32MP211FAO3, STM32MP213AAL3, STM32MP213AAM3, STM32MP213AAN3, STM32MP213AAO3, STM32MP213CAL3, STM32MP213CAM3, STM32MP213CAN3, STM32MP213CAO3, STM32MP213DAL3, STM32MP213DAM3, STM32MP213DAN3, STM32MP213DAO3, STM32MP213FAL3, STM32MP213FAM3, STM32MP213FAN3, STM32MP213FAO3, STM32MP215AAL3, STM32MP215AAM3, STM32MP215AAN3, STM32MP215AAO3, STM32MP215CAL3, STM32MP215CAM3, STM32MP215CAN3, STM32MP215CAO3, STM32MP215DAL3, STM32MP215DAM3, STM32MP215DAN3, STM32MP215DAO3, STM32MP215F-DK, STM32MP215FAL3, STM32MP215FAM3, STM32MP215FAN3, STM32MP215FAO3, STM32MP231AAJ3, STM32MP231AAK3, STM32MP231AAL3, STM32MP231CAJ3, STM32MP231CAK3, STM32MP231CAL3, STM32MP231DAJ3, STM32MP231DAK3, STM32MP231DAL3, STM32MP231FAJ3, STM32MP231FAK3, STM32MP231FAL3, STM32MP233AAJ3, STM32MP233AAK3, STM32MP233AAL3, STM32MP233CAJ3, STM32MP233CAK3, STM32MP233CAL3, STM32MP233DAJ3, STM32MP233DAK3, STM32MP233DAL3, STM32MP233FAJ3, STM32MP233FAK3, STM32MP233FAL3, STM32MP235AAJ3, STM32MP235AAK3, STM32MP235AAL3, STM32MP235CAJ3, STM32MP235CAK3, STM32MP235CAL3, STM32MP235DAJ3, STM32MP235DAK3, STM32MP235DAL3, STM32MP235FAJ3, STM32MP235FAK3, STM32MP235FAL3, STM32MP251AAI3, STM32MP251AAK3, STM32MP251AAL3, STM32MP251CAI3, STM32MP251CAK3, STM32MP251CAL3, STM32MP251DAI3, STM32MP251DAK3, STM32MP251DAL3, STM32MP251FAI3, STM32MP251FAK3, STM32MP251FAL3, STM32MP253AAI3, STM32MP253AAK3, STM32MP253AAL3, STM32MP253CAI3, STM32MP253CAK3, STM32MP253CAL3, STM32MP253DAI3, STM32MP253DAK3, STM32MP253DAL3, STM32MP253FAI3, STM32MP253FAK3, STM32MP253FAL3, STM32MP255AAI3, STM32MP255AAK3, STM32MP255AAL3, STM32MP255CAI3, STM32MP255CAK3, STM32MP255CAL3, STM32MP255DAI3, STM32MP255DAK3, STM32MP255DAL3, STM32MP255FAI3, STM32MP255FAK3, STM32MP255FAL3, STM32MP257AAI3, STM32MP257AAK3, STM32MP257AAL3, STM32MP257CAI3, STM32MP257CAK3, STM32MP257CAL3, STM32MP257DAI3, STM32MP257DAK3, STM32MP257DAL3, STM32MP257F-DK, STM32MP257F-EV1, STM32MP257FAI3, STM32MP257FAK3, STM32MP257FAL3, STM32N645A0H3Q, STM32N645B0H3Q, STM32N645I0H3Q, STM32N645L0H3Q, STM32N645X0H3Q, STM32N645Z0H3Q, STM32N647A0H3Q, STM32N647B0H3Q, STM32N647I0H3Q, STM32N647L0H3Q, STM32N647X0H3Q, STM32N647Z0H3Q, STM32N655A0H3Q, STM32N655B0H3Q, STM32N655I0H3Q, STM32N655L0H3Q, STM32N655X0H3Q, STM32N655Z0H3Q, STM32N6570-DK, STM32N657A0H3Q, STM32N657B0H3Q, STM32N657I0H3Q, STM32N657L0H3Q, STM32N657X0H3Q, STM32N657Z0H3Q, STM32U031C6T6, STM32U031C6U6, STM32U031C8T6, STM32U031C8U6, STM32U031F4P6, STM32U031F6P6, STM32U031F8P6, STM32U031G6Y6TR, STM32U031G8Y6TR, STM32U031K4U6, STM32U031K6U6, STM32U031K8U6, STM32U031R6I6, STM32U031R6T6, STM32U031R8I6, STM32U031R8T6, STM32U073C8T6, STM32U073C8U6, STM32U073CBT6, STM32U073CBU6, STM32U073CCT6, STM32U073CCU6, STM32U073H8Y6TR, STM32U073HBY6TR, STM32U073HCY6TR, STM32U073K8U6, STM32U073KBU6, STM32U073KCU6, STM32U073M8I6, STM32U073M8T6, STM32U073MBI6, STM32U073MBT6, STM32U073MCI6, STM32U073MCT6, STM32U073R8I6, STM32U073R8T6, STM32U073RBI6, STM32U073RBT6, STM32U073RCI6, STM32U073RCT6, STM32U083C-DK, STM32U083CCT6, STM32U083CCU6, STM32U083HCY6TR, STM32U083KCU6, STM32U083MCI6, STM32U083MCT6, STM32U083RCI6, STM32U083RCT6, STM32U375CET6, STM32U375CET6Q, STM32U375CEU6, STM32U375CEU6Q, STM32U375CEY6QTR, STM32U375CGT6, STM32U375CGT6Q, STM32U375CGU6, STM32U375CGU6Q, STM32U375CGY6QTR, STM32U375KEU6, STM32U375KGU6, STM32U375REI6, STM32U375REI6Q, STM32U375RET6, STM32U375RET6Q, STM32U375REY6GTR, STM32U375REY6QTR, STM32U375RGI6, STM32U375RGI6Q, STM32U375RGT6, STM32U375RGT6Q, STM32U375RGY6GTR, STM32U375RGY6QTR, STM32U375VEI6, STM32U375VEI6Q, STM32U375VET6, STM32U375VET6Q, STM32U375VGI6, STM32U375VGI6Q, STM32U375VGT6, STM32U375VGT6Q, STM32U385CGT6, STM32U385CGT6Q, STM32U385CGU6, STM32U385CGU6Q, STM32U385CGY6QTR, STM32U385KGU6, STM32U385RGI6, STM32U385RGI6Q, STM32U385RGT6, STM32U385RGT6Q, STM32U385RGY6GTR, STM32U385RGY6QTR, STM32U385VGI6, STM32U385VGI6Q, STM32U385VGT6, STM32U385VGT6Q, STM32U535CBT6, STM32U535CBT6Q, STM32U535CBU6, STM32U535CBU6Q, STM32U535CCT6, STM32U535CCT6Q, STM32U535CCU6, STM32U535CCU6Q, STM32U535CET6, STM32U535CET6Q, STM32U535CEU6, STM32U535CEU6Q, STM32U535JEY6QTR, STM32U535NCY6QTR, STM32U535NEY6QTR, STM32U535RBI6, STM32U535RBI6Q, STM32U535RBT6, STM32U535RBT6Q, STM32U535RCI6, STM32U535RCI6Q, STM32U535RCT6, STM32U535RCT6Q, STM32U535REI6, STM32U535REI6Q, STM32U535RET6, STM32U535RET6Q, STM32U535VCI6, STM32U535VCI6Q, STM32U535VCT6, STM32U535VCT6Q, STM32U535VEI6, STM32U535VEI6Q, STM32U535VET6, STM32U535VET6Q, STM32U545CET6, STM32U545CET6Q, STM32U545CEU6, STM32U545CEU6Q, STM32U545JEY6QTR, STM32U545NEY6QTR, STM32U545REI6, STM32U545REI6Q, STM32U545RET6, STM32U545RET6Q, STM32U545VEI6, STM32U545VEI6Q, STM32U545VET6, STM32U545VET6Q, STM32U595AIH6, STM32U595AIH6Q, STM32U595AJH6, STM32U595AJH6Q, STM32U595QII6, STM32U595QII6Q, STM32U595QJI6, STM32U595QJI6Q, STM32U595RIT6, STM32U595RIT6Q, STM32U595RJT6, STM32U595RJT6Q, STM32U595VIT6, STM32U595VIT6Q, STM32U595VJT6, STM32U595VJT6Q, STM32U595ZIT6, STM32U595ZIT6Q, STM32U595ZIY6QTR, STM32U595ZJT6, STM32U595ZJT6Q, STM32U595ZJY6QTR, STM32U599BJY6QTR, STM32U599NIH6Q, STM32U599NJH6Q, STM32U599VIT6Q, STM32U599VJT6, STM32U599VJT6Q, STM32U599ZIT6Q, STM32U599ZIY6QTR, STM32U599ZJT6Q, STM32U599ZJY6QTR, STM32U5A5AJH6, STM32U5A5AJH6Q, STM32U5A5QII3Q , STM32U5A5QJI6, STM32U5A5QJI6Q, STM32U5A5RJT6, STM32U5A5RJT6Q, STM32U5A5VJT6, STM32U5A5VJT6Q, STM32U5A5ZJT6, STM32U5A5ZJT6Q, STM32U5A5ZJY6QTR, STM32U5A9BJY6QTR, STM32U5A9J-DK, STM32U5A9NJH6Q, STM32U5A9VJT6Q, STM32U5A9ZJT6Q, STM32U5A9ZJY6QTR, STM32U5F7VIT6, STM32U5F7VIT6Q, STM32U5F7VJT6, STM32U5F7VJT6Q, STM32U5F9BJY6QTR, STM32U5F9NJH6Q, STM32U5F9VIT6Q, STM32U5F9VJT6Q, STM32U5F9ZIJ6QTR, STM32U5F9ZIT6Q, STM32U5F9ZJJ6QTR, STM32U5F9ZJT6Q, STM32U5G7VJT6, STM32U5G7VJT6Q, STM32U5G9BJY6QTR, STM32U5G9J-DK1, STM32U5G9J-DK2, STM32U5G9NJH6Q, STM32U5G9VJT6Q, STM32U5G9ZJJ6QTR, STM32U5G9ZJT6Q, STM32WB05KZV6TR, STM32WB05KZV7TR, STM32WB05TZF6TR, STM32WB05TZF7TR, STM32WB06CCF6TR, STM32WB06CCF7TR, STM32WB06CCV6TR, STM32WB06CCV7TR, STM32WB06KCV6TR, STM32WB06KCV7TR, STM32WB07CCF6TR, STM32WB07CCF7TR, STM32WB07CCV6TR, STM32WB07CCV7TR, STM32WB07KCV6TR, STM32WB07KCV7TR, STM32WB09KEV6TR, STM32WB09KEV7TR, STM32WB09TEF6TR, STM32WB09TEF7TR, STM32WB1MMCH6, STM32WBA50KGU6, STM32WBA50KGU6TR, STM32WBA52CEU6, STM32WBA52CEU6TR, STM32WBA52CEU7, STM32WBA52CEU7TR, STM32WBA52CGU6, STM32WBA52CGU6TR, STM32WBA52CGU6U, STM32WBA52CGU7, STM32WBA52CGU7TR, STM32WBA52KEU6, STM32WBA52KEU6TR, STM32WBA52KGU6, STM32WBA52KGU6TR, STM32WBA54CEU6, STM32WBA54CEU6TR, STM32WBA54CEU7, STM32WBA54CEU7TR, STM32WBA54CGU6, STM32WBA54CGU6TR, STM32WBA54CGU7, STM32WBA54CGU7TR, STM32WBA54KEU6, STM32WBA54KEU6TR, STM32WBA54KEU7, STM32WBA54KEU7TR, STM32WBA54KGU6, STM32WBA54KGU6TR, STM32WBA54KGU7, STM32WBA54KGU7TR, STM32WBA55CEU6, STM32WBA55CEU6TR, STM32WBA55CEU7, STM32WBA55CEU7TR, STM32WBA55CGU6, STM32WBA55CGU6TR, STM32WBA55CGU6U, STM32WBA55CGU7, STM32WBA55CGU7TR, STM32WBA55G-DK1, STM32WBA55HEF6, STM32WBA55HEF7, STM32WBA55HGF6, STM32WBA55HGF7, STM32WBA55UEI6, STM32WBA55UEI6TR, STM32WBA55UEI7, STM32WBA55UEI7TR, STM32WBA55UGI6, STM32WBA55UGI6TR, STM32WBA55UGI7, STM32WBA55UGI7TR, STM32WBA5MMGH6TR, STM32WBA62MGF6, STM32WBA62MIF6, STM32WBA65MGF7, STM32WBA65MIF6, STM32WBA65MIF7, STM32WL30K8V6, STM32WL30KBV6, STM32WL31C8V6, STM32WL31CBV6, STM32WL31K8V6, STM32WL31KBV6, STM32WL33C8V6, STM32WL33C8V6X, STM32WL33CBV6, STM32WL33CBV6X, STM32WL33CCV6, STM32WL33CCV6A, STM32WL33CCV6X, STM32WL33K8V7, STM32WL33K8V7X, STM32WL33KBV7 , STM32WL33KBV7X, STM32WL33KCV7, STM32WL33KCV7X, STM32WL5MOCH6, STM32WL5MOCH6TR]
2025-10-10 23:38:48,881 [INFO] BoardInfo:889 - No configuration file found for board P-NUCLEO-WB55
2025-10-10 23:38:48,881 [INFO] DbBoards:161 - Kit is not supported: P-NUCLEO-WB55
2025-10-10 23:38:48,884 [INFO] BoardInfo:889 - No configuration file found for board STEVAL-BFA001V1B
2025-10-10 23:38:48,884 [INFO] DbBoards:161 - Kit is not supported: STEVAL-BFA001V1B
2025-10-10 23:38:48,884 [INFO] BoardInfo:889 - No configuration file found for board STEVAL-BFA001V2B
2025-10-10 23:38:48,885 [INFO] DbBoards:161 - Kit is not supported: STEVAL-BFA001V2B
2025-10-10 23:38:48,953 [INFO] DbBoards:168 - Found 212 boards, 209 are supported
2025-10-10 23:38:48,953 [INFO] DbBoards:169 - Found 212 boards, 43 of them is supported for  Bsp
2025-10-10 23:38:48,965 [INFO] ApiDb:668 - CubeFinder database Data Model version=2.1
2025-10-10 23:38:48,965 [INFO] ApiDb:669 - CubeFinder database Configuration version=3.0.39
2025-10-10 23:38:48,965 [INFO] ApiDb:670 - CubeFinder database generation date=2025-08-25 (1756130511)
2025-10-10 23:38:48,965 [INFO] ApiDb:671 - CubeFinder database FW Pack versions=[FP-ATR-ASTRA1_V2.0.0, FP-SNS-FLIGHT1_V5.1.0, FP-SNS-MOTENV1_V5.0.0, FP-SNS-MOTENVWB1_V1.4.0, FP-SNS-SMARTAG2_V1.2.0, FP-SNS-STBOX1_V2.1.0, STM32Cube_FW_C0_V1.4.0, STM32Cube_FW_F4_V1.28.3, STM32Cube_FW_F7_V1.17.4, STM32Cube_FW_G0_V1.6.2, STM32Cube_FW_G4_V1.6.1, STM32Cube_FW_H5_V1.5.0, STM32Cube_FW_H7RS_V1.2.0, STM32Cube_FW_H7_V1.12.1, STM32Cube_FW_L0_V1.12.2, STM32Cube_FW_L4_V1.18.1, STM32Cube_FW_L5_V1.5.1, STM32Cube_FW_N6_V1.2.0, STM32Cube_FW_U0_V1.3.0, STM32Cube_FW_U3_V1.2.0, STM32Cube_FW_U5_V1.8.0, STM32Cube_FW_WB0_V1.3.0, STM32Cube_FW_WBA_V1.7.0, STM32Cube_FW_WB_V1.23.0, STM32Cube_FW_WL3_V1.2.0, STM32Cube_FW_WL_V1.3.1, X-CUBE-ALGOBUILD_V1.4.0, X-CUBE-ALS_V1.0.2, X-CUBE-AZRTOS-F4_V1.1.0, X-CUBE-AZRTOS-F7_V1.1.0, X-CUBE-AZRTOS-G0_V1.1.0, X-CUBE-AZRTOS-G4_V2.0.0, X-CUBE-AZRTOS-H7RS_V1.1.0, X-CUBE-AZRTOS-H7_V3.4.0, X-CUBE-AZRTOS-L4_V2.0.0, X-CUBE-AZRTOS-L5_V2.0.0, X-CUBE-AZRTOS-WB_V2.0.0, X-CUBE-AZRTOS-WL_V2.0.0, X-CUBE-BLE1_V7.1.0, X-CUBE-BLE2_V3.3.0, X-CUBE-BLEMGR_V4.1.0, X-CUBE-EEPRMA1_V5.2.0, X-CUBE-FREERTOS_V1.3.1, X-CUBE-GNSS1_V6.0.0, X-CUBE-MEMS1_V11.3.0, X-CUBE-NFC4_V3.0.0, X-CUBE-NFC7_V2.0.0, X-CUBE-SFXS2LP1_V4.0.0, X-CUBE-ST67W61_V1.0.0, X-CUBE-SUBG2_V5.0.0, X-CUBE-TOF1_V3.4.3]
2025-10-10 23:38:50,871 [INFO] ApiDb:240 - Found 880 in-development CPN: [B-G473E-ZEST1S, B-WB1M-WPAN1, B-WBA5M-WPAN, B-WL5M-SUBG1, NUCLEO-C031C6, NUCLEO-C051C8, NUCLEO-C071RB, NUCLEO-C092RC, NUCLEO-H503RB, NUCLEO-H533RE, NUCLEO-H563ZI, NUCLEO-H7S3L8, NUCLEO-N657X0-Q, NUCLEO-U031R8, NUCLEO-U083RC, NUCLEO-U385RG-Q, NUCLEO-U545RE-Q, NUCLEO-U5A5ZJ-Q, NUCLEO-WB05KZ, NUCLEO-WB07CC, NUCLEO-WB09KE, NUCLEO-WBA52CG, NUCLEO-WBA55CG, NUCLEO-WL33CC1, NUCLEO-WL33CC2, STEVAL-PROTEUS1, STEVAL-SMARTAG2, STEVAL-STWINBX1, STM320518-EVAL, STM32C0116-DK, STM32C011D6Y3TR, STM32C011D6Y6TR, STM32C011F4P3, STM32C011F4P6, STM32C011F4U3, STM32C011F4U6TR, STM32C011F6P3, STM32C011F6P6, STM32C011F6U3, STM32C011F6U6TR, STM32C011J4M3, STM32C011J4M6, STM32C011J6M3, STM32C011J6M6, STM32C0316-DK, STM32C031C4T3, STM32C031C4T6, STM32C031C4U3, STM32C031C4U6, STM32C031C6T3, STM32C031C6T6, STM32C031C6U3, STM32C031C6U6, STM32C031F4P3, STM32C031F4P6, STM32C031F6P3, STM32C031F6P6, STM32C031G4U3, STM32C031G4U6, STM32C031G6U3, STM32C031G6U6, STM32C031K4T3, STM32C031K4T6, STM32C031K4U3, STM32C031K4U6, STM32C031K6T3, STM32C031K6T6, STM32C031K6U3, STM32C031K6U6, STM32C051C6T6, STM32C051C6U6, STM32C051C8T6, STM32C051C8U6, STM32C051D8Y6TR, STM32C051F6P6, STM32C051F8P6, STM32C051G6U6, STM32C051G8U6, STM32C051K6T6, STM32C051K6U6, STM32C051K8T6, STM32C071C8T6, STM32C071C8T6N, STM32C071C8U6, STM32C071C8U6N, STM32C071CBT6, STM32C071CBT6N, STM32C071CBU6, STM32C071CBU6N, STM32C071F8P6, STM32C071F8P6N, STM32C071FBP6, STM32C071FBP6N, STM32C071FBY6TR, STM32C071G8U6, STM32C071G8U6N, STM32C071GBU6, STM32C071GBU6N, STM32C071K8T6, STM32C071K8T6N, STM32C071K8U6, STM32C071K8U6N, STM32C071KBT6, STM32C071KBT6N, STM32C071KBU6, STM32C071KBU6N, STM32C071R8T6, STM32C071R8T6N, STM32C071RBI6N, STM32C071RBT6, STM32C071RBT6N, STM32C091CBT6, STM32C091CBU6, STM32C091CCT6, STM32C091CCU6, STM32C091ECY6TR, STM32C091FBP6, STM32C091FCP6, STM32C091GBU6, STM32C091GCU6, STM32C091KBT6, STM32C091KBU6, STM32C091KCT6, STM32C091KCU6, STM32C091RBT6, STM32C091RCI6, STM32C091RCT6, STM32C092CBT6, STM32C092CBU6, STM32C092CCT6, STM32C092CCU6, STM32C092ECY6TR, STM32C092FBP6, STM32C092FCP6, STM32C092GBU6, STM32C092GCU6, STM32C092KBT6, STM32C092KBU6, STM32C092KCT6, STM32C092KCU6, STM32C092RBT6, STM32C092RCI6, STM32C092RCT6, STM32G071K8TXN, STM32G071K8UXN, STM32G081GBU6N, STM32G081KBT6N, STM32G081KBUXN, STM32G0B1CCT6N, STM32G0B1KCT6, STM32G0B1NEY6TR, STM32G0B1RCT6N, STM32G0C1CCT6, STM32G0C1CCT6N, STM32G0C1CCU6N, STM32G0C1CET6N, STM32G0C1CEU6N, STM32G0C1KCT6, STM32G0C1NEY6TR, STM32G0C1RCI6N, STM32G0C1RCT6N, STM32G0C1REI6N, STM32G0C1RET6N, STM32G0C1VCI6, STM32G0C1VEI6, STM32G411C6T3, STM32G411C6T6, STM32G411C6U3, STM32G411C6U6, STM32G411C8T3, STM32G411C8T6, STM32G411C8U3, STM32G411C8U6, STM32G411CBT3, STM32G411CBT6, STM32G411CBU3, STM32G411CBU6, STM32G411K6T3, STM32G411K6T6, STM32G411K6U3, STM32G411K6U6, STM32G411K8T3, STM32G411K8T6, STM32G411K8U3, STM32G411K8U6, STM32G411KBT3, STM32G411KBT6, STM32G411KBU3, STM32G411KBU6, STM32G411M6T3, STM32G411M6T6, STM32G411M8T3, STM32G411M8T6, STM32G411MBT3, STM32G411MBT6, STM32G411R6T3, STM32G411R6T6, STM32G411R8T3, STM32G411R8T6, STM32G411RBT3, STM32G411RBT6, STM32G414CBT3, STM32G414CBT6, STM32G414CBU3, STM32G414CBU6, STM32G414CCT3, STM32G414CCT6, STM32G414CCU3, STM32G414CCU6, STM32G414MBT3, STM32G414MBT6, STM32G414MCT3, STM32G414MCT6, STM32G414RBT3, STM32G414RBT6, STM32G414RCT3, STM32G414RCT6, STM32G414VBT3, STM32G414VBT6, STM32G414VCT3, STM32G414VCT6, STM32G431CBT3Z, STM32G431RBT3Z, STM32G471CCT6, STM32G471CCU6, STM32G471CET3, STM32G471CET6, STM32G471CEU3, STM32G471CEU6, STM32G471MCT6, STM32G471MET3, STM32G471MET6, STM32G471MEY6TR, STM32G471QCT6, STM32G471QET3, STM32G471RCT6, STM32G471RET3, STM32G471RET6, STM32G471VCH6, STM32G471VCI6, STM32G471VCT6, STM32G471VEH3, STM32G471VEH6, STM32G471VEI3, STM32G471VEI6, STM32G471VET3, STM32G471VET6, STM32G473QET3Z, STM32G473RET3Z, STM32G474CCT6, STM32G491RET3Z, STM32H503CBT6, STM32H503CBU6, STM32H503EBY6TR, STM32H503KBU6, STM32H503RBT6, STM32H523CCT6, STM32H523CCU6, STM32H523CET6, STM32H523CEU6, STM32H523HEY6TR, STM32H523RCT6, STM32H523RET6, STM32H523VCI6, STM32H523VCT6, STM32H523VEI6, STM32H523VET6, STM32H523ZCJ6, STM32H523ZCT6, STM32H523ZEJ6, STM32H523ZET6, STM32H533CET6, STM32H533CEU6, STM32H533HEY6TR, STM32H533RET6, STM32H533VEI6, STM32H533VET6, STM32H533ZEJ6, STM32H533ZET6, STM32H562AGI6, STM32H562AII6, STM32H562IGK6, STM32H562IGT6, STM32H562IIK6, STM32H562IIT6, STM32H562RGT6, STM32H562RGV6, STM32H562RIT6, STM32H562RIV6, STM32H562VGT6, STM32H562VIT6, STM32H562ZGT6, STM32H562ZIT6, STM32H563AGI6, STM32H563AII3Q, STM32H563AII6, STM32H563IGK6, STM32H563IGT6, STM32H563IIK3Q, STM32H563IIK6, STM32H563IIT3Q, STM32H563IIT6, STM32H563MIY3QTR, STM32H563RGT6, STM32H563RGV6, STM32H563RIT6, STM32H563RIV6, STM32H563VGT6, STM32H563VIT3Q, STM32H563VIT6, STM32H563ZGT6, STM32H563ZIT3Q, STM32H563ZIT6, STM32H573AII3Q, STM32H573AII6, STM32H573I-DK, STM32H573IIK3Q, STM32H573IIK6, STM32H573IIT3Q, STM32H573IIT6, STM32H573MIY3QTR, STM32H573RIT6, STM32H573RIV6, STM32H573VIT3Q, STM32H573VIT6, STM32H573ZIT3Q, STM32H573ZIT6, STM32H7R3A8I6, STM32H7R3I8K6, STM32H7R3I8T6, STM32H7R3L8H6, STM32H7R3L8H6H, STM32H7R3R8V6, STM32H7R3V8H6, STM32H7R3V8T6, STM32H7R3V8Y6TR, STM32H7R3Z8J6, STM32H7R3Z8T6, STM32H7R7A8I6, STM32H7R7I8K6, STM32H7R7I8T6, STM32H7R7L8H6, STM32H7R7L8H6H, STM32H7R7Z8J6, STM32H7S3A8I6, STM32H7S3I8K6, STM32H7S3I8T6, STM32H7S3L8H6, STM32H7S3L8H6H, STM32H7S3R8V6, STM32H7S3V8H6, STM32H7S3V8T6, STM32H7S3V8Y6TR, STM32H7S3Z8J6, STM32H7S3Z8T6, STM32H7S78-DK, STM32H7S7A8I6, STM32H7S7I8K6, STM32H7S7I8T6, STM32H7S7L8H6, STM32H7S7L8H6H, STM32H7S7Z8J6, STM32L4R5QGI6STR, STM32MP131AAE3, STM32MP131AAF3, STM32MP131AAG3, STM32MP131CAE3, STM32MP131CAF3, STM32MP131CAG3, STM32MP131DAE7, STM32MP131DAF7, STM32MP131DAG7, STM32MP131FAE7, STM32MP131FAF7, STM32MP131FAG7, STM32MP133AAE3, STM32MP133AAF3, STM32MP133AAG3, STM32MP133CAE3, STM32MP133CAF3, STM32MP133CAG3, STM32MP133DAE7, STM32MP133DAF7, STM32MP133DAG7, STM32MP133FAE7, STM32MP133FAF7, STM32MP133FAG7, STM32MP135AAE3, STM32MP135AAF3, STM32MP135AAG3, STM32MP135CAE3, STM32MP135CAF3, STM32MP135CAG3, STM32MP135DAE7, STM32MP135DAF7, STM32MP135DAG7, STM32MP135F-DK, STM32MP135FAE7, STM32MP135FAF7, STM32MP135FAF7T, STM32MP135FAF7U, STM32MP135FAG7, STM32MP211AAL3, STM32MP211AAM3, STM32MP211AAN3, STM32MP211AAO3, STM32MP211CAL3, STM32MP211CAM3, STM32MP211CAN3, STM32MP211CAO3, STM32MP211DAL3, STM32MP211DAM3, STM32MP211DAN3, STM32MP211DAO3, STM32MP211FAL3, STM32MP211FAM3, STM32MP211FAN3, STM32MP211FAO3, STM32MP213AAL3, STM32MP213AAM3, STM32MP213AAN3, STM32MP213AAO3, STM32MP213CAL3, STM32MP213CAM3, STM32MP213CAN3, STM32MP213CAO3, STM32MP213DAL3, STM32MP213DAM3, STM32MP213DAN3, STM32MP213DAO3, STM32MP213FAL3, STM32MP213FAM3, STM32MP213FAN3, STM32MP213FAO3, STM32MP215AAL3, STM32MP215AAM3, STM32MP215AAN3, STM32MP215AAO3, STM32MP215CAL3, STM32MP215CAM3, STM32MP215CAN3, STM32MP215CAO3, STM32MP215DAL3, STM32MP215DAM3, STM32MP215DAN3, STM32MP215DAO3, STM32MP215F-DK, STM32MP215FAL3, STM32MP215FAM3, STM32MP215FAN3, STM32MP215FAO3, STM32MP231AAJ3, STM32MP231AAK3, STM32MP231AAL3, STM32MP231CAJ3, STM32MP231CAK3, STM32MP231CAL3, STM32MP231DAJ3, STM32MP231DAK3, STM32MP231DAL3, STM32MP231FAJ3, STM32MP231FAK3, STM32MP231FAL3, STM32MP233AAJ3, STM32MP233AAK3, STM32MP233AAL3, STM32MP233CAJ3, STM32MP233CAK3, STM32MP233CAL3, STM32MP233DAJ3, STM32MP233DAK3, STM32MP233DAL3, STM32MP233FAJ3, STM32MP233FAK3, STM32MP233FAL3, STM32MP235AAJ3, STM32MP235AAK3, STM32MP235AAL3, STM32MP235CAJ3, STM32MP235CAK3, STM32MP235CAL3, STM32MP235DAJ3, STM32MP235DAK3, STM32MP235DAL3, STM32MP235FAJ3, STM32MP235FAK3, STM32MP235FAL3, STM32MP251AAI3, STM32MP251AAK3, STM32MP251AAL3, STM32MP251CAI3, STM32MP251CAK3, STM32MP251CAL3, STM32MP251DAI3, STM32MP251DAK3, STM32MP251DAL3, STM32MP251FAI3, STM32MP251FAK3, STM32MP251FAL3, STM32MP253AAI3, STM32MP253AAK3, STM32MP253AAL3, STM32MP253CAI3, STM32MP253CAK3, STM32MP253CAL3, STM32MP253DAI3, STM32MP253DAK3, STM32MP253DAL3, STM32MP253FAI3, STM32MP253FAK3, STM32MP253FAL3, STM32MP255AAI3, STM32MP255AAK3, STM32MP255AAL3, STM32MP255CAI3, STM32MP255CAK3, STM32MP255CAL3, STM32MP255DAI3, STM32MP255DAK3, STM32MP255DAL3, STM32MP255FAI3, STM32MP255FAK3, STM32MP255FAL3, STM32MP257AAI3, STM32MP257AAK3, STM32MP257AAL3, STM32MP257CAI3, STM32MP257CAK3, STM32MP257CAL3, STM32MP257DAI3, STM32MP257DAK3, STM32MP257DAL3, STM32MP257F-DK, STM32MP257F-EV1, STM32MP257FAI3, STM32MP257FAK3, STM32MP257FAL3, STM32N645A0H3Q, STM32N645B0H3Q, STM32N645I0H3Q, STM32N645L0H3Q, STM32N645X0H3Q, STM32N645Z0H3Q, STM32N647A0H3Q, STM32N647B0H3Q, STM32N647I0H3Q, STM32N647L0H3Q, STM32N647X0H3Q, STM32N647Z0H3Q, STM32N655A0H3Q, STM32N655B0H3Q, STM32N655I0H3Q, STM32N655L0H3Q, STM32N655X0H3Q, STM32N655Z0H3Q, STM32N6570-DK, STM32N657A0H3Q, STM32N657B0H3Q, STM32N657I0H3Q, STM32N657L0H3Q, STM32N657X0H3Q, STM32N657Z0H3Q, STM32U031C6T6, STM32U031C6U6, STM32U031C8T6, STM32U031C8U6, STM32U031F4P6, STM32U031F6P6, STM32U031F8P6, STM32U031G6Y6TR, STM32U031G8Y6TR, STM32U031K4U6, STM32U031K6U6, STM32U031K8U6, STM32U031R6I6, STM32U031R6T6, STM32U031R8I6, STM32U031R8T6, STM32U073C8T6, STM32U073C8U6, STM32U073CBT6, STM32U073CBU6, STM32U073CCT6, STM32U073CCU6, STM32U073H8Y6TR, STM32U073HBY6TR, STM32U073HCY6TR, STM32U073K8U6, STM32U073KBU6, STM32U073KCU6, STM32U073M8I6, STM32U073M8T6, STM32U073MBI6, STM32U073MBT6, STM32U073MCI6, STM32U073MCT6, STM32U073R8I6, STM32U073R8T6, STM32U073RBI6, STM32U073RBT6, STM32U073RCI6, STM32U073RCT6, STM32U083C-DK, STM32U083CCT6, STM32U083CCU6, STM32U083HCY6TR, STM32U083KCU6, STM32U083MCI6, STM32U083MCT6, STM32U083RCI6, STM32U083RCT6, STM32U375CET6, STM32U375CET6Q, STM32U375CEU6, STM32U375CEU6Q, STM32U375CEY6QTR, STM32U375CGT6, STM32U375CGT6Q, STM32U375CGU6, STM32U375CGU6Q, STM32U375CGY6QTR, STM32U375KEU6, STM32U375KGU6, STM32U375REI6, STM32U375REI6Q, STM32U375RET6, STM32U375RET6Q, STM32U375REY6GTR, STM32U375REY6QTR, STM32U375RGI6, STM32U375RGI6Q, STM32U375RGT6, STM32U375RGT6Q, STM32U375RGY6GTR, STM32U375RGY6QTR, STM32U375VEI6, STM32U375VEI6Q, STM32U375VET6, STM32U375VET6Q, STM32U375VGI6, STM32U375VGI6Q, STM32U375VGT6, STM32U375VGT6Q, STM32U385CGT6, STM32U385CGT6Q, STM32U385CGU6, STM32U385CGU6Q, STM32U385CGY6QTR, STM32U385KGU6, STM32U385RGI6, STM32U385RGI6Q, STM32U385RGT6, STM32U385RGT6Q, STM32U385RGY6GTR, STM32U385RGY6QTR, STM32U385VGI6, STM32U385VGI6Q, STM32U385VGT6, STM32U385VGT6Q, STM32U535CBT6, STM32U535CBT6Q, STM32U535CBU6, STM32U535CBU6Q, STM32U535CCT6, STM32U535CCT6Q, STM32U535CCU6, STM32U535CCU6Q, STM32U535CET6, STM32U535CET6Q, STM32U535CEU6, STM32U535CEU6Q, STM32U535JEY6QTR, STM32U535NCY6QTR, STM32U535NEY6QTR, STM32U535RBI6, STM32U535RBI6Q, STM32U535RBT6, STM32U535RBT6Q, STM32U535RCI6, STM32U535RCI6Q, STM32U535RCT6, STM32U535RCT6Q, STM32U535REI6, STM32U535REI6Q, STM32U535RET6, STM32U535RET6Q, STM32U535VCI6, STM32U535VCI6Q, STM32U535VCT6, STM32U535VCT6Q, STM32U535VEI6, STM32U535VEI6Q, STM32U535VET6, STM32U535VET6Q, STM32U545CET6, STM32U545CET6Q, STM32U545CEU6, STM32U545CEU6Q, STM32U545JEY6QTR, STM32U545NEY6QTR, STM32U545REI6, STM32U545REI6Q, STM32U545RET6, STM32U545RET6Q, STM32U545VEI6, STM32U545VEI6Q, STM32U545VET6, STM32U545VET6Q, STM32U595AIH6, STM32U595AIH6Q, STM32U595AJH6, STM32U595AJH6Q, STM32U595QII6, STM32U595QII6Q, STM32U595QJI6, STM32U595QJI6Q, STM32U595RIT6, STM32U595RIT6Q, STM32U595RJT6, STM32U595RJT6Q, STM32U595VIT6, STM32U595VIT6Q, STM32U595VJT6, STM32U595VJT6Q, STM32U595ZIT6, STM32U595ZIT6Q, STM32U595ZIY6QTR, STM32U595ZJT6, STM32U595ZJT6Q, STM32U595ZJY6QTR, STM32U599BJY6QTR, STM32U599NIH6Q, STM32U599NJH6Q, STM32U599VIT6Q, STM32U599VJT6, STM32U599VJT6Q, STM32U599ZIT6Q, STM32U599ZIY6QTR, STM32U599ZJT6Q, STM32U599ZJY6QTR, STM32U5A5AJH6, STM32U5A5AJH6Q, STM32U5A5QII3Q , STM32U5A5QJI6, STM32U5A5QJI6Q, STM32U5A5RJT6, STM32U5A5RJT6Q, STM32U5A5VJT6, STM32U5A5VJT6Q, STM32U5A5ZJT6, STM32U5A5ZJT6Q, STM32U5A5ZJY6QTR, STM32U5A9BJY6QTR, STM32U5A9J-DK, STM32U5A9NJH6Q, STM32U5A9VJT6Q, STM32U5A9ZJT6Q, STM32U5A9ZJY6QTR, STM32U5F7VIT6, STM32U5F7VIT6Q, STM32U5F7VJT6, STM32U5F7VJT6Q, STM32U5F9BJY6QTR, STM32U5F9NJH6Q, STM32U5F9VIT6Q, STM32U5F9VJT6Q, STM32U5F9ZIJ6QTR, STM32U5F9ZIT6Q, STM32U5F9ZJJ6QTR, STM32U5F9ZJT6Q, STM32U5G7VJT6, STM32U5G7VJT6Q, STM32U5G9BJY6QTR, STM32U5G9J-DK1, STM32U5G9J-DK2, STM32U5G9NJH6Q, STM32U5G9VJT6Q, STM32U5G9ZJJ6QTR, STM32U5G9ZJT6Q, STM32WB05KZV6TR, STM32WB05KZV7TR, STM32WB05TZF6TR, STM32WB05TZF7TR, STM32WB06CCF6TR, STM32WB06CCF7TR, STM32WB06CCV6TR, STM32WB06CCV7TR, STM32WB06KCV6TR, STM32WB06KCV7TR, STM32WB07CCF6TR, STM32WB07CCF7TR, STM32WB07CCV6TR, STM32WB07CCV7TR, STM32WB07KCV6TR, STM32WB07KCV7TR, STM32WB09KEV6TR, STM32WB09KEV7TR, STM32WB09TEF6TR, STM32WB09TEF7TR, STM32WB1MMCH6, STM32WBA50KGU6, STM32WBA50KGU6TR, STM32WBA52CEU6, STM32WBA52CEU6TR, STM32WBA52CEU7, STM32WBA52CEU7TR, STM32WBA52CGU6, STM32WBA52CGU6TR, STM32WBA52CGU6U, STM32WBA52CGU7, STM32WBA52CGU7TR, STM32WBA52KEU6, STM32WBA52KEU6TR, STM32WBA52KGU6, STM32WBA52KGU6TR, STM32WBA54CEU6, STM32WBA54CEU6TR, STM32WBA54CEU7, STM32WBA54CEU7TR, STM32WBA54CGU6, STM32WBA54CGU6TR, STM32WBA54CGU7, STM32WBA54CGU7TR, STM32WBA54KEU6, STM32WBA54KEU6TR, STM32WBA54KEU7, STM32WBA54KEU7TR, STM32WBA54KGU6, STM32WBA54KGU6TR, STM32WBA54KGU7, STM32WBA54KGU7TR, STM32WBA55CEU6, STM32WBA55CEU6TR, STM32WBA55CEU7, STM32WBA55CEU7TR, STM32WBA55CGU6, STM32WBA55CGU6TR, STM32WBA55CGU6U, STM32WBA55CGU7, STM32WBA55CGU7TR, STM32WBA55G-DK1, STM32WBA55HEF6, STM32WBA55HEF7, STM32WBA55HGF6, STM32WBA55HGF7, STM32WBA55UEI6, STM32WBA55UEI6TR, STM32WBA55UEI7, STM32WBA55UEI7TR, STM32WBA55UGI6, STM32WBA55UGI6TR, STM32WBA55UGI7, STM32WBA55UGI7TR, STM32WBA5MMGH6TR, STM32WBA62MGF6, STM32WBA62MIF6, STM32WBA65MGF7, STM32WBA65MIF6, STM32WBA65MIF7, STM32WL30K8V6, STM32WL30KBV6, STM32WL31C8V6, STM32WL31CBV6, STM32WL31K8V6, STM32WL31KBV6, STM32WL33C8V6, STM32WL33C8V6X, STM32WL33CBV6, STM32WL33CBV6X, STM32WL33CCV6, STM32WL33CCV6A, STM32WL33CCV6X, STM32WL33K8V7, STM32WL33K8V7X, STM32WL33KBV7 , STM32WL33KBV7X, STM32WL33KCV7, STM32WL33KCV7X, STM32WL5MOCH6, STM32WL5MOCH6TR]
2025-10-10 23:38:50,876 [INFO] DbMcus:218 - Found 4801 MCUs, 4801 are supported
2025-10-10 23:38:50,877 [INFO] ApiDb:423 - Load user favorites file /home/oleksii/.stm32cubeide/favorites.mcus.txt: 0 item(s)
2025-10-10 23:38:50,877 [INFO] ApiDb:427 - User favorites MCUs=[]
2025-10-10 23:38:50,877 [INFO] DbMcus:224 - Set 0 / 0 favorites MCUs
2025-10-10 23:38:51,166 [INFO] ApiDb:423 - Load user favorites file /home/oleksii/.stm32cubeide/favorites.boards.txt: 0 item(s)
2025-10-10 23:38:51,166 [INFO] ApiDb:427 - User favorites Boards=[]
2025-10-10 23:38:51,167 [INFO] DbBoards:198 - Set 0 / 0 favorites Boards
2025-10-10 23:38:51,228 [INFO] UtilMem:75 - End LoadConfig() Used Memory: 545149824 Bytes (769654784)
2025-10-10 23:38:51,362 [WARN] ThirdParty:833 - waiting for thirdparty lock release [change project]
2025-10-10 23:38:51,362 [INFO] ThirdParty:835 - entering critical section [change project]
2025-10-10 23:38:51,362 [INFO] ThirdParty:1030 - CMSIS Pack Vendor :STMicroelectronics X-CUBE-PM33A1 1.0.0
2025-10-10 23:38:51,362 [INFO] ThirdParty:1030 - CMSIS Pack Vendor :STMicroelectronics USBPD 4.1
2025-10-10 23:38:51,362 [INFO] ThirdParty:1030 - CMSIS Pack Vendor :STMicroelectronics X-CUBE-NFC9 1.0.0
2025-10-10 23:38:51,363 [INFO] ThirdParty:1030 - CMSIS Pack Vendor :STMicroelectronics USB_HOST 2.0.0
2025-10-10 23:38:51,363 [INFO] ThirdParty:1030 - CMSIS Pack Vendor :STMicroelectronics FP-SNS-MOTENVWB1 1.4.0
2025-10-10 23:38:51,363 [INFO] ThirdParty:1030 - CMSIS Pack Vendor :STMicroelectronics X-CUBE-AZRTOS-F4 1.1.0
2025-10-10 23:38:51,363 [INFO] ThirdParty:1030 - CMSIS Pack Vendor :STMicroelectronics LIBJPEG 8.0.0
2025-10-10 23:38:51,363 [INFO] ThirdParty:1030 - CMSIS Pack Vendor :STMicroelectronics FP-ATR-ASTRA1 2.0.2
2025-10-10 23:38:51,363 [INFO] ThirdParty:1030 - CMSIS Pack Vendor :wolfSSL I-CUBE-wolfSSL 5.8.2
2025-10-10 23:38:51,363 [INFO] ThirdParty:1030 - CMSIS Pack Vendor :STMicroelectronics X-CUBE-BLE1 7.1.0
2025-10-10 23:38:51,363 [INFO] ThirdParty:1030 - CMSIS Pack Vendor :Avnet-IotConnect X-CUBE-IoTC-DA16k-PMOD 1.0.0
2025-10-10 23:38:51,363 [INFO] ThirdParty:1030 - CMSIS Pack Vendor :STMicroelectronics X-CUBE-SMBUS 2.1.0
2025-10-10 23:38:51,363 [INFO] ThirdParty:1030 - CMSIS Pack Vendor :wolfSSL I-CUBE-wolfMQTT 1.19.2
2025-10-10 23:38:51,363 [INFO] ThirdParty:1030 - CMSIS Pack Vendor :STMicroelectronics USB_DEVICE 3.0.0
2025-10-10 23:38:51,363 [INFO] ThirdParty:1030 - CMSIS Pack Vendor :STMicroelectronics X-CUBE-ISPU 2.1.0
2025-10-10 23:38:51,363 [INFO] ThirdParty:1030 - CMSIS Pack Vendor :STMicroelectronics X-CUBE-EEPRMA1 5.2.0
2025-10-10 23:38:51,363 [INFO] ThirdParty:1030 - CMSIS Pack Vendor :STMicroelectronics X-CUBE-BLEMGR 4.1.0
2025-10-10 23:38:51,363 [INFO] ThirdParty:1030 - CMSIS Pack Vendor :STMicroelectronics X-CUBE-AZRTOS-WB 2.0.0
2025-10-10 23:38:51,363 [INFO] ThirdParty:1030 - CMSIS Pack Vendor :STMicroelectronics X-CUBE-ST60 1.0.0
2025-10-10 23:38:51,363 [INFO] ThirdParty:1030 - CMSIS Pack Vendor :STMicroelectronics X-CUBE-GNSS1 7.0.1
2025-10-10 23:38:51,363 [INFO] ThirdParty:1030 - CMSIS Pack Vendor :STMicroelectronics X-CUBE-NFC12 1.0.0
2025-10-10 23:38:51,363 [INFO] ThirdParty:1030 - CMSIS Pack Vendor :STMicroelectronics X-CUBE-AZRTOS-F7 1.1.0
2025-10-10 23:38:51,363 [INFO] ThirdParty:1030 - CMSIS Pack Vendor :STMicroelectronics X-CUBE-AZRTOS-L5 2.0.0
2025-10-10 23:38:51,363 [INFO] ThirdParty:1030 - CMSIS Pack Vendor :STMicroelectronics X-CUBE-TOUCHGFX 4.25.0
2025-10-10 23:38:51,363 [INFO] ThirdParty:1030 - CMSIS Pack Vendor :STMicroelectronics USB_DEVICE 2.0.0
2025-10-10 23:38:51,363 [INFO] ThirdParty:1030 - CMSIS Pack Vendor :STMicroelectronics X-CUBE-NFC6 3.1.0
2025-10-10 23:38:51,363 [INFO] ThirdParty:1030 - CMSIS Pack Vendor :quantropi X-CUBE-qispace-sdk-base 2.1.0
2025-10-10 23:38:51,363 [INFO] ThirdParty:1030 - CMSIS Pack Vendor :STMicroelectronics FreeRTOS 0.0.1
2025-10-10 23:38:51,363 [INFO] ThirdParty:1030 - CMSIS Pack Vendor :STMicroelectronics X-CUBE-AZRTOS-G0 1.1.0
2025-10-10 23:38:51,363 [INFO] ThirdParty:1030 - CMSIS Pack Vendor :STMicroelectronics X-CUBE-SAFEA1 1.2.2
2025-10-10 23:38:51,363 [INFO] ThirdParty:1030 - CMSIS Pack Vendor :STMicroelectronics X-CUBE-NFC4 3.0.0
2025-10-10 23:38:51,364 [INFO] ThirdParty:1030 - CMSIS Pack Vendor :STMicroelectronics X-CUBE-SUBG2 5.0.0
2025-10-10 23:38:51,364 [INFO] ThirdParty:1030 - CMSIS Pack Vendor :STMicroelectronics X-CUBE-AZRTOS-H7RS 1.1.0
2025-10-10 23:38:51,364 [INFO] ThirdParty:1030 - CMSIS Pack Vendor :STMicroelectronics STM32_WPAN 1.0.0
2025-10-10 23:38:51,364 [INFO] ThirdParty:1030 - CMSIS Pack Vendor :EmbeddedOffice I-CUBE-FS-RTOS 1.0.1
2025-10-10 23:38:51,364 [INFO] ThirdParty:1030 - CMSIS Pack Vendor :STMicroelectronics lwIP 2.0.3
2025-10-10 23:38:51,364 [INFO] ThirdParty:1030 - CMSIS Pack Vendor :WES I-CUBE-Cesium 1.4.0
2025-10-10 23:38:51,364 [INFO] ThirdParty:1030 - CMSIS Pack Vendor :Cesanta I-CUBE-Mongoose 7.13.0
2025-10-10 23:38:51,364 [INFO] ThirdParty:1030 - CMSIS Pack Vendor :STMicroelectronics USB_HOST 1.0.0
2025-10-10 23:38:51,364 [INFO] ThirdParty:1030 - CMSIS Pack Vendor :Infineon AIROC-Wi-Fi-Bluetooth-STM32 1.7.1
2025-10-10 23:38:51,364 [INFO] ThirdParty:1030 - CMSIS Pack Vendor :STMicroelectronics X-CUBE-AZRTOS-G4 2.0.0
2025-10-10 23:38:51,364 [INFO] ThirdParty:1030 - CMSIS Pack Vendor :STMicroelectronics X-CUBE-WB05N 2.0.0
2025-10-10 23:38:51,364 [INFO] ThirdParty:1030 - CMSIS Pack Vendor :STMicroelectronics PDM2PCM 3.1.0
2025-10-10 23:38:51,364 [INFO] ThirdParty:1030 - CMSIS Pack Vendor :STMicroelectronics PDM2PCM 3.3.0
2025-10-10 23:38:51,364 [INFO] ThirdParty:1030 - CMSIS Pack Vendor :wolfSSL I-CUBE-wolfTPM 3.8.0
2025-10-10 23:38:51,364 [INFO] ThirdParty:1030 - CMSIS Pack Vendor :STMicroelectronics X-CUBE-AZRTOS-H7 3.4.0
2025-10-10 23:38:51,364 [INFO] ThirdParty:1030 - CMSIS Pack Vendor :STMicroelectronics X-CUBE-DISPLAY 3.0.0
2025-10-10 23:38:51,364 [INFO] ThirdParty:1030 - CMSIS Pack Vendor :wolfSSL I-CUBE-wolfSSH 1.4.20
2025-10-10 23:38:51,364 [INFO] ThirdParty:1030 - CMSIS Pack Vendor :STMicroelectronics X-CUBE-NFC7 2.0.0
2025-10-10 23:38:51,364 [INFO] ThirdParty:1030 - CMSIS Pack Vendor :STMicroelectronics X-CUBE-TCPP 4.2.0
2025-10-10 23:38:51,364 [INFO] ThirdParty:1030 - CMSIS Pack Vendor :RealThread X-CUBE-RT-Thread_Nano 4.1.1
2025-10-10 23:38:51,364 [INFO] ThirdParty:1030 - CMSIS Pack Vendor :STMicroelectronics FP-ATR-SIGFOX1 3.2.0
2025-10-10 23:38:51,364 [INFO] ThirdParty:1030 - CMSIS Pack Vendor :STMicroelectronics X-CUBE-NFC10 1.0.0
2025-10-10 23:38:51,365 [INFO] ThirdParty:1030 - CMSIS Pack Vendor :STMicroelectronics X-CUBE-FREERTOS 1.3.1
2025-10-10 23:38:51,365 [INFO] ThirdParty:1030 - CMSIS Pack Vendor :STMicroelectronics HAL Drivers 0.0.0
2025-10-10 23:38:51,365 [INFO] ThirdParty:1030 - CMSIS Pack Vendor :STMicroelectronics MBEDTLS 2.16.2
2025-10-10 23:38:51,365 [INFO] ThirdParty:1030 - CMSIS Pack Vendor :STMicroelectronics X-CUBE-IPS 3.1.0
2025-10-10 23:38:51,365 [INFO] ThirdParty:1030 - CMSIS Pack Vendor :STMicroelectronics X-CUBE-ALS 1.0.2
2025-10-10 23:38:51,365 [INFO] ThirdParty:1030 - CMSIS Pack Vendor :emotas I-CUBE-CANOPEN 1.3.0
2025-10-10 23:38:51,365 [INFO] ThirdParty:1030 - CMSIS Pack Vendor :STMicroelectronics MBEDTLS 2.14.1
2025-10-10 23:38:51,365 [INFO] ThirdParty:1030 - CMSIS Pack Vendor :ITTIA_DB I-CUBE-ITTIADB 8.9.0
2025-10-10 23:38:51,365 [INFO] ThirdParty:1030 - CMSIS Pack Vendor :STMicroelectronics X-CUBE-TOUCHGFX 4.26.0
2025-10-10 23:38:51,365 [INFO] ThirdParty:1030 - CMSIS Pack Vendor :STMicroelectronics X-CUBE-STSE01 1.0.0
2025-10-10 23:38:51,365 [INFO] ThirdParty:1030 - CMSIS Pack Vendor :STMicroelectronics X-CUBE-ST67W61 1.0.0
2025-10-10 23:38:51,365 [INFO] ThirdParty:1030 - CMSIS Pack Vendor :STMicroelectronics FP-SNS-STBOX1 2.1.0
2025-10-10 23:38:51,365 [INFO] ThirdParty:1030 - CMSIS Pack Vendor :STMicroelectronics X-CUBE-AI 10.2.0
2025-10-10 23:38:51,365 [INFO] ThirdParty:1030 - CMSIS Pack Vendor :STMicroelectronics FP-SNS-STAIOTCFT 1.0.0
2025-10-10 23:38:51,365 [INFO] ThirdParty:1030 - CMSIS Pack Vendor :STMicroelectronics ThreadX 1.0.0
2025-10-10 23:38:51,365 [INFO] ThirdParty:1030 - CMSIS Pack Vendor :STMicroelectronics FP-SNS-SMARTAG2 1.2.0
2025-10-10 23:38:51,365 [INFO] ThirdParty:1030 - CMSIS Pack Vendor :STMicroelectronics FP-SNS-FLIGHT1 5.1.0
2025-10-10 23:38:51,365 [INFO] ThirdParty:1030 - CMSIS Pack Vendor :STMicroelectronics X-CUBE-AZRTOS-WL 2.0.0
2025-10-10 23:38:51,365 [INFO] ThirdParty:1030 - CMSIS Pack Vendor :SEGGER I-CUBE-embOS 1.3.1
2025-10-10 23:38:51,365 [INFO] ThirdParty:1030 - CMSIS Pack Vendor :STMicroelectronics X-CUBE-ALGOBUILD 1.4.0
2025-10-10 23:38:51,365 [INFO] ThirdParty:1030 - CMSIS Pack Vendor :STMicroelectronics X-CUBE-DPower 1.3.0
2025-10-10 23:38:51,365 [INFO] ThirdParty:1030 - CMSIS Pack Vendor :STMicroelectronics X-CUBE-MEMS1 11.3.0
2025-10-10 23:38:51,365 [INFO] ThirdParty:1030 - CMSIS Pack Vendor :STMicroelectronics FP-SNS-MOTENV1 5.0.0
2025-10-10 23:38:51,365 [INFO] ThirdParty:1030 - CMSIS Pack Vendor :STMicroelectronics USB_DEVICE 1.0.0
2025-10-10 23:38:51,365 [INFO] ThirdParty:1030 - CMSIS Pack Vendor :STMicroelectronics X-CUBE-AZRTOS-L4 2.0.0
2025-10-10 23:38:51,365 [INFO] ThirdParty:1030 - CMSIS Pack Vendor :STMicroelectronics ThreadX 0.0.2
2025-10-10 23:38:51,365 [INFO] ThirdParty:1030 - CMSIS Pack Vendor :STMicroelectronics lwIP 2.1.2
2025-10-10 23:38:51,365 [INFO] ThirdParty:1030 - CMSIS Pack Vendor :STMicroelectronics X-CUBE-SFXS2LP1 4.0.0
2025-10-10 23:38:51,365 [INFO] ThirdParty:1030 - CMSIS Pack Vendor :STMicroelectronics X-CUBE-BLE2 3.3.0
2025-10-10 23:38:51,365 [INFO] ThirdParty:1030 - CMSIS Pack Vendor :STMicroelectronics X-CUBE-TOF1 3.4.3
2025-10-10 23:38:51,365 [INFO] ThirdParty:1030 - CMSIS Pack Vendor :STMicroelectronics PDM2PCM 3.2.0
2025-10-10 23:38:51,365 [INFO] ThirdParty:841 - exiting critical section [change project]
2025-10-10 23:38:51,683 [INFO] PinOutPanel:1589 - setPackage(No Configuration,No Configuration)
2025-10-10 23:38:51,684 [INFO] PinOutPanel:1589 - setPackage(STM32F407VGTx,LQFP100)
2025-10-10 23:38:52,001 [INFO] UtilMem:75 - Before build in PCC Used Memory: 589081040 Bytes (769654784)
2025-10-10 23:38:52,397 [INFO] UtilMem:75 - After build in PCC Used Memory: 531103744 Bytes (769654784)
2025-10-10 23:38:52,426 [INFO] ApiDbMcu:532 - Load IP Config File for USB_HOST
2025-10-10 23:38:52,426 [WARN] BspModel:444 - BSP dependency skipped because of component: name='IOExpander', api='Unknown'
2025-10-10 23:38:52,452 [INFO] IPUIPlugin:80 - create IPUIPlugin
2025-10-10 23:38:52,453 [INFO] IPUIPlugin:80 - create IPUIPlugin
2025-10-10 23:38:52,453 [INFO] IPUIPlugin:80 - create IPUIPlugin
2025-10-10 23:38:52,453 [INFO] IPUIPlugin:80 - create IPUIPlugin
2025-10-10 23:38:52,453 [INFO] IPUIPlugin:80 - create IPUIPlugin
2025-10-10 23:38:52,453 [INFO] IPUIPlugin:80 - create IPUIPlugin
2025-10-10 23:38:52,453 [INFO] IPUIPlugin:80 - create IPUIPlugin
2025-10-10 23:38:52,453 [INFO] IPUIPlugin:80 - create IPUIPlugin
2025-10-10 23:38:52,453 [INFO] IPUIPlugin:80 - create IPUIPlugin
2025-10-10 23:38:52,453 [INFO] IPUIPlugin:80 - create IPUIPlugin
2025-10-10 23:38:52,453 [INFO] IPUIPlugin:80 - create IPUIPlugin
2025-10-10 23:38:52,454 [INFO] IPUIPlugin:80 - create IPUIPlugin
2025-10-10 23:38:52,454 [INFO] IPUIPlugin:80 - create IPUIPlugin
2025-10-10 23:38:52,454 [INFO] IPUIPlugin:80 - create IPUIPlugin
2025-10-10 23:38:52,454 [INFO] IPUIPlugin:80 - create IPUIPlugin
2025-10-10 23:38:52,454 [INFO] IPUIPlugin:80 - create IPUIPlugin
2025-10-10 23:38:52,454 [INFO] IPUIPlugin:80 - create IPUIPlugin
2025-10-10 23:38:52,454 [INFO] IPUIPlugin:80 - create IPUIPlugin
2025-10-10 23:38:52,454 [INFO] IPUIPlugin:80 - create IPUIPlugin
2025-10-10 23:38:52,454 [INFO] IPUIPlugin:80 - create IPUIPlugin
2025-10-10 23:38:52,454 [INFO] IPUIPlugin:80 - create IPUIPlugin
2025-10-10 23:38:52,455 [INFO] IPUIPlugin:80 - create IPUIPlugin
2025-10-10 23:38:52,455 [INFO] IPUIPlugin:80 - create IPUIPlugin
2025-10-10 23:38:52,455 [INFO] IPUIPlugin:80 - create IPUIPlugin
2025-10-10 23:38:52,455 [INFO] IPUIPlugin:80 - create IPUIPlugin
2025-10-10 23:38:52,455 [INFO] IPUIPlugin:80 - create IPUIPlugin
2025-10-10 23:38:52,455 [INFO] IPUIPlugin:80 - create IPUIPlugin
2025-10-10 23:38:52,455 [INFO] IPUIPlugin:80 - create IPUIPlugin
2025-10-10 23:38:52,455 [INFO] IPUIPlugin:80 - create IPUIPlugin
2025-10-10 23:38:52,456 [INFO] IPUIPlugin:80 - create IPUIPlugin
2025-10-10 23:38:52,456 [INFO] IPUIPlugin:80 - create IPUIPlugin
2025-10-10 23:38:52,456 [INFO] IPUIPlugin:80 - create IPUIPlugin
2025-10-10 23:38:52,457 [INFO] IPUIPlugin:80 - create IPUIPlugin
2025-10-10 23:38:52,457 [INFO] IPUIPlugin:80 - create IPUIPlugin
2025-10-10 23:38:52,457 [INFO] IPUIPlugin:80 - create IPUIPlugin
2025-10-10 23:38:52,457 [INFO] IPUIPlugin:80 - create IPUIPlugin
2025-10-10 23:38:52,457 [INFO] IPUIPlugin:80 - create IPUIPlugin
2025-10-10 23:38:52,457 [INFO] IPUIPlugin:80 - create IPUIPlugin
2025-10-10 23:38:52,457 [INFO] IPUIPlugin:80 - create IPUIPlugin
2025-10-10 23:38:52,457 [INFO] IPUIPlugin:80 - create IPUIPlugin
2025-10-10 23:38:52,457 [INFO] IPUIPlugin:80 - create IPUIPlugin
2025-10-10 23:38:52,457 [INFO] IPUIPlugin:80 - create IPUIPlugin
2025-10-10 23:38:52,457 [INFO] IPUIPlugin:80 - create IPUIPlugin
2025-10-10 23:38:52,457 [INFO] IPUIPlugin:80 - create IPUIPlugin
2025-10-10 23:38:52,457 [INFO] IPUIPlugin:80 - create IPUIPlugin
2025-10-10 23:38:52,457 [INFO] IPUIPlugin:80 - create IPUIPlugin
2025-10-10 23:38:52,457 [INFO] IPUIPlugin:80 - create IPUIPlugin
2025-10-10 23:38:52,458 [INFO] IPUIPlugin:80 - create IPUIPlugin
2025-10-10 23:38:52,458 [INFO] IPUIPlugin:80 - create IPUIPlugin
2025-10-10 23:38:52,458 [INFO] IPUIPlugin:80 - create IPUIPlugin
2025-10-10 23:38:52,458 [INFO] IPUIPlugin:80 - create IPUIPlugin
2025-10-10 23:38:52,458 [INFO] IPUIPlugin:80 - create IPUIPlugin
2025-10-10 23:38:52,458 [INFO] IPUIPlugin:80 - create IPUIPlugin
2025-10-10 23:38:52,458 [INFO] IPUIPlugin:80 - create IPUIPlugin
2025-10-10 23:38:52,459 [INFO] IPUIPlugin:80 - create IPUIPlugin
2025-10-10 23:38:52,459 [INFO] IPUIPlugin:80 - create IPUIPlugin
2025-10-10 23:38:52,459 [INFO] IPUIPlugin:80 - create IPUIPlugin
2025-10-10 23:38:52,459 [INFO] IPUIPlugin:80 - create IPUIPlugin
2025-10-10 23:38:52,463 [INFO] ApiDbMcu:532 - Load IP Config File for PDM2PCM
2025-10-10 23:38:52,467 [WARN] IP:2250 - I2C_Coeff_DF not found: check if there is a RefParameter without a condition.
2025-10-10 23:38:52,467 [WARN] IP:2250 - Analog_Filter not found: check if there is a RefParameter without a condition.
2025-10-10 23:38:52,472 [INFO] I2sManager:658 - 9.6E7
2025-10-10 23:38:52,473 [INFO] I2sManager:195 - I2S Clock Value : 9.6E7
2025-10-10 23:38:52,473 [INFO] I2sManager:553 - AudioClock : 93750Divider : 2Odd : 0
2025-10-10 23:38:52,577 [INFO] CADModel:165 - CPN selected for project levelSTM32F407VGT6
2025-10-10 23:38:52,578 [INFO] CADModel:114 - Register for checkConnection events
2025-10-10 23:38:52,626 [INFO] OpenFileManager:386 - Restore cursor
2025-10-10 23:38:52,800 [WARN] IP:2250 - I2C_Coeff_DF not found: check if there is a RefParameter without a condition.
2025-10-10 23:38:52,800 [WARN] IP:2250 - Analog_Filter not found: check if there is a RefParameter without a condition.
2025-10-10 23:38:52,801 [WARN] IP:2250 - I2C_Coeff_DF not found: check if there is a RefParameter without a condition.
2025-10-10 23:38:52,801 [WARN] IP:2250 - Analog_Filter not found: check if there is a RefParameter without a condition.
2025-10-10 23:39:09,583 [WARN] BspModel:444 - BSP dependency skipped because of component: name='IOExpander', api='Unknown'
2025-10-10 23:39:15,738 [INFO] UtilMem:75 - End SaveConfig() Used Memory: 574838800 Bytes (979369984)
2025-10-10 23:39:27,803 [WARN] BspModel:444 - BSP dependency skipped because of component: name='IOExpander', api='Unknown'
2025-10-10 23:39:31,478 [INFO] UtilMem:75 - End SaveConfig() Used Memory: 807929856 Bytes (979369984)
2025-10-10 23:39:33,681 [INFO] UtilMem:75 - End SaveConfig() Used Memory: 640413200 Bytes (979369984)
2025-10-10 23:39:34,616 [INFO] UtilMem:75 - End SaveConfig() Used Memory: 714792696 Bytes (1073741824)
2025-10-10 23:39:34,943 [INFO] BlockDiagram:2775 - set Specific Code input for plugin: SPI
2025-10-10 23:39:34,943 [INFO] BlockDiagram:2775 - set Specific Code input for plugin: TIM1_8
2025-10-10 23:39:34,943 [INFO] BlockDiagram:2775 - set Specific Code input for plugin: I2S
2025-10-10 23:39:34,943 [INFO] BlockDiagram:2775 - set Specific Code input for plugin: SYS
2025-10-10 23:39:34,943 [INFO] BlockDiagram:2775 - set Specific Code input for plugin: RCC
2025-10-10 23:39:34,943 [INFO] BlockDiagram:2775 - set Specific Code input for plugin: I2C
2025-10-10 23:39:34,943 [INFO] BlockDiagram:2775 - set Specific Code input for plugin: USB_OTG_FS
2025-10-10 23:39:34,943 [INFO] BlockDiagram:2775 - set Specific Code input for plugin: NVIC
2025-10-10 23:39:34,943 [INFO] BlockDiagram:2775 - set Specific Code input for plugin: USB_HOST
2025-10-10 23:39:34,944 [INFO] BlockDiagram:2775 - set Specific Code input for plugin: GPIO
2025-10-10 23:39:34,944 [INFO] CodeGenerator:892 - code generatio: config db path: /opt/st/stm32cubeide_1.19.0/plugins/com.st.stm32cube.common.mx_6.15.0.202507011659//db/
2025-10-10 23:39:34,949 [WARN] IP:2250 - I2C_Coeff_DF not found: check if there is a RefParameter without a condition.
2025-10-10 23:39:34,949 [WARN] IP:2250 - Analog_Filter not found: check if there is a RefParameter without a condition.
2025-10-10 23:39:35,086 [INFO] CodeEngine:265 - oldGeneratedFile, /home/oleksii/STM32CubeIDE/workspace_1.19.0/workspace_embedded/Lab2_3/MXTmpFiles/license.tmp_save
2025-10-10 23:39:35,291 [INFO] CodeEngine:289 - Generated code: /home/oleksii/STM32CubeIDE/workspace_1.19.0/workspace_embedded/Lab2_3/MXTmpFiles/license.tmp
2025-10-10 23:39:35,361 [INFO] CodeEngine:265 - oldGeneratedFile, /home/oleksii/STM32CubeIDE/workspace_1.19.0/workspace_embedded/Lab2_3/MXTmpFiles/gpio.tmp_save
2025-10-10 23:39:35,479 [INFO] CodeEngine:289 - Generated code: /home/oleksii/STM32CubeIDE/workspace_1.19.0/workspace_embedded/Lab2_3/MXTmpFiles/gpio.tmp
2025-10-10 23:39:35,554 [WARN] IPConfigManager:3238 - Warning: the RefConfig PWREx_EnableUSBVoltageDetector is not available in your config.xml file
2025-10-10 23:39:35,558 [INFO] CodeEngine:265 - oldGeneratedFile, /home/oleksii/STM32CubeIDE/workspace_1.19.0/workspace_embedded/Lab2_3/MXTmpFiles/usb_otg_fs_vars.tmp_save
2025-10-10 23:39:35,607 [INFO] CodeEngine:289 - Generated code: /home/oleksii/STM32CubeIDE/workspace_1.19.0/workspace_embedded/Lab2_3/MXTmpFiles/usb_otg_fs_vars.tmp
2025-10-10 23:39:35,608 [INFO] CodeEngine:265 - oldGeneratedFile, /home/oleksii/STM32CubeIDE/workspace_1.19.0/workspace_embedded/Lab2_3/MXTmpFiles/usb_otg_fs_inc.tmp_save
2025-10-10 23:39:35,649 [INFO] CodeEngine:289 - Generated code: /home/oleksii/STM32CubeIDE/workspace_1.19.0/workspace_embedded/Lab2_3/MXTmpFiles/usb_otg_fs_inc.tmp
2025-10-10 23:39:35,650 [INFO] CodeEngine:265 - oldGeneratedFile, /home/oleksii/STM32CubeIDE/workspace_1.19.0/workspace_embedded/Lab2_3/MXTmpFiles/usb_otg_fs_HalInit.tmp_save
2025-10-10 23:39:35,705 [INFO] CodeEngine:289 - Generated code: /home/oleksii/STM32CubeIDE/workspace_1.19.0/workspace_embedded/Lab2_3/MXTmpFiles/usb_otg_fs_HalInit.tmp
2025-10-10 23:39:35,706 [INFO] CodeEngine:265 - oldGeneratedFile, /home/oleksii/STM32CubeIDE/workspace_1.19.0/workspace_embedded/Lab2_3/MXTmpFiles/usb_otg_fs_Msp.tmp_save
2025-10-10 23:39:35,777 [INFO] CodeEngine:289 - Generated code: /home/oleksii/STM32CubeIDE/workspace_1.19.0/workspace_embedded/Lab2_3/MXTmpFiles/usb_otg_fs_Msp.tmp
2025-10-10 23:39:35,979 [INFO] CodeEngine:265 - oldGeneratedFile, /home/oleksii/STM32CubeIDE/workspace_1.19.0/workspace_embedded/Lab2_3/USB_HOST/App/usb_host.c_save
2025-10-10 23:39:36,037 [INFO] CodeEngine:289 - Generated code: /home/oleksii/STM32CubeIDE/workspace_1.19.0/workspace_embedded/Lab2_3/USB_HOST/App/usb_host.c
2025-10-10 23:39:36,038 [INFO] CodeEngine:265 - oldGeneratedFile, /home/oleksii/STM32CubeIDE/workspace_1.19.0/workspace_embedded/Lab2_3/USB_HOST/App/usb_host.h_save
2025-10-10 23:39:36,077 [INFO] CodeEngine:289 - Generated code: /home/oleksii/STM32CubeIDE/workspace_1.19.0/workspace_embedded/Lab2_3/USB_HOST/App/usb_host.h
2025-10-10 23:39:36,078 [INFO] CodeEngine:265 - oldGeneratedFile, /home/oleksii/STM32CubeIDE/workspace_1.19.0/workspace_embedded/Lab2_3/USB_HOST/Target/usbh_conf.h_save
2025-10-10 23:39:36,119 [INFO] CodeEngine:289 - Generated code: /home/oleksii/STM32CubeIDE/workspace_1.19.0/workspace_embedded/Lab2_3/USB_HOST/Target/usbh_conf.h
2025-10-10 23:39:36,119 [INFO] CodeEngine:265 - oldGeneratedFile, /home/oleksii/STM32CubeIDE/workspace_1.19.0/workspace_embedded/Lab2_3/USB_HOST/Target/usbh_conf.c_save
2025-10-10 23:39:36,159 [INFO] CodeEngine:289 - Generated code: /home/oleksii/STM32CubeIDE/workspace_1.19.0/workspace_embedded/Lab2_3/USB_HOST/Target/usbh_conf.c
2025-10-10 23:39:36,160 [INFO] CodeEngine:265 - oldGeneratedFile, /home/oleksii/STM32CubeIDE/workspace_1.19.0/workspace_embedded/Lab2_3/USB_HOST/Target/usbh_platform.c_save
2025-10-10 23:39:36,196 [INFO] CodeEngine:289 - Generated code: /home/oleksii/STM32CubeIDE/workspace_1.19.0/workspace_embedded/Lab2_3/USB_HOST/Target/usbh_platform.c
2025-10-10 23:39:36,197 [INFO] CodeEngine:265 - oldGeneratedFile, /home/oleksii/STM32CubeIDE/workspace_1.19.0/workspace_embedded/Lab2_3/USB_HOST/Target/usbh_platform.h_save
2025-10-10 23:39:36,233 [INFO] CodeEngine:289 - Generated code: /home/oleksii/STM32CubeIDE/workspace_1.19.0/workspace_embedded/Lab2_3/USB_HOST/Target/usbh_platform.h
2025-10-10 23:39:36,238 [INFO] CodeEngine:265 - oldGeneratedFile, /home/oleksii/STM32CubeIDE/workspace_1.19.0/workspace_embedded/Lab2_3/Core/Src/stm32f4xx_it.c_save
2025-10-10 23:39:36,296 [INFO] CodeEngine:289 - Generated code: /home/oleksii/STM32CubeIDE/workspace_1.19.0/workspace_embedded/Lab2_3/Core/Src/stm32f4xx_it.c
2025-10-10 23:39:36,297 [INFO] CodeEngine:265 - oldGeneratedFile, /home/oleksii/STM32CubeIDE/workspace_1.19.0/workspace_embedded/Lab2_3/Core/Inc/stm32f4xx_it.h_save
2025-10-10 23:39:36,335 [INFO] CodeEngine:289 - Generated code: /home/oleksii/STM32CubeIDE/workspace_1.19.0/workspace_embedded/Lab2_3/Core/Inc/stm32f4xx_it.h
2025-10-10 23:39:36,359 [INFO] CodeEngine:265 - oldGeneratedFile, /home/oleksii/STM32CubeIDE/workspace_1.19.0/workspace_embedded/Lab2_3/Core/Src/stm32f4xx_hal_msp.c_save
2025-10-10 23:39:36,439 [INFO] CodeEngine:289 - Generated code: /home/oleksii/STM32CubeIDE/workspace_1.19.0/workspace_embedded/Lab2_3/Core/Src/stm32f4xx_hal_msp.c
2025-10-10 23:39:36,440 [INFO] CodeEngine:265 - oldGeneratedFile, /home/oleksii/STM32CubeIDE/workspace_1.19.0/workspace_embedded/Lab2_3/MXTmpFiles/system.tmp_save
2025-10-10 23:39:36,477 [INFO] CodeEngine:289 - Generated code: /home/oleksii/STM32CubeIDE/workspace_1.19.0/workspace_embedded/Lab2_3/MXTmpFiles/system.tmp
2025-10-10 23:39:36,480 [INFO] CodeEngine:321 - oldGeneratedFile, /home/oleksii/STM32CubeIDE/workspace_1.19.0/workspace_embedded/Lab2_3/Core/Inc/stm32f4xx_hal_conf.h_save
2025-10-10 23:39:36,525 [INFO] CodeEngine:345 - Generated code: /home/oleksii/STM32CubeIDE/workspace_1.19.0/workspace_embedded/Lab2_3/Core/Inc/stm32f4xx_hal_conf.h
2025-10-10 23:39:36,543 [INFO] ApiDbMcu:532 - Load IP Config File for I2C1
2025-10-10 23:39:36,545 [INFO] ApiDbMcu:532 - Load IP Config File for I2S3
2025-10-10 23:39:36,546 [INFO] ApiDbMcu:532 - Load IP Config File for SPI1
2025-10-10 23:39:36,554 [INFO] ApiDbMcu:532 - Load IP Config File for TIM4
2025-10-10 23:39:36,556 [INFO] ApiDbMcu:532 - Load IP Config File for RCC
2025-10-10 23:39:36,558 [WARN] IPConfigManager:3811 - IP not found : TIM
2025-10-10 23:39:36,559 [WARN] CodeGenerator:4259 - IP not found : null
2025-10-10 23:39:36,560 [INFO] CodeEngine:265 - oldGeneratedFile, /home/oleksii/STM32CubeIDE/workspace_1.19.0/workspace_embedded/Lab2_3/Core/Inc/main.h_save
2025-10-10 23:39:36,615 [INFO] CodeEngine:289 - Generated code: /home/oleksii/STM32CubeIDE/workspace_1.19.0/workspace_embedded/Lab2_3/Core/Inc/main.h
2025-10-10 23:39:36,616 [INFO] CodeEngine:265 - oldGeneratedFile, /home/oleksii/STM32CubeIDE/workspace_1.19.0/workspace_embedded/Lab2_3/Core/Src/main.c_save
2025-10-10 23:39:36,699 [INFO] CodeEngine:289 - Generated code: /home/oleksii/STM32CubeIDE/workspace_1.19.0/workspace_embedded/Lab2_3/Core/Src/main.c
2025-10-10 23:39:36,894 [INFO] ProjectBuilder:3606 - Time for Copy HAL[1] : 19mS.
2025-10-10 23:39:36,897 [INFO] ProjectBuilder:5216 - Project Generator version: 4.7.0-B52
2025-10-10 23:39:36,971 [INFO] ConfigFileManager:1595 - The Die is : DIE413
2025-10-10 23:39:36,972 [INFO] ApiDbMcu:532 - Load IP Config File for FATFS
2025-10-10 23:39:36,974 [INFO] ApiDbMcu:532 - Load IP Config File for FREERTOS
2025-10-10 23:39:36,975 [INFO] ApiDbMcu:532 - Load IP Config File for LIBJPEG
2025-10-10 23:39:36,978 [INFO] ApiDbMcu:532 - Load IP Config File for LWIP
2025-10-10 23:39:36,981 [INFO] ApiDbMcu:532 - Load IP Config File for MBEDTLS
2025-10-10 23:39:36,985 [INFO] ApiDbMcu:532 - Load IP Config File for USB_DEVICE
2025-10-10 23:39:37,249 [INFO] LogOutputStream:77 - [STDOUT_REDIRECT] 
2025-10-10 23:39:37,721 [INFO] ProjectBuilder:5496 - Time for Generating toolchain IDE Files: 824mS.
2025-10-10 23:39:37,721 [INFO] ProjectBuilder:3463 - Time for Copy CMSIS : 0mS.
2025-10-10 23:39:37,722 [INFO] ProjectBuilder:3463 - Time for Copy CMSIS : 0mS.
2025-10-10 23:41:12,582 [ERROR] LogOutputStream:75 - [STDERR_REDIRECT] 
