2025-11-05 00:19:28,345 [ERROR] LogOutputStream:75 - [STDERR_REDIRECT] 
2025-11-05 00:21:40,116 [INFO] Activator:176 - 


2025-11-05 00:21:40,117 [INFO] Activator:177 - !SESSION log4j initialized
2025-11-05 00:21:42,880 [INFO] LogOutputStream:77 - [STDOUT_REDIRECT] 
2025-11-05 00:21:43,813 [INFO] ApplicationProperties:184 - Using Application install path: /opt/st/stm32cubeide_1.19.0/plugins/com.st.stm32cube.common.mx_6.15.0.202507011659
2025-11-05 00:21:43,823 [INFO] DbMcusXml:78 - Set database path to: /opt/st/stm32cubeide_1.19.0/plugins/com.st.stm32cube.common.mx_6.15.0.202507011659//db//mcu/
2025-11-05 00:21:43,824 [INFO] ApiDb:274 - Set plugin database path to: /opt/st/stm32cubeide_1.19.0/plugins/com.st.stm32cube.common.mx_6.15.0.202507011659//db//plugins/boardmanager/
2025-11-05 00:21:43,824 [WARN] ApiDb:259 - Overriding images path with different value:  => /opt/st/stm32cubeide_1.19.0/plugins/com.st.stm32cube.common.mx_6.15.0.202507011659//db//plugins/mcufinder/images/
2025-11-05 00:21:43,825 [INFO] ApiDb:250 - Set database path to: /home/oleksii/.stmcufinder/plugins/mcufinder//mcu/
2025-11-05 00:21:43,826 [INFO] DbMcusAds:125 - Set database path to: /home/oleksii/.stmcufinder/plugins/mcufinder//mcu/
2025-11-05 00:21:43,827 [INFO] CrossReferenceDbSqlite:203 - Set database path to: /home/oleksii/.stmcufinder/plugins/mcufinder//mcu/cs/
2025-11-05 00:21:43,906 [INFO] RulesReader:64 - Compatibility file has been processed (317 Rules)
2025-11-05 00:21:43,940 [INFO] DbMcusXml:78 - Set database path to: /opt/st/stm32cubeide_1.19.0/plugins/com.st.stm32cube.common.mx_6.15.0.202507011659//db//mcu/
2025-11-05 00:21:43,940 [INFO] ApiDb:274 - Set plugin database path to: /opt/st/stm32cubeide_1.19.0/plugins/com.st.stm32cube.common.mx_6.15.0.202507011659//db//plugins/boardmanager/
2025-11-05 00:21:43,940 [INFO] ApiDb:261 - Set plugin images path to: /opt/st/stm32cubeide_1.19.0/plugins/com.st.stm32cube.common.mx_6.15.0.202507011659//db//plugins/mcufinder/images/
2025-11-05 00:21:43,940 [WARN] DbFile:41 - Overriding database path with different value: /home/oleksii/.stmcufinder/plugins/mcufinder/ => /home/oleksii/.stmcufinder/plugins/mcufinder
2025-11-05 00:21:43,940 [INFO] ApiDb:250 - Set database path to: /home/oleksii/.stmcufinder/plugins/mcufinder//mcu/
2025-11-05 00:21:43,940 [WARN] DbFile:41 - Overriding database path with different value: /home/oleksii/.stmcufinder/plugins/mcufinder/ => /home/oleksii/.stmcufinder/plugins/mcufinder
2025-11-05 00:21:43,940 [INFO] DbMcusAds:125 - Set database path to: /home/oleksii/.stmcufinder/plugins/mcufinder//mcu/
2025-11-05 00:21:43,940 [WARN] DbFile:41 - Overriding database path with different value: /home/oleksii/.stmcufinder/plugins/mcufinder/ => /home/oleksii/.stmcufinder/plugins/mcufinder
2025-11-05 00:21:43,940 [WARN] DbFile:41 - Overriding database path with different value: /home/oleksii/.stmcufinder/plugins/mcufinder/ => /home/oleksii/.stmcufinder/plugins/mcufinder
2025-11-05 00:21:43,940 [INFO] CrossReferenceDbSqlite:203 - Set database path to: /home/oleksii/.stmcufinder/plugins/mcufinder//mcu/cs/
2025-11-05 00:21:43,971 [INFO] MainPanel:274 - HeapMemory: 268435456
2025-11-05 00:21:44,030 [INFO] DbMcusXml:78 - Set database path to: /opt/st/stm32cubeide_1.19.0/plugins/com.st.stm32cube.common.mx_6.15.0.202507011659//db//mcu/
2025-11-05 00:21:44,030 [INFO] ApiDb:274 - Set plugin database path to: /opt/st/stm32cubeide_1.19.0/plugins/com.st.stm32cube.common.mx_6.15.0.202507011659//db//plugins/boardmanager/
2025-11-05 00:21:44,031 [INFO] ApiDb:261 - Set plugin images path to: /opt/st/stm32cubeide_1.19.0/plugins/com.st.stm32cube.common.mx_6.15.0.202507011659//db//plugins/mcufinder/images/
2025-11-05 00:21:44,031 [WARN] DbFile:41 - Overriding database path with different value: /home/oleksii/.stmcufinder/plugins/mcufinder/ => /home/oleksii/.stmcufinder/plugins/mcufinder
2025-11-05 00:21:44,031 [INFO] ApiDb:250 - Set database path to: /home/oleksii/.stmcufinder/plugins/mcufinder//mcu/
2025-11-05 00:21:44,031 [WARN] DbFile:41 - Overriding database path with different value: /home/oleksii/.stmcufinder/plugins/mcufinder/ => /home/oleksii/.stmcufinder/plugins/mcufinder
2025-11-05 00:21:44,031 [INFO] DbMcusAds:125 - Set database path to: /home/oleksii/.stmcufinder/plugins/mcufinder//mcu/
2025-11-05 00:21:44,031 [WARN] DbFile:41 - Overriding database path with different value: /home/oleksii/.stmcufinder/plugins/mcufinder/ => /home/oleksii/.stmcufinder/plugins/mcufinder
2025-11-05 00:21:44,031 [WARN] DbFile:41 - Overriding database path with different value: /home/oleksii/.stmcufinder/plugins/mcufinder/ => /home/oleksii/.stmcufinder/plugins/mcufinder
2025-11-05 00:21:44,031 [INFO] CrossReferenceDbSqlite:203 - Set database path to: /home/oleksii/.stmcufinder/plugins/mcufinder//mcu/cs/
2025-11-05 00:21:44,040 [INFO] ApplicationProperties:184 - Using Application install path: /opt/st/stm32cubeide_1.19.0/plugins/com.st.stm32cube.common.mx_6.15.0.202507011659
2025-11-05 00:21:44,041 [INFO] PluginManage:196 - Search for loadable plugins [exclusion list=, ]
2025-11-05 00:21:44,041 [INFO] PluginManage:310 - Check plugin analytics
2025-11-05 00:21:44,126 [INFO] AnalyticsPlugin:253 - Accepted Software Licenses: 
2025-11-05 00:21:44,126 [INFO] AnalyticsPlugin:255 - Accepted CMSIS Pack Licenses: 
2025-11-05 00:21:44,126 [INFO] AnalyticsPlugin:257 - Accepted Firmware Licenses: FW.F4.1.28.0
2025-11-05 00:21:44,127 [INFO] PluginManage:359 - Loaded plugin analytics (category:tool,tabindex:-1)
2025-11-05 00:21:44,127 [INFO] PluginManage:310 - Check plugin cadmodel
2025-11-05 00:21:44,129 [INFO] CADModel:105 - Init CAD model plugin
2025-11-05 00:21:44,129 [INFO] PluginManage:359 - Loaded plugin cadmodel (category:power,tabindex:5)
2025-11-05 00:21:44,129 [INFO] PluginManage:310 - Check plugin clock
2025-11-05 00:21:44,133 [INFO] PluginManage:359 - Loaded plugin clock (category:base,tabindex:2)
2025-11-05 00:21:44,133 [INFO] PluginManage:310 - Check plugin ddr
2025-11-05 00:21:44,134 [INFO] PluginManage:359 - Loaded plugin ddr (category:tool,tabindex:6)
2025-11-05 00:21:44,134 [INFO] PluginManage:310 - Check plugin filemanager
2025-11-05 00:21:44,206 [INFO] PluginManage:359 - Loaded plugin filemanager (category:base,tabindex:10)
2025-11-05 00:21:44,206 [INFO] PluginManage:310 - Check plugin ipmanager
2025-11-05 00:21:44,209 [INFO] PluginManage:359 - Loaded plugin ipmanager (category:base,tabindex:5)
2025-11-05 00:21:44,209 [INFO] PluginManage:310 - Check plugin lpbam
2025-11-05 00:21:44,213 [INFO] PluginManage:359 - Loaded plugin lpbam (category:base,tabindex:0)
2025-11-05 00:21:44,213 [INFO] PluginManage:310 - Check plugin memorymap
2025-11-05 00:21:44,218 [INFO] PluginManage:359 - Loaded plugin memorymap (category:base,tabindex:4)
2025-11-05 00:21:44,219 [INFO] PluginManage:310 - Check plugin pinoutandconfiguration
2025-11-05 00:21:44,222 [INFO] PluginManage:359 - Loaded plugin pinoutandconfiguration (category:base,tabindex:1)
2025-11-05 00:21:44,222 [INFO] PluginManage:310 - Check plugin pinoutconfig
2025-11-05 00:21:44,266 [WARN] SupportedApi:132 - Cannot load RTOS API schema: s4s-elt-must-match.1: The content of 'definitions' must match (annotation?, (simpleType | complexType)?, (unique | key | keyref)*)). A problem was found starting at: attribute.
2025-11-05 00:21:44,335 [INFO] PluginManage:359 - Loaded plugin pinoutconfig (category:base,tabindex:0)
2025-11-05 00:21:44,335 [INFO] PluginManage:310 - Check plugin power
2025-11-05 00:21:44,339 [INFO] PluginManage:359 - Loaded plugin power (category:power,tabindex:4)
2025-11-05 00:21:44,340 [INFO] PluginManage:310 - Check plugin projectmanager
2025-11-05 00:21:44,349 [INFO] PluginManage:359 - Loaded plugin projectmanager (category:projectmanager,tabindex:4)
2025-11-05 00:21:44,349 [INFO] PluginManage:310 - Check plugin rif
2025-11-05 00:21:44,354 [INFO] PluginManage:359 - Loaded plugin rif (category:base,tabindex:3)
2025-11-05 00:21:44,354 [INFO] PluginManage:310 - Check plugin thirdparty
2025-11-05 00:21:44,417 [INFO] PluginManage:359 - Loaded plugin thirdparty (category:base,tabindex:-1)
2025-11-05 00:21:44,417 [WARN] IntegrityCheckThread:84 - waiting for thirdparty lock release [integrity check]
2025-11-05 00:21:44,417 [INFO] PluginManage:310 - Check plugin tools
2025-11-05 00:21:44,417 [INFO] IntegrityCheckThread:86 - entering critical section [integrity check]
2025-11-05 00:21:44,417 [INFO] ThirdPartyUpdaterWithRetryManager:70 - Updater plugin not ready yet. [1/15]
2025-11-05 00:21:44,418 [INFO] PluginManage:359 - Loaded plugin tools (category:base,tabindex:7)
2025-11-05 00:21:44,418 [INFO] PluginManage:310 - Check plugin tutovideos
2025-11-05 00:21:44,525 [INFO] PluginManage:359 - Loaded plugin tutovideos (category:base,tabindex:-1)
2025-11-05 00:21:44,525 [INFO] PluginManage:310 - Check plugin updater
2025-11-05 00:21:44,536 [INFO] PluginManage:359 - Loaded plugin updater (category:base,tabindex:12)
2025-11-05 00:21:44,536 [INFO] PluginManage:310 - Check plugin userauth
2025-11-05 00:21:44,538 [INFO] UserAuth:118 - Init User Auth plugin
2025-11-05 00:21:44,538 [INFO] PluginManage:359 - Loaded plugin userauth (category:base,tabindex:14)
2025-11-05 00:21:44,538 [INFO] PluginManage:283 - PluginManage : Loaded plugins [18]
2025-11-05 00:21:44,630 [INFO] PinOutPanel:1589 - setPackage(No Configuration,No Configuration)
2025-11-05 00:21:44,665 [INFO] CADModel:165 - CPN selected for project level
2025-11-05 00:21:44,665 [INFO] CADModel:114 - Register for checkConnection events
2025-11-05 00:21:44,670 [INFO] IPUIPlugin:80 - create IPUIPlugin
2025-11-05 00:21:44,670 [INFO] PluginManager:220 - loadIPPluginJar : add radio
2025-11-05 00:21:44,672 [INFO] IPUIPlugin:80 - create IPUIPlugin
2025-11-05 00:21:44,672 [INFO] PluginManager:220 - loadIPPluginJar : add spi
2025-11-05 00:21:44,673 [INFO] IPUIPlugin:80 - create IPUIPlugin
2025-11-05 00:21:44,673 [INFO] PluginManager:220 - loadIPPluginJar : add tsc
2025-11-05 00:21:44,676 [INFO] IPUIPlugin:80 - create IPUIPlugin
2025-11-05 00:21:44,676 [INFO] PluginManager:220 - loadIPPluginJar : add fmc
2025-11-05 00:21:44,677 [INFO] IPUIPlugin:80 - create IPUIPlugin
2025-11-05 00:21:44,677 [INFO] PluginManager:220 - loadIPPluginJar : add hash
2025-11-05 00:21:44,678 [INFO] IPUIPlugin:80 - create IPUIPlugin
2025-11-05 00:21:44,678 [INFO] PluginManager:220 - loadIPPluginJar : add extmemmanager
2025-11-05 00:21:44,679 [INFO] IPUIPlugin:80 - create IPUIPlugin
2025-11-05 00:21:44,679 [INFO] PluginManager:220 - loadIPPluginJar : add tim
2025-11-05 00:21:44,679 [INFO] IPUIPlugin:80 - create IPUIPlugin
2025-11-05 00:21:44,679 [INFO] PluginManager:220 - loadIPPluginJar : add ltdc
2025-11-05 00:21:44,680 [INFO] IPUIPlugin:80 - create IPUIPlugin
2025-11-05 00:21:44,680 [INFO] PluginManager:220 - loadIPPluginJar : add quadspi
2025-11-05 00:21:44,682 [INFO] IPUIPlugin:80 - create IPUIPlugin
2025-11-05 00:21:44,682 [INFO] PluginManager:220 - loadIPPluginJar : add gic
2025-11-05 00:21:44,683 [INFO] IPUIPlugin:80 - create IPUIPlugin
2025-11-05 00:21:44,683 [INFO] PluginManager:220 - loadIPPluginJar : add comp
2025-11-05 00:21:44,684 [INFO] IPUIPlugin:80 - create IPUIPlugin
2025-11-05 00:21:44,684 [INFO] PluginManager:220 - loadIPPluginJar : add fatfs
2025-11-05 00:21:44,688 [INFO] IPUIPlugin:80 - create IPUIPlugin
2025-11-05 00:21:44,688 [INFO] PluginManager:220 - loadIPPluginJar : add linkedlist
2025-11-05 00:21:44,689 [INFO] IPUIPlugin:80 - create IPUIPlugin
2025-11-05 00:21:44,689 [INFO] PluginManager:220 - loadIPPluginJar : add ucpd
2025-11-05 00:21:44,690 [INFO] IPUIPlugin:80 - create IPUIPlugin
2025-11-05 00:21:44,690 [INFO] PluginManager:220 - loadIPPluginJar : add ddr_ctrl_phy
2025-11-05 00:21:44,691 [INFO] IPUIPlugin:80 - create IPUIPlugin
2025-11-05 00:21:44,691 [INFO] PluginManager:220 - loadIPPluginJar : add gfxmmu
2025-11-05 00:21:44,692 [INFO] IPUIPlugin:80 - create IPUIPlugin
2025-11-05 00:21:44,692 [INFO] PluginManager:220 - loadIPPluginJar : add usart
2025-11-05 00:21:44,695 [INFO] IPUIPlugin:80 - create IPUIPlugin
2025-11-05 00:21:44,695 [INFO] PluginManager:220 - loadIPPluginJar : add dma
2025-11-05 00:21:44,696 [INFO] IPUIPlugin:80 - create IPUIPlugin
2025-11-05 00:21:44,696 [INFO] PluginManager:220 - loadIPPluginJar : add aes
2025-11-05 00:21:44,698 [INFO] IPUIPlugin:80 - create IPUIPlugin
2025-11-05 00:21:44,700 [INFO] PluginManager:220 - loadIPPluginJar : add plateformsettings
2025-11-05 00:21:44,700 [INFO] IPUIPlugin:80 - create IPUIPlugin
2025-11-05 00:21:44,700 [INFO] PluginManager:220 - loadIPPluginJar : add genericplugin
2025-11-05 00:21:44,702 [INFO] IPUIPlugin:80 - create IPUIPlugin
2025-11-05 00:21:44,702 [INFO] PluginManager:220 - loadIPPluginJar : add pdm2pcm
2025-11-05 00:21:44,704 [INFO] IPUIPlugin:80 - create IPUIPlugin
2025-11-05 00:21:44,704 [INFO] PluginManager:220 - loadIPPluginJar : add ipddr
2025-11-05 00:21:44,705 [INFO] IPUIPlugin:80 - create IPUIPlugin
2025-11-05 00:21:44,705 [INFO] PluginManager:220 - loadIPPluginJar : add opamp
2025-11-05 00:21:44,707 [INFO] IPUIPlugin:80 - create IPUIPlugin
2025-11-05 00:21:44,707 [INFO] PluginManager:220 - loadIPPluginJar : add dma3
2025-11-05 00:21:44,708 [INFO] IPUIPlugin:80 - create IPUIPlugin
2025-11-05 00:21:44,708 [INFO] PluginManager:220 - loadIPPluginJar : add dfsdm
2025-11-05 00:21:44,708 [INFO] IPUIPlugin:80 - create IPUIPlugin
2025-11-05 00:21:44,708 [INFO] PluginManager:220 - loadIPPluginJar : add ts
2025-11-05 00:21:44,710 [INFO] IPUIPlugin:80 - create IPUIPlugin
2025-11-05 00:21:44,710 [INFO] PluginManager:220 - loadIPPluginJar : add nvic
2025-11-05 00:21:44,711 [INFO] IPUIPlugin:80 - create IPUIPlugin
2025-11-05 00:21:44,711 [INFO] PluginManager:220 - loadIPPluginJar : add cryp
2025-11-05 00:21:44,713 [INFO] IPUIPlugin:80 - create IPUIPlugin
2025-11-05 00:21:44,713 [INFO] PluginManager:220 - loadIPPluginJar : add freertos
2025-11-05 00:21:44,715 [INFO] IPUIPlugin:80 - create IPUIPlugin
2025-11-05 00:21:44,715 [INFO] PluginManager:220 - loadIPPluginJar : add resmgrutility
2025-11-05 00:21:44,716 [INFO] IPUIPlugin:80 - create IPUIPlugin
2025-11-05 00:21:44,716 [INFO] PluginManager:220 - loadIPPluginJar : add gtzc
2025-11-05 00:21:44,717 [INFO] IPUIPlugin:80 - create IPUIPlugin
2025-11-05 00:21:44,717 [INFO] PluginManager:220 - loadIPPluginJar : add tracer_emb
2025-11-05 00:21:44,720 [INFO] IPUIPlugin:80 - create IPUIPlugin
2025-11-05 00:21:44,720 [INFO] PluginManager:220 - loadIPPluginJar : add stm32_wpan
2025-11-05 00:21:44,722 [INFO] IPUIPlugin:80 - create IPUIPlugin
2025-11-05 00:21:44,722 [INFO] PluginManager:220 - loadIPPluginJar : add gpio
2025-11-05 00:21:44,723 [INFO] IPUIPlugin:80 - create IPUIPlugin
2025-11-05 00:21:44,723 [INFO] PluginManager:220 - loadIPPluginJar : add sai
2025-11-05 00:21:44,724 [INFO] IPUIPlugin:80 - create IPUIPlugin
2025-11-05 00:21:44,724 [INFO] PluginManager:220 - loadIPPluginJar : add usbx
2025-11-05 00:21:44,726 [INFO] IPUIPlugin:80 - create IPUIPlugin
2025-11-05 00:21:44,726 [INFO] PluginManager:220 - loadIPPluginJar : add touchsensing
2025-11-05 00:21:44,727 [INFO] IPUIPlugin:80 - create IPUIPlugin
2025-11-05 00:21:44,727 [INFO] PluginManager:220 - loadIPPluginJar : add openamp
2025-11-05 00:21:44,728 [INFO] IPUIPlugin:80 - create IPUIPlugin
2025-11-05 00:21:44,728 [INFO] PluginManager:220 - loadIPPluginJar : add i3c
2025-11-05 00:21:44,729 [INFO] IPUIPlugin:80 - create IPUIPlugin
2025-11-05 00:21:44,729 [INFO] PluginManager:220 - loadIPPluginJar : add i2s
2025-11-05 00:21:44,730 [INFO] IPUIPlugin:80 - create IPUIPlugin
2025-11-05 00:21:44,731 [INFO] PluginManager:220 - loadIPPluginJar : add can
2025-11-05 00:21:44,731 [INFO] IPUIPlugin:80 - create IPUIPlugin
2025-11-05 00:21:44,732 [INFO] PluginManager:220 - loadIPPluginJar : add lorawan
2025-11-05 00:21:44,734 [INFO] IPUIPlugin:80 - create IPUIPlugin
2025-11-05 00:21:44,735 [INFO] PluginManager:220 - loadIPPluginJar : add adc
2025-11-05 00:21:44,736 [INFO] IPUIPlugin:80 - create IPUIPlugin
2025-11-05 00:21:44,736 [INFO] PluginManager:220 - loadIPPluginJar : add i2c
2025-11-05 00:21:44,739 [INFO] IPUIPlugin:80 - create IPUIPlugin
2025-11-05 00:21:44,739 [INFO] PluginManager:220 - loadIPPluginJar : add mdma
2025-11-05 00:21:44,828 [FATAL] Updater:351 - Updater called before beeing initialized
2025-11-05 00:21:44,843 [INFO] RulesReader:64 - Compatibility file has been processed (317 Rules)
2025-11-05 00:21:44,849 [INFO] RulesReader:64 - Compatibility file has been processed (317 Rules)
2025-11-05 00:21:44,853 [INFO] CADModel:165 - CPN selected for project level
2025-11-05 00:21:44,853 [INFO] CADModel:114 - Register for checkConnection events
2025-11-05 00:21:44,854 [FATAL] Updater:351 - Updater called before beeing initialized
2025-11-05 00:21:44,854 [ERROR] CADModel:125 - Updater not yet initialized, retry later 
2025-11-05 00:21:44,917 [FATAL] Updater:351 - Updater called before beeing initialized
2025-11-05 00:21:44,918 [INFO] CADModel:165 - CPN selected for project level
2025-11-05 00:21:44,918 [INFO] CADModel:114 - Register for checkConnection events
2025-11-05 00:21:44,918 [FATAL] Updater:351 - Updater called before beeing initialized
2025-11-05 00:21:44,918 [ERROR] CADModel:125 - Updater not yet initialized, retry later 
2025-11-05 00:21:44,920 [FATAL] Updater:351 - Updater called before beeing initialized
2025-11-05 00:21:44,970 [FATAL] Updater:351 - Updater called before beeing initialized
2025-11-05 00:21:44,972 [INFO] DbMcusAds:53 - JSON generation date=Thu Oct 02 12:36:05 EEST 2025 (1759397765645)
2025-11-05 00:21:44,973 [FATAL] Updater:351 - Updater called before beeing initialized
2025-11-05 00:21:44,993 [WARN] DetailPanel:346 - Failed to get advertising image, set to default
2025-11-05 00:21:45,038 [FATAL] Updater:351 - Updater called before beeing initialized
2025-11-05 00:21:45,039 [FATAL] Updater:351 - Updater called before beeing initialized
2025-11-05 00:21:45,040 [FATAL] Updater:351 - Updater called before beeing initialized
2025-11-05 00:21:45,040 [WARN] DetailPanel:346 - Failed to get advertising image, set to default
2025-11-05 00:21:45,040 [FATAL] Updater:351 - Updater called before beeing initialized
2025-11-05 00:21:45,059 [ERROR] Updater:1198 - MainUpdater not yet initialized. External WinMGr cannot be set.
2025-11-05 00:21:45,060 [INFO] Updater:1134 - Updater Version found : 6.15.0
2025-11-05 00:21:45,069 [INFO] ApplicationProperties:184 - Using Application install path: /opt/st/stm32cubeide_1.19.0/plugins/com.st.stm32cube.common.mx_6.15.0.202507011659
2025-11-05 00:21:45,259 [INFO] MainUpdater:2872 - connection check result : 10
2025-11-05 00:21:45,260 [INFO] MainUpdater:289 - Updater Check For Update Now.
2025-11-05 00:21:45,260 [INFO] MicroXplorer:498 - Change Database Version : DB.6.0.150
2025-11-05 00:21:45,262 [INFO] McuFinderGlobals:63 - Set McuFinder mode to 2 (CubeIDE integrated)
2025-11-05 00:21:45,262 [INFO] UserAuth:487 - Internet connection configuration mode: 1
2025-11-05 00:21:45,271 [INFO] JxBrowserEngine:152 - Initiate JxBrowser Engine with user profile folder
2025-11-05 00:21:45,415 [INFO] CheckServerUpdateThread:120 - End of CheckServer Thread
2025-11-05 00:21:45,645 [INFO] WebApp:169 - Instantiating new browser for Auth
2025-11-05 00:21:46,006 [INFO] WebApp:463 - Apply proxy settings
2025-11-05 00:21:46,006 [INFO] WebApp:548 - Chromium requires no authentication
2025-11-05 00:21:46,010 [INFO] WebApp:491 - Direct internet connection detected
2025-11-05 00:21:46,020 [INFO] WebApp:900 - Register for checkConnection events
2025-11-05 00:21:46,020 [INFO] WebApp:463 - Apply proxy settings
2025-11-05 00:21:46,020 [INFO] WebApp:548 - Chromium requires no authentication
2025-11-05 00:21:46,021 [INFO] WebApp:491 - Direct internet connection detected
2025-11-05 00:21:46,093 [INFO] WebApp:225 - Starting web application
2025-11-05 00:21:46,093 [INFO] WebApp:593 - Web application path used /opt/st/stm32cubeide_1.19.0/plugins/com.st.stm32cube.common.mx_6.15.0.202507011659/db/plugins/mcufinder/reactClient1/index.html
2025-11-05 00:21:46,142 [INFO] UserAuth:487 - Internet connection configuration mode: 1
2025-11-05 00:21:46,240 [INFO] WebApp:191 - Connection restablished
2025-11-05 00:21:47,525 [WARN] PackLoader:240 - Cannot read IP mode file for STMicroelectronics.FP-SNS-MOTENVWB1.1.4.0
2025-11-05 00:21:47,529 [WARN] PackLoader:240 - Cannot read IP mode file for STMicroelectronics.FP-ATR-ASTRA1.2.0.2
2025-11-05 00:21:47,532 [WARN] PackLoader:240 - Cannot read IP mode file for STMicroelectronics.X-CUBE-SMBUS.2.1.0
2025-11-05 00:21:47,534 [WARN] PackLoader:240 - Cannot read IP mode file for STMicroelectronics.X-CUBE-ST60.1.0.0
2025-11-05 00:21:47,557 [WARN] PackLoader:240 - Cannot read IP mode file for STMicroelectronics.X-CUBE-AZRTOS-F7.1.1.0
2025-11-05 00:21:47,564 [WARN] PackLoader:240 - Cannot read IP mode file for STMicroelectronics.FP-SNS-MOTENV1.5.1.0
2025-11-05 00:21:47,572 [WARN] PackLoader:240 - Cannot read IP mode file for WES.I-CUBE-Cesium.1.4.0
2025-11-05 00:21:47,594 [WARN] PackLoader:240 - Cannot read IP mode file for Infineon.AIROC-Wi-Fi-Bluetooth-STM32.1.7.1
2025-11-05 00:21:47,613 [WARN] PackLoader:240 - Cannot read IP mode file for STMicroelectronics.X-CUBE-AZRTOS-H7.3.4.0
2025-11-05 00:21:47,620 [WARN] PackLoader:240 - Cannot read IP mode file for STMicroelectronics.X-CUBE-DISPLAY.3.0.0
2025-11-05 00:21:47,627 [WARN] PackLoader:240 - Cannot read IP mode file for STMicroelectronics.X-CUBE-NFC10.1.0.0
2025-11-05 00:21:47,630 [WARN] PackLoader:240 - Cannot read IP mode file for STMicroelectronics.X-CUBE-ST60.1.1.0
2025-11-05 00:21:47,633 [WARN] PackLoader:240 - Cannot read IP mode file for emotas.I-CUBE-CANOPEN.1.3.0
2025-11-05 00:21:47,635 [WARN] PackLoader:240 - Cannot read IP mode file for STMicroelectronics.X-CUBE-GNSS1.7.1.0
2025-11-05 00:21:47,639 [WARN] PackLoader:240 - Cannot read IP mode file for STMicroelectronics.FP-SNS-STBOX1.2.1.0
2025-11-05 00:21:47,642 [WARN] PackLoader:240 - Cannot read IP mode file for STMicroelectronics.FP-SNS-SMARTAG2.1.2.0
2025-11-05 00:21:47,653 [WARN] PackLoader:240 - Cannot read IP mode file for STMicroelectronics.FP-SNS-FLIGHT1.5.1.0
2025-11-05 00:21:47,657 [INFO] LogOutputStream:77 - [STDOUT_REDIRECT] 1 : Invalid condition id : UX_CORESTACK_Condition cause : null
2025-11-05 00:21:47,658 [INFO] LogOutputStream:77 - [STDOUT_REDIRECT] 1 : Invalid condition id : UX_CORESTACK_Condition cause : null
2025-11-05 00:21:47,658 [INFO] LogOutputStream:77 - [STDOUT_REDIRECT] 1 : Invalid condition id : UX_CORESTACK_Condition cause : null
2025-11-05 00:21:47,658 [INFO] LogOutputStream:77 - [STDOUT_REDIRECT] 1 : Invalid condition id : UX_CORESTACK_Condition cause : null
2025-11-05 00:21:47,658 [INFO] LogOutputStream:77 - [STDOUT_REDIRECT] 1 : Invalid condition id : UX_CORESTACK_Condition cause : null
2025-11-05 00:21:47,660 [WARN] PackLoader:240 - Cannot read IP mode file for STMicroelectronics.X-CUBE-AZRTOS-WL.2.0.0
2025-11-05 00:21:47,663 [WARN] PackLoader:240 - Cannot read IP mode file for STMicroelectronics.FP-SNS-MOTENV1.5.0.0
2025-11-05 00:21:47,666 [WARN] PackLoader:240 - Cannot read IP mode file for STMicroelectronics.X-CUBE-BLE2.3.3.0
2025-11-05 00:21:47,669 [WARN] PackLoader:240 - Cannot read IP mode file for STMicroelectronics.X-CUBE-NFC9.1.0.0
2025-11-05 00:21:47,672 [WARN] PackLoader:240 - Cannot read IP mode file for wolfSSL.I-CUBE-wolfSSL.5.8.2
2025-11-05 00:21:47,674 [WARN] PackLoader:240 - Cannot read IP mode file for STMicroelectronics.X-CUBE-BLE1.7.1.0
2025-11-05 00:21:47,676 [WARN] PackLoader:240 - Cannot read IP mode file for wolfSSL.I-CUBE-wolfMQTT.1.19.2
2025-11-05 00:21:47,679 [WARN] PackLoader:240 - Cannot read IP mode file for STMicroelectronics.X-CUBE-EEPRMA1.5.2.0
2025-11-05 00:21:47,682 [WARN] PackLoader:240 - Cannot read IP mode file for STMicroelectronics.X-CUBE-ST67W61.1.1.0
2025-11-05 00:21:47,690 [WARN] PackLoader:240 - Cannot read IP mode file for STMicroelectronics.X-CUBE-AZRTOS-G0.1.1.0
2025-11-05 00:21:47,694 [WARN] PackLoader:240 - Cannot read IP mode file for STMicroelectronics.X-CUBE-SAFEA1.1.2.2
2025-11-05 00:21:47,697 [WARN] PackLoader:240 - Cannot read IP mode file for STMicroelectronics.X-CUBE-NFC4.3.0.0
2025-11-05 00:21:47,701 [WARN] PackLoader:240 - Cannot read IP mode file for EmbeddedOffice.I-CUBE-FS-RTOS.1.0.1
2025-11-05 00:21:47,704 [WARN] PackLoader:240 - Cannot read IP mode file for STMicroelectronics.X-CUBE-WB05N.2.0.0
2025-11-05 00:21:47,706 [WARN] PackLoader:240 - Cannot read IP mode file for wolfSSL.I-CUBE-wolfTPM.3.8.0
2025-11-05 00:21:47,709 [WARN] PackLoader:240 - Cannot read IP mode file for STMicroelectronics.X-CUBE-TCPP.4.2.0
2025-11-05 00:21:47,712 [WARN] PackLoader:240 - Cannot read IP mode file for RealThread.X-CUBE-RT-Thread_Nano.4.1.1
2025-11-05 00:21:47,714 [WARN] PackLoader:240 - Cannot read IP mode file for STMicroelectronics.FP-ATR-SIGFOX1.3.2.0
2025-11-05 00:21:47,716 [WARN] PackLoader:240 - Cannot read IP mode file for ITTIA_DB.I-CUBE-ITTIADB.8.9.0
2025-11-05 00:21:47,720 [WARN] PackLoader:240 - Cannot read IP mode file for STMicroelectronics.X-CUBE-ST67W61.1.0.0
2025-11-05 00:21:47,722 [WARN] PackLoader:240 - Cannot read IP mode file for STMicroelectronics.X-CUBE-AI.10.2.0
2025-11-05 00:21:47,737 [WARN] PackLoader:240 - Cannot read IP mode file for SEGGER.I-CUBE-embOS.1.3.1
2025-11-05 00:21:47,761 [WARN] PackLoader:240 - Cannot read IP mode file for STMicroelectronics.X-CUBE-ALGOBUILD.1.4.0
2025-11-05 00:21:47,786 [WARN] PackLoader:240 - Cannot read IP mode file for STMicroelectronics.X-CUBE-MEMS1.11.3.0
2025-11-05 00:21:47,890 [WARN] PackLoader:240 - Cannot read IP mode file for STMicroelectronics.X-CUBE-PM33A1.1.0.0
2025-11-05 00:21:47,899 [WARN] PackLoader:240 - Cannot read IP mode file for STMicroelectronics.X-CUBE-AZRTOS-F4.1.1.0
2025-11-05 00:21:47,902 [WARN] PackLoader:240 - Cannot read IP mode file for Avnet-IotConnect.X-CUBE-IoTC-DA16k-PMOD.1.0.0
2025-11-05 00:21:47,903 [WARN] PackLoader:240 - Cannot read IP mode file for STMicroelectronics.X-CUBE-ISPU.2.1.0
2025-11-05 00:21:47,909 [WARN] PackLoader:240 - Cannot read IP mode file for STMicroelectronics.X-CUBE-IPS.3.2.0
2025-11-05 00:21:47,916 [WARN] PackLoader:240 - Cannot read IP mode file for STMicroelectronics.X-CUBE-NFC12.1.0.0
2025-11-05 00:21:47,924 [WARN] PackLoader:240 - Cannot read IP mode file for STMicroelectronics.X-CUBE-AZRTOS-L5.2.0.0
2025-11-05 00:21:47,928 [WARN] PackLoader:240 - Cannot read IP mode file for STMicroelectronics.X-CUBE-NFC6.3.1.0
2025-11-05 00:21:47,932 [WARN] PackLoader:240 - Cannot read IP mode file for STMicroelectronics.X-CUBE-FREERTOS.1.3.1
2025-11-05 00:21:47,934 [WARN] PackLoader:240 - Cannot read IP mode file for STMicroelectronics.X-CUBE-TOUCHGFX.4.26.0
2025-11-05 00:21:47,936 [WARN] PackLoader:240 - Cannot read IP mode file for STMicroelectronics.FP-SNS-STAIOTCFT.1.0.0
2025-11-05 00:21:47,938 [WARN] PackLoader:240 - Cannot read IP mode file for STMicroelectronics.X-CUBE-DPower.1.3.0
2025-11-05 00:21:47,947 [WARN] ConditionMgr:438 - getConditionDescription Invalid condition id : LAN8742 Phy interface Condition cause : null
2025-11-05 00:21:47,948 [WARN] PackLoader:240 - Cannot read IP mode file for STMicroelectronics.X-CUBE-AZRTOS-L4.2.0.0
2025-11-05 00:21:47,948 [WARN] ConditionMgr:1044 - genDependencies : Invalid condition id : LAN8742 Phy interface Condition cause : null
2025-11-05 00:21:47,949 [WARN] ConditionMgr:1044 - genDependencies : Invalid condition id : LAN8742 Phy interface Condition cause : null
2025-11-05 00:21:47,949 [WARN] ConditionMgr:1044 - genDependencies : Invalid condition id : LAN8742 Phy interface Condition cause : null
2025-11-05 00:21:47,953 [WARN] PackLoader:240 - Cannot read IP mode file for STMicroelectronics.X-CUBE-SFXS2LP1.4.0.0
2025-11-05 00:21:47,966 [WARN] PackLoader:240 - Cannot read IP mode file for STMicroelectronics.X-CUBE-BLEMGR.4.1.0
2025-11-05 00:21:47,978 [WARN] ConditionMgr:438 - getConditionDescription Invalid condition id : UX DEVICE CLASS RTOS Condition cause : null
2025-11-05 00:21:47,978 [WARN] ConditionMgr:438 - getConditionDescription Invalid condition id : UX DEVICE CLASS RTOS Condition cause : null
2025-11-05 00:21:47,980 [WARN] PackLoader:240 - Cannot read IP mode file for STMicroelectronics.X-CUBE-AZRTOS-WB.2.0.0
2025-11-05 00:21:47,981 [WARN] ConditionMgr:1044 - genDependencies : Invalid condition id : UX DEVICE CLASS RTOS Condition cause : null
2025-11-05 00:21:47,981 [WARN] ConditionMgr:1044 - genDependencies : Invalid condition id : UX DEVICE CLASS RTOS Condition cause : null
2025-11-05 00:21:47,981 [WARN] ConditionMgr:1044 - genDependencies : Invalid condition id : UX DEVICE CLASS RTOS Condition cause : null
2025-11-05 00:21:47,981 [WARN] ConditionMgr:1044 - genDependencies : Invalid condition id : UX DEVICE CLASS RTOS Condition cause : null
2025-11-05 00:21:47,982 [WARN] ConditionMgr:1044 - genDependencies : Invalid condition id : UX DEVICE CLASS RTOS Condition cause : null
2025-11-05 00:21:47,985 [WARN] PackLoader:240 - Cannot read IP mode file for STMicroelectronics.X-CUBE-GNSS1.7.0.1
2025-11-05 00:21:47,988 [WARN] PackLoader:240 - Cannot read IP mode file for STMicroelectronics.X-CUBE-TOUCHGFX.4.25.0
2025-11-05 00:21:47,990 [WARN] ConditionMgr:438 - getConditionDescription Invalid condition id : Cortex-A Device cause : null
2025-11-05 00:21:48,000 [WARN] ConditionMgr:1044 - genDependencies : Invalid condition id : Cortex-A Device cause : null
2025-11-05 00:21:48,000 [WARN] ConditionMgr:1044 - genDependencies : Invalid condition id : Cortex-A Device cause : null
2025-11-05 00:21:48,000 [WARN] ConditionMgr:1044 - genDependencies : Invalid condition id : Cortex-A Device cause : null
2025-11-05 00:21:48,007 [WARN] PackLoader:240 - Cannot read IP mode file for STMicroelectronics.X-CUBE-SUBG2.5.0.0
2025-11-05 00:21:48,024 [WARN] PackLoader:240 - Cannot read IP mode file for STMicroelectronics.X-CUBE-AZRTOS-H7RS.1.1.0
2025-11-05 00:21:48,028 [WARN] PackLoader:240 - Cannot read IP mode file for Cesanta.I-CUBE-Mongoose.7.13.0
2025-11-05 00:21:48,034 [WARN] PackLoader:240 - Cannot read IP mode file for STMicroelectronics.X-CUBE-AZRTOS-G4.2.0.0
2025-11-05 00:21:48,037 [WARN] PackLoader:240 - Cannot read IP mode file for wolfSSL.I-CUBE-wolfSSH.1.4.20
2025-11-05 00:21:48,039 [WARN] PackLoader:240 - Cannot read IP mode file for STMicroelectronics.X-CUBE-NFC7.2.0.0
2025-11-05 00:21:48,046 [WARN] PackLoader:240 - Cannot read IP mode file for STMicroelectronics.X-CUBE-IPS.3.1.0
2025-11-05 00:21:48,050 [WARN] PackLoader:240 - Cannot read IP mode file for STMicroelectronics.X-CUBE-ALS.1.0.2
2025-11-05 00:21:48,053 [WARN] PackLoader:240 - Cannot read IP mode file for STMicroelectronics.X-CUBE-STSE01.1.0.0
2025-11-05 00:21:48,058 [WARN] PackLoader:240 - Cannot read IP mode file for STMicroelectronics.X-CUBE-TOF1.3.4.3
2025-11-05 00:21:48,064 [INFO] ThirdParty:978 - Integrity check success = true
2025-11-05 00:21:48,064 [INFO] IntegrityCheckThread:100 - exiting critical section [integrity check]
2025-11-05 00:21:48,065 [INFO] IntegrityCheckThread:103 - End integrity checks thread
2025-11-05 00:26:09,257 [ERROR] LogOutputStream:75 - [STDERR_REDIRECT] 
2025-11-05 00:31:29,767 [INFO] Activator:176 - 


2025-11-05 00:31:29,768 [INFO] Activator:177 - !SESSION log4j initialized
2025-11-05 00:31:32,292 [INFO] LogOutputStream:77 - [STDOUT_REDIRECT] 
2025-11-05 00:31:32,836 [INFO] ApplicationProperties:184 - Using Application install path: /opt/st/stm32cubeide_1.19.0/plugins/com.st.stm32cube.common.mx_6.15.0.202507011659
2025-11-05 00:31:32,845 [INFO] DbMcusXml:78 - Set database path to: /opt/st/stm32cubeide_1.19.0/plugins/com.st.stm32cube.common.mx_6.15.0.202507011659//db//mcu/
2025-11-05 00:31:32,845 [INFO] ApiDb:274 - Set plugin database path to: /opt/st/stm32cubeide_1.19.0/plugins/com.st.stm32cube.common.mx_6.15.0.202507011659//db//plugins/boardmanager/
2025-11-05 00:31:32,845 [WARN] ApiDb:259 - Overriding images path with different value:  => /opt/st/stm32cubeide_1.19.0/plugins/com.st.stm32cube.common.mx_6.15.0.202507011659//db//plugins/mcufinder/images/
2025-11-05 00:31:32,847 [INFO] ApiDb:250 - Set database path to: /home/oleksii/.stmcufinder/plugins/mcufinder//mcu/
2025-11-05 00:31:32,848 [INFO] DbMcusAds:125 - Set database path to: /home/oleksii/.stmcufinder/plugins/mcufinder//mcu/
2025-11-05 00:31:32,849 [INFO] CrossReferenceDbSqlite:203 - Set database path to: /home/oleksii/.stmcufinder/plugins/mcufinder//mcu/cs/
2025-11-05 00:31:32,922 [INFO] RulesReader:64 - Compatibility file has been processed (317 Rules)
2025-11-05 00:31:32,959 [INFO] DbMcusXml:78 - Set database path to: /opt/st/stm32cubeide_1.19.0/plugins/com.st.stm32cube.common.mx_6.15.0.202507011659//db//mcu/
2025-11-05 00:31:32,959 [INFO] ApiDb:274 - Set plugin database path to: /opt/st/stm32cubeide_1.19.0/plugins/com.st.stm32cube.common.mx_6.15.0.202507011659//db//plugins/boardmanager/
2025-11-05 00:31:32,959 [INFO] ApiDb:261 - Set plugin images path to: /opt/st/stm32cubeide_1.19.0/plugins/com.st.stm32cube.common.mx_6.15.0.202507011659//db//plugins/mcufinder/images/
2025-11-05 00:31:32,959 [WARN] DbFile:41 - Overriding database path with different value: /home/oleksii/.stmcufinder/plugins/mcufinder/ => /home/oleksii/.stmcufinder/plugins/mcufinder
2025-11-05 00:31:32,959 [INFO] ApiDb:250 - Set database path to: /home/oleksii/.stmcufinder/plugins/mcufinder//mcu/
2025-11-05 00:31:32,959 [WARN] DbFile:41 - Overriding database path with different value: /home/oleksii/.stmcufinder/plugins/mcufinder/ => /home/oleksii/.stmcufinder/plugins/mcufinder
2025-11-05 00:31:32,959 [INFO] DbMcusAds:125 - Set database path to: /home/oleksii/.stmcufinder/plugins/mcufinder//mcu/
2025-11-05 00:31:32,959 [WARN] DbFile:41 - Overriding database path with different value: /home/oleksii/.stmcufinder/plugins/mcufinder/ => /home/oleksii/.stmcufinder/plugins/mcufinder
2025-11-05 00:31:32,960 [WARN] DbFile:41 - Overriding database path with different value: /home/oleksii/.stmcufinder/plugins/mcufinder/ => /home/oleksii/.stmcufinder/plugins/mcufinder
2025-11-05 00:31:32,960 [INFO] CrossReferenceDbSqlite:203 - Set database path to: /home/oleksii/.stmcufinder/plugins/mcufinder//mcu/cs/
2025-11-05 00:31:32,990 [INFO] MainPanel:274 - HeapMemory: 268435456
2025-11-05 00:31:33,050 [INFO] DbMcusXml:78 - Set database path to: /opt/st/stm32cubeide_1.19.0/plugins/com.st.stm32cube.common.mx_6.15.0.202507011659//db//mcu/
2025-11-05 00:31:33,050 [INFO] ApiDb:274 - Set plugin database path to: /opt/st/stm32cubeide_1.19.0/plugins/com.st.stm32cube.common.mx_6.15.0.202507011659//db//plugins/boardmanager/
2025-11-05 00:31:33,050 [INFO] ApiDb:261 - Set plugin images path to: /opt/st/stm32cubeide_1.19.0/plugins/com.st.stm32cube.common.mx_6.15.0.202507011659//db//plugins/mcufinder/images/
2025-11-05 00:31:33,050 [WARN] DbFile:41 - Overriding database path with different value: /home/oleksii/.stmcufinder/plugins/mcufinder/ => /home/oleksii/.stmcufinder/plugins/mcufinder
2025-11-05 00:31:33,050 [INFO] ApiDb:250 - Set database path to: /home/oleksii/.stmcufinder/plugins/mcufinder//mcu/
2025-11-05 00:31:33,050 [WARN] DbFile:41 - Overriding database path with different value: /home/oleksii/.stmcufinder/plugins/mcufinder/ => /home/oleksii/.stmcufinder/plugins/mcufinder
2025-11-05 00:31:33,051 [INFO] DbMcusAds:125 - Set database path to: /home/oleksii/.stmcufinder/plugins/mcufinder//mcu/
2025-11-05 00:31:33,051 [WARN] DbFile:41 - Overriding database path with different value: /home/oleksii/.stmcufinder/plugins/mcufinder/ => /home/oleksii/.stmcufinder/plugins/mcufinder
2025-11-05 00:31:33,051 [WARN] DbFile:41 - Overriding database path with different value: /home/oleksii/.stmcufinder/plugins/mcufinder/ => /home/oleksii/.stmcufinder/plugins/mcufinder
2025-11-05 00:31:33,051 [INFO] CrossReferenceDbSqlite:203 - Set database path to: /home/oleksii/.stmcufinder/plugins/mcufinder//mcu/cs/
2025-11-05 00:31:33,059 [INFO] ApplicationProperties:184 - Using Application install path: /opt/st/stm32cubeide_1.19.0/plugins/com.st.stm32cube.common.mx_6.15.0.202507011659
2025-11-05 00:31:33,060 [INFO] PluginManage:196 - Search for loadable plugins [exclusion list=, ]
2025-11-05 00:31:33,061 [INFO] PluginManage:310 - Check plugin analytics
2025-11-05 00:31:33,148 [INFO] AnalyticsPlugin:253 - Accepted Software Licenses: 
2025-11-05 00:31:33,148 [INFO] AnalyticsPlugin:255 - Accepted CMSIS Pack Licenses: 
2025-11-05 00:31:33,148 [INFO] AnalyticsPlugin:257 - Accepted Firmware Licenses: FW.F4.1.28.0
2025-11-05 00:31:33,149 [INFO] PluginManage:359 - Loaded plugin analytics (category:tool,tabindex:-1)
2025-11-05 00:31:33,150 [INFO] PluginManage:310 - Check plugin cadmodel
2025-11-05 00:31:33,151 [INFO] CADModel:105 - Init CAD model plugin
2025-11-05 00:31:33,151 [INFO] PluginManage:359 - Loaded plugin cadmodel (category:power,tabindex:5)
2025-11-05 00:31:33,152 [INFO] PluginManage:310 - Check plugin clock
2025-11-05 00:31:33,156 [INFO] PluginManage:359 - Loaded plugin clock (category:base,tabindex:2)
2025-11-05 00:31:33,156 [INFO] PluginManage:310 - Check plugin ddr
2025-11-05 00:31:33,156 [INFO] PluginManage:359 - Loaded plugin ddr (category:tool,tabindex:6)
2025-11-05 00:31:33,157 [INFO] PluginManage:310 - Check plugin filemanager
2025-11-05 00:31:33,231 [INFO] PluginManage:359 - Loaded plugin filemanager (category:base,tabindex:10)
2025-11-05 00:31:33,232 [INFO] PluginManage:310 - Check plugin ipmanager
2025-11-05 00:31:33,234 [INFO] PluginManage:359 - Loaded plugin ipmanager (category:base,tabindex:5)
2025-11-05 00:31:33,234 [INFO] PluginManage:310 - Check plugin lpbam
2025-11-05 00:31:33,239 [INFO] PluginManage:359 - Loaded plugin lpbam (category:base,tabindex:0)
2025-11-05 00:31:33,239 [INFO] PluginManage:310 - Check plugin memorymap
2025-11-05 00:31:33,244 [INFO] PluginManage:359 - Loaded plugin memorymap (category:base,tabindex:4)
2025-11-05 00:31:33,244 [INFO] PluginManage:310 - Check plugin pinoutandconfiguration
2025-11-05 00:31:33,248 [INFO] PluginManage:359 - Loaded plugin pinoutandconfiguration (category:base,tabindex:1)
2025-11-05 00:31:33,248 [INFO] PluginManage:310 - Check plugin pinoutconfig
2025-11-05 00:31:33,294 [WARN] SupportedApi:132 - Cannot load RTOS API schema: s4s-elt-must-match.1: The content of 'definitions' must match (annotation?, (simpleType | complexType)?, (unique | key | keyref)*)). A problem was found starting at: attribute.
2025-11-05 00:31:33,362 [INFO] PluginManage:359 - Loaded plugin pinoutconfig (category:base,tabindex:0)
2025-11-05 00:31:33,362 [INFO] PluginManage:310 - Check plugin power
2025-11-05 00:31:33,366 [INFO] PluginManage:359 - Loaded plugin power (category:power,tabindex:4)
2025-11-05 00:31:33,366 [INFO] PluginManage:310 - Check plugin projectmanager
2025-11-05 00:31:33,375 [INFO] PluginManage:359 - Loaded plugin projectmanager (category:projectmanager,tabindex:4)
2025-11-05 00:31:33,376 [INFO] PluginManage:310 - Check plugin rif
2025-11-05 00:31:33,380 [INFO] PluginManage:359 - Loaded plugin rif (category:base,tabindex:3)
2025-11-05 00:31:33,380 [INFO] PluginManage:310 - Check plugin thirdparty
2025-11-05 00:31:33,443 [INFO] PluginManage:359 - Loaded plugin thirdparty (category:base,tabindex:-1)
2025-11-05 00:31:33,443 [WARN] IntegrityCheckThread:84 - waiting for thirdparty lock release [integrity check]
2025-11-05 00:31:33,443 [INFO] PluginManage:310 - Check plugin tools
2025-11-05 00:31:33,443 [INFO] IntegrityCheckThread:86 - entering critical section [integrity check]
2025-11-05 00:31:33,443 [INFO] ThirdPartyUpdaterWithRetryManager:70 - Updater plugin not ready yet. [1/15]
2025-11-05 00:31:33,444 [INFO] PluginManage:359 - Loaded plugin tools (category:base,tabindex:7)
2025-11-05 00:31:33,444 [INFO] PluginManage:310 - Check plugin tutovideos
2025-11-05 00:31:33,552 [INFO] PluginManage:359 - Loaded plugin tutovideos (category:base,tabindex:-1)
2025-11-05 00:31:33,553 [INFO] PluginManage:310 - Check plugin updater
2025-11-05 00:31:33,566 [INFO] PluginManage:359 - Loaded plugin updater (category:base,tabindex:12)
2025-11-05 00:31:33,566 [INFO] PluginManage:310 - Check plugin userauth
2025-11-05 00:31:33,568 [INFO] UserAuth:118 - Init User Auth plugin
2025-11-05 00:31:33,569 [INFO] PluginManage:359 - Loaded plugin userauth (category:base,tabindex:14)
2025-11-05 00:31:33,569 [INFO] PluginManage:283 - PluginManage : Loaded plugins [18]
2025-11-05 00:31:33,662 [INFO] PinOutPanel:1589 - setPackage(No Configuration,No Configuration)
2025-11-05 00:31:33,696 [INFO] CADModel:165 - CPN selected for project level
2025-11-05 00:31:33,696 [INFO] CADModel:114 - Register for checkConnection events
2025-11-05 00:31:33,700 [INFO] IPUIPlugin:80 - create IPUIPlugin
2025-11-05 00:31:33,701 [INFO] PluginManager:220 - loadIPPluginJar : add radio
2025-11-05 00:31:33,703 [INFO] IPUIPlugin:80 - create IPUIPlugin
2025-11-05 00:31:33,703 [INFO] PluginManager:220 - loadIPPluginJar : add spi
2025-11-05 00:31:33,703 [INFO] IPUIPlugin:80 - create IPUIPlugin
2025-11-05 00:31:33,704 [INFO] PluginManager:220 - loadIPPluginJar : add tsc
2025-11-05 00:31:33,706 [INFO] IPUIPlugin:80 - create IPUIPlugin
2025-11-05 00:31:33,706 [INFO] PluginManager:220 - loadIPPluginJar : add fmc
2025-11-05 00:31:33,707 [INFO] IPUIPlugin:80 - create IPUIPlugin
2025-11-05 00:31:33,707 [INFO] PluginManager:220 - loadIPPluginJar : add hash
2025-11-05 00:31:33,708 [INFO] IPUIPlugin:80 - create IPUIPlugin
2025-11-05 00:31:33,708 [INFO] PluginManager:220 - loadIPPluginJar : add extmemmanager
2025-11-05 00:31:33,709 [INFO] IPUIPlugin:80 - create IPUIPlugin
2025-11-05 00:31:33,709 [INFO] PluginManager:220 - loadIPPluginJar : add tim
2025-11-05 00:31:33,710 [INFO] IPUIPlugin:80 - create IPUIPlugin
2025-11-05 00:31:33,710 [INFO] PluginManager:220 - loadIPPluginJar : add ltdc
2025-11-05 00:31:33,710 [INFO] IPUIPlugin:80 - create IPUIPlugin
2025-11-05 00:31:33,710 [INFO] PluginManager:220 - loadIPPluginJar : add quadspi
2025-11-05 00:31:33,712 [INFO] IPUIPlugin:80 - create IPUIPlugin
2025-11-05 00:31:33,713 [INFO] PluginManager:220 - loadIPPluginJar : add gic
2025-11-05 00:31:33,713 [INFO] IPUIPlugin:80 - create IPUIPlugin
2025-11-05 00:31:33,713 [INFO] PluginManager:220 - loadIPPluginJar : add comp
2025-11-05 00:31:33,714 [INFO] IPUIPlugin:80 - create IPUIPlugin
2025-11-05 00:31:33,714 [INFO] PluginManager:220 - loadIPPluginJar : add fatfs
2025-11-05 00:31:33,718 [INFO] IPUIPlugin:80 - create IPUIPlugin
2025-11-05 00:31:33,718 [INFO] PluginManager:220 - loadIPPluginJar : add linkedlist
2025-11-05 00:31:33,719 [INFO] IPUIPlugin:80 - create IPUIPlugin
2025-11-05 00:31:33,719 [INFO] PluginManager:220 - loadIPPluginJar : add ucpd
2025-11-05 00:31:33,720 [INFO] IPUIPlugin:80 - create IPUIPlugin
2025-11-05 00:31:33,720 [INFO] PluginManager:220 - loadIPPluginJar : add ddr_ctrl_phy
2025-11-05 00:31:33,721 [INFO] IPUIPlugin:80 - create IPUIPlugin
2025-11-05 00:31:33,721 [INFO] PluginManager:220 - loadIPPluginJar : add gfxmmu
2025-11-05 00:31:33,722 [INFO] IPUIPlugin:80 - create IPUIPlugin
2025-11-05 00:31:33,722 [INFO] PluginManager:220 - loadIPPluginJar : add usart
2025-11-05 00:31:33,725 [INFO] IPUIPlugin:80 - create IPUIPlugin
2025-11-05 00:31:33,725 [INFO] PluginManager:220 - loadIPPluginJar : add dma
2025-11-05 00:31:33,726 [INFO] IPUIPlugin:80 - create IPUIPlugin
2025-11-05 00:31:33,726 [INFO] PluginManager:220 - loadIPPluginJar : add aes
2025-11-05 00:31:33,728 [INFO] IPUIPlugin:80 - create IPUIPlugin
2025-11-05 00:31:33,730 [INFO] PluginManager:220 - loadIPPluginJar : add plateformsettings
2025-11-05 00:31:33,730 [INFO] IPUIPlugin:80 - create IPUIPlugin
2025-11-05 00:31:33,730 [INFO] PluginManager:220 - loadIPPluginJar : add genericplugin
2025-11-05 00:31:33,731 [INFO] IPUIPlugin:80 - create IPUIPlugin
2025-11-05 00:31:33,732 [INFO] PluginManager:220 - loadIPPluginJar : add pdm2pcm
2025-11-05 00:31:33,733 [INFO] IPUIPlugin:80 - create IPUIPlugin
2025-11-05 00:31:33,733 [INFO] PluginManager:220 - loadIPPluginJar : add ipddr
2025-11-05 00:31:33,734 [INFO] IPUIPlugin:80 - create IPUIPlugin
2025-11-05 00:31:33,734 [INFO] PluginManager:220 - loadIPPluginJar : add opamp
2025-11-05 00:31:33,735 [INFO] IPUIPlugin:80 - create IPUIPlugin
2025-11-05 00:31:33,735 [INFO] PluginManager:220 - loadIPPluginJar : add dma3
2025-11-05 00:31:33,736 [INFO] IPUIPlugin:80 - create IPUIPlugin
2025-11-05 00:31:33,737 [INFO] PluginManager:220 - loadIPPluginJar : add dfsdm
2025-11-05 00:31:33,737 [INFO] IPUIPlugin:80 - create IPUIPlugin
2025-11-05 00:31:33,737 [INFO] PluginManager:220 - loadIPPluginJar : add ts
2025-11-05 00:31:33,739 [INFO] IPUIPlugin:80 - create IPUIPlugin
2025-11-05 00:31:33,739 [INFO] PluginManager:220 - loadIPPluginJar : add nvic
2025-11-05 00:31:33,740 [INFO] IPUIPlugin:80 - create IPUIPlugin
2025-11-05 00:31:33,740 [INFO] PluginManager:220 - loadIPPluginJar : add cryp
2025-11-05 00:31:33,742 [INFO] IPUIPlugin:80 - create IPUIPlugin
2025-11-05 00:31:33,742 [INFO] PluginManager:220 - loadIPPluginJar : add freertos
2025-11-05 00:31:33,744 [INFO] IPUIPlugin:80 - create IPUIPlugin
2025-11-05 00:31:33,744 [INFO] PluginManager:220 - loadIPPluginJar : add resmgrutility
2025-11-05 00:31:33,745 [INFO] IPUIPlugin:80 - create IPUIPlugin
2025-11-05 00:31:33,745 [INFO] PluginManager:220 - loadIPPluginJar : add gtzc
2025-11-05 00:31:33,745 [INFO] IPUIPlugin:80 - create IPUIPlugin
2025-11-05 00:31:33,745 [INFO] PluginManager:220 - loadIPPluginJar : add tracer_emb
2025-11-05 00:31:33,748 [INFO] IPUIPlugin:80 - create IPUIPlugin
2025-11-05 00:31:33,748 [INFO] PluginManager:220 - loadIPPluginJar : add stm32_wpan
2025-11-05 00:31:33,750 [INFO] IPUIPlugin:80 - create IPUIPlugin
2025-11-05 00:31:33,750 [INFO] PluginManager:220 - loadIPPluginJar : add gpio
2025-11-05 00:31:33,751 [INFO] IPUIPlugin:80 - create IPUIPlugin
2025-11-05 00:31:33,751 [INFO] PluginManager:220 - loadIPPluginJar : add sai
2025-11-05 00:31:33,752 [INFO] IPUIPlugin:80 - create IPUIPlugin
2025-11-05 00:31:33,752 [INFO] PluginManager:220 - loadIPPluginJar : add usbx
2025-11-05 00:31:33,754 [INFO] IPUIPlugin:80 - create IPUIPlugin
2025-11-05 00:31:33,754 [INFO] PluginManager:220 - loadIPPluginJar : add touchsensing
2025-11-05 00:31:33,755 [INFO] IPUIPlugin:80 - create IPUIPlugin
2025-11-05 00:31:33,755 [INFO] PluginManager:220 - loadIPPluginJar : add openamp
2025-11-05 00:31:33,756 [INFO] IPUIPlugin:80 - create IPUIPlugin
2025-11-05 00:31:33,756 [INFO] PluginManager:220 - loadIPPluginJar : add i3c
2025-11-05 00:31:33,757 [INFO] IPUIPlugin:80 - create IPUIPlugin
2025-11-05 00:31:33,757 [INFO] PluginManager:220 - loadIPPluginJar : add i2s
2025-11-05 00:31:33,758 [INFO] IPUIPlugin:80 - create IPUIPlugin
2025-11-05 00:31:33,758 [INFO] PluginManager:220 - loadIPPluginJar : add can
2025-11-05 00:31:33,759 [INFO] IPUIPlugin:80 - create IPUIPlugin
2025-11-05 00:31:33,759 [INFO] PluginManager:220 - loadIPPluginJar : add lorawan
2025-11-05 00:31:33,761 [INFO] IPUIPlugin:80 - create IPUIPlugin
2025-11-05 00:31:33,762 [INFO] PluginManager:220 - loadIPPluginJar : add adc
2025-11-05 00:31:33,762 [INFO] IPUIPlugin:80 - create IPUIPlugin
2025-11-05 00:31:33,763 [INFO] PluginManager:220 - loadIPPluginJar : add i2c
2025-11-05 00:31:33,765 [INFO] IPUIPlugin:80 - create IPUIPlugin
2025-11-05 00:31:33,765 [INFO] PluginManager:220 - loadIPPluginJar : add mdma
2025-11-05 00:31:33,852 [FATAL] Updater:351 - Updater called before beeing initialized
2025-11-05 00:31:33,865 [INFO] RulesReader:64 - Compatibility file has been processed (317 Rules)
2025-11-05 00:31:33,871 [INFO] RulesReader:64 - Compatibility file has been processed (317 Rules)
2025-11-05 00:31:33,876 [INFO] CADModel:165 - CPN selected for project level
2025-11-05 00:31:33,876 [INFO] CADModel:114 - Register for checkConnection events
2025-11-05 00:31:33,876 [FATAL] Updater:351 - Updater called before beeing initialized
2025-11-05 00:31:33,876 [ERROR] CADModel:125 - Updater not yet initialized, retry later 
2025-11-05 00:31:33,949 [FATAL] Updater:351 - Updater called before beeing initialized
2025-11-05 00:31:33,950 [INFO] CADModel:165 - CPN selected for project level
2025-11-05 00:31:33,950 [INFO] CADModel:114 - Register for checkConnection events
2025-11-05 00:31:33,950 [FATAL] Updater:351 - Updater called before beeing initialized
2025-11-05 00:31:33,950 [ERROR] CADModel:125 - Updater not yet initialized, retry later 
2025-11-05 00:31:33,952 [FATAL] Updater:351 - Updater called before beeing initialized
2025-11-05 00:31:34,001 [FATAL] Updater:351 - Updater called before beeing initialized
2025-11-05 00:31:34,003 [INFO] DbMcusAds:53 - JSON generation date=Thu Oct 02 12:36:05 EEST 2025 (1759397765645)
2025-11-05 00:31:34,003 [FATAL] Updater:351 - Updater called before beeing initialized
2025-11-05 00:31:34,023 [WARN] DetailPanel:346 - Failed to get advertising image, set to default
2025-11-05 00:31:34,067 [FATAL] Updater:351 - Updater called before beeing initialized
2025-11-05 00:31:34,068 [FATAL] Updater:351 - Updater called before beeing initialized
2025-11-05 00:31:34,069 [FATAL] Updater:351 - Updater called before beeing initialized
2025-11-05 00:31:34,069 [WARN] DetailPanel:346 - Failed to get advertising image, set to default
2025-11-05 00:31:34,069 [FATAL] Updater:351 - Updater called before beeing initialized
2025-11-05 00:31:34,087 [ERROR] Updater:1198 - MainUpdater not yet initialized. External WinMGr cannot be set.
2025-11-05 00:31:34,088 [INFO] Updater:1134 - Updater Version found : 6.15.0
2025-11-05 00:31:34,098 [INFO] ApplicationProperties:184 - Using Application install path: /opt/st/stm32cubeide_1.19.0/plugins/com.st.stm32cube.common.mx_6.15.0.202507011659
2025-11-05 00:31:34,290 [INFO] MainUpdater:2872 - connection check result : 10
2025-11-05 00:31:34,291 [INFO] MainUpdater:289 - Updater Check For Update Now.
2025-11-05 00:31:34,291 [INFO] MicroXplorer:498 - Change Database Version : DB.6.0.150
2025-11-05 00:31:34,293 [INFO] McuFinderGlobals:63 - Set McuFinder mode to 2 (CubeIDE integrated)
2025-11-05 00:31:34,294 [INFO] UserAuth:487 - Internet connection configuration mode: 1
2025-11-05 00:31:34,302 [INFO] JxBrowserEngine:152 - Initiate JxBrowser Engine with user profile folder
2025-11-05 00:31:34,441 [INFO] CheckServerUpdateThread:120 - End of CheckServer Thread
2025-11-05 00:31:34,665 [INFO] WebApp:169 - Instantiating new browser for Auth
2025-11-05 00:31:35,025 [INFO] WebApp:463 - Apply proxy settings
2025-11-05 00:31:35,026 [INFO] WebApp:548 - Chromium requires no authentication
2025-11-05 00:31:35,029 [INFO] WebApp:491 - Direct internet connection detected
2025-11-05 00:31:35,038 [INFO] WebApp:900 - Register for checkConnection events
2025-11-05 00:31:35,039 [INFO] WebApp:463 - Apply proxy settings
2025-11-05 00:31:35,039 [INFO] WebApp:548 - Chromium requires no authentication
2025-11-05 00:31:35,039 [INFO] WebApp:491 - Direct internet connection detected
2025-11-05 00:31:35,113 [INFO] WebApp:225 - Starting web application
2025-11-05 00:31:35,113 [INFO] WebApp:593 - Web application path used /opt/st/stm32cubeide_1.19.0/plugins/com.st.stm32cube.common.mx_6.15.0.202507011659/db/plugins/mcufinder/reactClient1/index.html
2025-11-05 00:31:35,163 [INFO] UserAuth:487 - Internet connection configuration mode: 1
2025-11-05 00:31:35,301 [INFO] WebApp:191 - Connection restablished
2025-11-05 00:31:36,550 [WARN] PackLoader:240 - Cannot read IP mode file for STMicroelectronics.FP-SNS-MOTENVWB1.1.4.0
2025-11-05 00:31:36,554 [WARN] PackLoader:240 - Cannot read IP mode file for STMicroelectronics.FP-ATR-ASTRA1.2.0.2
2025-11-05 00:31:36,558 [WARN] PackLoader:240 - Cannot read IP mode file for STMicroelectronics.X-CUBE-SMBUS.2.1.0
2025-11-05 00:31:36,560 [WARN] PackLoader:240 - Cannot read IP mode file for STMicroelectronics.X-CUBE-ST60.1.0.0
2025-11-05 00:31:36,582 [WARN] PackLoader:240 - Cannot read IP mode file for STMicroelectronics.X-CUBE-AZRTOS-F7.1.1.0
2025-11-05 00:31:36,589 [WARN] PackLoader:240 - Cannot read IP mode file for STMicroelectronics.FP-SNS-MOTENV1.5.1.0
2025-11-05 00:31:36,594 [WARN] PackLoader:240 - Cannot read IP mode file for WES.I-CUBE-Cesium.1.4.0
2025-11-05 00:31:36,608 [WARN] PackLoader:240 - Cannot read IP mode file for Infineon.AIROC-Wi-Fi-Bluetooth-STM32.1.7.1
2025-11-05 00:31:36,625 [WARN] PackLoader:240 - Cannot read IP mode file for STMicroelectronics.X-CUBE-AZRTOS-H7.3.4.0
2025-11-05 00:31:36,631 [WARN] PackLoader:240 - Cannot read IP mode file for STMicroelectronics.X-CUBE-DISPLAY.3.0.0
2025-11-05 00:31:36,638 [WARN] PackLoader:240 - Cannot read IP mode file for STMicroelectronics.X-CUBE-NFC10.1.0.0
2025-11-05 00:31:36,641 [WARN] PackLoader:240 - Cannot read IP mode file for STMicroelectronics.X-CUBE-ST60.1.1.0
2025-11-05 00:31:36,644 [WARN] PackLoader:240 - Cannot read IP mode file for emotas.I-CUBE-CANOPEN.1.3.0
2025-11-05 00:31:36,646 [WARN] PackLoader:240 - Cannot read IP mode file for STMicroelectronics.X-CUBE-GNSS1.7.1.0
2025-11-05 00:31:36,659 [WARN] PackLoader:240 - Cannot read IP mode file for STMicroelectronics.FP-SNS-STBOX1.2.1.0
2025-11-05 00:31:36,662 [WARN] PackLoader:240 - Cannot read IP mode file for STMicroelectronics.FP-SNS-SMARTAG2.1.2.0
2025-11-05 00:31:36,664 [WARN] PackLoader:240 - Cannot read IP mode file for STMicroelectronics.FP-SNS-FLIGHT1.5.1.0
2025-11-05 00:31:36,669 [INFO] LogOutputStream:77 - [STDOUT_REDIRECT] 1 : Invalid condition id : UX_CORESTACK_Condition cause : null
2025-11-05 00:31:36,670 [INFO] LogOutputStream:77 - [STDOUT_REDIRECT] 1 : Invalid condition id : UX_CORESTACK_Condition cause : null
2025-11-05 00:31:36,670 [INFO] LogOutputStream:77 - [STDOUT_REDIRECT] 1 : Invalid condition id : UX_CORESTACK_Condition cause : null
2025-11-05 00:31:36,670 [INFO] LogOutputStream:77 - [STDOUT_REDIRECT] 1 : Invalid condition id : UX_CORESTACK_Condition cause : null
2025-11-05 00:31:36,670 [INFO] LogOutputStream:77 - [STDOUT_REDIRECT] 1 : Invalid condition id : UX_CORESTACK_Condition cause : null
2025-11-05 00:31:36,672 [WARN] PackLoader:240 - Cannot read IP mode file for STMicroelectronics.X-CUBE-AZRTOS-WL.2.0.0
2025-11-05 00:31:36,675 [WARN] PackLoader:240 - Cannot read IP mode file for STMicroelectronics.FP-SNS-MOTENV1.5.0.0
2025-11-05 00:31:36,678 [WARN] PackLoader:240 - Cannot read IP mode file for STMicroelectronics.X-CUBE-BLE2.3.3.0
2025-11-05 00:31:36,681 [WARN] PackLoader:240 - Cannot read IP mode file for STMicroelectronics.X-CUBE-NFC9.1.0.0
2025-11-05 00:31:36,684 [WARN] PackLoader:240 - Cannot read IP mode file for wolfSSL.I-CUBE-wolfSSL.5.8.2
2025-11-05 00:31:36,686 [WARN] PackLoader:240 - Cannot read IP mode file for STMicroelectronics.X-CUBE-BLE1.7.1.0
2025-11-05 00:31:36,688 [WARN] PackLoader:240 - Cannot read IP mode file for wolfSSL.I-CUBE-wolfMQTT.1.19.2
2025-11-05 00:31:36,691 [WARN] PackLoader:240 - Cannot read IP mode file for STMicroelectronics.X-CUBE-EEPRMA1.5.2.0
2025-11-05 00:31:36,695 [WARN] PackLoader:240 - Cannot read IP mode file for STMicroelectronics.X-CUBE-ST67W61.1.1.0
2025-11-05 00:31:36,703 [WARN] PackLoader:240 - Cannot read IP mode file for STMicroelectronics.X-CUBE-AZRTOS-G0.1.1.0
2025-11-05 00:31:36,707 [WARN] PackLoader:240 - Cannot read IP mode file for STMicroelectronics.X-CUBE-SAFEA1.1.2.2
2025-11-05 00:31:36,710 [WARN] PackLoader:240 - Cannot read IP mode file for STMicroelectronics.X-CUBE-NFC4.3.0.0
2025-11-05 00:31:36,714 [WARN] PackLoader:240 - Cannot read IP mode file for EmbeddedOffice.I-CUBE-FS-RTOS.1.0.1
2025-11-05 00:31:36,716 [WARN] PackLoader:240 - Cannot read IP mode file for STMicroelectronics.X-CUBE-WB05N.2.0.0
2025-11-05 00:31:36,718 [WARN] PackLoader:240 - Cannot read IP mode file for wolfSSL.I-CUBE-wolfTPM.3.8.0
2025-11-05 00:31:36,721 [WARN] PackLoader:240 - Cannot read IP mode file for STMicroelectronics.X-CUBE-TCPP.4.2.0
2025-11-05 00:31:36,725 [WARN] PackLoader:240 - Cannot read IP mode file for RealThread.X-CUBE-RT-Thread_Nano.4.1.1
2025-11-05 00:31:36,726 [WARN] PackLoader:240 - Cannot read IP mode file for STMicroelectronics.FP-ATR-SIGFOX1.3.2.0
2025-11-05 00:31:36,728 [WARN] PackLoader:240 - Cannot read IP mode file for ITTIA_DB.I-CUBE-ITTIADB.8.9.0
2025-11-05 00:31:36,731 [WARN] PackLoader:240 - Cannot read IP mode file for STMicroelectronics.X-CUBE-ST67W61.1.0.0
2025-11-05 00:31:36,733 [WARN] PackLoader:240 - Cannot read IP mode file for STMicroelectronics.X-CUBE-AI.10.2.0
2025-11-05 00:31:36,747 [WARN] PackLoader:240 - Cannot read IP mode file for SEGGER.I-CUBE-embOS.1.3.1
2025-11-05 00:31:36,770 [WARN] PackLoader:240 - Cannot read IP mode file for STMicroelectronics.X-CUBE-ALGOBUILD.1.4.0
2025-11-05 00:31:36,803 [WARN] PackLoader:240 - Cannot read IP mode file for STMicroelectronics.X-CUBE-MEMS1.11.3.0
2025-11-05 00:31:36,922 [WARN] PackLoader:240 - Cannot read IP mode file for STMicroelectronics.X-CUBE-PM33A1.1.0.0
2025-11-05 00:31:36,931 [WARN] PackLoader:240 - Cannot read IP mode file for STMicroelectronics.X-CUBE-AZRTOS-F4.1.1.0
2025-11-05 00:31:36,934 [WARN] PackLoader:240 - Cannot read IP mode file for Avnet-IotConnect.X-CUBE-IoTC-DA16k-PMOD.1.0.0
2025-11-05 00:31:36,935 [WARN] PackLoader:240 - Cannot read IP mode file for STMicroelectronics.X-CUBE-ISPU.2.1.0
2025-11-05 00:31:36,943 [WARN] PackLoader:240 - Cannot read IP mode file for STMicroelectronics.X-CUBE-IPS.3.2.0
2025-11-05 00:31:36,953 [WARN] PackLoader:240 - Cannot read IP mode file for STMicroelectronics.X-CUBE-NFC12.1.0.0
2025-11-05 00:31:36,967 [WARN] PackLoader:240 - Cannot read IP mode file for STMicroelectronics.X-CUBE-AZRTOS-L5.2.0.0
2025-11-05 00:31:36,974 [WARN] PackLoader:240 - Cannot read IP mode file for STMicroelectronics.X-CUBE-NFC6.3.1.0
2025-11-05 00:31:36,979 [WARN] PackLoader:240 - Cannot read IP mode file for STMicroelectronics.X-CUBE-FREERTOS.1.3.1
2025-11-05 00:31:36,982 [WARN] PackLoader:240 - Cannot read IP mode file for STMicroelectronics.X-CUBE-TOUCHGFX.4.26.0
2025-11-05 00:31:36,984 [WARN] PackLoader:240 - Cannot read IP mode file for STMicroelectronics.FP-SNS-STAIOTCFT.1.0.0
2025-11-05 00:31:36,988 [WARN] PackLoader:240 - Cannot read IP mode file for STMicroelectronics.X-CUBE-DPower.1.3.0
2025-11-05 00:31:37,001 [WARN] ConditionMgr:438 - getConditionDescription Invalid condition id : LAN8742 Phy interface Condition cause : null
2025-11-05 00:31:37,001 [WARN] PackLoader:240 - Cannot read IP mode file for STMicroelectronics.X-CUBE-AZRTOS-L4.2.0.0
2025-11-05 00:31:37,002 [WARN] ConditionMgr:1044 - genDependencies : Invalid condition id : LAN8742 Phy interface Condition cause : null
2025-11-05 00:31:37,002 [WARN] ConditionMgr:1044 - genDependencies : Invalid condition id : LAN8742 Phy interface Condition cause : null
2025-11-05 00:31:37,003 [WARN] ConditionMgr:1044 - genDependencies : Invalid condition id : LAN8742 Phy interface Condition cause : null
2025-11-05 00:31:37,007 [WARN] PackLoader:240 - Cannot read IP mode file for STMicroelectronics.X-CUBE-SFXS2LP1.4.0.0
2025-11-05 00:31:37,019 [WARN] PackLoader:240 - Cannot read IP mode file for STMicroelectronics.X-CUBE-BLEMGR.4.1.0
2025-11-05 00:31:37,030 [WARN] ConditionMgr:438 - getConditionDescription Invalid condition id : UX DEVICE CLASS RTOS Condition cause : null
2025-11-05 00:31:37,030 [WARN] ConditionMgr:438 - getConditionDescription Invalid condition id : UX DEVICE CLASS RTOS Condition cause : null
2025-11-05 00:31:37,031 [WARN] PackLoader:240 - Cannot read IP mode file for STMicroelectronics.X-CUBE-AZRTOS-WB.2.0.0
2025-11-05 00:31:37,032 [WARN] ConditionMgr:1044 - genDependencies : Invalid condition id : UX DEVICE CLASS RTOS Condition cause : null
2025-11-05 00:31:37,032 [WARN] ConditionMgr:1044 - genDependencies : Invalid condition id : UX DEVICE CLASS RTOS Condition cause : null
2025-11-05 00:31:37,032 [WARN] ConditionMgr:1044 - genDependencies : Invalid condition id : UX DEVICE CLASS RTOS Condition cause : null
2025-11-05 00:31:37,032 [WARN] ConditionMgr:1044 - genDependencies : Invalid condition id : UX DEVICE CLASS RTOS Condition cause : null
2025-11-05 00:31:37,033 [WARN] ConditionMgr:1044 - genDependencies : Invalid condition id : UX DEVICE CLASS RTOS Condition cause : null
2025-11-05 00:31:37,036 [WARN] PackLoader:240 - Cannot read IP mode file for STMicroelectronics.X-CUBE-GNSS1.7.0.1
2025-11-05 00:31:37,038 [WARN] PackLoader:240 - Cannot read IP mode file for STMicroelectronics.X-CUBE-TOUCHGFX.4.25.0
2025-11-05 00:31:37,040 [WARN] ConditionMgr:438 - getConditionDescription Invalid condition id : Cortex-A Device cause : null
2025-11-05 00:31:37,047 [WARN] ConditionMgr:1044 - genDependencies : Invalid condition id : Cortex-A Device cause : null
2025-11-05 00:31:37,047 [WARN] ConditionMgr:1044 - genDependencies : Invalid condition id : Cortex-A Device cause : null
2025-11-05 00:31:37,047 [WARN] ConditionMgr:1044 - genDependencies : Invalid condition id : Cortex-A Device cause : null
2025-11-05 00:31:37,050 [WARN] PackLoader:240 - Cannot read IP mode file for STMicroelectronics.X-CUBE-SUBG2.5.0.0
2025-11-05 00:31:37,059 [WARN] PackLoader:240 - Cannot read IP mode file for STMicroelectronics.X-CUBE-AZRTOS-H7RS.1.1.0
2025-11-05 00:31:37,062 [WARN] PackLoader:240 - Cannot read IP mode file for Cesanta.I-CUBE-Mongoose.7.13.0
2025-11-05 00:31:37,069 [WARN] PackLoader:240 - Cannot read IP mode file for STMicroelectronics.X-CUBE-AZRTOS-G4.2.0.0
2025-11-05 00:31:37,071 [WARN] PackLoader:240 - Cannot read IP mode file for wolfSSL.I-CUBE-wolfSSH.1.4.20
2025-11-05 00:31:37,073 [WARN] PackLoader:240 - Cannot read IP mode file for STMicroelectronics.X-CUBE-NFC7.2.0.0
2025-11-05 00:31:37,079 [WARN] PackLoader:240 - Cannot read IP mode file for STMicroelectronics.X-CUBE-IPS.3.1.0
2025-11-05 00:31:37,087 [WARN] PackLoader:240 - Cannot read IP mode file for STMicroelectronics.X-CUBE-ALS.1.0.2
2025-11-05 00:31:37,091 [WARN] PackLoader:240 - Cannot read IP mode file for STMicroelectronics.X-CUBE-STSE01.1.0.0
2025-11-05 00:31:37,098 [WARN] PackLoader:240 - Cannot read IP mode file for STMicroelectronics.X-CUBE-TOF1.3.4.3
2025-11-05 00:31:37,108 [INFO] ThirdParty:978 - Integrity check success = true
2025-11-05 00:31:37,108 [INFO] IntegrityCheckThread:100 - exiting critical section [integrity check]
2025-11-05 00:31:37,109 [INFO] IntegrityCheckThread:103 - End integrity checks thread
2025-11-05 00:33:47,549 [ERROR] LogOutputStream:75 - [STDERR_REDIRECT] SLF4J: Failed to load class "org.slf4j.impl.StaticLoggerBinder".
2025-11-05 00:33:47,549 [ERROR] LogOutputStream:75 - [STDERR_REDIRECT] SLF4J: Defaulting to no-operation (NOP) logger implementation
2025-11-05 00:33:47,550 [ERROR] LogOutputStream:75 - [STDERR_REDIRECT] SLF4J: See http://www.slf4j.org/codes.html#StaticLoggerBinder for further details.
2025-11-05 00:42:23,602 [ERROR] LogOutputStream:75 - [STDERR_REDIRECT] 
2025-11-05 00:45:16,417 [INFO] Activator:176 - 


2025-11-05 00:45:16,418 [INFO] Activator:177 - !SESSION log4j initialized
2025-11-05 00:45:17,923 [INFO] LogOutputStream:77 - [STDOUT_REDIRECT] 
2025-11-05 00:45:18,553 [INFO] ApplicationProperties:184 - Using Application install path: /opt/st/stm32cubeide_1.19.0/plugins/com.st.stm32cube.common.mx_6.15.0.202507011659
2025-11-05 00:45:18,563 [INFO] DbMcusXml:78 - Set database path to: /opt/st/stm32cubeide_1.19.0/plugins/com.st.stm32cube.common.mx_6.15.0.202507011659//db//mcu/
2025-11-05 00:45:18,563 [INFO] ApiDb:274 - Set plugin database path to: /opt/st/stm32cubeide_1.19.0/plugins/com.st.stm32cube.common.mx_6.15.0.202507011659//db//plugins/boardmanager/
2025-11-05 00:45:18,563 [WARN] ApiDb:259 - Overriding images path with different value:  => /opt/st/stm32cubeide_1.19.0/plugins/com.st.stm32cube.common.mx_6.15.0.202507011659//db//plugins/mcufinder/images/
2025-11-05 00:45:18,565 [INFO] ApiDb:250 - Set database path to: /home/oleksii/.stmcufinder/plugins/mcufinder//mcu/
2025-11-05 00:45:18,566 [INFO] DbMcusAds:125 - Set database path to: /home/oleksii/.stmcufinder/plugins/mcufinder//mcu/
2025-11-05 00:45:18,567 [INFO] CrossReferenceDbSqlite:203 - Set database path to: /home/oleksii/.stmcufinder/plugins/mcufinder//mcu/cs/
2025-11-05 00:45:18,647 [INFO] RulesReader:64 - Compatibility file has been processed (317 Rules)
2025-11-05 00:45:18,700 [INFO] DbMcusXml:78 - Set database path to: /opt/st/stm32cubeide_1.19.0/plugins/com.st.stm32cube.common.mx_6.15.0.202507011659//db//mcu/
2025-11-05 00:45:18,700 [INFO] ApiDb:274 - Set plugin database path to: /opt/st/stm32cubeide_1.19.0/plugins/com.st.stm32cube.common.mx_6.15.0.202507011659//db//plugins/boardmanager/
2025-11-05 00:45:18,700 [INFO] ApiDb:261 - Set plugin images path to: /opt/st/stm32cubeide_1.19.0/plugins/com.st.stm32cube.common.mx_6.15.0.202507011659//db//plugins/mcufinder/images/
2025-11-05 00:45:18,700 [WARN] DbFile:41 - Overriding database path with different value: /home/oleksii/.stmcufinder/plugins/mcufinder/ => /home/oleksii/.stmcufinder/plugins/mcufinder
2025-11-05 00:45:18,700 [INFO] ApiDb:250 - Set database path to: /home/oleksii/.stmcufinder/plugins/mcufinder//mcu/
2025-11-05 00:45:18,701 [WARN] DbFile:41 - Overriding database path with different value: /home/oleksii/.stmcufinder/plugins/mcufinder/ => /home/oleksii/.stmcufinder/plugins/mcufinder
2025-11-05 00:45:18,701 [INFO] DbMcusAds:125 - Set database path to: /home/oleksii/.stmcufinder/plugins/mcufinder//mcu/
2025-11-05 00:45:18,701 [WARN] DbFile:41 - Overriding database path with different value: /home/oleksii/.stmcufinder/plugins/mcufinder/ => /home/oleksii/.stmcufinder/plugins/mcufinder
2025-11-05 00:45:18,701 [WARN] DbFile:41 - Overriding database path with different value: /home/oleksii/.stmcufinder/plugins/mcufinder/ => /home/oleksii/.stmcufinder/plugins/mcufinder
2025-11-05 00:45:18,701 [INFO] CrossReferenceDbSqlite:203 - Set database path to: /home/oleksii/.stmcufinder/plugins/mcufinder//mcu/cs/
2025-11-05 00:45:18,741 [INFO] MainPanel:274 - HeapMemory: 268435456
2025-11-05 00:45:18,807 [INFO] DbMcusXml:78 - Set database path to: /opt/st/stm32cubeide_1.19.0/plugins/com.st.stm32cube.common.mx_6.15.0.202507011659//db//mcu/
2025-11-05 00:45:18,807 [INFO] ApiDb:274 - Set plugin database path to: /opt/st/stm32cubeide_1.19.0/plugins/com.st.stm32cube.common.mx_6.15.0.202507011659//db//plugins/boardmanager/
2025-11-05 00:45:18,807 [INFO] ApiDb:261 - Set plugin images path to: /opt/st/stm32cubeide_1.19.0/plugins/com.st.stm32cube.common.mx_6.15.0.202507011659//db//plugins/mcufinder/images/
2025-11-05 00:45:18,807 [WARN] DbFile:41 - Overriding database path with different value: /home/oleksii/.stmcufinder/plugins/mcufinder/ => /home/oleksii/.stmcufinder/plugins/mcufinder
2025-11-05 00:45:18,807 [INFO] ApiDb:250 - Set database path to: /home/oleksii/.stmcufinder/plugins/mcufinder//mcu/
2025-11-05 00:45:18,807 [WARN] DbFile:41 - Overriding database path with different value: /home/oleksii/.stmcufinder/plugins/mcufinder/ => /home/oleksii/.stmcufinder/plugins/mcufinder
2025-11-05 00:45:18,807 [INFO] DbMcusAds:125 - Set database path to: /home/oleksii/.stmcufinder/plugins/mcufinder//mcu/
2025-11-05 00:45:18,807 [WARN] DbFile:41 - Overriding database path with different value: /home/oleksii/.stmcufinder/plugins/mcufinder/ => /home/oleksii/.stmcufinder/plugins/mcufinder
2025-11-05 00:45:18,807 [WARN] DbFile:41 - Overriding database path with different value: /home/oleksii/.stmcufinder/plugins/mcufinder/ => /home/oleksii/.stmcufinder/plugins/mcufinder
2025-11-05 00:45:18,807 [INFO] CrossReferenceDbSqlite:203 - Set database path to: /home/oleksii/.stmcufinder/plugins/mcufinder//mcu/cs/
2025-11-05 00:45:18,815 [INFO] ApplicationProperties:184 - Using Application install path: /opt/st/stm32cubeide_1.19.0/plugins/com.st.stm32cube.common.mx_6.15.0.202507011659
2025-11-05 00:45:18,816 [INFO] PluginManage:196 - Search for loadable plugins [exclusion list=, ]
2025-11-05 00:45:18,817 [INFO] PluginManage:310 - Check plugin analytics
2025-11-05 00:45:18,898 [INFO] AnalyticsPlugin:253 - Accepted Software Licenses: 
2025-11-05 00:45:18,898 [INFO] AnalyticsPlugin:255 - Accepted CMSIS Pack Licenses: 
2025-11-05 00:45:18,899 [INFO] AnalyticsPlugin:257 - Accepted Firmware Licenses: FW.F4.1.28.0
2025-11-05 00:45:18,900 [INFO] PluginManage:359 - Loaded plugin analytics (category:tool,tabindex:-1)
2025-11-05 00:45:18,901 [INFO] PluginManage:310 - Check plugin cadmodel
2025-11-05 00:45:18,902 [INFO] CADModel:105 - Init CAD model plugin
2025-11-05 00:45:18,902 [INFO] PluginManage:359 - Loaded plugin cadmodel (category:power,tabindex:5)
2025-11-05 00:45:18,903 [INFO] PluginManage:310 - Check plugin clock
2025-11-05 00:45:18,906 [INFO] PluginManage:359 - Loaded plugin clock (category:base,tabindex:2)
2025-11-05 00:45:18,906 [INFO] PluginManage:310 - Check plugin ddr
2025-11-05 00:45:18,907 [INFO] PluginManage:359 - Loaded plugin ddr (category:tool,tabindex:6)
2025-11-05 00:45:18,907 [INFO] PluginManage:310 - Check plugin filemanager
2025-11-05 00:45:18,985 [INFO] PluginManage:359 - Loaded plugin filemanager (category:base,tabindex:10)
2025-11-05 00:45:18,985 [INFO] PluginManage:310 - Check plugin ipmanager
2025-11-05 00:45:18,988 [INFO] PluginManage:359 - Loaded plugin ipmanager (category:base,tabindex:5)
2025-11-05 00:45:18,988 [INFO] PluginManage:310 - Check plugin lpbam
2025-11-05 00:45:18,992 [INFO] PluginManage:359 - Loaded plugin lpbam (category:base,tabindex:0)
2025-11-05 00:45:18,993 [INFO] PluginManage:310 - Check plugin memorymap
2025-11-05 00:45:18,998 [INFO] PluginManage:359 - Loaded plugin memorymap (category:base,tabindex:4)
2025-11-05 00:45:18,998 [INFO] PluginManage:310 - Check plugin pinoutandconfiguration
2025-11-05 00:45:19,002 [INFO] PluginManage:359 - Loaded plugin pinoutandconfiguration (category:base,tabindex:1)
2025-11-05 00:45:19,002 [INFO] PluginManage:310 - Check plugin pinoutconfig
2025-11-05 00:45:19,051 [WARN] SupportedApi:132 - Cannot load RTOS API schema: s4s-elt-must-match.1: The content of 'definitions' must match (annotation?, (simpleType | complexType)?, (unique | key | keyref)*)). A problem was found starting at: attribute.
2025-11-05 00:45:19,124 [INFO] PluginManage:359 - Loaded plugin pinoutconfig (category:base,tabindex:0)
2025-11-05 00:45:19,124 [INFO] PluginManage:310 - Check plugin power
2025-11-05 00:45:19,128 [INFO] PluginManage:359 - Loaded plugin power (category:power,tabindex:4)
2025-11-05 00:45:19,128 [INFO] PluginManage:310 - Check plugin projectmanager
2025-11-05 00:45:19,138 [INFO] PluginManage:359 - Loaded plugin projectmanager (category:projectmanager,tabindex:4)
2025-11-05 00:45:19,139 [INFO] PluginManage:310 - Check plugin rif
2025-11-05 00:45:19,144 [INFO] PluginManage:359 - Loaded plugin rif (category:base,tabindex:3)
2025-11-05 00:45:19,144 [INFO] PluginManage:310 - Check plugin thirdparty
2025-11-05 00:45:19,206 [INFO] PluginManage:359 - Loaded plugin thirdparty (category:base,tabindex:-1)
2025-11-05 00:45:19,206 [WARN] IntegrityCheckThread:84 - waiting for thirdparty lock release [integrity check]
2025-11-05 00:45:19,206 [INFO] PluginManage:310 - Check plugin tools
2025-11-05 00:45:19,206 [INFO] IntegrityCheckThread:86 - entering critical section [integrity check]
2025-11-05 00:45:19,207 [INFO] ThirdPartyUpdaterWithRetryManager:70 - Updater plugin not ready yet. [1/15]
2025-11-05 00:45:19,208 [INFO] PluginManage:359 - Loaded plugin tools (category:base,tabindex:7)
2025-11-05 00:45:19,208 [INFO] PluginManage:310 - Check plugin tutovideos
2025-11-05 00:45:19,320 [INFO] PluginManage:359 - Loaded plugin tutovideos (category:base,tabindex:-1)
2025-11-05 00:45:19,320 [INFO] PluginManage:310 - Check plugin updater
2025-11-05 00:45:19,331 [INFO] PluginManage:359 - Loaded plugin updater (category:base,tabindex:12)
2025-11-05 00:45:19,331 [INFO] PluginManage:310 - Check plugin userauth
2025-11-05 00:45:19,333 [INFO] UserAuth:118 - Init User Auth plugin
2025-11-05 00:45:19,333 [INFO] PluginManage:359 - Loaded plugin userauth (category:base,tabindex:14)
2025-11-05 00:45:19,334 [INFO] PluginManage:283 - PluginManage : Loaded plugins [18]
2025-11-05 00:45:19,446 [INFO] PinOutPanel:1589 - setPackage(No Configuration,No Configuration)
2025-11-05 00:45:19,483 [INFO] CADModel:165 - CPN selected for project level
2025-11-05 00:45:19,483 [INFO] CADModel:114 - Register for checkConnection events
2025-11-05 00:45:19,488 [INFO] IPUIPlugin:80 - create IPUIPlugin
2025-11-05 00:45:19,488 [INFO] PluginManager:220 - loadIPPluginJar : add radio
2025-11-05 00:45:19,490 [INFO] IPUIPlugin:80 - create IPUIPlugin
2025-11-05 00:45:19,491 [INFO] PluginManager:220 - loadIPPluginJar : add spi
2025-11-05 00:45:19,491 [INFO] IPUIPlugin:80 - create IPUIPlugin
2025-11-05 00:45:19,491 [INFO] PluginManager:220 - loadIPPluginJar : add tsc
2025-11-05 00:45:19,494 [INFO] IPUIPlugin:80 - create IPUIPlugin
2025-11-05 00:45:19,494 [INFO] PluginManager:220 - loadIPPluginJar : add fmc
2025-11-05 00:45:19,495 [INFO] IPUIPlugin:80 - create IPUIPlugin
2025-11-05 00:45:19,495 [INFO] PluginManager:220 - loadIPPluginJar : add hash
2025-11-05 00:45:19,497 [INFO] IPUIPlugin:80 - create IPUIPlugin
2025-11-05 00:45:19,497 [INFO] PluginManager:220 - loadIPPluginJar : add extmemmanager
2025-11-05 00:45:19,497 [INFO] IPUIPlugin:80 - create IPUIPlugin
2025-11-05 00:45:19,498 [INFO] PluginManager:220 - loadIPPluginJar : add tim
2025-11-05 00:45:19,498 [INFO] IPUIPlugin:80 - create IPUIPlugin
2025-11-05 00:45:19,498 [INFO] PluginManager:220 - loadIPPluginJar : add ltdc
2025-11-05 00:45:19,499 [INFO] IPUIPlugin:80 - create IPUIPlugin
2025-11-05 00:45:19,499 [INFO] PluginManager:220 - loadIPPluginJar : add quadspi
2025-11-05 00:45:19,502 [INFO] IPUIPlugin:80 - create IPUIPlugin
2025-11-05 00:45:19,502 [INFO] PluginManager:220 - loadIPPluginJar : add gic
2025-11-05 00:45:19,503 [INFO] IPUIPlugin:80 - create IPUIPlugin
2025-11-05 00:45:19,503 [INFO] PluginManager:220 - loadIPPluginJar : add comp
2025-11-05 00:45:19,504 [INFO] IPUIPlugin:80 - create IPUIPlugin
2025-11-05 00:45:19,504 [INFO] PluginManager:220 - loadIPPluginJar : add fatfs
2025-11-05 00:45:19,508 [INFO] IPUIPlugin:80 - create IPUIPlugin
2025-11-05 00:45:19,508 [INFO] PluginManager:220 - loadIPPluginJar : add linkedlist
2025-11-05 00:45:19,509 [INFO] IPUIPlugin:80 - create IPUIPlugin
2025-11-05 00:45:19,509 [INFO] PluginManager:220 - loadIPPluginJar : add ucpd
2025-11-05 00:45:19,511 [INFO] IPUIPlugin:80 - create IPUIPlugin
2025-11-05 00:45:19,511 [INFO] PluginManager:220 - loadIPPluginJar : add ddr_ctrl_phy
2025-11-05 00:45:19,511 [INFO] IPUIPlugin:80 - create IPUIPlugin
2025-11-05 00:45:19,512 [INFO] PluginManager:220 - loadIPPluginJar : add gfxmmu
2025-11-05 00:45:19,513 [INFO] IPUIPlugin:80 - create IPUIPlugin
2025-11-05 00:45:19,513 [INFO] PluginManager:220 - loadIPPluginJar : add usart
2025-11-05 00:45:19,517 [INFO] IPUIPlugin:80 - create IPUIPlugin
2025-11-05 00:45:19,517 [INFO] PluginManager:220 - loadIPPluginJar : add dma
2025-11-05 00:45:19,518 [INFO] IPUIPlugin:80 - create IPUIPlugin
2025-11-05 00:45:19,518 [INFO] PluginManager:220 - loadIPPluginJar : add aes
2025-11-05 00:45:19,521 [INFO] IPUIPlugin:80 - create IPUIPlugin
2025-11-05 00:45:19,522 [INFO] PluginManager:220 - loadIPPluginJar : add plateformsettings
2025-11-05 00:45:19,523 [INFO] IPUIPlugin:80 - create IPUIPlugin
2025-11-05 00:45:19,523 [INFO] PluginManager:220 - loadIPPluginJar : add genericplugin
2025-11-05 00:45:19,524 [INFO] IPUIPlugin:80 - create IPUIPlugin
2025-11-05 00:45:19,524 [INFO] PluginManager:220 - loadIPPluginJar : add pdm2pcm
2025-11-05 00:45:19,526 [INFO] IPUIPlugin:80 - create IPUIPlugin
2025-11-05 00:45:19,526 [INFO] PluginManager:220 - loadIPPluginJar : add ipddr
2025-11-05 00:45:19,528 [INFO] IPUIPlugin:80 - create IPUIPlugin
2025-11-05 00:45:19,528 [INFO] PluginManager:220 - loadIPPluginJar : add opamp
2025-11-05 00:45:19,529 [INFO] IPUIPlugin:80 - create IPUIPlugin
2025-11-05 00:45:19,529 [INFO] PluginManager:220 - loadIPPluginJar : add dma3
2025-11-05 00:45:19,530 [INFO] IPUIPlugin:80 - create IPUIPlugin
2025-11-05 00:45:19,530 [INFO] PluginManager:220 - loadIPPluginJar : add dfsdm
2025-11-05 00:45:19,531 [INFO] IPUIPlugin:80 - create IPUIPlugin
2025-11-05 00:45:19,531 [INFO] PluginManager:220 - loadIPPluginJar : add ts
2025-11-05 00:45:19,533 [INFO] IPUIPlugin:80 - create IPUIPlugin
2025-11-05 00:45:19,533 [INFO] PluginManager:220 - loadIPPluginJar : add nvic
2025-11-05 00:45:19,534 [INFO] IPUIPlugin:80 - create IPUIPlugin
2025-11-05 00:45:19,534 [INFO] PluginManager:220 - loadIPPluginJar : add cryp
2025-11-05 00:45:19,537 [INFO] IPUIPlugin:80 - create IPUIPlugin
2025-11-05 00:45:19,537 [INFO] PluginManager:220 - loadIPPluginJar : add freertos
2025-11-05 00:45:19,539 [INFO] IPUIPlugin:80 - create IPUIPlugin
2025-11-05 00:45:19,539 [INFO] PluginManager:220 - loadIPPluginJar : add resmgrutility
2025-11-05 00:45:19,540 [INFO] IPUIPlugin:80 - create IPUIPlugin
2025-11-05 00:45:19,540 [INFO] PluginManager:220 - loadIPPluginJar : add gtzc
2025-11-05 00:45:19,541 [INFO] IPUIPlugin:80 - create IPUIPlugin
2025-11-05 00:45:19,541 [INFO] PluginManager:220 - loadIPPluginJar : add tracer_emb
2025-11-05 00:45:19,545 [INFO] IPUIPlugin:80 - create IPUIPlugin
2025-11-05 00:45:19,545 [INFO] PluginManager:220 - loadIPPluginJar : add stm32_wpan
2025-11-05 00:45:19,548 [INFO] IPUIPlugin:80 - create IPUIPlugin
2025-11-05 00:45:19,548 [INFO] PluginManager:220 - loadIPPluginJar : add gpio
2025-11-05 00:45:19,549 [INFO] IPUIPlugin:80 - create IPUIPlugin
2025-11-05 00:45:19,549 [INFO] PluginManager:220 - loadIPPluginJar : add sai
2025-11-05 00:45:19,551 [INFO] IPUIPlugin:80 - create IPUIPlugin
2025-11-05 00:45:19,551 [INFO] PluginManager:220 - loadIPPluginJar : add usbx
2025-11-05 00:45:19,552 [INFO] IPUIPlugin:80 - create IPUIPlugin
2025-11-05 00:45:19,552 [INFO] PluginManager:220 - loadIPPluginJar : add touchsensing
2025-11-05 00:45:19,554 [INFO] IPUIPlugin:80 - create IPUIPlugin
2025-11-05 00:45:19,554 [INFO] PluginManager:220 - loadIPPluginJar : add openamp
2025-11-05 00:45:19,555 [INFO] IPUIPlugin:80 - create IPUIPlugin
2025-11-05 00:45:19,555 [INFO] PluginManager:220 - loadIPPluginJar : add i3c
2025-11-05 00:45:19,556 [INFO] IPUIPlugin:80 - create IPUIPlugin
2025-11-05 00:45:19,556 [INFO] PluginManager:220 - loadIPPluginJar : add i2s
2025-11-05 00:45:19,557 [INFO] IPUIPlugin:80 - create IPUIPlugin
2025-11-05 00:45:19,557 [INFO] PluginManager:220 - loadIPPluginJar : add can
2025-11-05 00:45:19,558 [INFO] IPUIPlugin:80 - create IPUIPlugin
2025-11-05 00:45:19,559 [INFO] PluginManager:220 - loadIPPluginJar : add lorawan
2025-11-05 00:45:19,562 [INFO] IPUIPlugin:80 - create IPUIPlugin
2025-11-05 00:45:19,562 [INFO] PluginManager:220 - loadIPPluginJar : add adc
2025-11-05 00:45:19,564 [INFO] IPUIPlugin:80 - create IPUIPlugin
2025-11-05 00:45:19,564 [INFO] PluginManager:220 - loadIPPluginJar : add i2c
2025-11-05 00:45:19,568 [INFO] IPUIPlugin:80 - create IPUIPlugin
2025-11-05 00:45:19,568 [INFO] PluginManager:220 - loadIPPluginJar : add mdma
2025-11-05 00:45:19,664 [FATAL] Updater:351 - Updater called before beeing initialized
2025-11-05 00:45:19,682 [INFO] RulesReader:64 - Compatibility file has been processed (317 Rules)
2025-11-05 00:45:19,693 [INFO] RulesReader:64 - Compatibility file has been processed (317 Rules)
2025-11-05 00:45:19,699 [INFO] CADModel:165 - CPN selected for project level
2025-11-05 00:45:19,699 [INFO] CADModel:114 - Register for checkConnection events
2025-11-05 00:45:19,699 [FATAL] Updater:351 - Updater called before beeing initialized
2025-11-05 00:45:19,700 [ERROR] CADModel:125 - Updater not yet initialized, retry later 
2025-11-05 00:45:19,771 [FATAL] Updater:351 - Updater called before beeing initialized
2025-11-05 00:45:19,772 [INFO] CADModel:165 - CPN selected for project level
2025-11-05 00:45:19,772 [INFO] CADModel:114 - Register for checkConnection events
2025-11-05 00:45:19,772 [FATAL] Updater:351 - Updater called before beeing initialized
2025-11-05 00:45:19,772 [ERROR] CADModel:125 - Updater not yet initialized, retry later 
2025-11-05 00:45:19,774 [FATAL] Updater:351 - Updater called before beeing initialized
2025-11-05 00:45:19,828 [FATAL] Updater:351 - Updater called before beeing initialized
2025-11-05 00:45:19,830 [INFO] DbMcusAds:53 - JSON generation date=Thu Oct 02 12:36:05 EEST 2025 (1759397765645)
2025-11-05 00:45:19,830 [FATAL] Updater:351 - Updater called before beeing initialized
2025-11-05 00:45:19,851 [WARN] DetailPanel:346 - Failed to get advertising image, set to default
2025-11-05 00:45:19,894 [FATAL] Updater:351 - Updater called before beeing initialized
2025-11-05 00:45:19,895 [FATAL] Updater:351 - Updater called before beeing initialized
2025-11-05 00:45:19,895 [FATAL] Updater:351 - Updater called before beeing initialized
2025-11-05 00:45:19,896 [WARN] DetailPanel:346 - Failed to get advertising image, set to default
2025-11-05 00:45:19,896 [FATAL] Updater:351 - Updater called before beeing initialized
2025-11-05 00:45:19,915 [ERROR] Updater:1198 - MainUpdater not yet initialized. External WinMGr cannot be set.
2025-11-05 00:45:19,915 [INFO] Updater:1134 - Updater Version found : 6.15.0
2025-11-05 00:45:19,925 [INFO] ApplicationProperties:184 - Using Application install path: /opt/st/stm32cubeide_1.19.0/plugins/com.st.stm32cube.common.mx_6.15.0.202507011659
2025-11-05 00:45:20,234 [INFO] MainUpdater:2872 - connection check result : 10
2025-11-05 00:45:20,236 [INFO] MainUpdater:289 - Updater Check For Update Now.
2025-11-05 00:45:20,237 [INFO] MicroXplorer:498 - Change Database Version : DB.6.0.150
2025-11-05 00:45:20,247 [INFO] McuFinderGlobals:63 - Set McuFinder mode to 2 (CubeIDE integrated)
2025-11-05 00:45:20,247 [INFO] UserAuth:487 - Internet connection configuration mode: 1
2025-11-05 00:45:20,264 [INFO] JxBrowserEngine:152 - Initiate JxBrowser Engine with user profile folder
2025-11-05 00:45:20,398 [INFO] CheckServerUpdateThread:120 - End of CheckServer Thread
2025-11-05 00:45:20,616 [INFO] WebApp:169 - Instantiating new browser for Auth
2025-11-05 00:45:21,023 [INFO] WebApp:463 - Apply proxy settings
2025-11-05 00:45:21,023 [INFO] WebApp:548 - Chromium requires no authentication
2025-11-05 00:45:21,026 [INFO] WebApp:491 - Direct internet connection detected
2025-11-05 00:45:21,036 [INFO] WebApp:900 - Register for checkConnection events
2025-11-05 00:45:21,036 [INFO] WebApp:463 - Apply proxy settings
2025-11-05 00:45:21,036 [INFO] WebApp:548 - Chromium requires no authentication
2025-11-05 00:45:21,036 [INFO] WebApp:491 - Direct internet connection detected
2025-11-05 00:45:21,110 [INFO] WebApp:225 - Starting web application
2025-11-05 00:45:21,110 [INFO] WebApp:593 - Web application path used /opt/st/stm32cubeide_1.19.0/plugins/com.st.stm32cube.common.mx_6.15.0.202507011659/db/plugins/mcufinder/reactClient1/index.html
2025-11-05 00:45:21,168 [INFO] UserAuth:487 - Internet connection configuration mode: 1
2025-11-05 00:45:21,260 [INFO] WebApp:191 - Connection restablished
2025-11-05 00:45:22,270 [WARN] PackLoader:240 - Cannot read IP mode file for STMicroelectronics.FP-SNS-MOTENVWB1.1.4.0
2025-11-05 00:45:22,273 [WARN] PackLoader:240 - Cannot read IP mode file for STMicroelectronics.FP-ATR-ASTRA1.2.0.2
2025-11-05 00:45:22,277 [WARN] PackLoader:240 - Cannot read IP mode file for STMicroelectronics.X-CUBE-SMBUS.2.1.0
2025-11-05 00:45:22,279 [WARN] PackLoader:240 - Cannot read IP mode file for STMicroelectronics.X-CUBE-ST60.1.0.0
2025-11-05 00:45:22,295 [WARN] PackLoader:240 - Cannot read IP mode file for STMicroelectronics.X-CUBE-AZRTOS-F7.1.1.0
2025-11-05 00:45:22,301 [WARN] PackLoader:240 - Cannot read IP mode file for STMicroelectronics.FP-SNS-MOTENV1.5.1.0
2025-11-05 00:45:22,309 [WARN] PackLoader:240 - Cannot read IP mode file for WES.I-CUBE-Cesium.1.4.0
2025-11-05 00:45:22,331 [WARN] PackLoader:240 - Cannot read IP mode file for Infineon.AIROC-Wi-Fi-Bluetooth-STM32.1.7.1
2025-11-05 00:45:22,358 [WARN] PackLoader:240 - Cannot read IP mode file for STMicroelectronics.X-CUBE-AZRTOS-H7.3.4.0
2025-11-05 00:45:22,367 [WARN] PackLoader:240 - Cannot read IP mode file for STMicroelectronics.X-CUBE-DISPLAY.3.0.0
2025-11-05 00:45:22,377 [WARN] PackLoader:240 - Cannot read IP mode file for STMicroelectronics.X-CUBE-NFC10.1.0.0
2025-11-05 00:45:22,381 [WARN] PackLoader:240 - Cannot read IP mode file for STMicroelectronics.X-CUBE-ST60.1.1.0
2025-11-05 00:45:22,385 [WARN] PackLoader:240 - Cannot read IP mode file for emotas.I-CUBE-CANOPEN.1.3.0
2025-11-05 00:45:22,387 [WARN] PackLoader:240 - Cannot read IP mode file for STMicroelectronics.X-CUBE-GNSS1.7.1.0
2025-11-05 00:45:22,391 [WARN] PackLoader:240 - Cannot read IP mode file for STMicroelectronics.FP-SNS-STBOX1.2.1.0
2025-11-05 00:45:22,394 [WARN] PackLoader:240 - Cannot read IP mode file for STMicroelectronics.FP-SNS-SMARTAG2.1.2.0
2025-11-05 00:45:22,396 [WARN] PackLoader:240 - Cannot read IP mode file for STMicroelectronics.FP-SNS-FLIGHT1.5.1.0
2025-11-05 00:45:22,400 [INFO] LogOutputStream:77 - [STDOUT_REDIRECT] 1 : Invalid condition id : UX_CORESTACK_Condition cause : null
2025-11-05 00:45:22,400 [INFO] LogOutputStream:77 - [STDOUT_REDIRECT] 1 : Invalid condition id : UX_CORESTACK_Condition cause : null
2025-11-05 00:45:22,401 [INFO] LogOutputStream:77 - [STDOUT_REDIRECT] 1 : Invalid condition id : UX_CORESTACK_Condition cause : null
2025-11-05 00:45:22,401 [INFO] LogOutputStream:77 - [STDOUT_REDIRECT] 1 : Invalid condition id : UX_CORESTACK_Condition cause : null
2025-11-05 00:45:22,401 [INFO] LogOutputStream:77 - [STDOUT_REDIRECT] 1 : Invalid condition id : UX_CORESTACK_Condition cause : null
2025-11-05 00:45:22,402 [WARN] PackLoader:240 - Cannot read IP mode file for STMicroelectronics.X-CUBE-AZRTOS-WL.2.0.0
2025-11-05 00:45:22,405 [WARN] PackLoader:240 - Cannot read IP mode file for STMicroelectronics.FP-SNS-MOTENV1.5.0.0
2025-11-05 00:45:22,408 [WARN] PackLoader:240 - Cannot read IP mode file for STMicroelectronics.X-CUBE-BLE2.3.3.0
2025-11-05 00:45:22,416 [WARN] PackLoader:240 - Cannot read IP mode file for STMicroelectronics.X-CUBE-NFC9.1.0.0
2025-11-05 00:45:22,422 [WARN] PackLoader:240 - Cannot read IP mode file for wolfSSL.I-CUBE-wolfSSL.5.8.2
2025-11-05 00:45:22,426 [WARN] PackLoader:240 - Cannot read IP mode file for STMicroelectronics.X-CUBE-BLE1.7.1.0
2025-11-05 00:45:22,428 [WARN] PackLoader:240 - Cannot read IP mode file for wolfSSL.I-CUBE-wolfMQTT.1.19.2
2025-11-05 00:45:22,432 [WARN] PackLoader:240 - Cannot read IP mode file for STMicroelectronics.X-CUBE-EEPRMA1.5.2.0
2025-11-05 00:45:22,439 [WARN] PackLoader:240 - Cannot read IP mode file for STMicroelectronics.X-CUBE-ST67W61.1.1.0
2025-11-05 00:45:22,452 [WARN] PackLoader:240 - Cannot read IP mode file for STMicroelectronics.X-CUBE-AZRTOS-G0.1.1.0
2025-11-05 00:45:22,470 [WARN] PackLoader:240 - Cannot read IP mode file for STMicroelectronics.X-CUBE-SAFEA1.1.2.2
2025-11-05 00:45:22,476 [WARN] PackLoader:240 - Cannot read IP mode file for STMicroelectronics.X-CUBE-NFC4.3.0.0
2025-11-05 00:45:22,484 [WARN] PackLoader:240 - Cannot read IP mode file for EmbeddedOffice.I-CUBE-FS-RTOS.1.0.1
2025-11-05 00:45:22,489 [WARN] PackLoader:240 - Cannot read IP mode file for STMicroelectronics.X-CUBE-WB05N.2.0.0
2025-11-05 00:45:22,492 [WARN] PackLoader:240 - Cannot read IP mode file for wolfSSL.I-CUBE-wolfTPM.3.8.0
2025-11-05 00:45:22,495 [WARN] PackLoader:240 - Cannot read IP mode file for STMicroelectronics.X-CUBE-TCPP.4.2.0
2025-11-05 00:45:22,500 [WARN] PackLoader:240 - Cannot read IP mode file for RealThread.X-CUBE-RT-Thread_Nano.4.1.1
2025-11-05 00:45:22,503 [WARN] PackLoader:240 - Cannot read IP mode file for STMicroelectronics.FP-ATR-SIGFOX1.3.2.0
2025-11-05 00:45:22,508 [WARN] PackLoader:240 - Cannot read IP mode file for ITTIA_DB.I-CUBE-ITTIADB.8.9.0
2025-11-05 00:45:22,512 [WARN] PackLoader:240 - Cannot read IP mode file for STMicroelectronics.X-CUBE-ST67W61.1.0.0
2025-11-05 00:45:22,515 [WARN] PackLoader:240 - Cannot read IP mode file for STMicroelectronics.X-CUBE-AI.10.2.0
2025-11-05 00:45:22,537 [WARN] PackLoader:240 - Cannot read IP mode file for SEGGER.I-CUBE-embOS.1.3.1
2025-11-05 00:45:22,568 [WARN] PackLoader:240 - Cannot read IP mode file for STMicroelectronics.X-CUBE-ALGOBUILD.1.4.0
2025-11-05 00:45:22,594 [WARN] PackLoader:240 - Cannot read IP mode file for STMicroelectronics.X-CUBE-MEMS1.11.3.0
2025-11-05 00:45:22,654 [WARN] PackLoader:240 - Cannot read IP mode file for STMicroelectronics.X-CUBE-PM33A1.1.0.0
2025-11-05 00:45:22,661 [WARN] PackLoader:240 - Cannot read IP mode file for STMicroelectronics.X-CUBE-AZRTOS-F4.1.1.0
2025-11-05 00:45:22,664 [WARN] PackLoader:240 - Cannot read IP mode file for Avnet-IotConnect.X-CUBE-IoTC-DA16k-PMOD.1.0.0
2025-11-05 00:45:22,665 [WARN] PackLoader:240 - Cannot read IP mode file for STMicroelectronics.X-CUBE-ISPU.2.1.0
2025-11-05 00:45:22,672 [WARN] PackLoader:240 - Cannot read IP mode file for STMicroelectronics.X-CUBE-IPS.3.2.0
2025-11-05 00:45:22,677 [WARN] PackLoader:240 - Cannot read IP mode file for STMicroelectronics.X-CUBE-NFC12.1.0.0
2025-11-05 00:45:22,690 [WARN] PackLoader:240 - Cannot read IP mode file for STMicroelectronics.X-CUBE-AZRTOS-L5.2.0.0
2025-11-05 00:45:22,694 [WARN] PackLoader:240 - Cannot read IP mode file for STMicroelectronics.X-CUBE-NFC6.3.1.0
2025-11-05 00:45:22,697 [WARN] PackLoader:240 - Cannot read IP mode file for STMicroelectronics.X-CUBE-FREERTOS.1.3.1
2025-11-05 00:45:22,699 [WARN] PackLoader:240 - Cannot read IP mode file for STMicroelectronics.X-CUBE-TOUCHGFX.4.26.0
2025-11-05 00:45:22,701 [WARN] PackLoader:240 - Cannot read IP mode file for STMicroelectronics.FP-SNS-STAIOTCFT.1.0.0
2025-11-05 00:45:22,704 [WARN] PackLoader:240 - Cannot read IP mode file for STMicroelectronics.X-CUBE-DPower.1.3.0
2025-11-05 00:45:22,711 [WARN] ConditionMgr:438 - getConditionDescription Invalid condition id : LAN8742 Phy interface Condition cause : null
2025-11-05 00:45:22,712 [WARN] PackLoader:240 - Cannot read IP mode file for STMicroelectronics.X-CUBE-AZRTOS-L4.2.0.0
2025-11-05 00:45:22,712 [WARN] ConditionMgr:1044 - genDependencies : Invalid condition id : LAN8742 Phy interface Condition cause : null
2025-11-05 00:45:22,713 [WARN] ConditionMgr:1044 - genDependencies : Invalid condition id : LAN8742 Phy interface Condition cause : null
2025-11-05 00:45:22,713 [WARN] ConditionMgr:1044 - genDependencies : Invalid condition id : LAN8742 Phy interface Condition cause : null
2025-11-05 00:45:22,717 [WARN] PackLoader:240 - Cannot read IP mode file for STMicroelectronics.X-CUBE-SFXS2LP1.4.0.0
2025-11-05 00:45:22,723 [WARN] PackLoader:240 - Cannot read IP mode file for STMicroelectronics.X-CUBE-BLEMGR.4.1.0
2025-11-05 00:45:22,729 [WARN] ConditionMgr:438 - getConditionDescription Invalid condition id : UX DEVICE CLASS RTOS Condition cause : null
2025-11-05 00:45:22,729 [WARN] ConditionMgr:438 - getConditionDescription Invalid condition id : UX DEVICE CLASS RTOS Condition cause : null
2025-11-05 00:45:22,731 [WARN] PackLoader:240 - Cannot read IP mode file for STMicroelectronics.X-CUBE-AZRTOS-WB.2.0.0
2025-11-05 00:45:22,731 [WARN] ConditionMgr:1044 - genDependencies : Invalid condition id : UX DEVICE CLASS RTOS Condition cause : null
2025-11-05 00:45:22,731 [WARN] ConditionMgr:1044 - genDependencies : Invalid condition id : UX DEVICE CLASS RTOS Condition cause : null
2025-11-05 00:45:22,731 [WARN] ConditionMgr:1044 - genDependencies : Invalid condition id : UX DEVICE CLASS RTOS Condition cause : null
2025-11-05 00:45:22,731 [WARN] ConditionMgr:1044 - genDependencies : Invalid condition id : UX DEVICE CLASS RTOS Condition cause : null
2025-11-05 00:45:22,731 [WARN] ConditionMgr:1044 - genDependencies : Invalid condition id : UX DEVICE CLASS RTOS Condition cause : null
2025-11-05 00:45:22,734 [WARN] PackLoader:240 - Cannot read IP mode file for STMicroelectronics.X-CUBE-GNSS1.7.0.1
2025-11-05 00:45:22,736 [WARN] PackLoader:240 - Cannot read IP mode file for STMicroelectronics.X-CUBE-TOUCHGFX.4.25.0
2025-11-05 00:45:22,737 [WARN] ConditionMgr:438 - getConditionDescription Invalid condition id : Cortex-A Device cause : null
2025-11-05 00:45:22,743 [WARN] ConditionMgr:1044 - genDependencies : Invalid condition id : Cortex-A Device cause : null
2025-11-05 00:45:22,743 [WARN] ConditionMgr:1044 - genDependencies : Invalid condition id : Cortex-A Device cause : null
2025-11-05 00:45:22,743 [WARN] ConditionMgr:1044 - genDependencies : Invalid condition id : Cortex-A Device cause : null
2025-11-05 00:45:22,747 [WARN] PackLoader:240 - Cannot read IP mode file for STMicroelectronics.X-CUBE-SUBG2.5.0.0
2025-11-05 00:45:22,757 [WARN] PackLoader:240 - Cannot read IP mode file for STMicroelectronics.X-CUBE-AZRTOS-H7RS.1.1.0
2025-11-05 00:45:22,760 [WARN] PackLoader:240 - Cannot read IP mode file for Cesanta.I-CUBE-Mongoose.7.13.0
2025-11-05 00:45:22,765 [WARN] PackLoader:240 - Cannot read IP mode file for STMicroelectronics.X-CUBE-AZRTOS-G4.2.0.0
2025-11-05 00:45:22,767 [WARN] PackLoader:240 - Cannot read IP mode file for wolfSSL.I-CUBE-wolfSSH.1.4.20
2025-11-05 00:45:22,768 [WARN] PackLoader:240 - Cannot read IP mode file for STMicroelectronics.X-CUBE-NFC7.2.0.0
2025-11-05 00:45:22,773 [WARN] PackLoader:240 - Cannot read IP mode file for STMicroelectronics.X-CUBE-IPS.3.1.0
2025-11-05 00:45:22,777 [WARN] PackLoader:240 - Cannot read IP mode file for STMicroelectronics.X-CUBE-ALS.1.0.2
2025-11-05 00:45:22,780 [WARN] PackLoader:240 - Cannot read IP mode file for STMicroelectronics.X-CUBE-STSE01.1.0.0
2025-11-05 00:45:22,785 [WARN] PackLoader:240 - Cannot read IP mode file for STMicroelectronics.X-CUBE-TOF1.3.4.3
2025-11-05 00:45:22,790 [INFO] ThirdParty:978 - Integrity check success = true
2025-11-05 00:45:22,790 [INFO] IntegrityCheckThread:100 - exiting critical section [integrity check]
2025-11-05 00:45:22,790 [INFO] IntegrityCheckThread:103 - End integrity checks thread
2025-11-05 00:46:02,126 [ERROR] LogOutputStream:75 - [STDERR_REDIRECT] 
2025-11-05 00:47:00,396 [INFO] Activator:176 - 


2025-11-05 00:47:00,397 [INFO] Activator:177 - !SESSION log4j initialized
2025-11-05 00:47:02,982 [INFO] LogOutputStream:77 - [STDOUT_REDIRECT] 
2025-11-05 00:47:03,423 [INFO] ApplicationProperties:184 - Using Application install path: /opt/st/stm32cubeide_1.19.0/plugins/com.st.stm32cube.common.mx_6.15.0.202507011659
2025-11-05 00:47:03,435 [INFO] DbMcusXml:78 - Set database path to: /opt/st/stm32cubeide_1.19.0/plugins/com.st.stm32cube.common.mx_6.15.0.202507011659//db//mcu/
2025-11-05 00:47:03,435 [INFO] ApiDb:274 - Set plugin database path to: /opt/st/stm32cubeide_1.19.0/plugins/com.st.stm32cube.common.mx_6.15.0.202507011659//db//plugins/boardmanager/
2025-11-05 00:47:03,435 [WARN] ApiDb:259 - Overriding images path with different value:  => /opt/st/stm32cubeide_1.19.0/plugins/com.st.stm32cube.common.mx_6.15.0.202507011659//db//plugins/mcufinder/images/
2025-11-05 00:47:03,438 [INFO] ApiDb:250 - Set database path to: /home/oleksii/.stmcufinder/plugins/mcufinder//mcu/
2025-11-05 00:47:03,438 [INFO] DbMcusAds:125 - Set database path to: /home/oleksii/.stmcufinder/plugins/mcufinder//mcu/
2025-11-05 00:47:03,440 [INFO] CrossReferenceDbSqlite:203 - Set database path to: /home/oleksii/.stmcufinder/plugins/mcufinder//mcu/cs/
2025-11-05 00:47:03,510 [INFO] RulesReader:64 - Compatibility file has been processed (317 Rules)
2025-11-05 00:47:03,543 [INFO] DbMcusXml:78 - Set database path to: /opt/st/stm32cubeide_1.19.0/plugins/com.st.stm32cube.common.mx_6.15.0.202507011659//db//mcu/
2025-11-05 00:47:03,543 [INFO] ApiDb:274 - Set plugin database path to: /opt/st/stm32cubeide_1.19.0/plugins/com.st.stm32cube.common.mx_6.15.0.202507011659//db//plugins/boardmanager/
2025-11-05 00:47:03,544 [INFO] ApiDb:261 - Set plugin images path to: /opt/st/stm32cubeide_1.19.0/plugins/com.st.stm32cube.common.mx_6.15.0.202507011659//db//plugins/mcufinder/images/
2025-11-05 00:47:03,544 [WARN] DbFile:41 - Overriding database path with different value: /home/oleksii/.stmcufinder/plugins/mcufinder/ => /home/oleksii/.stmcufinder/plugins/mcufinder
2025-11-05 00:47:03,544 [INFO] ApiDb:250 - Set database path to: /home/oleksii/.stmcufinder/plugins/mcufinder//mcu/
2025-11-05 00:47:03,544 [WARN] DbFile:41 - Overriding database path with different value: /home/oleksii/.stmcufinder/plugins/mcufinder/ => /home/oleksii/.stmcufinder/plugins/mcufinder
2025-11-05 00:47:03,544 [INFO] DbMcusAds:125 - Set database path to: /home/oleksii/.stmcufinder/plugins/mcufinder//mcu/
2025-11-05 00:47:03,544 [WARN] DbFile:41 - Overriding database path with different value: /home/oleksii/.stmcufinder/plugins/mcufinder/ => /home/oleksii/.stmcufinder/plugins/mcufinder
2025-11-05 00:47:03,544 [WARN] DbFile:41 - Overriding database path with different value: /home/oleksii/.stmcufinder/plugins/mcufinder/ => /home/oleksii/.stmcufinder/plugins/mcufinder
2025-11-05 00:47:03,544 [INFO] CrossReferenceDbSqlite:203 - Set database path to: /home/oleksii/.stmcufinder/plugins/mcufinder//mcu/cs/
2025-11-05 00:47:03,575 [INFO] MainPanel:274 - HeapMemory: 268435456
2025-11-05 00:47:03,639 [INFO] DbMcusXml:78 - Set database path to: /opt/st/stm32cubeide_1.19.0/plugins/com.st.stm32cube.common.mx_6.15.0.202507011659//db//mcu/
2025-11-05 00:47:03,639 [INFO] ApiDb:274 - Set plugin database path to: /opt/st/stm32cubeide_1.19.0/plugins/com.st.stm32cube.common.mx_6.15.0.202507011659//db//plugins/boardmanager/
2025-11-05 00:47:03,639 [INFO] ApiDb:261 - Set plugin images path to: /opt/st/stm32cubeide_1.19.0/plugins/com.st.stm32cube.common.mx_6.15.0.202507011659//db//plugins/mcufinder/images/
2025-11-05 00:47:03,639 [WARN] DbFile:41 - Overriding database path with different value: /home/oleksii/.stmcufinder/plugins/mcufinder/ => /home/oleksii/.stmcufinder/plugins/mcufinder
2025-11-05 00:47:03,639 [INFO] ApiDb:250 - Set database path to: /home/oleksii/.stmcufinder/plugins/mcufinder//mcu/
2025-11-05 00:47:03,639 [WARN] DbFile:41 - Overriding database path with different value: /home/oleksii/.stmcufinder/plugins/mcufinder/ => /home/oleksii/.stmcufinder/plugins/mcufinder
2025-11-05 00:47:03,639 [INFO] DbMcusAds:125 - Set database path to: /home/oleksii/.stmcufinder/plugins/mcufinder//mcu/
2025-11-05 00:47:03,639 [WARN] DbFile:41 - Overriding database path with different value: /home/oleksii/.stmcufinder/plugins/mcufinder/ => /home/oleksii/.stmcufinder/plugins/mcufinder
2025-11-05 00:47:03,639 [WARN] DbFile:41 - Overriding database path with different value: /home/oleksii/.stmcufinder/plugins/mcufinder/ => /home/oleksii/.stmcufinder/plugins/mcufinder
2025-11-05 00:47:03,640 [INFO] CrossReferenceDbSqlite:203 - Set database path to: /home/oleksii/.stmcufinder/plugins/mcufinder//mcu/cs/
2025-11-05 00:47:03,648 [INFO] ApplicationProperties:184 - Using Application install path: /opt/st/stm32cubeide_1.19.0/plugins/com.st.stm32cube.common.mx_6.15.0.202507011659
2025-11-05 00:47:03,649 [INFO] PluginManage:196 - Search for loadable plugins [exclusion list=, ]
2025-11-05 00:47:03,649 [INFO] PluginManage:310 - Check plugin analytics
2025-11-05 00:47:03,731 [INFO] AnalyticsPlugin:253 - Accepted Software Licenses: 
2025-11-05 00:47:03,731 [INFO] AnalyticsPlugin:255 - Accepted CMSIS Pack Licenses: 
2025-11-05 00:47:03,731 [INFO] AnalyticsPlugin:257 - Accepted Firmware Licenses: FW.F4.1.28.0
2025-11-05 00:47:03,732 [INFO] PluginManage:359 - Loaded plugin analytics (category:tool,tabindex:-1)
2025-11-05 00:47:03,733 [INFO] PluginManage:310 - Check plugin cadmodel
2025-11-05 00:47:03,734 [INFO] CADModel:105 - Init CAD model plugin
2025-11-05 00:47:03,734 [INFO] PluginManage:359 - Loaded plugin cadmodel (category:power,tabindex:5)
2025-11-05 00:47:03,734 [INFO] PluginManage:310 - Check plugin clock
2025-11-05 00:47:03,738 [INFO] PluginManage:359 - Loaded plugin clock (category:base,tabindex:2)
2025-11-05 00:47:03,738 [INFO] PluginManage:310 - Check plugin ddr
2025-11-05 00:47:03,739 [INFO] PluginManage:359 - Loaded plugin ddr (category:tool,tabindex:6)
2025-11-05 00:47:03,739 [INFO] PluginManage:310 - Check plugin filemanager
2025-11-05 00:47:03,812 [INFO] PluginManage:359 - Loaded plugin filemanager (category:base,tabindex:10)
2025-11-05 00:47:03,812 [INFO] PluginManage:310 - Check plugin ipmanager
2025-11-05 00:47:03,815 [INFO] PluginManage:359 - Loaded plugin ipmanager (category:base,tabindex:5)
2025-11-05 00:47:03,815 [INFO] PluginManage:310 - Check plugin lpbam
2025-11-05 00:47:03,819 [INFO] PluginManage:359 - Loaded plugin lpbam (category:base,tabindex:0)
2025-11-05 00:47:03,819 [INFO] PluginManage:310 - Check plugin memorymap
2025-11-05 00:47:03,824 [INFO] PluginManage:359 - Loaded plugin memorymap (category:base,tabindex:4)
2025-11-05 00:47:03,824 [INFO] PluginManage:310 - Check plugin pinoutandconfiguration
2025-11-05 00:47:03,828 [INFO] PluginManage:359 - Loaded plugin pinoutandconfiguration (category:base,tabindex:1)
2025-11-05 00:47:03,828 [INFO] PluginManage:310 - Check plugin pinoutconfig
2025-11-05 00:47:03,878 [WARN] SupportedApi:132 - Cannot load RTOS API schema: s4s-elt-must-match.1: The content of 'definitions' must match (annotation?, (simpleType | complexType)?, (unique | key | keyref)*)). A problem was found starting at: attribute.
2025-11-05 00:47:03,963 [INFO] PluginManage:359 - Loaded plugin pinoutconfig (category:base,tabindex:0)
2025-11-05 00:47:03,963 [INFO] PluginManage:310 - Check plugin power
2025-11-05 00:47:03,967 [INFO] PluginManage:359 - Loaded plugin power (category:power,tabindex:4)
2025-11-05 00:47:03,967 [INFO] PluginManage:310 - Check plugin projectmanager
2025-11-05 00:47:03,976 [INFO] PluginManage:359 - Loaded plugin projectmanager (category:projectmanager,tabindex:4)
2025-11-05 00:47:03,977 [INFO] PluginManage:310 - Check plugin rif
2025-11-05 00:47:03,981 [INFO] PluginManage:359 - Loaded plugin rif (category:base,tabindex:3)
2025-11-05 00:47:03,981 [INFO] PluginManage:310 - Check plugin thirdparty
2025-11-05 00:47:04,044 [INFO] PluginManage:359 - Loaded plugin thirdparty (category:base,tabindex:-1)
2025-11-05 00:47:04,044 [WARN] IntegrityCheckThread:84 - waiting for thirdparty lock release [integrity check]
2025-11-05 00:47:04,044 [INFO] PluginManage:310 - Check plugin tools
2025-11-05 00:47:04,044 [INFO] IntegrityCheckThread:86 - entering critical section [integrity check]
2025-11-05 00:47:04,044 [INFO] ThirdPartyUpdaterWithRetryManager:70 - Updater plugin not ready yet. [1/15]
2025-11-05 00:47:04,045 [INFO] PluginManage:359 - Loaded plugin tools (category:base,tabindex:7)
2025-11-05 00:47:04,046 [INFO] PluginManage:310 - Check plugin tutovideos
2025-11-05 00:47:04,150 [INFO] PluginManage:359 - Loaded plugin tutovideos (category:base,tabindex:-1)
2025-11-05 00:47:04,150 [INFO] PluginManage:310 - Check plugin updater
2025-11-05 00:47:04,161 [INFO] PluginManage:359 - Loaded plugin updater (category:base,tabindex:12)
2025-11-05 00:47:04,161 [INFO] PluginManage:310 - Check plugin userauth
2025-11-05 00:47:04,163 [INFO] UserAuth:118 - Init User Auth plugin
2025-11-05 00:47:04,164 [INFO] PluginManage:359 - Loaded plugin userauth (category:base,tabindex:14)
2025-11-05 00:47:04,164 [INFO] PluginManage:283 - PluginManage : Loaded plugins [18]
2025-11-05 00:47:04,263 [INFO] PinOutPanel:1589 - setPackage(No Configuration,No Configuration)
2025-11-05 00:47:04,299 [INFO] CADModel:165 - CPN selected for project level
2025-11-05 00:47:04,299 [INFO] CADModel:114 - Register for checkConnection events
2025-11-05 00:47:04,304 [INFO] IPUIPlugin:80 - create IPUIPlugin
2025-11-05 00:47:04,304 [INFO] PluginManager:220 - loadIPPluginJar : add radio
2025-11-05 00:47:04,306 [INFO] IPUIPlugin:80 - create IPUIPlugin
2025-11-05 00:47:04,306 [INFO] PluginManager:220 - loadIPPluginJar : add spi
2025-11-05 00:47:04,307 [INFO] IPUIPlugin:80 - create IPUIPlugin
2025-11-05 00:47:04,307 [INFO] PluginManager:220 - loadIPPluginJar : add tsc
2025-11-05 00:47:04,309 [INFO] IPUIPlugin:80 - create IPUIPlugin
2025-11-05 00:47:04,309 [INFO] PluginManager:220 - loadIPPluginJar : add fmc
2025-11-05 00:47:04,310 [INFO] IPUIPlugin:80 - create IPUIPlugin
2025-11-05 00:47:04,310 [INFO] PluginManager:220 - loadIPPluginJar : add hash
2025-11-05 00:47:04,312 [INFO] IPUIPlugin:80 - create IPUIPlugin
2025-11-05 00:47:04,312 [INFO] PluginManager:220 - loadIPPluginJar : add extmemmanager
2025-11-05 00:47:04,312 [INFO] IPUIPlugin:80 - create IPUIPlugin
2025-11-05 00:47:04,313 [INFO] PluginManager:220 - loadIPPluginJar : add tim
2025-11-05 00:47:04,313 [INFO] IPUIPlugin:80 - create IPUIPlugin
2025-11-05 00:47:04,313 [INFO] PluginManager:220 - loadIPPluginJar : add ltdc
2025-11-05 00:47:04,314 [INFO] IPUIPlugin:80 - create IPUIPlugin
2025-11-05 00:47:04,314 [INFO] PluginManager:220 - loadIPPluginJar : add quadspi
2025-11-05 00:47:04,316 [INFO] IPUIPlugin:80 - create IPUIPlugin
2025-11-05 00:47:04,316 [INFO] PluginManager:220 - loadIPPluginJar : add gic
2025-11-05 00:47:04,317 [INFO] IPUIPlugin:80 - create IPUIPlugin
2025-11-05 00:47:04,317 [INFO] PluginManager:220 - loadIPPluginJar : add comp
2025-11-05 00:47:04,317 [INFO] IPUIPlugin:80 - create IPUIPlugin
2025-11-05 00:47:04,318 [INFO] PluginManager:220 - loadIPPluginJar : add fatfs
2025-11-05 00:47:04,321 [INFO] IPUIPlugin:80 - create IPUIPlugin
2025-11-05 00:47:04,321 [INFO] PluginManager:220 - loadIPPluginJar : add linkedlist
2025-11-05 00:47:04,322 [INFO] IPUIPlugin:80 - create IPUIPlugin
2025-11-05 00:47:04,322 [INFO] PluginManager:220 - loadIPPluginJar : add ucpd
2025-11-05 00:47:04,323 [INFO] IPUIPlugin:80 - create IPUIPlugin
2025-11-05 00:47:04,323 [INFO] PluginManager:220 - loadIPPluginJar : add ddr_ctrl_phy
2025-11-05 00:47:04,324 [INFO] IPUIPlugin:80 - create IPUIPlugin
2025-11-05 00:47:04,324 [INFO] PluginManager:220 - loadIPPluginJar : add gfxmmu
2025-11-05 00:47:04,325 [INFO] IPUIPlugin:80 - create IPUIPlugin
2025-11-05 00:47:04,325 [INFO] PluginManager:220 - loadIPPluginJar : add usart
2025-11-05 00:47:04,327 [INFO] IPUIPlugin:80 - create IPUIPlugin
2025-11-05 00:47:04,328 [INFO] PluginManager:220 - loadIPPluginJar : add dma
2025-11-05 00:47:04,329 [INFO] IPUIPlugin:80 - create IPUIPlugin
2025-11-05 00:47:04,329 [INFO] PluginManager:220 - loadIPPluginJar : add aes
2025-11-05 00:47:04,331 [INFO] IPUIPlugin:80 - create IPUIPlugin
2025-11-05 00:47:04,333 [INFO] PluginManager:220 - loadIPPluginJar : add plateformsettings
2025-11-05 00:47:04,333 [INFO] IPUIPlugin:80 - create IPUIPlugin
2025-11-05 00:47:04,333 [INFO] PluginManager:220 - loadIPPluginJar : add genericplugin
2025-11-05 00:47:04,335 [INFO] IPUIPlugin:80 - create IPUIPlugin
2025-11-05 00:47:04,335 [INFO] PluginManager:220 - loadIPPluginJar : add pdm2pcm
2025-11-05 00:47:04,336 [INFO] IPUIPlugin:80 - create IPUIPlugin
2025-11-05 00:47:04,336 [INFO] PluginManager:220 - loadIPPluginJar : add ipddr
2025-11-05 00:47:04,337 [INFO] IPUIPlugin:80 - create IPUIPlugin
2025-11-05 00:47:04,338 [INFO] PluginManager:220 - loadIPPluginJar : add opamp
2025-11-05 00:47:04,339 [INFO] IPUIPlugin:80 - create IPUIPlugin
2025-11-05 00:47:04,339 [INFO] PluginManager:220 - loadIPPluginJar : add dma3
2025-11-05 00:47:04,340 [INFO] IPUIPlugin:80 - create IPUIPlugin
2025-11-05 00:47:04,340 [INFO] PluginManager:220 - loadIPPluginJar : add dfsdm
2025-11-05 00:47:04,341 [INFO] IPUIPlugin:80 - create IPUIPlugin
2025-11-05 00:47:04,341 [INFO] PluginManager:220 - loadIPPluginJar : add ts
2025-11-05 00:47:04,342 [INFO] IPUIPlugin:80 - create IPUIPlugin
2025-11-05 00:47:04,342 [INFO] PluginManager:220 - loadIPPluginJar : add nvic
2025-11-05 00:47:04,343 [INFO] IPUIPlugin:80 - create IPUIPlugin
2025-11-05 00:47:04,343 [INFO] PluginManager:220 - loadIPPluginJar : add cryp
2025-11-05 00:47:04,346 [INFO] IPUIPlugin:80 - create IPUIPlugin
2025-11-05 00:47:04,346 [INFO] PluginManager:220 - loadIPPluginJar : add freertos
2025-11-05 00:47:04,347 [INFO] IPUIPlugin:80 - create IPUIPlugin
2025-11-05 00:47:04,347 [INFO] PluginManager:220 - loadIPPluginJar : add resmgrutility
2025-11-05 00:47:04,348 [INFO] IPUIPlugin:80 - create IPUIPlugin
2025-11-05 00:47:04,348 [INFO] PluginManager:220 - loadIPPluginJar : add gtzc
2025-11-05 00:47:04,349 [INFO] IPUIPlugin:80 - create IPUIPlugin
2025-11-05 00:47:04,349 [INFO] PluginManager:220 - loadIPPluginJar : add tracer_emb
2025-11-05 00:47:04,352 [INFO] IPUIPlugin:80 - create IPUIPlugin
2025-11-05 00:47:04,352 [INFO] PluginManager:220 - loadIPPluginJar : add stm32_wpan
2025-11-05 00:47:04,354 [INFO] IPUIPlugin:80 - create IPUIPlugin
2025-11-05 00:47:04,354 [INFO] PluginManager:220 - loadIPPluginJar : add gpio
2025-11-05 00:47:04,355 [INFO] IPUIPlugin:80 - create IPUIPlugin
2025-11-05 00:47:04,355 [INFO] PluginManager:220 - loadIPPluginJar : add sai
2025-11-05 00:47:04,356 [INFO] IPUIPlugin:80 - create IPUIPlugin
2025-11-05 00:47:04,356 [INFO] PluginManager:220 - loadIPPluginJar : add usbx
2025-11-05 00:47:04,358 [INFO] IPUIPlugin:80 - create IPUIPlugin
2025-11-05 00:47:04,358 [INFO] PluginManager:220 - loadIPPluginJar : add touchsensing
2025-11-05 00:47:04,359 [INFO] IPUIPlugin:80 - create IPUIPlugin
2025-11-05 00:47:04,359 [INFO] PluginManager:220 - loadIPPluginJar : add openamp
2025-11-05 00:47:04,361 [INFO] IPUIPlugin:80 - create IPUIPlugin
2025-11-05 00:47:04,361 [INFO] PluginManager:220 - loadIPPluginJar : add i3c
2025-11-05 00:47:04,362 [INFO] IPUIPlugin:80 - create IPUIPlugin
2025-11-05 00:47:04,362 [INFO] PluginManager:220 - loadIPPluginJar : add i2s
2025-11-05 00:47:04,363 [INFO] IPUIPlugin:80 - create IPUIPlugin
2025-11-05 00:47:04,363 [INFO] PluginManager:220 - loadIPPluginJar : add can
2025-11-05 00:47:04,364 [INFO] IPUIPlugin:80 - create IPUIPlugin
2025-11-05 00:47:04,364 [INFO] PluginManager:220 - loadIPPluginJar : add lorawan
2025-11-05 00:47:04,367 [INFO] IPUIPlugin:80 - create IPUIPlugin
2025-11-05 00:47:04,367 [INFO] PluginManager:220 - loadIPPluginJar : add adc
2025-11-05 00:47:04,368 [INFO] IPUIPlugin:80 - create IPUIPlugin
2025-11-05 00:47:04,368 [INFO] PluginManager:220 - loadIPPluginJar : add i2c
2025-11-05 00:47:04,371 [INFO] IPUIPlugin:80 - create IPUIPlugin
2025-11-05 00:47:04,371 [INFO] PluginManager:220 - loadIPPluginJar : add mdma
2025-11-05 00:47:04,461 [FATAL] Updater:351 - Updater called before beeing initialized
2025-11-05 00:47:04,476 [INFO] RulesReader:64 - Compatibility file has been processed (317 Rules)
2025-11-05 00:47:04,483 [INFO] RulesReader:64 - Compatibility file has been processed (317 Rules)
2025-11-05 00:47:04,487 [INFO] CADModel:165 - CPN selected for project level
2025-11-05 00:47:04,487 [INFO] CADModel:114 - Register for checkConnection events
2025-11-05 00:47:04,487 [FATAL] Updater:351 - Updater called before beeing initialized
2025-11-05 00:47:04,487 [ERROR] CADModel:125 - Updater not yet initialized, retry later 
2025-11-05 00:47:04,551 [FATAL] Updater:351 - Updater called before beeing initialized
2025-11-05 00:47:04,551 [INFO] CADModel:165 - CPN selected for project level
2025-11-05 00:47:04,551 [INFO] CADModel:114 - Register for checkConnection events
2025-11-05 00:47:04,551 [FATAL] Updater:351 - Updater called before beeing initialized
2025-11-05 00:47:04,552 [ERROR] CADModel:125 - Updater not yet initialized, retry later 
2025-11-05 00:47:04,553 [FATAL] Updater:351 - Updater called before beeing initialized
2025-11-05 00:47:04,602 [FATAL] Updater:351 - Updater called before beeing initialized
2025-11-05 00:47:04,604 [INFO] DbMcusAds:53 - JSON generation date=Thu Oct 02 12:36:05 EEST 2025 (1759397765645)
2025-11-05 00:47:04,604 [FATAL] Updater:351 - Updater called before beeing initialized
2025-11-05 00:47:04,624 [WARN] DetailPanel:346 - Failed to get advertising image, set to default
2025-11-05 00:47:04,669 [FATAL] Updater:351 - Updater called before beeing initialized
2025-11-05 00:47:04,670 [FATAL] Updater:351 - Updater called before beeing initialized
2025-11-05 00:47:04,670 [FATAL] Updater:351 - Updater called before beeing initialized
2025-11-05 00:47:04,670 [WARN] DetailPanel:346 - Failed to get advertising image, set to default
2025-11-05 00:47:04,670 [FATAL] Updater:351 - Updater called before beeing initialized
2025-11-05 00:47:04,688 [ERROR] Updater:1198 - MainUpdater not yet initialized. External WinMGr cannot be set.
2025-11-05 00:47:04,689 [INFO] Updater:1134 - Updater Version found : 6.15.0
2025-11-05 00:47:04,698 [INFO] ApplicationProperties:184 - Using Application install path: /opt/st/stm32cubeide_1.19.0/plugins/com.st.stm32cube.common.mx_6.15.0.202507011659
2025-11-05 00:47:05,007 [INFO] MainUpdater:2872 - connection check result : 10
2025-11-05 00:47:05,009 [INFO] MainUpdater:289 - Updater Check For Update Now.
2025-11-05 00:47:05,009 [INFO] MicroXplorer:498 - Change Database Version : DB.6.0.150
2025-11-05 00:47:05,014 [INFO] McuFinderGlobals:63 - Set McuFinder mode to 2 (CubeIDE integrated)
2025-11-05 00:47:05,014 [INFO] UserAuth:487 - Internet connection configuration mode: 1
2025-11-05 00:47:05,030 [INFO] JxBrowserEngine:152 - Initiate JxBrowser Engine with user profile folder
2025-11-05 00:47:05,168 [INFO] CheckServerUpdateThread:120 - End of CheckServer Thread
2025-11-05 00:47:05,412 [INFO] WebApp:169 - Instantiating new browser for Auth
2025-11-05 00:47:05,770 [INFO] WebApp:463 - Apply proxy settings
2025-11-05 00:47:05,771 [INFO] WebApp:548 - Chromium requires no authentication
2025-11-05 00:47:05,774 [INFO] WebApp:491 - Direct internet connection detected
2025-11-05 00:47:05,783 [INFO] WebApp:900 - Register for checkConnection events
2025-11-05 00:47:05,783 [INFO] WebApp:463 - Apply proxy settings
2025-11-05 00:47:05,783 [INFO] WebApp:548 - Chromium requires no authentication
2025-11-05 00:47:05,783 [INFO] WebApp:491 - Direct internet connection detected
2025-11-05 00:47:05,854 [INFO] WebApp:225 - Starting web application
2025-11-05 00:47:05,855 [INFO] WebApp:593 - Web application path used /opt/st/stm32cubeide_1.19.0/plugins/com.st.stm32cube.common.mx_6.15.0.202507011659/db/plugins/mcufinder/reactClient1/index.html
2025-11-05 00:47:05,904 [INFO] UserAuth:487 - Internet connection configuration mode: 1
2025-11-05 00:47:06,033 [INFO] WebApp:191 - Connection restablished
2025-11-05 00:47:07,148 [WARN] PackLoader:240 - Cannot read IP mode file for STMicroelectronics.FP-SNS-MOTENVWB1.1.4.0
2025-11-05 00:47:07,154 [WARN] PackLoader:240 - Cannot read IP mode file for STMicroelectronics.FP-ATR-ASTRA1.2.0.2
2025-11-05 00:47:07,159 [WARN] PackLoader:240 - Cannot read IP mode file for STMicroelectronics.X-CUBE-SMBUS.2.1.0
2025-11-05 00:47:07,161 [WARN] PackLoader:240 - Cannot read IP mode file for STMicroelectronics.X-CUBE-ST60.1.0.0
2025-11-05 00:47:07,182 [WARN] PackLoader:240 - Cannot read IP mode file for STMicroelectronics.X-CUBE-AZRTOS-F7.1.1.0
2025-11-05 00:47:07,190 [WARN] PackLoader:240 - Cannot read IP mode file for STMicroelectronics.FP-SNS-MOTENV1.5.1.0
2025-11-05 00:47:07,198 [WARN] PackLoader:240 - Cannot read IP mode file for WES.I-CUBE-Cesium.1.4.0
2025-11-05 00:47:07,218 [WARN] PackLoader:240 - Cannot read IP mode file for Infineon.AIROC-Wi-Fi-Bluetooth-STM32.1.7.1
2025-11-05 00:47:07,234 [WARN] PackLoader:240 - Cannot read IP mode file for STMicroelectronics.X-CUBE-AZRTOS-H7.3.4.0
2025-11-05 00:47:07,240 [WARN] PackLoader:240 - Cannot read IP mode file for STMicroelectronics.X-CUBE-DISPLAY.3.0.0
2025-11-05 00:47:07,255 [WARN] PackLoader:240 - Cannot read IP mode file for STMicroelectronics.X-CUBE-NFC10.1.0.0
2025-11-05 00:47:07,260 [WARN] PackLoader:240 - Cannot read IP mode file for STMicroelectronics.X-CUBE-ST60.1.1.0
2025-11-05 00:47:07,264 [WARN] PackLoader:240 - Cannot read IP mode file for emotas.I-CUBE-CANOPEN.1.3.0
2025-11-05 00:47:07,266 [WARN] PackLoader:240 - Cannot read IP mode file for STMicroelectronics.X-CUBE-GNSS1.7.1.0
2025-11-05 00:47:07,270 [WARN] PackLoader:240 - Cannot read IP mode file for STMicroelectronics.FP-SNS-STBOX1.2.1.0
2025-11-05 00:47:07,273 [WARN] PackLoader:240 - Cannot read IP mode file for STMicroelectronics.FP-SNS-SMARTAG2.1.2.0
2025-11-05 00:47:07,275 [WARN] PackLoader:240 - Cannot read IP mode file for STMicroelectronics.FP-SNS-FLIGHT1.5.1.0
2025-11-05 00:47:07,280 [INFO] LogOutputStream:77 - [STDOUT_REDIRECT] 1 : Invalid condition id : UX_CORESTACK_Condition cause : null
2025-11-05 00:47:07,281 [INFO] LogOutputStream:77 - [STDOUT_REDIRECT] 1 : Invalid condition id : UX_CORESTACK_Condition cause : null
2025-11-05 00:47:07,281 [INFO] LogOutputStream:77 - [STDOUT_REDIRECT] 1 : Invalid condition id : UX_CORESTACK_Condition cause : null
2025-11-05 00:47:07,281 [INFO] LogOutputStream:77 - [STDOUT_REDIRECT] 1 : Invalid condition id : UX_CORESTACK_Condition cause : null
2025-11-05 00:47:07,281 [INFO] LogOutputStream:77 - [STDOUT_REDIRECT] 1 : Invalid condition id : UX_CORESTACK_Condition cause : null
2025-11-05 00:47:07,283 [WARN] PackLoader:240 - Cannot read IP mode file for STMicroelectronics.X-CUBE-AZRTOS-WL.2.0.0
2025-11-05 00:47:07,285 [WARN] PackLoader:240 - Cannot read IP mode file for STMicroelectronics.FP-SNS-MOTENV1.5.0.0
2025-11-05 00:47:07,288 [WARN] PackLoader:240 - Cannot read IP mode file for STMicroelectronics.X-CUBE-BLE2.3.3.0
2025-11-05 00:47:07,291 [WARN] PackLoader:240 - Cannot read IP mode file for STMicroelectronics.X-CUBE-NFC9.1.0.0
2025-11-05 00:47:07,294 [WARN] PackLoader:240 - Cannot read IP mode file for wolfSSL.I-CUBE-wolfSSL.5.8.2
2025-11-05 00:47:07,296 [WARN] PackLoader:240 - Cannot read IP mode file for STMicroelectronics.X-CUBE-BLE1.7.1.0
2025-11-05 00:47:07,298 [WARN] PackLoader:240 - Cannot read IP mode file for wolfSSL.I-CUBE-wolfMQTT.1.19.2
2025-11-05 00:47:07,301 [WARN] PackLoader:240 - Cannot read IP mode file for STMicroelectronics.X-CUBE-EEPRMA1.5.2.0
2025-11-05 00:47:07,307 [WARN] PackLoader:240 - Cannot read IP mode file for STMicroelectronics.X-CUBE-ST67W61.1.1.0
2025-11-05 00:47:07,316 [WARN] PackLoader:240 - Cannot read IP mode file for STMicroelectronics.X-CUBE-AZRTOS-G0.1.1.0
2025-11-05 00:47:07,320 [WARN] PackLoader:240 - Cannot read IP mode file for STMicroelectronics.X-CUBE-SAFEA1.1.2.2
2025-11-05 00:47:07,323 [WARN] PackLoader:240 - Cannot read IP mode file for STMicroelectronics.X-CUBE-NFC4.3.0.0
2025-11-05 00:47:07,327 [WARN] PackLoader:240 - Cannot read IP mode file for EmbeddedOffice.I-CUBE-FS-RTOS.1.0.1
2025-11-05 00:47:07,329 [WARN] PackLoader:240 - Cannot read IP mode file for STMicroelectronics.X-CUBE-WB05N.2.0.0
2025-11-05 00:47:07,331 [WARN] PackLoader:240 - Cannot read IP mode file for wolfSSL.I-CUBE-wolfTPM.3.8.0
2025-11-05 00:47:07,334 [WARN] PackLoader:240 - Cannot read IP mode file for STMicroelectronics.X-CUBE-TCPP.4.2.0
2025-11-05 00:47:07,337 [WARN] PackLoader:240 - Cannot read IP mode file for RealThread.X-CUBE-RT-Thread_Nano.4.1.1
2025-11-05 00:47:07,338 [WARN] PackLoader:240 - Cannot read IP mode file for STMicroelectronics.FP-ATR-SIGFOX1.3.2.0
2025-11-05 00:47:07,341 [WARN] PackLoader:240 - Cannot read IP mode file for ITTIA_DB.I-CUBE-ITTIADB.8.9.0
2025-11-05 00:47:07,343 [WARN] PackLoader:240 - Cannot read IP mode file for STMicroelectronics.X-CUBE-ST67W61.1.0.0
2025-11-05 00:47:07,345 [WARN] PackLoader:240 - Cannot read IP mode file for STMicroelectronics.X-CUBE-AI.10.2.0
2025-11-05 00:47:07,359 [WARN] PackLoader:240 - Cannot read IP mode file for SEGGER.I-CUBE-embOS.1.3.1
2025-11-05 00:47:07,382 [WARN] PackLoader:240 - Cannot read IP mode file for STMicroelectronics.X-CUBE-ALGOBUILD.1.4.0
2025-11-05 00:47:07,418 [WARN] PackLoader:240 - Cannot read IP mode file for STMicroelectronics.X-CUBE-MEMS1.11.3.0
2025-11-05 00:47:07,520 [WARN] PackLoader:240 - Cannot read IP mode file for STMicroelectronics.X-CUBE-PM33A1.1.0.0
2025-11-05 00:47:07,531 [WARN] PackLoader:240 - Cannot read IP mode file for STMicroelectronics.X-CUBE-AZRTOS-F4.1.1.0
2025-11-05 00:47:07,536 [WARN] PackLoader:240 - Cannot read IP mode file for Avnet-IotConnect.X-CUBE-IoTC-DA16k-PMOD.1.0.0
2025-11-05 00:47:07,538 [WARN] PackLoader:240 - Cannot read IP mode file for STMicroelectronics.X-CUBE-ISPU.2.1.0
2025-11-05 00:47:07,548 [WARN] PackLoader:240 - Cannot read IP mode file for STMicroelectronics.X-CUBE-IPS.3.2.0
2025-11-05 00:47:07,559 [WARN] PackLoader:240 - Cannot read IP mode file for STMicroelectronics.X-CUBE-NFC12.1.0.0
2025-11-05 00:47:07,573 [WARN] PackLoader:240 - Cannot read IP mode file for STMicroelectronics.X-CUBE-AZRTOS-L5.2.0.0
2025-11-05 00:47:07,580 [WARN] PackLoader:240 - Cannot read IP mode file for STMicroelectronics.X-CUBE-NFC6.3.1.0
2025-11-05 00:47:07,586 [WARN] PackLoader:240 - Cannot read IP mode file for STMicroelectronics.X-CUBE-FREERTOS.1.3.1
2025-11-05 00:47:07,588 [WARN] PackLoader:240 - Cannot read IP mode file for STMicroelectronics.X-CUBE-TOUCHGFX.4.26.0
2025-11-05 00:47:07,591 [WARN] PackLoader:240 - Cannot read IP mode file for STMicroelectronics.FP-SNS-STAIOTCFT.1.0.0
2025-11-05 00:47:07,595 [WARN] PackLoader:240 - Cannot read IP mode file for STMicroelectronics.X-CUBE-DPower.1.3.0
2025-11-05 00:47:07,614 [WARN] ConditionMgr:438 - getConditionDescription Invalid condition id : LAN8742 Phy interface Condition cause : null
2025-11-05 00:47:07,615 [WARN] PackLoader:240 - Cannot read IP mode file for STMicroelectronics.X-CUBE-AZRTOS-L4.2.0.0
2025-11-05 00:47:07,616 [WARN] ConditionMgr:1044 - genDependencies : Invalid condition id : LAN8742 Phy interface Condition cause : null
2025-11-05 00:47:07,616 [WARN] ConditionMgr:1044 - genDependencies : Invalid condition id : LAN8742 Phy interface Condition cause : null
2025-11-05 00:47:07,617 [WARN] ConditionMgr:1044 - genDependencies : Invalid condition id : LAN8742 Phy interface Condition cause : null
2025-11-05 00:47:07,622 [WARN] PackLoader:240 - Cannot read IP mode file for STMicroelectronics.X-CUBE-SFXS2LP1.4.0.0
2025-11-05 00:47:07,630 [WARN] PackLoader:240 - Cannot read IP mode file for STMicroelectronics.X-CUBE-BLEMGR.4.1.0
2025-11-05 00:47:07,641 [WARN] ConditionMgr:438 - getConditionDescription Invalid condition id : UX DEVICE CLASS RTOS Condition cause : null
2025-11-05 00:47:07,641 [WARN] ConditionMgr:438 - getConditionDescription Invalid condition id : UX DEVICE CLASS RTOS Condition cause : null
2025-11-05 00:47:07,642 [WARN] PackLoader:240 - Cannot read IP mode file for STMicroelectronics.X-CUBE-AZRTOS-WB.2.0.0
2025-11-05 00:47:07,643 [WARN] ConditionMgr:1044 - genDependencies : Invalid condition id : UX DEVICE CLASS RTOS Condition cause : null
2025-11-05 00:47:07,643 [WARN] ConditionMgr:1044 - genDependencies : Invalid condition id : UX DEVICE CLASS RTOS Condition cause : null
2025-11-05 00:47:07,643 [WARN] ConditionMgr:1044 - genDependencies : Invalid condition id : UX DEVICE CLASS RTOS Condition cause : null
2025-11-05 00:47:07,644 [WARN] ConditionMgr:1044 - genDependencies : Invalid condition id : UX DEVICE CLASS RTOS Condition cause : null
2025-11-05 00:47:07,644 [WARN] ConditionMgr:1044 - genDependencies : Invalid condition id : UX DEVICE CLASS RTOS Condition cause : null
2025-11-05 00:47:07,646 [WARN] PackLoader:240 - Cannot read IP mode file for STMicroelectronics.X-CUBE-GNSS1.7.0.1
2025-11-05 00:47:07,647 [WARN] PackLoader:240 - Cannot read IP mode file for STMicroelectronics.X-CUBE-TOUCHGFX.4.25.0
2025-11-05 00:47:07,649 [WARN] ConditionMgr:438 - getConditionDescription Invalid condition id : Cortex-A Device cause : null
2025-11-05 00:47:07,655 [WARN] ConditionMgr:1044 - genDependencies : Invalid condition id : Cortex-A Device cause : null
2025-11-05 00:47:07,655 [WARN] ConditionMgr:1044 - genDependencies : Invalid condition id : Cortex-A Device cause : null
2025-11-05 00:47:07,655 [WARN] ConditionMgr:1044 - genDependencies : Invalid condition id : Cortex-A Device cause : null
2025-11-05 00:47:07,659 [WARN] PackLoader:240 - Cannot read IP mode file for STMicroelectronics.X-CUBE-SUBG2.5.0.0
2025-11-05 00:47:07,668 [WARN] PackLoader:240 - Cannot read IP mode file for STMicroelectronics.X-CUBE-AZRTOS-H7RS.1.1.0
2025-11-05 00:47:07,671 [WARN] PackLoader:240 - Cannot read IP mode file for Cesanta.I-CUBE-Mongoose.7.13.0
2025-11-05 00:47:07,679 [WARN] PackLoader:240 - Cannot read IP mode file for STMicroelectronics.X-CUBE-AZRTOS-G4.2.0.0
2025-11-05 00:47:07,680 [WARN] PackLoader:240 - Cannot read IP mode file for wolfSSL.I-CUBE-wolfSSH.1.4.20
2025-11-05 00:47:07,681 [WARN] PackLoader:240 - Cannot read IP mode file for STMicroelectronics.X-CUBE-NFC7.2.0.0
2025-11-05 00:47:07,687 [WARN] PackLoader:240 - Cannot read IP mode file for STMicroelectronics.X-CUBE-IPS.3.1.0
2025-11-05 00:47:07,693 [WARN] PackLoader:240 - Cannot read IP mode file for STMicroelectronics.X-CUBE-ALS.1.0.2
2025-11-05 00:47:07,697 [WARN] PackLoader:240 - Cannot read IP mode file for STMicroelectronics.X-CUBE-STSE01.1.0.0
2025-11-05 00:47:07,702 [WARN] PackLoader:240 - Cannot read IP mode file for STMicroelectronics.X-CUBE-TOF1.3.4.3
2025-11-05 00:47:07,707 [INFO] ThirdParty:978 - Integrity check success = true
2025-11-05 00:47:07,707 [INFO] IntegrityCheckThread:100 - exiting critical section [integrity check]
2025-11-05 00:47:07,707 [INFO] IntegrityCheckThread:103 - End integrity checks thread
2025-11-05 00:51:05,582 [ERROR] LogOutputStream:75 - [STDERR_REDIRECT] 
2025-11-05 00:54:14,131 [INFO] Activator:176 - 


2025-11-05 00:54:14,132 [INFO] Activator:177 - !SESSION log4j initialized
2025-11-05 00:54:16,670 [INFO] LogOutputStream:77 - [STDOUT_REDIRECT] 
2025-11-05 00:54:22,166 [INFO] ApplicationProperties:184 - Using Application install path: /opt/st/stm32cubeide_1.19.0/plugins/com.st.stm32cube.common.mx_6.15.0.202507011659
2025-11-05 00:54:22,175 [INFO] DbMcusXml:78 - Set database path to: /opt/st/stm32cubeide_1.19.0/plugins/com.st.stm32cube.common.mx_6.15.0.202507011659//db//mcu/
2025-11-05 00:54:22,175 [INFO] ApiDb:274 - Set plugin database path to: /opt/st/stm32cubeide_1.19.0/plugins/com.st.stm32cube.common.mx_6.15.0.202507011659//db//plugins/boardmanager/
2025-11-05 00:54:22,175 [WARN] ApiDb:259 - Overriding images path with different value:  => /opt/st/stm32cubeide_1.19.0/plugins/com.st.stm32cube.common.mx_6.15.0.202507011659//db//plugins/mcufinder/images/
2025-11-05 00:54:22,177 [INFO] ApiDb:250 - Set database path to: /home/oleksii/.stmcufinder/plugins/mcufinder//mcu/
2025-11-05 00:54:22,177 [INFO] DbMcusAds:125 - Set database path to: /home/oleksii/.stmcufinder/plugins/mcufinder//mcu/
2025-11-05 00:54:22,178 [INFO] CrossReferenceDbSqlite:203 - Set database path to: /home/oleksii/.stmcufinder/plugins/mcufinder//mcu/cs/
2025-11-05 00:54:22,254 [INFO] RulesReader:64 - Compatibility file has been processed (317 Rules)
2025-11-05 00:54:22,291 [INFO] DbMcusXml:78 - Set database path to: /opt/st/stm32cubeide_1.19.0/plugins/com.st.stm32cube.common.mx_6.15.0.202507011659//db//mcu/
2025-11-05 00:54:22,291 [INFO] ApiDb:274 - Set plugin database path to: /opt/st/stm32cubeide_1.19.0/plugins/com.st.stm32cube.common.mx_6.15.0.202507011659//db//plugins/boardmanager/
2025-11-05 00:54:22,292 [INFO] ApiDb:261 - Set plugin images path to: /opt/st/stm32cubeide_1.19.0/plugins/com.st.stm32cube.common.mx_6.15.0.202507011659//db//plugins/mcufinder/images/
2025-11-05 00:54:22,292 [WARN] DbFile:41 - Overriding database path with different value: /home/oleksii/.stmcufinder/plugins/mcufinder/ => /home/oleksii/.stmcufinder/plugins/mcufinder
2025-11-05 00:54:22,292 [INFO] ApiDb:250 - Set database path to: /home/oleksii/.stmcufinder/plugins/mcufinder//mcu/
2025-11-05 00:54:22,292 [WARN] DbFile:41 - Overriding database path with different value: /home/oleksii/.stmcufinder/plugins/mcufinder/ => /home/oleksii/.stmcufinder/plugins/mcufinder
2025-11-05 00:54:22,292 [INFO] DbMcusAds:125 - Set database path to: /home/oleksii/.stmcufinder/plugins/mcufinder//mcu/
2025-11-05 00:54:22,292 [WARN] DbFile:41 - Overriding database path with different value: /home/oleksii/.stmcufinder/plugins/mcufinder/ => /home/oleksii/.stmcufinder/plugins/mcufinder
2025-11-05 00:54:22,292 [WARN] DbFile:41 - Overriding database path with different value: /home/oleksii/.stmcufinder/plugins/mcufinder/ => /home/oleksii/.stmcufinder/plugins/mcufinder
2025-11-05 00:54:22,292 [INFO] CrossReferenceDbSqlite:203 - Set database path to: /home/oleksii/.stmcufinder/plugins/mcufinder//mcu/cs/
2025-11-05 00:54:22,328 [INFO] MainPanel:274 - HeapMemory: 268435456
2025-11-05 00:54:22,392 [INFO] DbMcusXml:78 - Set database path to: /opt/st/stm32cubeide_1.19.0/plugins/com.st.stm32cube.common.mx_6.15.0.202507011659//db//mcu/
2025-11-05 00:54:22,392 [INFO] ApiDb:274 - Set plugin database path to: /opt/st/stm32cubeide_1.19.0/plugins/com.st.stm32cube.common.mx_6.15.0.202507011659//db//plugins/boardmanager/
2025-11-05 00:54:22,392 [INFO] ApiDb:261 - Set plugin images path to: /opt/st/stm32cubeide_1.19.0/plugins/com.st.stm32cube.common.mx_6.15.0.202507011659//db//plugins/mcufinder/images/
2025-11-05 00:54:22,392 [WARN] DbFile:41 - Overriding database path with different value: /home/oleksii/.stmcufinder/plugins/mcufinder/ => /home/oleksii/.stmcufinder/plugins/mcufinder
2025-11-05 00:54:22,392 [INFO] ApiDb:250 - Set database path to: /home/oleksii/.stmcufinder/plugins/mcufinder//mcu/
2025-11-05 00:54:22,392 [WARN] DbFile:41 - Overriding database path with different value: /home/oleksii/.stmcufinder/plugins/mcufinder/ => /home/oleksii/.stmcufinder/plugins/mcufinder
2025-11-05 00:54:22,392 [INFO] DbMcusAds:125 - Set database path to: /home/oleksii/.stmcufinder/plugins/mcufinder//mcu/
2025-11-05 00:54:22,393 [WARN] DbFile:41 - Overriding database path with different value: /home/oleksii/.stmcufinder/plugins/mcufinder/ => /home/oleksii/.stmcufinder/plugins/mcufinder
2025-11-05 00:54:22,393 [WARN] DbFile:41 - Overriding database path with different value: /home/oleksii/.stmcufinder/plugins/mcufinder/ => /home/oleksii/.stmcufinder/plugins/mcufinder
2025-11-05 00:54:22,393 [INFO] CrossReferenceDbSqlite:203 - Set database path to: /home/oleksii/.stmcufinder/plugins/mcufinder//mcu/cs/
2025-11-05 00:54:22,400 [INFO] ApplicationProperties:184 - Using Application install path: /opt/st/stm32cubeide_1.19.0/plugins/com.st.stm32cube.common.mx_6.15.0.202507011659
2025-11-05 00:54:22,401 [INFO] PluginManage:196 - Search for loadable plugins [exclusion list=, ]
2025-11-05 00:54:22,402 [INFO] PluginManage:310 - Check plugin analytics
2025-11-05 00:54:22,480 [INFO] AnalyticsPlugin:253 - Accepted Software Licenses: 
2025-11-05 00:54:22,480 [INFO] AnalyticsPlugin:255 - Accepted CMSIS Pack Licenses: 
2025-11-05 00:54:22,480 [INFO] AnalyticsPlugin:257 - Accepted Firmware Licenses: FW.F4.1.28.0
2025-11-05 00:54:22,482 [INFO] PluginManage:359 - Loaded plugin analytics (category:tool,tabindex:-1)
2025-11-05 00:54:22,482 [INFO] PluginManage:310 - Check plugin cadmodel
2025-11-05 00:54:22,484 [INFO] CADModel:105 - Init CAD model plugin
2025-11-05 00:54:22,484 [INFO] PluginManage:359 - Loaded plugin cadmodel (category:power,tabindex:5)
2025-11-05 00:54:22,484 [INFO] PluginManage:310 - Check plugin clock
2025-11-05 00:54:22,488 [INFO] PluginManage:359 - Loaded plugin clock (category:base,tabindex:2)
2025-11-05 00:54:22,488 [INFO] PluginManage:310 - Check plugin ddr
2025-11-05 00:54:22,488 [INFO] PluginManage:359 - Loaded plugin ddr (category:tool,tabindex:6)
2025-11-05 00:54:22,489 [INFO] PluginManage:310 - Check plugin filemanager
2025-11-05 00:54:22,560 [INFO] PluginManage:359 - Loaded plugin filemanager (category:base,tabindex:10)
2025-11-05 00:54:22,560 [INFO] PluginManage:310 - Check plugin ipmanager
2025-11-05 00:54:22,563 [INFO] PluginManage:359 - Loaded plugin ipmanager (category:base,tabindex:5)
2025-11-05 00:54:22,563 [INFO] PluginManage:310 - Check plugin lpbam
2025-11-05 00:54:22,567 [INFO] PluginManage:359 - Loaded plugin lpbam (category:base,tabindex:0)
2025-11-05 00:54:22,567 [INFO] PluginManage:310 - Check plugin memorymap
2025-11-05 00:54:22,573 [INFO] PluginManage:359 - Loaded plugin memorymap (category:base,tabindex:4)
2025-11-05 00:54:22,573 [INFO] PluginManage:310 - Check plugin pinoutandconfiguration
2025-11-05 00:54:22,576 [INFO] PluginManage:359 - Loaded plugin pinoutandconfiguration (category:base,tabindex:1)
2025-11-05 00:54:22,576 [INFO] PluginManage:310 - Check plugin pinoutconfig
2025-11-05 00:54:22,620 [WARN] SupportedApi:132 - Cannot load RTOS API schema: s4s-elt-must-match.1: The content of 'definitions' must match (annotation?, (simpleType | complexType)?, (unique | key | keyref)*)). A problem was found starting at: attribute.
2025-11-05 00:54:22,688 [INFO] PluginManage:359 - Loaded plugin pinoutconfig (category:base,tabindex:0)
2025-11-05 00:54:22,688 [INFO] PluginManage:310 - Check plugin power
2025-11-05 00:54:22,691 [INFO] PluginManage:359 - Loaded plugin power (category:power,tabindex:4)
2025-11-05 00:54:22,692 [INFO] PluginManage:310 - Check plugin projectmanager
2025-11-05 00:54:22,700 [INFO] PluginManage:359 - Loaded plugin projectmanager (category:projectmanager,tabindex:4)
2025-11-05 00:54:22,700 [INFO] PluginManage:310 - Check plugin rif
2025-11-05 00:54:22,704 [INFO] PluginManage:359 - Loaded plugin rif (category:base,tabindex:3)
2025-11-05 00:54:22,705 [INFO] PluginManage:310 - Check plugin thirdparty
2025-11-05 00:54:22,762 [INFO] PluginManage:359 - Loaded plugin thirdparty (category:base,tabindex:-1)
2025-11-05 00:54:22,762 [WARN] IntegrityCheckThread:84 - waiting for thirdparty lock release [integrity check]
2025-11-05 00:54:22,762 [INFO] IntegrityCheckThread:86 - entering critical section [integrity check]
2025-11-05 00:54:22,762 [INFO] PluginManage:310 - Check plugin tools
2025-11-05 00:54:22,762 [INFO] ThirdPartyUpdaterWithRetryManager:70 - Updater plugin not ready yet. [1/15]
2025-11-05 00:54:22,763 [INFO] PluginManage:359 - Loaded plugin tools (category:base,tabindex:7)
2025-11-05 00:54:22,763 [INFO] PluginManage:310 - Check plugin tutovideos
2025-11-05 00:54:22,864 [INFO] PluginManage:359 - Loaded plugin tutovideos (category:base,tabindex:-1)
2025-11-05 00:54:22,865 [INFO] PluginManage:310 - Check plugin updater
2025-11-05 00:54:22,877 [INFO] PluginManage:359 - Loaded plugin updater (category:base,tabindex:12)
2025-11-05 00:54:22,877 [INFO] PluginManage:310 - Check plugin userauth
2025-11-05 00:54:22,879 [INFO] UserAuth:118 - Init User Auth plugin
2025-11-05 00:54:22,879 [INFO] PluginManage:359 - Loaded plugin userauth (category:base,tabindex:14)
2025-11-05 00:54:22,880 [INFO] PluginManage:283 - PluginManage : Loaded plugins [18]
2025-11-05 00:54:22,971 [INFO] PinOutPanel:1589 - setPackage(No Configuration,No Configuration)
2025-11-05 00:54:23,007 [INFO] CADModel:165 - CPN selected for project level
2025-11-05 00:54:23,007 [INFO] CADModel:114 - Register for checkConnection events
2025-11-05 00:54:23,012 [INFO] IPUIPlugin:80 - create IPUIPlugin
2025-11-05 00:54:23,012 [INFO] PluginManager:220 - loadIPPluginJar : add radio
2025-11-05 00:54:23,014 [INFO] IPUIPlugin:80 - create IPUIPlugin
2025-11-05 00:54:23,014 [INFO] PluginManager:220 - loadIPPluginJar : add spi
2025-11-05 00:54:23,015 [INFO] IPUIPlugin:80 - create IPUIPlugin
2025-11-05 00:54:23,015 [INFO] PluginManager:220 - loadIPPluginJar : add tsc
2025-11-05 00:54:23,018 [INFO] IPUIPlugin:80 - create IPUIPlugin
2025-11-05 00:54:23,018 [INFO] PluginManager:220 - loadIPPluginJar : add fmc
2025-11-05 00:54:23,019 [INFO] IPUIPlugin:80 - create IPUIPlugin
2025-11-05 00:54:23,019 [INFO] PluginManager:220 - loadIPPluginJar : add hash
2025-11-05 00:54:23,020 [INFO] IPUIPlugin:80 - create IPUIPlugin
2025-11-05 00:54:23,020 [INFO] PluginManager:220 - loadIPPluginJar : add extmemmanager
2025-11-05 00:54:23,021 [INFO] IPUIPlugin:80 - create IPUIPlugin
2025-11-05 00:54:23,021 [INFO] PluginManager:220 - loadIPPluginJar : add tim
2025-11-05 00:54:23,021 [INFO] IPUIPlugin:80 - create IPUIPlugin
2025-11-05 00:54:23,022 [INFO] PluginManager:220 - loadIPPluginJar : add ltdc
2025-11-05 00:54:23,022 [INFO] IPUIPlugin:80 - create IPUIPlugin
2025-11-05 00:54:23,022 [INFO] PluginManager:220 - loadIPPluginJar : add quadspi
2025-11-05 00:54:23,025 [INFO] IPUIPlugin:80 - create IPUIPlugin
2025-11-05 00:54:23,025 [INFO] PluginManager:220 - loadIPPluginJar : add gic
2025-11-05 00:54:23,026 [INFO] IPUIPlugin:80 - create IPUIPlugin
2025-11-05 00:54:23,026 [INFO] PluginManager:220 - loadIPPluginJar : add comp
2025-11-05 00:54:23,026 [INFO] IPUIPlugin:80 - create IPUIPlugin
2025-11-05 00:54:23,027 [INFO] PluginManager:220 - loadIPPluginJar : add fatfs
2025-11-05 00:54:23,030 [INFO] IPUIPlugin:80 - create IPUIPlugin
2025-11-05 00:54:23,031 [INFO] PluginManager:220 - loadIPPluginJar : add linkedlist
2025-11-05 00:54:23,032 [INFO] IPUIPlugin:80 - create IPUIPlugin
2025-11-05 00:54:23,032 [INFO] PluginManager:220 - loadIPPluginJar : add ucpd
2025-11-05 00:54:23,033 [INFO] IPUIPlugin:80 - create IPUIPlugin
2025-11-05 00:54:23,033 [INFO] PluginManager:220 - loadIPPluginJar : add ddr_ctrl_phy
2025-11-05 00:54:23,034 [INFO] IPUIPlugin:80 - create IPUIPlugin
2025-11-05 00:54:23,034 [INFO] PluginManager:220 - loadIPPluginJar : add gfxmmu
2025-11-05 00:54:23,035 [INFO] IPUIPlugin:80 - create IPUIPlugin
2025-11-05 00:54:23,035 [INFO] PluginManager:220 - loadIPPluginJar : add usart
2025-11-05 00:54:23,038 [INFO] IPUIPlugin:80 - create IPUIPlugin
2025-11-05 00:54:23,038 [INFO] PluginManager:220 - loadIPPluginJar : add dma
2025-11-05 00:54:23,039 [INFO] IPUIPlugin:80 - create IPUIPlugin
2025-11-05 00:54:23,039 [INFO] PluginManager:220 - loadIPPluginJar : add aes
2025-11-05 00:54:23,042 [INFO] IPUIPlugin:80 - create IPUIPlugin
2025-11-05 00:54:23,043 [INFO] PluginManager:220 - loadIPPluginJar : add plateformsettings
2025-11-05 00:54:23,044 [INFO] IPUIPlugin:80 - create IPUIPlugin
2025-11-05 00:54:23,044 [INFO] PluginManager:220 - loadIPPluginJar : add genericplugin
2025-11-05 00:54:23,045 [INFO] IPUIPlugin:80 - create IPUIPlugin
2025-11-05 00:54:23,045 [INFO] PluginManager:220 - loadIPPluginJar : add pdm2pcm
2025-11-05 00:54:23,046 [INFO] IPUIPlugin:80 - create IPUIPlugin
2025-11-05 00:54:23,047 [INFO] PluginManager:220 - loadIPPluginJar : add ipddr
2025-11-05 00:54:23,048 [INFO] IPUIPlugin:80 - create IPUIPlugin
2025-11-05 00:54:23,048 [INFO] PluginManager:220 - loadIPPluginJar : add opamp
2025-11-05 00:54:23,049 [INFO] IPUIPlugin:80 - create IPUIPlugin
2025-11-05 00:54:23,049 [INFO] PluginManager:220 - loadIPPluginJar : add dma3
2025-11-05 00:54:23,050 [INFO] IPUIPlugin:80 - create IPUIPlugin
2025-11-05 00:54:23,050 [INFO] PluginManager:220 - loadIPPluginJar : add dfsdm
2025-11-05 00:54:23,051 [INFO] IPUIPlugin:80 - create IPUIPlugin
2025-11-05 00:54:23,051 [INFO] PluginManager:220 - loadIPPluginJar : add ts
2025-11-05 00:54:23,053 [INFO] IPUIPlugin:80 - create IPUIPlugin
2025-11-05 00:54:23,053 [INFO] PluginManager:220 - loadIPPluginJar : add nvic
2025-11-05 00:54:23,054 [INFO] IPUIPlugin:80 - create IPUIPlugin
2025-11-05 00:54:23,054 [INFO] PluginManager:220 - loadIPPluginJar : add cryp
2025-11-05 00:54:23,056 [INFO] IPUIPlugin:80 - create IPUIPlugin
2025-11-05 00:54:23,056 [INFO] PluginManager:220 - loadIPPluginJar : add freertos
2025-11-05 00:54:23,058 [INFO] IPUIPlugin:80 - create IPUIPlugin
2025-11-05 00:54:23,058 [INFO] PluginManager:220 - loadIPPluginJar : add resmgrutility
2025-11-05 00:54:23,059 [INFO] IPUIPlugin:80 - create IPUIPlugin
2025-11-05 00:54:23,059 [INFO] PluginManager:220 - loadIPPluginJar : add gtzc
2025-11-05 00:54:23,060 [INFO] IPUIPlugin:80 - create IPUIPlugin
2025-11-05 00:54:23,060 [INFO] PluginManager:220 - loadIPPluginJar : add tracer_emb
2025-11-05 00:54:23,063 [INFO] IPUIPlugin:80 - create IPUIPlugin
2025-11-05 00:54:23,063 [INFO] PluginManager:220 - loadIPPluginJar : add stm32_wpan
2025-11-05 00:54:23,065 [INFO] IPUIPlugin:80 - create IPUIPlugin
2025-11-05 00:54:23,065 [INFO] PluginManager:220 - loadIPPluginJar : add gpio
2025-11-05 00:54:23,066 [INFO] IPUIPlugin:80 - create IPUIPlugin
2025-11-05 00:54:23,067 [INFO] PluginManager:220 - loadIPPluginJar : add sai
2025-11-05 00:54:23,068 [INFO] IPUIPlugin:80 - create IPUIPlugin
2025-11-05 00:54:23,068 [INFO] PluginManager:220 - loadIPPluginJar : add usbx
2025-11-05 00:54:23,069 [INFO] IPUIPlugin:80 - create IPUIPlugin
2025-11-05 00:54:23,069 [INFO] PluginManager:220 - loadIPPluginJar : add touchsensing
2025-11-05 00:54:23,070 [INFO] IPUIPlugin:80 - create IPUIPlugin
2025-11-05 00:54:23,071 [INFO] PluginManager:220 - loadIPPluginJar : add openamp
2025-11-05 00:54:23,072 [INFO] IPUIPlugin:80 - create IPUIPlugin
2025-11-05 00:54:23,072 [INFO] PluginManager:220 - loadIPPluginJar : add i3c
2025-11-05 00:54:23,073 [INFO] IPUIPlugin:80 - create IPUIPlugin
2025-11-05 00:54:23,073 [INFO] PluginManager:220 - loadIPPluginJar : add i2s
2025-11-05 00:54:23,074 [INFO] IPUIPlugin:80 - create IPUIPlugin
2025-11-05 00:54:23,074 [INFO] PluginManager:220 - loadIPPluginJar : add can
2025-11-05 00:54:23,075 [INFO] IPUIPlugin:80 - create IPUIPlugin
2025-11-05 00:54:23,075 [INFO] PluginManager:220 - loadIPPluginJar : add lorawan
2025-11-05 00:54:23,078 [INFO] IPUIPlugin:80 - create IPUIPlugin
2025-11-05 00:54:23,078 [INFO] PluginManager:220 - loadIPPluginJar : add adc
2025-11-05 00:54:23,079 [INFO] IPUIPlugin:80 - create IPUIPlugin
2025-11-05 00:54:23,079 [INFO] PluginManager:220 - loadIPPluginJar : add i2c
2025-11-05 00:54:23,082 [INFO] IPUIPlugin:80 - create IPUIPlugin
2025-11-05 00:54:23,083 [INFO] PluginManager:220 - loadIPPluginJar : add mdma
2025-11-05 00:54:23,171 [FATAL] Updater:351 - Updater called before beeing initialized
2025-11-05 00:54:23,185 [INFO] RulesReader:64 - Compatibility file has been processed (317 Rules)
2025-11-05 00:54:23,191 [INFO] RulesReader:64 - Compatibility file has been processed (317 Rules)
2025-11-05 00:54:23,195 [INFO] CADModel:165 - CPN selected for project level
2025-11-05 00:54:23,195 [INFO] CADModel:114 - Register for checkConnection events
2025-11-05 00:54:23,195 [FATAL] Updater:351 - Updater called before beeing initialized
2025-11-05 00:54:23,195 [ERROR] CADModel:125 - Updater not yet initialized, retry later 
2025-11-05 00:54:23,263 [FATAL] Updater:351 - Updater called before beeing initialized
2025-11-05 00:54:23,263 [INFO] CADModel:165 - CPN selected for project level
2025-11-05 00:54:23,264 [INFO] CADModel:114 - Register for checkConnection events
2025-11-05 00:54:23,264 [FATAL] Updater:351 - Updater called before beeing initialized
2025-11-05 00:54:23,264 [ERROR] CADModel:125 - Updater not yet initialized, retry later 
2025-11-05 00:54:23,265 [FATAL] Updater:351 - Updater called before beeing initialized
2025-11-05 00:54:23,314 [FATAL] Updater:351 - Updater called before beeing initialized
2025-11-05 00:54:23,317 [INFO] DbMcusAds:53 - JSON generation date=Thu Oct 02 12:36:05 EEST 2025 (1759397765645)
2025-11-05 00:54:23,317 [FATAL] Updater:351 - Updater called before beeing initialized
2025-11-05 00:54:23,337 [WARN] DetailPanel:346 - Failed to get advertising image, set to default
2025-11-05 00:54:23,383 [FATAL] Updater:351 - Updater called before beeing initialized
2025-11-05 00:54:23,384 [FATAL] Updater:351 - Updater called before beeing initialized
2025-11-05 00:54:23,384 [FATAL] Updater:351 - Updater called before beeing initialized
2025-11-05 00:54:23,384 [WARN] DetailPanel:346 - Failed to get advertising image, set to default
2025-11-05 00:54:23,385 [FATAL] Updater:351 - Updater called before beeing initialized
2025-11-05 00:54:23,403 [ERROR] Updater:1198 - MainUpdater not yet initialized. External WinMGr cannot be set.
2025-11-05 00:54:23,404 [INFO] Updater:1134 - Updater Version found : 6.15.0
2025-11-05 00:54:23,414 [INFO] ApplicationProperties:184 - Using Application install path: /opt/st/stm32cubeide_1.19.0/plugins/com.st.stm32cube.common.mx_6.15.0.202507011659
2025-11-05 00:54:23,631 [INFO] MainUpdater:2872 - connection check result : 10
2025-11-05 00:54:23,631 [INFO] MainUpdater:289 - Updater Check For Update Now.
2025-11-05 00:54:23,631 [INFO] MicroXplorer:498 - Change Database Version : DB.6.0.150
2025-11-05 00:54:23,635 [INFO] McuFinderGlobals:63 - Set McuFinder mode to 2 (CubeIDE integrated)
2025-11-05 00:54:23,635 [INFO] UserAuth:487 - Internet connection configuration mode: 1
2025-11-05 00:54:23,648 [INFO] JxBrowserEngine:152 - Initiate JxBrowser Engine with user profile folder
2025-11-05 00:54:23,777 [INFO] CheckServerUpdateThread:120 - End of CheckServer Thread
2025-11-05 00:54:24,009 [INFO] WebApp:169 - Instantiating new browser for Auth
2025-11-05 00:54:24,391 [INFO] WebApp:463 - Apply proxy settings
2025-11-05 00:54:24,391 [INFO] WebApp:548 - Chromium requires no authentication
2025-11-05 00:54:24,395 [INFO] WebApp:491 - Direct internet connection detected
2025-11-05 00:54:24,405 [INFO] WebApp:900 - Register for checkConnection events
2025-11-05 00:54:24,405 [INFO] WebApp:463 - Apply proxy settings
2025-11-05 00:54:24,405 [INFO] WebApp:548 - Chromium requires no authentication
2025-11-05 00:54:24,405 [INFO] WebApp:491 - Direct internet connection detected
2025-11-05 00:54:24,482 [INFO] WebApp:225 - Starting web application
2025-11-05 00:54:24,482 [INFO] WebApp:593 - Web application path used /opt/st/stm32cubeide_1.19.0/plugins/com.st.stm32cube.common.mx_6.15.0.202507011659/db/plugins/mcufinder/reactClient1/index.html
2025-11-05 00:54:24,533 [INFO] UserAuth:487 - Internet connection configuration mode: 1
2025-11-05 00:54:24,622 [INFO] WebApp:191 - Connection restablished
2025-11-05 00:54:25,857 [WARN] PackLoader:240 - Cannot read IP mode file for STMicroelectronics.FP-SNS-MOTENVWB1.1.4.0
2025-11-05 00:54:25,860 [WARN] PackLoader:240 - Cannot read IP mode file for STMicroelectronics.FP-ATR-ASTRA1.2.0.2
2025-11-05 00:54:25,863 [WARN] PackLoader:240 - Cannot read IP mode file for STMicroelectronics.X-CUBE-SMBUS.2.1.0
2025-11-05 00:54:25,865 [WARN] PackLoader:240 - Cannot read IP mode file for STMicroelectronics.X-CUBE-ST60.1.0.0
2025-11-05 00:54:25,881 [WARN] PackLoader:240 - Cannot read IP mode file for STMicroelectronics.X-CUBE-AZRTOS-F7.1.1.0
2025-11-05 00:54:25,886 [WARN] PackLoader:240 - Cannot read IP mode file for STMicroelectronics.FP-SNS-MOTENV1.5.1.0
2025-11-05 00:54:25,892 [WARN] PackLoader:240 - Cannot read IP mode file for WES.I-CUBE-Cesium.1.4.0
2025-11-05 00:54:25,905 [WARN] PackLoader:240 - Cannot read IP mode file for Infineon.AIROC-Wi-Fi-Bluetooth-STM32.1.7.1
2025-11-05 00:54:25,920 [WARN] PackLoader:240 - Cannot read IP mode file for STMicroelectronics.X-CUBE-AZRTOS-H7.3.4.0
2025-11-05 00:54:25,926 [WARN] PackLoader:240 - Cannot read IP mode file for STMicroelectronics.X-CUBE-DISPLAY.3.0.0
2025-11-05 00:54:25,932 [WARN] PackLoader:240 - Cannot read IP mode file for STMicroelectronics.X-CUBE-NFC10.1.0.0
2025-11-05 00:54:25,942 [WARN] PackLoader:240 - Cannot read IP mode file for STMicroelectronics.X-CUBE-ST60.1.1.0
2025-11-05 00:54:25,944 [WARN] PackLoader:240 - Cannot read IP mode file for emotas.I-CUBE-CANOPEN.1.3.0
2025-11-05 00:54:25,947 [WARN] PackLoader:240 - Cannot read IP mode file for STMicroelectronics.X-CUBE-GNSS1.7.1.0
2025-11-05 00:54:25,952 [WARN] PackLoader:240 - Cannot read IP mode file for STMicroelectronics.FP-SNS-STBOX1.2.1.0
2025-11-05 00:54:25,955 [WARN] PackLoader:240 - Cannot read IP mode file for STMicroelectronics.FP-SNS-SMARTAG2.1.2.0
2025-11-05 00:54:25,956 [WARN] PackLoader:240 - Cannot read IP mode file for STMicroelectronics.FP-SNS-FLIGHT1.5.1.0
2025-11-05 00:54:25,960 [INFO] LogOutputStream:77 - [STDOUT_REDIRECT] 1 : Invalid condition id : UX_CORESTACK_Condition cause : null
2025-11-05 00:54:25,961 [INFO] LogOutputStream:77 - [STDOUT_REDIRECT] 1 : Invalid condition id : UX_CORESTACK_Condition cause : null
2025-11-05 00:54:25,961 [INFO] LogOutputStream:77 - [STDOUT_REDIRECT] 1 : Invalid condition id : UX_CORESTACK_Condition cause : null
2025-11-05 00:54:25,961 [INFO] LogOutputStream:77 - [STDOUT_REDIRECT] 1 : Invalid condition id : UX_CORESTACK_Condition cause : null
2025-11-05 00:54:25,961 [INFO] LogOutputStream:77 - [STDOUT_REDIRECT] 1 : Invalid condition id : UX_CORESTACK_Condition cause : null
2025-11-05 00:54:25,963 [WARN] PackLoader:240 - Cannot read IP mode file for STMicroelectronics.X-CUBE-AZRTOS-WL.2.0.0
2025-11-05 00:54:25,965 [WARN] PackLoader:240 - Cannot read IP mode file for STMicroelectronics.FP-SNS-MOTENV1.5.0.0
2025-11-05 00:54:25,968 [WARN] PackLoader:240 - Cannot read IP mode file for STMicroelectronics.X-CUBE-BLE2.3.3.0
2025-11-05 00:54:25,971 [WARN] PackLoader:240 - Cannot read IP mode file for STMicroelectronics.X-CUBE-NFC9.1.0.0
2025-11-05 00:54:25,974 [WARN] PackLoader:240 - Cannot read IP mode file for wolfSSL.I-CUBE-wolfSSL.5.8.2
2025-11-05 00:54:25,976 [WARN] PackLoader:240 - Cannot read IP mode file for STMicroelectronics.X-CUBE-BLE1.7.1.0
2025-11-05 00:54:25,977 [WARN] PackLoader:240 - Cannot read IP mode file for wolfSSL.I-CUBE-wolfMQTT.1.19.2
2025-11-05 00:54:25,980 [WARN] PackLoader:240 - Cannot read IP mode file for STMicroelectronics.X-CUBE-EEPRMA1.5.2.0
2025-11-05 00:54:25,984 [WARN] PackLoader:240 - Cannot read IP mode file for STMicroelectronics.X-CUBE-ST67W61.1.1.0
2025-11-05 00:54:25,991 [WARN] PackLoader:240 - Cannot read IP mode file for STMicroelectronics.X-CUBE-AZRTOS-G0.1.1.0
2025-11-05 00:54:25,995 [WARN] PackLoader:240 - Cannot read IP mode file for STMicroelectronics.X-CUBE-SAFEA1.1.2.2
2025-11-05 00:54:25,998 [WARN] PackLoader:240 - Cannot read IP mode file for STMicroelectronics.X-CUBE-NFC4.3.0.0
2025-11-05 00:54:26,002 [WARN] PackLoader:240 - Cannot read IP mode file for EmbeddedOffice.I-CUBE-FS-RTOS.1.0.1
2025-11-05 00:54:26,005 [WARN] PackLoader:240 - Cannot read IP mode file for STMicroelectronics.X-CUBE-WB05N.2.0.0
2025-11-05 00:54:26,007 [WARN] PackLoader:240 - Cannot read IP mode file for wolfSSL.I-CUBE-wolfTPM.3.8.0
2025-11-05 00:54:26,009 [WARN] PackLoader:240 - Cannot read IP mode file for STMicroelectronics.X-CUBE-TCPP.4.2.0
2025-11-05 00:54:26,012 [WARN] PackLoader:240 - Cannot read IP mode file for RealThread.X-CUBE-RT-Thread_Nano.4.1.1
2025-11-05 00:54:26,013 [WARN] PackLoader:240 - Cannot read IP mode file for STMicroelectronics.FP-ATR-SIGFOX1.3.2.0
2025-11-05 00:54:26,016 [WARN] PackLoader:240 - Cannot read IP mode file for ITTIA_DB.I-CUBE-ITTIADB.8.9.0
2025-11-05 00:54:26,019 [WARN] PackLoader:240 - Cannot read IP mode file for STMicroelectronics.X-CUBE-ST67W61.1.0.0
2025-11-05 00:54:26,020 [WARN] PackLoader:240 - Cannot read IP mode file for STMicroelectronics.X-CUBE-AI.10.2.0
2025-11-05 00:54:26,034 [WARN] PackLoader:240 - Cannot read IP mode file for SEGGER.I-CUBE-embOS.1.3.1
2025-11-05 00:54:26,057 [WARN] PackLoader:240 - Cannot read IP mode file for STMicroelectronics.X-CUBE-ALGOBUILD.1.4.0
2025-11-05 00:54:26,086 [WARN] PackLoader:240 - Cannot read IP mode file for STMicroelectronics.X-CUBE-MEMS1.11.3.0
2025-11-05 00:54:26,170 [WARN] PackLoader:240 - Cannot read IP mode file for STMicroelectronics.X-CUBE-PM33A1.1.0.0
2025-11-05 00:54:26,177 [WARN] PackLoader:240 - Cannot read IP mode file for STMicroelectronics.X-CUBE-AZRTOS-F4.1.1.0
2025-11-05 00:54:26,180 [WARN] PackLoader:240 - Cannot read IP mode file for Avnet-IotConnect.X-CUBE-IoTC-DA16k-PMOD.1.0.0
2025-11-05 00:54:26,181 [WARN] PackLoader:240 - Cannot read IP mode file for STMicroelectronics.X-CUBE-ISPU.2.1.0
2025-11-05 00:54:26,188 [WARN] PackLoader:240 - Cannot read IP mode file for STMicroelectronics.X-CUBE-IPS.3.2.0
2025-11-05 00:54:26,194 [WARN] PackLoader:240 - Cannot read IP mode file for STMicroelectronics.X-CUBE-NFC12.1.0.0
2025-11-05 00:54:26,202 [WARN] PackLoader:240 - Cannot read IP mode file for STMicroelectronics.X-CUBE-AZRTOS-L5.2.0.0
2025-11-05 00:54:26,207 [WARN] PackLoader:240 - Cannot read IP mode file for STMicroelectronics.X-CUBE-NFC6.3.1.0
2025-11-05 00:54:26,210 [WARN] PackLoader:240 - Cannot read IP mode file for STMicroelectronics.X-CUBE-FREERTOS.1.3.1
2025-11-05 00:54:26,212 [WARN] PackLoader:240 - Cannot read IP mode file for STMicroelectronics.X-CUBE-TOUCHGFX.4.26.0
2025-11-05 00:54:26,214 [WARN] PackLoader:240 - Cannot read IP mode file for STMicroelectronics.FP-SNS-STAIOTCFT.1.0.0
2025-11-05 00:54:26,221 [WARN] PackLoader:240 - Cannot read IP mode file for STMicroelectronics.X-CUBE-DPower.1.3.0
2025-11-05 00:54:26,231 [WARN] ConditionMgr:438 - getConditionDescription Invalid condition id : LAN8742 Phy interface Condition cause : null
2025-11-05 00:54:26,232 [WARN] PackLoader:240 - Cannot read IP mode file for STMicroelectronics.X-CUBE-AZRTOS-L4.2.0.0
2025-11-05 00:54:26,233 [WARN] ConditionMgr:1044 - genDependencies : Invalid condition id : LAN8742 Phy interface Condition cause : null
2025-11-05 00:54:26,234 [WARN] ConditionMgr:1044 - genDependencies : Invalid condition id : LAN8742 Phy interface Condition cause : null
2025-11-05 00:54:26,234 [WARN] ConditionMgr:1044 - genDependencies : Invalid condition id : LAN8742 Phy interface Condition cause : null
2025-11-05 00:54:26,239 [WARN] PackLoader:240 - Cannot read IP mode file for STMicroelectronics.X-CUBE-SFXS2LP1.4.0.0
2025-11-05 00:54:26,244 [WARN] PackLoader:240 - Cannot read IP mode file for STMicroelectronics.X-CUBE-BLEMGR.4.1.0
2025-11-05 00:54:26,252 [WARN] ConditionMgr:438 - getConditionDescription Invalid condition id : UX DEVICE CLASS RTOS Condition cause : null
2025-11-05 00:54:26,252 [WARN] ConditionMgr:438 - getConditionDescription Invalid condition id : UX DEVICE CLASS RTOS Condition cause : null
2025-11-05 00:54:26,253 [WARN] PackLoader:240 - Cannot read IP mode file for STMicroelectronics.X-CUBE-AZRTOS-WB.2.0.0
2025-11-05 00:54:26,253 [WARN] ConditionMgr:1044 - genDependencies : Invalid condition id : UX DEVICE CLASS RTOS Condition cause : null
2025-11-05 00:54:26,253 [WARN] ConditionMgr:1044 - genDependencies : Invalid condition id : UX DEVICE CLASS RTOS Condition cause : null
2025-11-05 00:54:26,254 [WARN] ConditionMgr:1044 - genDependencies : Invalid condition id : UX DEVICE CLASS RTOS Condition cause : null
2025-11-05 00:54:26,254 [WARN] ConditionMgr:1044 - genDependencies : Invalid condition id : UX DEVICE CLASS RTOS Condition cause : null
2025-11-05 00:54:26,254 [WARN] ConditionMgr:1044 - genDependencies : Invalid condition id : UX DEVICE CLASS RTOS Condition cause : null
2025-11-05 00:54:26,256 [WARN] PackLoader:240 - Cannot read IP mode file for STMicroelectronics.X-CUBE-GNSS1.7.0.1
2025-11-05 00:54:26,258 [WARN] PackLoader:240 - Cannot read IP mode file for STMicroelectronics.X-CUBE-TOUCHGFX.4.25.0
2025-11-05 00:54:26,259 [WARN] ConditionMgr:438 - getConditionDescription Invalid condition id : Cortex-A Device cause : null
2025-11-05 00:54:26,267 [WARN] ConditionMgr:1044 - genDependencies : Invalid condition id : Cortex-A Device cause : null
2025-11-05 00:54:26,267 [WARN] ConditionMgr:1044 - genDependencies : Invalid condition id : Cortex-A Device cause : null
2025-11-05 00:54:26,267 [WARN] ConditionMgr:1044 - genDependencies : Invalid condition id : Cortex-A Device cause : null
2025-11-05 00:54:26,272 [WARN] PackLoader:240 - Cannot read IP mode file for STMicroelectronics.X-CUBE-SUBG2.5.0.0
2025-11-05 00:54:26,282 [WARN] PackLoader:240 - Cannot read IP mode file for STMicroelectronics.X-CUBE-AZRTOS-H7RS.1.1.0
2025-11-05 00:54:26,286 [WARN] PackLoader:240 - Cannot read IP mode file for Cesanta.I-CUBE-Mongoose.7.13.0
2025-11-05 00:54:26,291 [WARN] PackLoader:240 - Cannot read IP mode file for STMicroelectronics.X-CUBE-AZRTOS-G4.2.0.0
2025-11-05 00:54:26,294 [WARN] PackLoader:240 - Cannot read IP mode file for wolfSSL.I-CUBE-wolfSSH.1.4.20
2025-11-05 00:54:26,295 [WARN] PackLoader:240 - Cannot read IP mode file for STMicroelectronics.X-CUBE-NFC7.2.0.0
2025-11-05 00:54:26,301 [WARN] PackLoader:240 - Cannot read IP mode file for STMicroelectronics.X-CUBE-IPS.3.1.0
2025-11-05 00:54:26,305 [WARN] PackLoader:240 - Cannot read IP mode file for STMicroelectronics.X-CUBE-ALS.1.0.2
2025-11-05 00:54:26,308 [WARN] PackLoader:240 - Cannot read IP mode file for STMicroelectronics.X-CUBE-STSE01.1.0.0
2025-11-05 00:54:26,312 [WARN] PackLoader:240 - Cannot read IP mode file for STMicroelectronics.X-CUBE-TOF1.3.4.3
2025-11-05 00:54:26,319 [INFO] ThirdParty:978 - Integrity check success = true
2025-11-05 00:54:26,319 [INFO] IntegrityCheckThread:100 - exiting critical section [integrity check]
2025-11-05 00:54:26,319 [INFO] IntegrityCheckThread:103 - End integrity checks thread
2025-11-05 00:55:32,722 [ERROR] LogOutputStream:75 - [STDERR_REDIRECT] 
