2025-10-11 19:04:34,719 [INFO] Activator:176 - 


2025-10-11 19:04:34,721 [INFO] Activator:177 - !SESSION log4j initialized
2025-10-11 19:04:36,417 [INFO] LogOutputStream:77 - [STDOUT_REDIRECT] 
2025-10-11 19:04:37,631 [INFO] ApplicationProperties:184 - Using Application install path: /opt/st/stm32cubeide_1.19.0/plugins/com.st.stm32cube.common.mx_6.15.0.202507011659
2025-10-11 19:04:37,641 [INFO] DbMcusXml:78 - Set database path to: /opt/st/stm32cubeide_1.19.0/plugins/com.st.stm32cube.common.mx_6.15.0.202507011659//db//mcu/
2025-10-11 19:04:37,641 [INFO] ApiDb:274 - Set plugin database path to: /opt/st/stm32cubeide_1.19.0/plugins/com.st.stm32cube.common.mx_6.15.0.202507011659//db//plugins/boardmanager/
2025-10-11 19:04:37,641 [WARN] ApiDb:259 - Overriding images path with different value:  => /opt/st/stm32cubeide_1.19.0/plugins/com.st.stm32cube.common.mx_6.15.0.202507011659//db//plugins/mcufinder/images/
2025-10-11 19:04:37,645 [INFO] ApiDb:250 - Set database path to: /home/oleksii/.stmcufinder/plugins/mcufinder//mcu/
2025-10-11 19:04:37,646 [INFO] DbMcusAds:125 - Set database path to: /home/oleksii/.stmcufinder/plugins/mcufinder//mcu/
2025-10-11 19:04:37,648 [INFO] CrossReferenceDbSqlite:203 - Set database path to: /home/oleksii/.stmcufinder/plugins/mcufinder//mcu/cs/
2025-10-11 19:04:37,707 [INFO] RulesReader:64 - Compatibility file has been processed (317 Rules)
2025-10-11 19:04:37,742 [INFO] DbMcusXml:78 - Set database path to: /opt/st/stm32cubeide_1.19.0/plugins/com.st.stm32cube.common.mx_6.15.0.202507011659//db//mcu/
2025-10-11 19:04:37,742 [INFO] ApiDb:274 - Set plugin database path to: /opt/st/stm32cubeide_1.19.0/plugins/com.st.stm32cube.common.mx_6.15.0.202507011659//db//plugins/boardmanager/
2025-10-11 19:04:37,742 [INFO] ApiDb:261 - Set plugin images path to: /opt/st/stm32cubeide_1.19.0/plugins/com.st.stm32cube.common.mx_6.15.0.202507011659//db//plugins/mcufinder/images/
2025-10-11 19:04:37,743 [WARN] DbFile:41 - Overriding database path with different value: /home/oleksii/.stmcufinder/plugins/mcufinder/ => /home/oleksii/.stmcufinder/plugins/mcufinder
2025-10-11 19:04:37,743 [INFO] ApiDb:250 - Set database path to: /home/oleksii/.stmcufinder/plugins/mcufinder//mcu/
2025-10-11 19:04:37,743 [WARN] DbFile:41 - Overriding database path with different value: /home/oleksii/.stmcufinder/plugins/mcufinder/ => /home/oleksii/.stmcufinder/plugins/mcufinder
2025-10-11 19:04:37,743 [INFO] DbMcusAds:125 - Set database path to: /home/oleksii/.stmcufinder/plugins/mcufinder//mcu/
2025-10-11 19:04:37,743 [WARN] DbFile:41 - Overriding database path with different value: /home/oleksii/.stmcufinder/plugins/mcufinder/ => /home/oleksii/.stmcufinder/plugins/mcufinder
2025-10-11 19:04:37,743 [WARN] DbFile:41 - Overriding database path with different value: /home/oleksii/.stmcufinder/plugins/mcufinder/ => /home/oleksii/.stmcufinder/plugins/mcufinder
2025-10-11 19:04:37,743 [INFO] CrossReferenceDbSqlite:203 - Set database path to: /home/oleksii/.stmcufinder/plugins/mcufinder//mcu/cs/
2025-10-11 19:04:37,781 [INFO] MainPanel:274 - HeapMemory: 268435456
2025-10-11 19:04:37,858 [INFO] DbMcusXml:78 - Set database path to: /opt/st/stm32cubeide_1.19.0/plugins/com.st.stm32cube.common.mx_6.15.0.202507011659//db//mcu/
2025-10-11 19:04:37,858 [INFO] ApiDb:274 - Set plugin database path to: /opt/st/stm32cubeide_1.19.0/plugins/com.st.stm32cube.common.mx_6.15.0.202507011659//db//plugins/boardmanager/
2025-10-11 19:04:37,858 [INFO] ApiDb:261 - Set plugin images path to: /opt/st/stm32cubeide_1.19.0/plugins/com.st.stm32cube.common.mx_6.15.0.202507011659//db//plugins/mcufinder/images/
2025-10-11 19:04:37,858 [WARN] DbFile:41 - Overriding database path with different value: /home/oleksii/.stmcufinder/plugins/mcufinder/ => /home/oleksii/.stmcufinder/plugins/mcufinder
2025-10-11 19:04:37,858 [INFO] ApiDb:250 - Set database path to: /home/oleksii/.stmcufinder/plugins/mcufinder//mcu/
2025-10-11 19:04:37,858 [WARN] DbFile:41 - Overriding database path with different value: /home/oleksii/.stmcufinder/plugins/mcufinder/ => /home/oleksii/.stmcufinder/plugins/mcufinder
2025-10-11 19:04:37,858 [INFO] DbMcusAds:125 - Set database path to: /home/oleksii/.stmcufinder/plugins/mcufinder//mcu/
2025-10-11 19:04:37,858 [WARN] DbFile:41 - Overriding database path with different value: /home/oleksii/.stmcufinder/plugins/mcufinder/ => /home/oleksii/.stmcufinder/plugins/mcufinder
2025-10-11 19:04:37,858 [WARN] DbFile:41 - Overriding database path with different value: /home/oleksii/.stmcufinder/plugins/mcufinder/ => /home/oleksii/.stmcufinder/plugins/mcufinder
2025-10-11 19:04:37,858 [INFO] CrossReferenceDbSqlite:203 - Set database path to: /home/oleksii/.stmcufinder/plugins/mcufinder//mcu/cs/
2025-10-11 19:04:37,867 [INFO] ApplicationProperties:184 - Using Application install path: /opt/st/stm32cubeide_1.19.0/plugins/com.st.stm32cube.common.mx_6.15.0.202507011659
2025-10-11 19:04:37,868 [INFO] PluginManage:196 - Search for loadable plugins [exclusion list=, ]
2025-10-11 19:04:37,869 [INFO] PluginManage:310 - Check plugin analytics
2025-10-11 19:04:37,953 [INFO] AnalyticsPlugin:253 - Accepted Software Licenses: 
2025-10-11 19:04:37,953 [INFO] AnalyticsPlugin:255 - Accepted CMSIS Pack Licenses: 
2025-10-11 19:04:37,954 [INFO] AnalyticsPlugin:257 - Accepted Firmware Licenses: FW.F4.1.28.0
2025-10-11 19:04:37,955 [INFO] PluginManage:359 - Loaded plugin analytics (category:tool,tabindex:-1)
2025-10-11 19:04:37,955 [INFO] PluginManage:310 - Check plugin cadmodel
2025-10-11 19:04:37,958 [INFO] CADModel:105 - Init CAD model plugin
2025-10-11 19:04:37,958 [INFO] PluginManage:359 - Loaded plugin cadmodel (category:power,tabindex:5)
2025-10-11 19:04:37,958 [INFO] PluginManage:310 - Check plugin clock
2025-10-11 19:04:37,963 [INFO] PluginManage:359 - Loaded plugin clock (category:base,tabindex:2)
2025-10-11 19:04:37,963 [INFO] PluginManage:310 - Check plugin ddr
2025-10-11 19:04:37,964 [INFO] PluginManage:359 - Loaded plugin ddr (category:tool,tabindex:6)
2025-10-11 19:04:37,964 [INFO] PluginManage:310 - Check plugin filemanager
2025-10-11 19:04:38,060 [INFO] PluginManage:359 - Loaded plugin filemanager (category:base,tabindex:10)
2025-10-11 19:04:38,061 [INFO] PluginManage:310 - Check plugin ipmanager
2025-10-11 19:04:38,064 [INFO] PluginManage:359 - Loaded plugin ipmanager (category:base,tabindex:5)
2025-10-11 19:04:38,064 [INFO] PluginManage:310 - Check plugin lpbam
2025-10-11 19:04:38,079 [INFO] PluginManage:359 - Loaded plugin lpbam (category:base,tabindex:0)
2025-10-11 19:04:38,079 [INFO] PluginManage:310 - Check plugin memorymap
2025-10-11 19:04:38,087 [INFO] PluginManage:359 - Loaded plugin memorymap (category:base,tabindex:4)
2025-10-11 19:04:38,087 [INFO] PluginManage:310 - Check plugin pinoutandconfiguration
2025-10-11 19:04:38,094 [INFO] PluginManage:359 - Loaded plugin pinoutandconfiguration (category:base,tabindex:1)
2025-10-11 19:04:38,094 [INFO] PluginManage:310 - Check plugin pinoutconfig
2025-10-11 19:04:38,142 [WARN] SupportedApi:132 - Cannot load RTOS API schema: s4s-elt-must-match.1: The content of 'definitions' must match (annotation?, (simpleType | complexType)?, (unique | key | keyref)*)). A problem was found starting at: attribute.
2025-10-11 19:04:38,216 [INFO] PluginManage:359 - Loaded plugin pinoutconfig (category:base,tabindex:0)
2025-10-11 19:04:38,216 [INFO] PluginManage:310 - Check plugin power
2025-10-11 19:04:38,222 [INFO] PluginManage:359 - Loaded plugin power (category:power,tabindex:4)
2025-10-11 19:04:38,223 [INFO] PluginManage:310 - Check plugin projectmanager
2025-10-11 19:04:38,232 [INFO] PluginManage:359 - Loaded plugin projectmanager (category:projectmanager,tabindex:4)
2025-10-11 19:04:38,233 [INFO] PluginManage:310 - Check plugin rif
2025-10-11 19:04:38,239 [INFO] PluginManage:359 - Loaded plugin rif (category:base,tabindex:3)
2025-10-11 19:04:38,239 [INFO] PluginManage:310 - Check plugin thirdparty
2025-10-11 19:04:38,316 [INFO] PluginManage:359 - Loaded plugin thirdparty (category:base,tabindex:-1)
2025-10-11 19:04:38,316 [WARN] IntegrityCheckThread:84 - waiting for thirdparty lock release [integrity check]
2025-10-11 19:04:38,316 [INFO] PluginManage:310 - Check plugin tools
2025-10-11 19:04:38,316 [INFO] IntegrityCheckThread:86 - entering critical section [integrity check]
2025-10-11 19:04:38,316 [INFO] ThirdPartyUpdaterWithRetryManager:70 - Updater plugin not ready yet. [1/15]
2025-10-11 19:04:38,318 [INFO] PluginManage:359 - Loaded plugin tools (category:base,tabindex:7)
2025-10-11 19:04:38,318 [INFO] PluginManage:310 - Check plugin tutovideos
2025-10-11 19:04:38,425 [INFO] PluginManage:359 - Loaded plugin tutovideos (category:base,tabindex:-1)
2025-10-11 19:04:38,425 [INFO] PluginManage:310 - Check plugin updater
2025-10-11 19:04:38,438 [INFO] PluginManage:359 - Loaded plugin updater (category:base,tabindex:12)
2025-10-11 19:04:38,438 [INFO] PluginManage:310 - Check plugin userauth
2025-10-11 19:04:38,440 [INFO] UserAuth:118 - Init User Auth plugin
2025-10-11 19:04:38,441 [INFO] PluginManage:359 - Loaded plugin userauth (category:base,tabindex:14)
2025-10-11 19:04:38,441 [INFO] PluginManage:283 - PluginManage : Loaded plugins [18]
2025-10-11 19:04:38,536 [INFO] PinOutPanel:1589 - setPackage(No Configuration,No Configuration)
2025-10-11 19:04:38,579 [INFO] CADModel:165 - CPN selected for project level
2025-10-11 19:04:38,579 [INFO] CADModel:114 - Register for checkConnection events
2025-10-11 19:04:38,585 [INFO] IPUIPlugin:80 - create IPUIPlugin
2025-10-11 19:04:38,585 [INFO] PluginManager:220 - loadIPPluginJar : add radio
2025-10-11 19:04:38,588 [INFO] IPUIPlugin:80 - create IPUIPlugin
2025-10-11 19:04:38,588 [INFO] PluginManager:220 - loadIPPluginJar : add spi
2025-10-11 19:04:38,589 [INFO] IPUIPlugin:80 - create IPUIPlugin
2025-10-11 19:04:38,589 [INFO] PluginManager:220 - loadIPPluginJar : add tsc
2025-10-11 19:04:38,593 [INFO] IPUIPlugin:80 - create IPUIPlugin
2025-10-11 19:04:38,593 [INFO] PluginManager:220 - loadIPPluginJar : add fmc
2025-10-11 19:04:38,594 [INFO] IPUIPlugin:80 - create IPUIPlugin
2025-10-11 19:04:38,594 [INFO] PluginManager:220 - loadIPPluginJar : add hash
2025-10-11 19:04:38,595 [INFO] IPUIPlugin:80 - create IPUIPlugin
2025-10-11 19:04:38,595 [INFO] PluginManager:220 - loadIPPluginJar : add extmemmanager
2025-10-11 19:04:38,596 [INFO] IPUIPlugin:80 - create IPUIPlugin
2025-10-11 19:04:38,596 [INFO] PluginManager:220 - loadIPPluginJar : add tim
2025-10-11 19:04:38,597 [INFO] IPUIPlugin:80 - create IPUIPlugin
2025-10-11 19:04:38,597 [INFO] PluginManager:220 - loadIPPluginJar : add ltdc
2025-10-11 19:04:38,598 [INFO] IPUIPlugin:80 - create IPUIPlugin
2025-10-11 19:04:38,598 [INFO] PluginManager:220 - loadIPPluginJar : add quadspi
2025-10-11 19:04:38,601 [INFO] IPUIPlugin:80 - create IPUIPlugin
2025-10-11 19:04:38,602 [INFO] PluginManager:220 - loadIPPluginJar : add gic
2025-10-11 19:04:38,602 [INFO] IPUIPlugin:80 - create IPUIPlugin
2025-10-11 19:04:38,603 [INFO] PluginManager:220 - loadIPPluginJar : add comp
2025-10-11 19:04:38,603 [INFO] IPUIPlugin:80 - create IPUIPlugin
2025-10-11 19:04:38,603 [INFO] PluginManager:220 - loadIPPluginJar : add fatfs
2025-10-11 19:04:38,607 [INFO] IPUIPlugin:80 - create IPUIPlugin
2025-10-11 19:04:38,607 [INFO] PluginManager:220 - loadIPPluginJar : add linkedlist
2025-10-11 19:04:38,608 [INFO] IPUIPlugin:80 - create IPUIPlugin
2025-10-11 19:04:38,609 [INFO] PluginManager:220 - loadIPPluginJar : add ucpd
2025-10-11 19:04:38,610 [INFO] IPUIPlugin:80 - create IPUIPlugin
2025-10-11 19:04:38,610 [INFO] PluginManager:220 - loadIPPluginJar : add ddr_ctrl_phy
2025-10-11 19:04:38,611 [INFO] IPUIPlugin:80 - create IPUIPlugin
2025-10-11 19:04:38,611 [INFO] PluginManager:220 - loadIPPluginJar : add gfxmmu
2025-10-11 19:04:38,612 [INFO] IPUIPlugin:80 - create IPUIPlugin
2025-10-11 19:04:38,612 [INFO] PluginManager:220 - loadIPPluginJar : add usart
2025-10-11 19:04:38,615 [INFO] IPUIPlugin:80 - create IPUIPlugin
2025-10-11 19:04:38,615 [INFO] PluginManager:220 - loadIPPluginJar : add dma
2025-10-11 19:04:38,616 [INFO] IPUIPlugin:80 - create IPUIPlugin
2025-10-11 19:04:38,616 [INFO] PluginManager:220 - loadIPPluginJar : add aes
2025-10-11 19:04:38,619 [INFO] IPUIPlugin:80 - create IPUIPlugin
2025-10-11 19:04:38,620 [INFO] PluginManager:220 - loadIPPluginJar : add plateformsettings
2025-10-11 19:04:38,621 [INFO] IPUIPlugin:80 - create IPUIPlugin
2025-10-11 19:04:38,621 [INFO] PluginManager:220 - loadIPPluginJar : add genericplugin
2025-10-11 19:04:38,622 [INFO] IPUIPlugin:80 - create IPUIPlugin
2025-10-11 19:04:38,622 [INFO] PluginManager:220 - loadIPPluginJar : add pdm2pcm
2025-10-11 19:04:38,624 [INFO] IPUIPlugin:80 - create IPUIPlugin
2025-10-11 19:04:38,624 [INFO] PluginManager:220 - loadIPPluginJar : add ipddr
2025-10-11 19:04:38,625 [INFO] IPUIPlugin:80 - create IPUIPlugin
2025-10-11 19:04:38,625 [INFO] PluginManager:220 - loadIPPluginJar : add opamp
2025-10-11 19:04:38,627 [INFO] IPUIPlugin:80 - create IPUIPlugin
2025-10-11 19:04:38,627 [INFO] PluginManager:220 - loadIPPluginJar : add dma3
2025-10-11 19:04:38,628 [INFO] IPUIPlugin:80 - create IPUIPlugin
2025-10-11 19:04:38,628 [INFO] PluginManager:220 - loadIPPluginJar : add dfsdm
2025-10-11 19:04:38,629 [INFO] IPUIPlugin:80 - create IPUIPlugin
2025-10-11 19:04:38,629 [INFO] PluginManager:220 - loadIPPluginJar : add ts
2025-10-11 19:04:38,631 [INFO] IPUIPlugin:80 - create IPUIPlugin
2025-10-11 19:04:38,631 [INFO] PluginManager:220 - loadIPPluginJar : add nvic
2025-10-11 19:04:38,632 [INFO] IPUIPlugin:80 - create IPUIPlugin
2025-10-11 19:04:38,632 [INFO] PluginManager:220 - loadIPPluginJar : add cryp
2025-10-11 19:04:38,635 [INFO] IPUIPlugin:80 - create IPUIPlugin
2025-10-11 19:04:38,635 [INFO] PluginManager:220 - loadIPPluginJar : add freertos
2025-10-11 19:04:38,636 [INFO] IPUIPlugin:80 - create IPUIPlugin
2025-10-11 19:04:38,636 [INFO] PluginManager:220 - loadIPPluginJar : add resmgrutility
2025-10-11 19:04:38,638 [INFO] IPUIPlugin:80 - create IPUIPlugin
2025-10-11 19:04:38,638 [INFO] PluginManager:220 - loadIPPluginJar : add gtzc
2025-10-11 19:04:38,638 [INFO] IPUIPlugin:80 - create IPUIPlugin
2025-10-11 19:04:38,639 [INFO] PluginManager:220 - loadIPPluginJar : add tracer_emb
2025-10-11 19:04:38,641 [INFO] IPUIPlugin:80 - create IPUIPlugin
2025-10-11 19:04:38,641 [INFO] PluginManager:220 - loadIPPluginJar : add stm32_wpan
2025-10-11 19:04:38,644 [INFO] IPUIPlugin:80 - create IPUIPlugin
2025-10-11 19:04:38,644 [INFO] PluginManager:220 - loadIPPluginJar : add gpio
2025-10-11 19:04:38,645 [INFO] IPUIPlugin:80 - create IPUIPlugin
2025-10-11 19:04:38,645 [INFO] PluginManager:220 - loadIPPluginJar : add sai
2025-10-11 19:04:38,646 [INFO] IPUIPlugin:80 - create IPUIPlugin
2025-10-11 19:04:38,646 [INFO] PluginManager:220 - loadIPPluginJar : add usbx
2025-10-11 19:04:38,648 [INFO] IPUIPlugin:80 - create IPUIPlugin
2025-10-11 19:04:38,648 [INFO] PluginManager:220 - loadIPPluginJar : add touchsensing
2025-10-11 19:04:38,649 [INFO] IPUIPlugin:80 - create IPUIPlugin
2025-10-11 19:04:38,649 [INFO] PluginManager:220 - loadIPPluginJar : add openamp
2025-10-11 19:04:38,650 [INFO] IPUIPlugin:80 - create IPUIPlugin
2025-10-11 19:04:38,650 [INFO] PluginManager:220 - loadIPPluginJar : add i3c
2025-10-11 19:04:38,651 [INFO] IPUIPlugin:80 - create IPUIPlugin
2025-10-11 19:04:38,651 [INFO] PluginManager:220 - loadIPPluginJar : add i2s
2025-10-11 19:04:38,652 [INFO] IPUIPlugin:80 - create IPUIPlugin
2025-10-11 19:04:38,653 [INFO] PluginManager:220 - loadIPPluginJar : add can
2025-10-11 19:04:38,654 [INFO] IPUIPlugin:80 - create IPUIPlugin
2025-10-11 19:04:38,654 [INFO] PluginManager:220 - loadIPPluginJar : add lorawan
2025-10-11 19:04:38,656 [INFO] IPUIPlugin:80 - create IPUIPlugin
2025-10-11 19:04:38,657 [INFO] PluginManager:220 - loadIPPluginJar : add adc
2025-10-11 19:04:38,658 [INFO] IPUIPlugin:80 - create IPUIPlugin
2025-10-11 19:04:38,658 [INFO] PluginManager:220 - loadIPPluginJar : add i2c
2025-10-11 19:04:38,661 [INFO] IPUIPlugin:80 - create IPUIPlugin
2025-10-11 19:04:38,661 [INFO] PluginManager:220 - loadIPPluginJar : add mdma
2025-10-11 19:04:38,749 [FATAL] Updater:351 - Updater called before beeing initialized
2025-10-11 19:04:38,763 [INFO] RulesReader:64 - Compatibility file has been processed (317 Rules)
2025-10-11 19:04:38,770 [INFO] RulesReader:64 - Compatibility file has been processed (317 Rules)
2025-10-11 19:04:38,774 [INFO] CADModel:165 - CPN selected for project level
2025-10-11 19:04:38,774 [INFO] CADModel:114 - Register for checkConnection events
2025-10-11 19:04:38,774 [FATAL] Updater:351 - Updater called before beeing initialized
2025-10-11 19:04:38,774 [ERROR] CADModel:125 - Updater not yet initialized, retry later 
2025-10-11 19:04:38,843 [FATAL] Updater:351 - Updater called before beeing initialized
2025-10-11 19:04:38,844 [INFO] CADModel:165 - CPN selected for project level
2025-10-11 19:04:38,844 [INFO] CADModel:114 - Register for checkConnection events
2025-10-11 19:04:38,844 [FATAL] Updater:351 - Updater called before beeing initialized
2025-10-11 19:04:38,844 [ERROR] CADModel:125 - Updater not yet initialized, retry later 
2025-10-11 19:04:38,846 [FATAL] Updater:351 - Updater called before beeing initialized
2025-10-11 19:04:38,898 [FATAL] Updater:351 - Updater called before beeing initialized
2025-10-11 19:04:38,900 [INFO] DbMcusAds:53 - JSON generation date=Thu Oct 02 12:36:05 EEST 2025 (1759397765645)
2025-10-11 19:04:38,900 [FATAL] Updater:351 - Updater called before beeing initialized
2025-10-11 19:04:38,920 [WARN] DetailPanel:346 - Failed to get advertising image, set to default
2025-10-11 19:04:38,964 [FATAL] Updater:351 - Updater called before beeing initialized
2025-10-11 19:04:38,965 [FATAL] Updater:351 - Updater called before beeing initialized
2025-10-11 19:04:38,965 [FATAL] Updater:351 - Updater called before beeing initialized
2025-10-11 19:04:38,965 [WARN] DetailPanel:346 - Failed to get advertising image, set to default
2025-10-11 19:04:38,966 [FATAL] Updater:351 - Updater called before beeing initialized
2025-10-11 19:04:38,984 [ERROR] Updater:1198 - MainUpdater not yet initialized. External WinMGr cannot be set.
2025-10-11 19:04:38,985 [INFO] Updater:1134 - Updater Version found : 6.15.0
2025-10-11 19:04:38,994 [INFO] ApplicationProperties:184 - Using Application install path: /opt/st/stm32cubeide_1.19.0/plugins/com.st.stm32cube.common.mx_6.15.0.202507011659
2025-10-11 19:04:39,233 [INFO] MainUpdater:2872 - connection check result : 10
2025-10-11 19:04:39,234 [INFO] MainUpdater:289 - Updater Check For Update Now.
2025-10-11 19:04:39,234 [INFO] MicroXplorer:498 - Change Database Version : DB.6.0.150
2025-10-11 19:04:39,241 [INFO] McuFinderGlobals:63 - Set McuFinder mode to 2 (CubeIDE integrated)
2025-10-11 19:04:39,242 [INFO] UserAuth:487 - Internet connection configuration mode: 1
2025-10-11 19:04:39,260 [INFO] JxBrowserEngine:152 - Initiate JxBrowser Engine with user profile folder
2025-10-11 19:04:39,405 [INFO] CheckServerUpdateThread:120 - End of CheckServer Thread
2025-10-11 19:04:40,026 [INFO] WebApp:169 - Instantiating new browser for Auth
2025-10-11 19:04:40,524 [INFO] WebApp:463 - Apply proxy settings
2025-10-11 19:04:40,524 [INFO] WebApp:548 - Chromium requires no authentication
2025-10-11 19:04:40,528 [INFO] WebApp:491 - Direct internet connection detected
2025-10-11 19:04:40,539 [INFO] WebApp:900 - Register for checkConnection events
2025-10-11 19:04:40,539 [INFO] WebApp:463 - Apply proxy settings
2025-10-11 19:04:40,539 [INFO] WebApp:548 - Chromium requires no authentication
2025-10-11 19:04:40,539 [INFO] WebApp:491 - Direct internet connection detected
2025-10-11 19:04:40,617 [INFO] WebApp:225 - Starting web application
2025-10-11 19:04:40,617 [INFO] WebApp:593 - Web application path used /opt/st/stm32cubeide_1.19.0/plugins/com.st.stm32cube.common.mx_6.15.0.202507011659/db/plugins/mcufinder/reactClient1/index.html
2025-10-11 19:04:40,690 [INFO] UserAuth:487 - Internet connection configuration mode: 1
2025-10-11 19:04:40,954 [INFO] WebApp:191 - Connection restablished
2025-10-11 19:04:41,404 [WARN] PackLoader:240 - Cannot read IP mode file for STMicroelectronics.FP-SNS-MOTENVWB1.1.4.0
2025-10-11 19:04:41,407 [WARN] PackLoader:240 - Cannot read IP mode file for STMicroelectronics.FP-ATR-ASTRA1.2.0.2
2025-10-11 19:04:41,411 [WARN] PackLoader:240 - Cannot read IP mode file for STMicroelectronics.X-CUBE-SMBUS.2.1.0
2025-10-11 19:04:41,414 [WARN] PackLoader:240 - Cannot read IP mode file for STMicroelectronics.X-CUBE-ST60.1.0.0
2025-10-11 19:04:41,431 [WARN] PackLoader:240 - Cannot read IP mode file for STMicroelectronics.X-CUBE-AZRTOS-F7.1.1.0
2025-10-11 19:04:41,438 [WARN] PackLoader:240 - Cannot read IP mode file for WES.I-CUBE-Cesium.1.4.0
2025-10-11 19:04:41,460 [WARN] PackLoader:240 - Cannot read IP mode file for Infineon.AIROC-Wi-Fi-Bluetooth-STM32.1.7.1
2025-10-11 19:04:41,478 [WARN] PackLoader:240 - Cannot read IP mode file for STMicroelectronics.X-CUBE-AZRTOS-H7.3.4.0
2025-10-11 19:04:41,485 [WARN] PackLoader:240 - Cannot read IP mode file for STMicroelectronics.X-CUBE-DISPLAY.3.0.0
2025-10-11 19:04:41,492 [WARN] PackLoader:240 - Cannot read IP mode file for STMicroelectronics.X-CUBE-NFC10.1.0.0
2025-10-11 19:04:41,495 [WARN] PackLoader:240 - Cannot read IP mode file for emotas.I-CUBE-CANOPEN.1.3.0
2025-10-11 19:04:41,499 [WARN] PackLoader:240 - Cannot read IP mode file for STMicroelectronics.FP-SNS-STBOX1.2.1.0
2025-10-11 19:04:41,503 [WARN] PackLoader:240 - Cannot read IP mode file for STMicroelectronics.FP-SNS-SMARTAG2.1.2.0
2025-10-11 19:04:41,504 [WARN] PackLoader:240 - Cannot read IP mode file for STMicroelectronics.FP-SNS-FLIGHT1.5.1.0
2025-10-11 19:04:41,509 [INFO] LogOutputStream:77 - [STDOUT_REDIRECT] 1 : Invalid condition id : UX_CORESTACK_Condition cause : null
2025-10-11 19:04:41,509 [INFO] LogOutputStream:77 - [STDOUT_REDIRECT] 1 : Invalid condition id : UX_CORESTACK_Condition cause : null
2025-10-11 19:04:41,509 [INFO] LogOutputStream:77 - [STDOUT_REDIRECT] 1 : Invalid condition id : UX_CORESTACK_Condition cause : null
2025-10-11 19:04:41,509 [INFO] LogOutputStream:77 - [STDOUT_REDIRECT] 1 : Invalid condition id : UX_CORESTACK_Condition cause : null
2025-10-11 19:04:41,509 [INFO] LogOutputStream:77 - [STDOUT_REDIRECT] 1 : Invalid condition id : UX_CORESTACK_Condition cause : null
2025-10-11 19:04:41,511 [WARN] PackLoader:240 - Cannot read IP mode file for STMicroelectronics.X-CUBE-AZRTOS-WL.2.0.0
2025-10-11 19:04:41,514 [WARN] PackLoader:240 - Cannot read IP mode file for STMicroelectronics.FP-SNS-MOTENV1.5.0.0
2025-10-11 19:04:41,517 [WARN] PackLoader:240 - Cannot read IP mode file for STMicroelectronics.X-CUBE-BLE2.3.3.0
2025-10-11 19:04:41,521 [WARN] PackLoader:240 - Cannot read IP mode file for STMicroelectronics.X-CUBE-NFC9.1.0.0
2025-10-11 19:04:41,524 [WARN] PackLoader:240 - Cannot read IP mode file for wolfSSL.I-CUBE-wolfSSL.5.8.2
2025-10-11 19:04:41,526 [WARN] PackLoader:240 - Cannot read IP mode file for STMicroelectronics.X-CUBE-BLE1.7.1.0
2025-10-11 19:04:41,527 [WARN] PackLoader:240 - Cannot read IP mode file for wolfSSL.I-CUBE-wolfMQTT.1.19.2
2025-10-11 19:04:41,530 [WARN] PackLoader:240 - Cannot read IP mode file for STMicroelectronics.X-CUBE-EEPRMA1.5.2.0
2025-10-11 19:04:41,539 [WARN] PackLoader:240 - Cannot read IP mode file for STMicroelectronics.X-CUBE-AZRTOS-G0.1.1.0
2025-10-11 19:04:41,543 [WARN] PackLoader:240 - Cannot read IP mode file for STMicroelectronics.X-CUBE-SAFEA1.1.2.2
2025-10-11 19:04:41,547 [WARN] PackLoader:240 - Cannot read IP mode file for STMicroelectronics.X-CUBE-NFC4.3.0.0
2025-10-11 19:04:41,552 [WARN] PackLoader:240 - Cannot read IP mode file for EmbeddedOffice.I-CUBE-FS-RTOS.1.0.1
2025-10-11 19:04:41,555 [WARN] PackLoader:240 - Cannot read IP mode file for STMicroelectronics.X-CUBE-WB05N.2.0.0
2025-10-11 19:04:41,557 [WARN] PackLoader:240 - Cannot read IP mode file for wolfSSL.I-CUBE-wolfTPM.3.8.0
2025-10-11 19:04:41,560 [WARN] PackLoader:240 - Cannot read IP mode file for STMicroelectronics.X-CUBE-TCPP.4.2.0
2025-10-11 19:04:41,563 [WARN] PackLoader:240 - Cannot read IP mode file for RealThread.X-CUBE-RT-Thread_Nano.4.1.1
2025-10-11 19:04:41,564 [WARN] PackLoader:240 - Cannot read IP mode file for STMicroelectronics.FP-ATR-SIGFOX1.3.2.0
2025-10-11 19:04:41,567 [WARN] PackLoader:240 - Cannot read IP mode file for ITTIA_DB.I-CUBE-ITTIADB.8.9.0
2025-10-11 19:04:41,570 [WARN] PackLoader:240 - Cannot read IP mode file for STMicroelectronics.X-CUBE-ST67W61.1.0.0
2025-10-11 19:04:41,573 [WARN] PackLoader:240 - Cannot read IP mode file for STMicroelectronics.X-CUBE-AI.10.2.0
2025-10-11 19:04:41,586 [WARN] PackLoader:240 - Cannot read IP mode file for SEGGER.I-CUBE-embOS.1.3.1
2025-10-11 19:04:41,641 [WARN] PackLoader:240 - Cannot read IP mode file for STMicroelectronics.X-CUBE-ALGOBUILD.1.4.0
2025-10-11 19:04:41,680 [WARN] PackLoader:240 - Cannot read IP mode file for STMicroelectronics.X-CUBE-MEMS1.11.3.0
2025-10-11 19:04:41,747 [WARN] PackLoader:240 - Cannot read IP mode file for STMicroelectronics.X-CUBE-PM33A1.1.0.0
2025-10-11 19:04:41,758 [WARN] PackLoader:240 - Cannot read IP mode file for STMicroelectronics.X-CUBE-AZRTOS-F4.1.1.0
2025-10-11 19:04:41,763 [WARN] PackLoader:240 - Cannot read IP mode file for Avnet-IotConnect.X-CUBE-IoTC-DA16k-PMOD.1.0.0
2025-10-11 19:04:41,766 [WARN] PackLoader:240 - Cannot read IP mode file for STMicroelectronics.X-CUBE-ISPU.2.1.0
2025-10-11 19:04:41,771 [WARN] PackLoader:240 - Cannot read IP mode file for STMicroelectronics.X-CUBE-NFC12.1.0.0
2025-10-11 19:04:41,785 [WARN] PackLoader:240 - Cannot read IP mode file for STMicroelectronics.X-CUBE-AZRTOS-L5.2.0.0
2025-10-11 19:04:41,793 [WARN] PackLoader:240 - Cannot read IP mode file for STMicroelectronics.X-CUBE-NFC6.3.1.0
2025-10-11 19:04:41,799 [WARN] PackLoader:240 - Cannot read IP mode file for STMicroelectronics.X-CUBE-FREERTOS.1.3.1
2025-10-11 19:04:41,802 [WARN] PackLoader:240 - Cannot read IP mode file for STMicroelectronics.X-CUBE-TOUCHGFX.4.26.0
2025-10-11 19:04:41,805 [WARN] PackLoader:240 - Cannot read IP mode file for STMicroelectronics.FP-SNS-STAIOTCFT.1.0.0
2025-10-11 19:04:41,808 [WARN] PackLoader:240 - Cannot read IP mode file for STMicroelectronics.X-CUBE-DPower.1.3.0
2025-10-11 19:04:41,821 [WARN] ConditionMgr:438 - getConditionDescription Invalid condition id : LAN8742 Phy interface Condition cause : null
2025-10-11 19:04:41,822 [WARN] PackLoader:240 - Cannot read IP mode file for STMicroelectronics.X-CUBE-AZRTOS-L4.2.0.0
2025-10-11 19:04:41,823 [WARN] ConditionMgr:1044 - genDependencies : Invalid condition id : LAN8742 Phy interface Condition cause : null
2025-10-11 19:04:41,823 [WARN] ConditionMgr:1044 - genDependencies : Invalid condition id : LAN8742 Phy interface Condition cause : null
2025-10-11 19:04:41,824 [WARN] ConditionMgr:1044 - genDependencies : Invalid condition id : LAN8742 Phy interface Condition cause : null
2025-10-11 19:04:41,828 [WARN] PackLoader:240 - Cannot read IP mode file for STMicroelectronics.X-CUBE-SFXS2LP1.4.0.0
2025-10-11 19:04:41,837 [WARN] PackLoader:240 - Cannot read IP mode file for STMicroelectronics.X-CUBE-BLEMGR.4.1.0
2025-10-11 19:04:41,846 [WARN] ConditionMgr:438 - getConditionDescription Invalid condition id : UX DEVICE CLASS RTOS Condition cause : null
2025-10-11 19:04:41,846 [WARN] ConditionMgr:438 - getConditionDescription Invalid condition id : UX DEVICE CLASS RTOS Condition cause : null
2025-10-11 19:04:41,847 [WARN] PackLoader:240 - Cannot read IP mode file for STMicroelectronics.X-CUBE-AZRTOS-WB.2.0.0
2025-10-11 19:04:41,848 [WARN] ConditionMgr:1044 - genDependencies : Invalid condition id : UX DEVICE CLASS RTOS Condition cause : null
2025-10-11 19:04:41,848 [WARN] ConditionMgr:1044 - genDependencies : Invalid condition id : UX DEVICE CLASS RTOS Condition cause : null
2025-10-11 19:04:41,848 [WARN] ConditionMgr:1044 - genDependencies : Invalid condition id : UX DEVICE CLASS RTOS Condition cause : null
2025-10-11 19:04:41,848 [WARN] ConditionMgr:1044 - genDependencies : Invalid condition id : UX DEVICE CLASS RTOS Condition cause : null
2025-10-11 19:04:41,848 [WARN] ConditionMgr:1044 - genDependencies : Invalid condition id : UX DEVICE CLASS RTOS Condition cause : null
2025-10-11 19:04:41,851 [WARN] PackLoader:240 - Cannot read IP mode file for STMicroelectronics.X-CUBE-GNSS1.7.0.1
2025-10-11 19:04:41,853 [WARN] PackLoader:240 - Cannot read IP mode file for STMicroelectronics.X-CUBE-TOUCHGFX.4.25.0
2025-10-11 19:04:41,854 [WARN] ConditionMgr:438 - getConditionDescription Invalid condition id : Cortex-A Device cause : null
2025-10-11 19:04:41,859 [WARN] ConditionMgr:1044 - genDependencies : Invalid condition id : Cortex-A Device cause : null
2025-10-11 19:04:41,860 [WARN] ConditionMgr:1044 - genDependencies : Invalid condition id : Cortex-A Device cause : null
2025-10-11 19:04:41,860 [WARN] ConditionMgr:1044 - genDependencies : Invalid condition id : Cortex-A Device cause : null
2025-10-11 19:04:41,867 [WARN] PackLoader:240 - Cannot read IP mode file for STMicroelectronics.X-CUBE-SUBG2.5.0.0
2025-10-11 19:04:41,878 [WARN] PackLoader:240 - Cannot read IP mode file for STMicroelectronics.X-CUBE-AZRTOS-H7RS.1.1.0
2025-10-11 19:04:41,881 [WARN] PackLoader:240 - Cannot read IP mode file for Cesanta.I-CUBE-Mongoose.7.13.0
2025-10-11 19:04:41,891 [WARN] PackLoader:240 - Cannot read IP mode file for STMicroelectronics.X-CUBE-AZRTOS-G4.2.0.0
2025-10-11 19:04:41,894 [WARN] PackLoader:240 - Cannot read IP mode file for wolfSSL.I-CUBE-wolfSSH.1.4.20
2025-10-11 19:04:41,896 [WARN] PackLoader:240 - Cannot read IP mode file for STMicroelectronics.X-CUBE-NFC7.2.0.0
2025-10-11 19:04:41,903 [WARN] PackLoader:240 - Cannot read IP mode file for STMicroelectronics.X-CUBE-IPS.3.1.0
2025-10-11 19:04:41,910 [WARN] PackLoader:240 - Cannot read IP mode file for STMicroelectronics.X-CUBE-ALS.1.0.2
2025-10-11 19:04:41,913 [WARN] PackLoader:240 - Cannot read IP mode file for STMicroelectronics.X-CUBE-STSE01.1.0.0
2025-10-11 19:04:41,921 [WARN] PackLoader:240 - Cannot read IP mode file for STMicroelectronics.X-CUBE-TOF1.3.4.3
2025-10-11 19:04:41,930 [INFO] ThirdParty:978 - Integrity check success = true
2025-10-11 19:04:41,930 [INFO] IntegrityCheckThread:100 - exiting critical section [integrity check]
2025-10-11 19:04:41,930 [INFO] IntegrityCheckThread:103 - End integrity checks thread
2025-10-11 19:04:51,124 [INFO] McuFinderGlobals:63 - Set McuFinder mode to 2 (CubeIDE integrated)
2025-10-11 19:04:51,125 [INFO] MainUpdater:2872 - connection check result : 10
2025-10-11 19:04:51,434 [INFO] ApiDb:581 - Connected to CubeFinder SQLite database (/home/oleksii/.stmcufinder/plugins/mcufinder/mcu/cube-finder-db.db)
2025-10-11 19:04:51,471 [INFO] ApiDb:668 - CubeFinder database Data Model version=2.1
2025-10-11 19:04:51,471 [INFO] ApiDb:669 - CubeFinder database Configuration version=3.0.39
2025-10-11 19:04:51,471 [INFO] ApiDb:670 - CubeFinder database generation date=2025-08-25 (1756130511)
2025-10-11 19:04:51,471 [INFO] ApiDb:671 - CubeFinder database FW Pack versions=[FP-ATR-ASTRA1_V2.0.0, FP-SNS-FLIGHT1_V5.1.0, FP-SNS-MOTENV1_V5.0.0, FP-SNS-MOTENVWB1_V1.4.0, FP-SNS-SMARTAG2_V1.2.0, FP-SNS-STBOX1_V2.1.0, STM32Cube_FW_C0_V1.4.0, STM32Cube_FW_F4_V1.28.3, STM32Cube_FW_F7_V1.17.4, STM32Cube_FW_G0_V1.6.2, STM32Cube_FW_G4_V1.6.1, STM32Cube_FW_H5_V1.5.0, STM32Cube_FW_H7RS_V1.2.0, STM32Cube_FW_H7_V1.12.1, STM32Cube_FW_L0_V1.12.2, STM32Cube_FW_L4_V1.18.1, STM32Cube_FW_L5_V1.5.1, STM32Cube_FW_N6_V1.2.0, STM32Cube_FW_U0_V1.3.0, STM32Cube_FW_U3_V1.2.0, STM32Cube_FW_U5_V1.8.0, STM32Cube_FW_WB0_V1.3.0, STM32Cube_FW_WBA_V1.7.0, STM32Cube_FW_WB_V1.23.0, STM32Cube_FW_WL3_V1.2.0, STM32Cube_FW_WL_V1.3.1, X-CUBE-ALGOBUILD_V1.4.0, X-CUBE-ALS_V1.0.2, X-CUBE-AZRTOS-F4_V1.1.0, X-CUBE-AZRTOS-F7_V1.1.0, X-CUBE-AZRTOS-G0_V1.1.0, X-CUBE-AZRTOS-G4_V2.0.0, X-CUBE-AZRTOS-H7RS_V1.1.0, X-CUBE-AZRTOS-H7_V3.4.0, X-CUBE-AZRTOS-L4_V2.0.0, X-CUBE-AZRTOS-L5_V2.0.0, X-CUBE-AZRTOS-WB_V2.0.0, X-CUBE-AZRTOS-WL_V2.0.0, X-CUBE-BLE1_V7.1.0, X-CUBE-BLE2_V3.3.0, X-CUBE-BLEMGR_V4.1.0, X-CUBE-EEPRMA1_V5.2.0, X-CUBE-FREERTOS_V1.3.1, X-CUBE-GNSS1_V6.0.0, X-CUBE-MEMS1_V11.3.0, X-CUBE-NFC4_V3.0.0, X-CUBE-NFC7_V2.0.0, X-CUBE-SFXS2LP1_V4.0.0, X-CUBE-ST67W61_V1.0.0, X-CUBE-SUBG2_V5.0.0, X-CUBE-TOF1_V3.4.3]
2025-10-11 19:04:53,275 [INFO] ApiDb:240 - Found 880 in-development CPN: [B-G473E-ZEST1S, B-WB1M-WPAN1, B-WBA5M-WPAN, B-WL5M-SUBG1, NUCLEO-C031C6, NUCLEO-C051C8, NUCLEO-C071RB, NUCLEO-C092RC, NUCLEO-H503RB, NUCLEO-H533RE, NUCLEO-H563ZI, NUCLEO-H7S3L8, NUCLEO-N657X0-Q, NUCLEO-U031R8, NUCLEO-U083RC, NUCLEO-U385RG-Q, NUCLEO-U545RE-Q, NUCLEO-U5A5ZJ-Q, NUCLEO-WB05KZ, NUCLEO-WB07CC, NUCLEO-WB09KE, NUCLEO-WBA52CG, NUCLEO-WBA55CG, NUCLEO-WL33CC1, NUCLEO-WL33CC2, STEVAL-PROTEUS1, STEVAL-SMARTAG2, STEVAL-STWINBX1, STM320518-EVAL, STM32C0116-DK, STM32C011D6Y3TR, STM32C011D6Y6TR, STM32C011F4P3, STM32C011F4P6, STM32C011F4U3, STM32C011F4U6TR, STM32C011F6P3, STM32C011F6P6, STM32C011F6U3, STM32C011F6U6TR, STM32C011J4M3, STM32C011J4M6, STM32C011J6M3, STM32C011J6M6, STM32C0316-DK, STM32C031C4T3, STM32C031C4T6, STM32C031C4U3, STM32C031C4U6, STM32C031C6T3, STM32C031C6T6, STM32C031C6U3, STM32C031C6U6, STM32C031F4P3, STM32C031F4P6, STM32C031F6P3, STM32C031F6P6, STM32C031G4U3, STM32C031G4U6, STM32C031G6U3, STM32C031G6U6, STM32C031K4T3, STM32C031K4T6, STM32C031K4U3, STM32C031K4U6, STM32C031K6T3, STM32C031K6T6, STM32C031K6U3, STM32C031K6U6, STM32C051C6T6, STM32C051C6U6, STM32C051C8T6, STM32C051C8U6, STM32C051D8Y6TR, STM32C051F6P6, STM32C051F8P6, STM32C051G6U6, STM32C051G8U6, STM32C051K6T6, STM32C051K6U6, STM32C051K8T6, STM32C071C8T6, STM32C071C8T6N, STM32C071C8U6, STM32C071C8U6N, STM32C071CBT6, STM32C071CBT6N, STM32C071CBU6, STM32C071CBU6N, STM32C071F8P6, STM32C071F8P6N, STM32C071FBP6, STM32C071FBP6N, STM32C071FBY6TR, STM32C071G8U6, STM32C071G8U6N, STM32C071GBU6, STM32C071GBU6N, STM32C071K8T6, STM32C071K8T6N, STM32C071K8U6, STM32C071K8U6N, STM32C071KBT6, STM32C071KBT6N, STM32C071KBU6, STM32C071KBU6N, STM32C071R8T6, STM32C071R8T6N, STM32C071RBI6N, STM32C071RBT6, STM32C071RBT6N, STM32C091CBT6, STM32C091CBU6, STM32C091CCT6, STM32C091CCU6, STM32C091ECY6TR, STM32C091FBP6, STM32C091FCP6, STM32C091GBU6, STM32C091GCU6, STM32C091KBT6, STM32C091KBU6, STM32C091KCT6, STM32C091KCU6, STM32C091RBT6, STM32C091RCI6, STM32C091RCT6, STM32C092CBT6, STM32C092CBU6, STM32C092CCT6, STM32C092CCU6, STM32C092ECY6TR, STM32C092FBP6, STM32C092FCP6, STM32C092GBU6, STM32C092GCU6, STM32C092KBT6, STM32C092KBU6, STM32C092KCT6, STM32C092KCU6, STM32C092RBT6, STM32C092RCI6, STM32C092RCT6, STM32G071K8TXN, STM32G071K8UXN, STM32G081GBU6N, STM32G081KBT6N, STM32G081KBUXN, STM32G0B1CCT6N, STM32G0B1KCT6, STM32G0B1NEY6TR, STM32G0B1RCT6N, STM32G0C1CCT6, STM32G0C1CCT6N, STM32G0C1CCU6N, STM32G0C1CET6N, STM32G0C1CEU6N, STM32G0C1KCT6, STM32G0C1NEY6TR, STM32G0C1RCI6N, STM32G0C1RCT6N, STM32G0C1REI6N, STM32G0C1RET6N, STM32G0C1VCI6, STM32G0C1VEI6, STM32G411C6T3, STM32G411C6T6, STM32G411C6U3, STM32G411C6U6, STM32G411C8T3, STM32G411C8T6, STM32G411C8U3, STM32G411C8U6, STM32G411CBT3, STM32G411CBT6, STM32G411CBU3, STM32G411CBU6, STM32G411K6T3, STM32G411K6T6, STM32G411K6U3, STM32G411K6U6, STM32G411K8T3, STM32G411K8T6, STM32G411K8U3, STM32G411K8U6, STM32G411KBT3, STM32G411KBT6, STM32G411KBU3, STM32G411KBU6, STM32G411M6T3, STM32G411M6T6, STM32G411M8T3, STM32G411M8T6, STM32G411MBT3, STM32G411MBT6, STM32G411R6T3, STM32G411R6T6, STM32G411R8T3, STM32G411R8T6, STM32G411RBT3, STM32G411RBT6, STM32G414CBT3, STM32G414CBT6, STM32G414CBU3, STM32G414CBU6, STM32G414CCT3, STM32G414CCT6, STM32G414CCU3, STM32G414CCU6, STM32G414MBT3, STM32G414MBT6, STM32G414MCT3, STM32G414MCT6, STM32G414RBT3, STM32G414RBT6, STM32G414RCT3, STM32G414RCT6, STM32G414VBT3, STM32G414VBT6, STM32G414VCT3, STM32G414VCT6, STM32G431CBT3Z, STM32G431RBT3Z, STM32G471CCT6, STM32G471CCU6, STM32G471CET3, STM32G471CET6, STM32G471CEU3, STM32G471CEU6, STM32G471MCT6, STM32G471MET3, STM32G471MET6, STM32G471MEY6TR, STM32G471QCT6, STM32G471QET3, STM32G471RCT6, STM32G471RET3, STM32G471RET6, STM32G471VCH6, STM32G471VCI6, STM32G471VCT6, STM32G471VEH3, STM32G471VEH6, STM32G471VEI3, STM32G471VEI6, STM32G471VET3, STM32G471VET6, STM32G473QET3Z, STM32G473RET3Z, STM32G474CCT6, STM32G491RET3Z, STM32H503CBT6, STM32H503CBU6, STM32H503EBY6TR, STM32H503KBU6, STM32H503RBT6, STM32H523CCT6, STM32H523CCU6, STM32H523CET6, STM32H523CEU6, STM32H523HEY6TR, STM32H523RCT6, STM32H523RET6, STM32H523VCI6, STM32H523VCT6, STM32H523VEI6, STM32H523VET6, STM32H523ZCJ6, STM32H523ZCT6, STM32H523ZEJ6, STM32H523ZET6, STM32H533CET6, STM32H533CEU6, STM32H533HEY6TR, STM32H533RET6, STM32H533VEI6, STM32H533VET6, STM32H533ZEJ6, STM32H533ZET6, STM32H562AGI6, STM32H562AII6, STM32H562IGK6, STM32H562IGT6, STM32H562IIK6, STM32H562IIT6, STM32H562RGT6, STM32H562RGV6, STM32H562RIT6, STM32H562RIV6, STM32H562VGT6, STM32H562VIT6, STM32H562ZGT6, STM32H562ZIT6, STM32H563AGI6, STM32H563AII3Q, STM32H563AII6, STM32H563IGK6, STM32H563IGT6, STM32H563IIK3Q, STM32H563IIK6, STM32H563IIT3Q, STM32H563IIT6, STM32H563MIY3QTR, STM32H563RGT6, STM32H563RGV6, STM32H563RIT6, STM32H563RIV6, STM32H563VGT6, STM32H563VIT3Q, STM32H563VIT6, STM32H563ZGT6, STM32H563ZIT3Q, STM32H563ZIT6, STM32H573AII3Q, STM32H573AII6, STM32H573I-DK, STM32H573IIK3Q, STM32H573IIK6, STM32H573IIT3Q, STM32H573IIT6, STM32H573MIY3QTR, STM32H573RIT6, STM32H573RIV6, STM32H573VIT3Q, STM32H573VIT6, STM32H573ZIT3Q, STM32H573ZIT6, STM32H7R3A8I6, STM32H7R3I8K6, STM32H7R3I8T6, STM32H7R3L8H6, STM32H7R3L8H6H, STM32H7R3R8V6, STM32H7R3V8H6, STM32H7R3V8T6, STM32H7R3V8Y6TR, STM32H7R3Z8J6, STM32H7R3Z8T6, STM32H7R7A8I6, STM32H7R7I8K6, STM32H7R7I8T6, STM32H7R7L8H6, STM32H7R7L8H6H, STM32H7R7Z8J6, STM32H7S3A8I6, STM32H7S3I8K6, STM32H7S3I8T6, STM32H7S3L8H6, STM32H7S3L8H6H, STM32H7S3R8V6, STM32H7S3V8H6, STM32H7S3V8T6, STM32H7S3V8Y6TR, STM32H7S3Z8J6, STM32H7S3Z8T6, STM32H7S78-DK, STM32H7S7A8I6, STM32H7S7I8K6, STM32H7S7I8T6, STM32H7S7L8H6, STM32H7S7L8H6H, STM32H7S7Z8J6, STM32L4R5QGI6STR, STM32MP131AAE3, STM32MP131AAF3, STM32MP131AAG3, STM32MP131CAE3, STM32MP131CAF3, STM32MP131CAG3, STM32MP131DAE7, STM32MP131DAF7, STM32MP131DAG7, STM32MP131FAE7, STM32MP131FAF7, STM32MP131FAG7, STM32MP133AAE3, STM32MP133AAF3, STM32MP133AAG3, STM32MP133CAE3, STM32MP133CAF3, STM32MP133CAG3, STM32MP133DAE7, STM32MP133DAF7, STM32MP133DAG7, STM32MP133FAE7, STM32MP133FAF7, STM32MP133FAG7, STM32MP135AAE3, STM32MP135AAF3, STM32MP135AAG3, STM32MP135CAE3, STM32MP135CAF3, STM32MP135CAG3, STM32MP135DAE7, STM32MP135DAF7, STM32MP135DAG7, STM32MP135F-DK, STM32MP135FAE7, STM32MP135FAF7, STM32MP135FAF7T, STM32MP135FAF7U, STM32MP135FAG7, STM32MP211AAL3, STM32MP211AAM3, STM32MP211AAN3, STM32MP211AAO3, STM32MP211CAL3, STM32MP211CAM3, STM32MP211CAN3, STM32MP211CAO3, STM32MP211DAL3, STM32MP211DAM3, STM32MP211DAN3, STM32MP211DAO3, STM32MP211FAL3, STM32MP211FAM3, STM32MP211FAN3, STM32MP211FAO3, STM32MP213AAL3, STM32MP213AAM3, STM32MP213AAN3, STM32MP213AAO3, STM32MP213CAL3, STM32MP213CAM3, STM32MP213CAN3, STM32MP213CAO3, STM32MP213DAL3, STM32MP213DAM3, STM32MP213DAN3, STM32MP213DAO3, STM32MP213FAL3, STM32MP213FAM3, STM32MP213FAN3, STM32MP213FAO3, STM32MP215AAL3, STM32MP215AAM3, STM32MP215AAN3, STM32MP215AAO3, STM32MP215CAL3, STM32MP215CAM3, STM32MP215CAN3, STM32MP215CAO3, STM32MP215DAL3, STM32MP215DAM3, STM32MP215DAN3, STM32MP215DAO3, STM32MP215F-DK, STM32MP215FAL3, STM32MP215FAM3, STM32MP215FAN3, STM32MP215FAO3, STM32MP231AAJ3, STM32MP231AAK3, STM32MP231AAL3, STM32MP231CAJ3, STM32MP231CAK3, STM32MP231CAL3, STM32MP231DAJ3, STM32MP231DAK3, STM32MP231DAL3, STM32MP231FAJ3, STM32MP231FAK3, STM32MP231FAL3, STM32MP233AAJ3, STM32MP233AAK3, STM32MP233AAL3, STM32MP233CAJ3, STM32MP233CAK3, STM32MP233CAL3, STM32MP233DAJ3, STM32MP233DAK3, STM32MP233DAL3, STM32MP233FAJ3, STM32MP233FAK3, STM32MP233FAL3, STM32MP235AAJ3, STM32MP235AAK3, STM32MP235AAL3, STM32MP235CAJ3, STM32MP235CAK3, STM32MP235CAL3, STM32MP235DAJ3, STM32MP235DAK3, STM32MP235DAL3, STM32MP235FAJ3, STM32MP235FAK3, STM32MP235FAL3, STM32MP251AAI3, STM32MP251AAK3, STM32MP251AAL3, STM32MP251CAI3, STM32MP251CAK3, STM32MP251CAL3, STM32MP251DAI3, STM32MP251DAK3, STM32MP251DAL3, STM32MP251FAI3, STM32MP251FAK3, STM32MP251FAL3, STM32MP253AAI3, STM32MP253AAK3, STM32MP253AAL3, STM32MP253CAI3, STM32MP253CAK3, STM32MP253CAL3, STM32MP253DAI3, STM32MP253DAK3, STM32MP253DAL3, STM32MP253FAI3, STM32MP253FAK3, STM32MP253FAL3, STM32MP255AAI3, STM32MP255AAK3, STM32MP255AAL3, STM32MP255CAI3, STM32MP255CAK3, STM32MP255CAL3, STM32MP255DAI3, STM32MP255DAK3, STM32MP255DAL3, STM32MP255FAI3, STM32MP255FAK3, STM32MP255FAL3, STM32MP257AAI3, STM32MP257AAK3, STM32MP257AAL3, STM32MP257CAI3, STM32MP257CAK3, STM32MP257CAL3, STM32MP257DAI3, STM32MP257DAK3, STM32MP257DAL3, STM32MP257F-DK, STM32MP257F-EV1, STM32MP257FAI3, STM32MP257FAK3, STM32MP257FAL3, STM32N645A0H3Q, STM32N645B0H3Q, STM32N645I0H3Q, STM32N645L0H3Q, STM32N645X0H3Q, STM32N645Z0H3Q, STM32N647A0H3Q, STM32N647B0H3Q, STM32N647I0H3Q, STM32N647L0H3Q, STM32N647X0H3Q, STM32N647Z0H3Q, STM32N655A0H3Q, STM32N655B0H3Q, STM32N655I0H3Q, STM32N655L0H3Q, STM32N655X0H3Q, STM32N655Z0H3Q, STM32N6570-DK, STM32N657A0H3Q, STM32N657B0H3Q, STM32N657I0H3Q, STM32N657L0H3Q, STM32N657X0H3Q, STM32N657Z0H3Q, STM32U031C6T6, STM32U031C6U6, STM32U031C8T6, STM32U031C8U6, STM32U031F4P6, STM32U031F6P6, STM32U031F8P6, STM32U031G6Y6TR, STM32U031G8Y6TR, STM32U031K4U6, STM32U031K6U6, STM32U031K8U6, STM32U031R6I6, STM32U031R6T6, STM32U031R8I6, STM32U031R8T6, STM32U073C8T6, STM32U073C8U6, STM32U073CBT6, STM32U073CBU6, STM32U073CCT6, STM32U073CCU6, STM32U073H8Y6TR, STM32U073HBY6TR, STM32U073HCY6TR, STM32U073K8U6, STM32U073KBU6, STM32U073KCU6, STM32U073M8I6, STM32U073M8T6, STM32U073MBI6, STM32U073MBT6, STM32U073MCI6, STM32U073MCT6, STM32U073R8I6, STM32U073R8T6, STM32U073RBI6, STM32U073RBT6, STM32U073RCI6, STM32U073RCT6, STM32U083C-DK, STM32U083CCT6, STM32U083CCU6, STM32U083HCY6TR, STM32U083KCU6, STM32U083MCI6, STM32U083MCT6, STM32U083RCI6, STM32U083RCT6, STM32U375CET6, STM32U375CET6Q, STM32U375CEU6, STM32U375CEU6Q, STM32U375CEY6QTR, STM32U375CGT6, STM32U375CGT6Q, STM32U375CGU6, STM32U375CGU6Q, STM32U375CGY6QTR, STM32U375KEU6, STM32U375KGU6, STM32U375REI6, STM32U375REI6Q, STM32U375RET6, STM32U375RET6Q, STM32U375REY6GTR, STM32U375REY6QTR, STM32U375RGI6, STM32U375RGI6Q, STM32U375RGT6, STM32U375RGT6Q, STM32U375RGY6GTR, STM32U375RGY6QTR, STM32U375VEI6, STM32U375VEI6Q, STM32U375VET6, STM32U375VET6Q, STM32U375VGI6, STM32U375VGI6Q, STM32U375VGT6, STM32U375VGT6Q, STM32U385CGT6, STM32U385CGT6Q, STM32U385CGU6, STM32U385CGU6Q, STM32U385CGY6QTR, STM32U385KGU6, STM32U385RGI6, STM32U385RGI6Q, STM32U385RGT6, STM32U385RGT6Q, STM32U385RGY6GTR, STM32U385RGY6QTR, STM32U385VGI6, STM32U385VGI6Q, STM32U385VGT6, STM32U385VGT6Q, STM32U535CBT6, STM32U535CBT6Q, STM32U535CBU6, STM32U535CBU6Q, STM32U535CCT6, STM32U535CCT6Q, STM32U535CCU6, STM32U535CCU6Q, STM32U535CET6, STM32U535CET6Q, STM32U535CEU6, STM32U535CEU6Q, STM32U535JEY6QTR, STM32U535NCY6QTR, STM32U535NEY6QTR, STM32U535RBI6, STM32U535RBI6Q, STM32U535RBT6, STM32U535RBT6Q, STM32U535RCI6, STM32U535RCI6Q, STM32U535RCT6, STM32U535RCT6Q, STM32U535REI6, STM32U535REI6Q, STM32U535RET6, STM32U535RET6Q, STM32U535VCI6, STM32U535VCI6Q, STM32U535VCT6, STM32U535VCT6Q, STM32U535VEI6, STM32U535VEI6Q, STM32U535VET6, STM32U535VET6Q, STM32U545CET6, STM32U545CET6Q, STM32U545CEU6, STM32U545CEU6Q, STM32U545JEY6QTR, STM32U545NEY6QTR, STM32U545REI6, STM32U545REI6Q, STM32U545RET6, STM32U545RET6Q, STM32U545VEI6, STM32U545VEI6Q, STM32U545VET6, STM32U545VET6Q, STM32U595AIH6, STM32U595AIH6Q, STM32U595AJH6, STM32U595AJH6Q, STM32U595QII6, STM32U595QII6Q, STM32U595QJI6, STM32U595QJI6Q, STM32U595RIT6, STM32U595RIT6Q, STM32U595RJT6, STM32U595RJT6Q, STM32U595VIT6, STM32U595VIT6Q, STM32U595VJT6, STM32U595VJT6Q, STM32U595ZIT6, STM32U595ZIT6Q, STM32U595ZIY6QTR, STM32U595ZJT6, STM32U595ZJT6Q, STM32U595ZJY6QTR, STM32U599BJY6QTR, STM32U599NIH6Q, STM32U599NJH6Q, STM32U599VIT6Q, STM32U599VJT6, STM32U599VJT6Q, STM32U599ZIT6Q, STM32U599ZIY6QTR, STM32U599ZJT6Q, STM32U599ZJY6QTR, STM32U5A5AJH6, STM32U5A5AJH6Q, STM32U5A5QII3Q , STM32U5A5QJI6, STM32U5A5QJI6Q, STM32U5A5RJT6, STM32U5A5RJT6Q, STM32U5A5VJT6, STM32U5A5VJT6Q, STM32U5A5ZJT6, STM32U5A5ZJT6Q, STM32U5A5ZJY6QTR, STM32U5A9BJY6QTR, STM32U5A9J-DK, STM32U5A9NJH6Q, STM32U5A9VJT6Q, STM32U5A9ZJT6Q, STM32U5A9ZJY6QTR, STM32U5F7VIT6, STM32U5F7VIT6Q, STM32U5F7VJT6, STM32U5F7VJT6Q, STM32U5F9BJY6QTR, STM32U5F9NJH6Q, STM32U5F9VIT6Q, STM32U5F9VJT6Q, STM32U5F9ZIJ6QTR, STM32U5F9ZIT6Q, STM32U5F9ZJJ6QTR, STM32U5F9ZJT6Q, STM32U5G7VJT6, STM32U5G7VJT6Q, STM32U5G9BJY6QTR, STM32U5G9J-DK1, STM32U5G9J-DK2, STM32U5G9NJH6Q, STM32U5G9VJT6Q, STM32U5G9ZJJ6QTR, STM32U5G9ZJT6Q, STM32WB05KZV6TR, STM32WB05KZV7TR, STM32WB05TZF6TR, STM32WB05TZF7TR, STM32WB06CCF6TR, STM32WB06CCF7TR, STM32WB06CCV6TR, STM32WB06CCV7TR, STM32WB06KCV6TR, STM32WB06KCV7TR, STM32WB07CCF6TR, STM32WB07CCF7TR, STM32WB07CCV6TR, STM32WB07CCV7TR, STM32WB07KCV6TR, STM32WB07KCV7TR, STM32WB09KEV6TR, STM32WB09KEV7TR, STM32WB09TEF6TR, STM32WB09TEF7TR, STM32WB1MMCH6, STM32WBA50KGU6, STM32WBA50KGU6TR, STM32WBA52CEU6, STM32WBA52CEU6TR, STM32WBA52CEU7, STM32WBA52CEU7TR, STM32WBA52CGU6, STM32WBA52CGU6TR, STM32WBA52CGU6U, STM32WBA52CGU7, STM32WBA52CGU7TR, STM32WBA52KEU6, STM32WBA52KEU6TR, STM32WBA52KGU6, STM32WBA52KGU6TR, STM32WBA54CEU6, STM32WBA54CEU6TR, STM32WBA54CEU7, STM32WBA54CEU7TR, STM32WBA54CGU6, STM32WBA54CGU6TR, STM32WBA54CGU7, STM32WBA54CGU7TR, STM32WBA54KEU6, STM32WBA54KEU6TR, STM32WBA54KEU7, STM32WBA54KEU7TR, STM32WBA54KGU6, STM32WBA54KGU6TR, STM32WBA54KGU7, STM32WBA54KGU7TR, STM32WBA55CEU6, STM32WBA55CEU6TR, STM32WBA55CEU7, STM32WBA55CEU7TR, STM32WBA55CGU6, STM32WBA55CGU6TR, STM32WBA55CGU6U, STM32WBA55CGU7, STM32WBA55CGU7TR, STM32WBA55G-DK1, STM32WBA55HEF6, STM32WBA55HEF7, STM32WBA55HGF6, STM32WBA55HGF7, STM32WBA55UEI6, STM32WBA55UEI6TR, STM32WBA55UEI7, STM32WBA55UEI7TR, STM32WBA55UGI6, STM32WBA55UGI6TR, STM32WBA55UGI7, STM32WBA55UGI7TR, STM32WBA5MMGH6TR, STM32WBA62MGF6, STM32WBA62MIF6, STM32WBA65MGF7, STM32WBA65MIF6, STM32WBA65MIF7, STM32WL30K8V6, STM32WL30KBV6, STM32WL31C8V6, STM32WL31CBV6, STM32WL31K8V6, STM32WL31KBV6, STM32WL33C8V6, STM32WL33C8V6X, STM32WL33CBV6, STM32WL33CBV6X, STM32WL33CCV6, STM32WL33CCV6A, STM32WL33CCV6X, STM32WL33K8V7, STM32WL33K8V7X, STM32WL33KBV7 , STM32WL33KBV7X, STM32WL33KCV7, STM32WL33KCV7X, STM32WL5MOCH6, STM32WL5MOCH6TR]
2025-10-11 19:04:53,280 [INFO] DbMcus:218 - Found 4801 MCUs, 4801 are supported
2025-10-11 19:04:53,280 [INFO] ApiDb:423 - Load user favorites file /home/oleksii/.stm32cubeide/favorites.mcus.txt: 0 item(s)
2025-10-11 19:04:53,280 [INFO] ApiDb:427 - User favorites MCUs=[]
2025-10-11 19:04:53,280 [INFO] DbMcus:224 - Set 0 / 0 favorites MCUs
2025-10-11 19:04:53,565 [INFO] ApiDb:668 - CubeFinder database Data Model version=2.1
2025-10-11 19:04:53,565 [INFO] ApiDb:669 - CubeFinder database Configuration version=3.0.39
2025-10-11 19:04:53,565 [INFO] ApiDb:670 - CubeFinder database generation date=2025-08-25 (1756130511)
2025-10-11 19:04:53,565 [INFO] ApiDb:671 - CubeFinder database FW Pack versions=[FP-ATR-ASTRA1_V2.0.0, FP-SNS-FLIGHT1_V5.1.0, FP-SNS-MOTENV1_V5.0.0, FP-SNS-MOTENVWB1_V1.4.0, FP-SNS-SMARTAG2_V1.2.0, FP-SNS-STBOX1_V2.1.0, STM32Cube_FW_C0_V1.4.0, STM32Cube_FW_F4_V1.28.3, STM32Cube_FW_F7_V1.17.4, STM32Cube_FW_G0_V1.6.2, STM32Cube_FW_G4_V1.6.1, STM32Cube_FW_H5_V1.5.0, STM32Cube_FW_H7RS_V1.2.0, STM32Cube_FW_H7_V1.12.1, STM32Cube_FW_L0_V1.12.2, STM32Cube_FW_L4_V1.18.1, STM32Cube_FW_L5_V1.5.1, STM32Cube_FW_N6_V1.2.0, STM32Cube_FW_U0_V1.3.0, STM32Cube_FW_U3_V1.2.0, STM32Cube_FW_U5_V1.8.0, STM32Cube_FW_WB0_V1.3.0, STM32Cube_FW_WBA_V1.7.0, STM32Cube_FW_WB_V1.23.0, STM32Cube_FW_WL3_V1.2.0, STM32Cube_FW_WL_V1.3.1, X-CUBE-ALGOBUILD_V1.4.0, X-CUBE-ALS_V1.0.2, X-CUBE-AZRTOS-F4_V1.1.0, X-CUBE-AZRTOS-F7_V1.1.0, X-CUBE-AZRTOS-G0_V1.1.0, X-CUBE-AZRTOS-G4_V2.0.0, X-CUBE-AZRTOS-H7RS_V1.1.0, X-CUBE-AZRTOS-H7_V3.4.0, X-CUBE-AZRTOS-L4_V2.0.0, X-CUBE-AZRTOS-L5_V2.0.0, X-CUBE-AZRTOS-WB_V2.0.0, X-CUBE-AZRTOS-WL_V2.0.0, X-CUBE-BLE1_V7.1.0, X-CUBE-BLE2_V3.3.0, X-CUBE-BLEMGR_V4.1.0, X-CUBE-EEPRMA1_V5.2.0, X-CUBE-FREERTOS_V1.3.1, X-CUBE-GNSS1_V6.0.0, X-CUBE-MEMS1_V11.3.0, X-CUBE-NFC4_V3.0.0, X-CUBE-NFC7_V2.0.0, X-CUBE-SFXS2LP1_V4.0.0, X-CUBE-ST67W61_V1.0.0, X-CUBE-SUBG2_V5.0.0, X-CUBE-TOF1_V3.4.3]
2025-10-11 19:04:53,599 [INFO] DbBoardsSqlite:226 - include board P-NUCLEO-WB55-NUCLEO as a kit item of type 'Nucleo-64'
2025-10-11 19:04:53,600 [INFO] DbBoardsSqlite:226 - include board P-NUCLEO-WB55-USBDONGLE as a kit item of type 'Nucleo USB Dongle'
2025-10-11 19:04:53,600 [INFO] DbBoardsSqlite:226 - include board STEVAL-IDP005V1 as a kit item of type 'Evaluation Board'
2025-10-11 19:04:53,600 [INFO] DbBoardsSqlite:226 - include board STEVAL-IDP005V2 as a kit item of type 'Evaluation Board'
2025-10-11 19:04:53,626 [INFO] ApiDb:240 - Found 880 in-development CPN: [B-G473E-ZEST1S, B-WB1M-WPAN1, B-WBA5M-WPAN, B-WL5M-SUBG1, NUCLEO-C031C6, NUCLEO-C051C8, NUCLEO-C071RB, NUCLEO-C092RC, NUCLEO-H503RB, NUCLEO-H533RE, NUCLEO-H563ZI, NUCLEO-H7S3L8, NUCLEO-N657X0-Q, NUCLEO-U031R8, NUCLEO-U083RC, NUCLEO-U385RG-Q, NUCLEO-U545RE-Q, NUCLEO-U5A5ZJ-Q, NUCLEO-WB05KZ, NUCLEO-WB07CC, NUCLEO-WB09KE, NUCLEO-WBA52CG, NUCLEO-WBA55CG, NUCLEO-WL33CC1, NUCLEO-WL33CC2, STEVAL-PROTEUS1, STEVAL-SMARTAG2, STEVAL-STWINBX1, STM320518-EVAL, STM32C0116-DK, STM32C011D6Y3TR, STM32C011D6Y6TR, STM32C011F4P3, STM32C011F4P6, STM32C011F4U3, STM32C011F4U6TR, STM32C011F6P3, STM32C011F6P6, STM32C011F6U3, STM32C011F6U6TR, STM32C011J4M3, STM32C011J4M6, STM32C011J6M3, STM32C011J6M6, STM32C0316-DK, STM32C031C4T3, STM32C031C4T6, STM32C031C4U3, STM32C031C4U6, STM32C031C6T3, STM32C031C6T6, STM32C031C6U3, STM32C031C6U6, STM32C031F4P3, STM32C031F4P6, STM32C031F6P3, STM32C031F6P6, STM32C031G4U3, STM32C031G4U6, STM32C031G6U3, STM32C031G6U6, STM32C031K4T3, STM32C031K4T6, STM32C031K4U3, STM32C031K4U6, STM32C031K6T3, STM32C031K6T6, STM32C031K6U3, STM32C031K6U6, STM32C051C6T6, STM32C051C6U6, STM32C051C8T6, STM32C051C8U6, STM32C051D8Y6TR, STM32C051F6P6, STM32C051F8P6, STM32C051G6U6, STM32C051G8U6, STM32C051K6T6, STM32C051K6U6, STM32C051K8T6, STM32C071C8T6, STM32C071C8T6N, STM32C071C8U6, STM32C071C8U6N, STM32C071CBT6, STM32C071CBT6N, STM32C071CBU6, STM32C071CBU6N, STM32C071F8P6, STM32C071F8P6N, STM32C071FBP6, STM32C071FBP6N, STM32C071FBY6TR, STM32C071G8U6, STM32C071G8U6N, STM32C071GBU6, STM32C071GBU6N, STM32C071K8T6, STM32C071K8T6N, STM32C071K8U6, STM32C071K8U6N, STM32C071KBT6, STM32C071KBT6N, STM32C071KBU6, STM32C071KBU6N, STM32C071R8T6, STM32C071R8T6N, STM32C071RBI6N, STM32C071RBT6, STM32C071RBT6N, STM32C091CBT6, STM32C091CBU6, STM32C091CCT6, STM32C091CCU6, STM32C091ECY6TR, STM32C091FBP6, STM32C091FCP6, STM32C091GBU6, STM32C091GCU6, STM32C091KBT6, STM32C091KBU6, STM32C091KCT6, STM32C091KCU6, STM32C091RBT6, STM32C091RCI6, STM32C091RCT6, STM32C092CBT6, STM32C092CBU6, STM32C092CCT6, STM32C092CCU6, STM32C092ECY6TR, STM32C092FBP6, STM32C092FCP6, STM32C092GBU6, STM32C092GCU6, STM32C092KBT6, STM32C092KBU6, STM32C092KCT6, STM32C092KCU6, STM32C092RBT6, STM32C092RCI6, STM32C092RCT6, STM32G071K8TXN, STM32G071K8UXN, STM32G081GBU6N, STM32G081KBT6N, STM32G081KBUXN, STM32G0B1CCT6N, STM32G0B1KCT6, STM32G0B1NEY6TR, STM32G0B1RCT6N, STM32G0C1CCT6, STM32G0C1CCT6N, STM32G0C1CCU6N, STM32G0C1CET6N, STM32G0C1CEU6N, STM32G0C1KCT6, STM32G0C1NEY6TR, STM32G0C1RCI6N, STM32G0C1RCT6N, STM32G0C1REI6N, STM32G0C1RET6N, STM32G0C1VCI6, STM32G0C1VEI6, STM32G411C6T3, STM32G411C6T6, STM32G411C6U3, STM32G411C6U6, STM32G411C8T3, STM32G411C8T6, STM32G411C8U3, STM32G411C8U6, STM32G411CBT3, STM32G411CBT6, STM32G411CBU3, STM32G411CBU6, STM32G411K6T3, STM32G411K6T6, STM32G411K6U3, STM32G411K6U6, STM32G411K8T3, STM32G411K8T6, STM32G411K8U3, STM32G411K8U6, STM32G411KBT3, STM32G411KBT6, STM32G411KBU3, STM32G411KBU6, STM32G411M6T3, STM32G411M6T6, STM32G411M8T3, STM32G411M8T6, STM32G411MBT3, STM32G411MBT6, STM32G411R6T3, STM32G411R6T6, STM32G411R8T3, STM32G411R8T6, STM32G411RBT3, STM32G411RBT6, STM32G414CBT3, STM32G414CBT6, STM32G414CBU3, STM32G414CBU6, STM32G414CCT3, STM32G414CCT6, STM32G414CCU3, STM32G414CCU6, STM32G414MBT3, STM32G414MBT6, STM32G414MCT3, STM32G414MCT6, STM32G414RBT3, STM32G414RBT6, STM32G414RCT3, STM32G414RCT6, STM32G414VBT3, STM32G414VBT6, STM32G414VCT3, STM32G414VCT6, STM32G431CBT3Z, STM32G431RBT3Z, STM32G471CCT6, STM32G471CCU6, STM32G471CET3, STM32G471CET6, STM32G471CEU3, STM32G471CEU6, STM32G471MCT6, STM32G471MET3, STM32G471MET6, STM32G471MEY6TR, STM32G471QCT6, STM32G471QET3, STM32G471RCT6, STM32G471RET3, STM32G471RET6, STM32G471VCH6, STM32G471VCI6, STM32G471VCT6, STM32G471VEH3, STM32G471VEH6, STM32G471VEI3, STM32G471VEI6, STM32G471VET3, STM32G471VET6, STM32G473QET3Z, STM32G473RET3Z, STM32G474CCT6, STM32G491RET3Z, STM32H503CBT6, STM32H503CBU6, STM32H503EBY6TR, STM32H503KBU6, STM32H503RBT6, STM32H523CCT6, STM32H523CCU6, STM32H523CET6, STM32H523CEU6, STM32H523HEY6TR, STM32H523RCT6, STM32H523RET6, STM32H523VCI6, STM32H523VCT6, STM32H523VEI6, STM32H523VET6, STM32H523ZCJ6, STM32H523ZCT6, STM32H523ZEJ6, STM32H523ZET6, STM32H533CET6, STM32H533CEU6, STM32H533HEY6TR, STM32H533RET6, STM32H533VEI6, STM32H533VET6, STM32H533ZEJ6, STM32H533ZET6, STM32H562AGI6, STM32H562AII6, STM32H562IGK6, STM32H562IGT6, STM32H562IIK6, STM32H562IIT6, STM32H562RGT6, STM32H562RGV6, STM32H562RIT6, STM32H562RIV6, STM32H562VGT6, STM32H562VIT6, STM32H562ZGT6, STM32H562ZIT6, STM32H563AGI6, STM32H563AII3Q, STM32H563AII6, STM32H563IGK6, STM32H563IGT6, STM32H563IIK3Q, STM32H563IIK6, STM32H563IIT3Q, STM32H563IIT6, STM32H563MIY3QTR, STM32H563RGT6, STM32H563RGV6, STM32H563RIT6, STM32H563RIV6, STM32H563VGT6, STM32H563VIT3Q, STM32H563VIT6, STM32H563ZGT6, STM32H563ZIT3Q, STM32H563ZIT6, STM32H573AII3Q, STM32H573AII6, STM32H573I-DK, STM32H573IIK3Q, STM32H573IIK6, STM32H573IIT3Q, STM32H573IIT6, STM32H573MIY3QTR, STM32H573RIT6, STM32H573RIV6, STM32H573VIT3Q, STM32H573VIT6, STM32H573ZIT3Q, STM32H573ZIT6, STM32H7R3A8I6, STM32H7R3I8K6, STM32H7R3I8T6, STM32H7R3L8H6, STM32H7R3L8H6H, STM32H7R3R8V6, STM32H7R3V8H6, STM32H7R3V8T6, STM32H7R3V8Y6TR, STM32H7R3Z8J6, STM32H7R3Z8T6, STM32H7R7A8I6, STM32H7R7I8K6, STM32H7R7I8T6, STM32H7R7L8H6, STM32H7R7L8H6H, STM32H7R7Z8J6, STM32H7S3A8I6, STM32H7S3I8K6, STM32H7S3I8T6, STM32H7S3L8H6, STM32H7S3L8H6H, STM32H7S3R8V6, STM32H7S3V8H6, STM32H7S3V8T6, STM32H7S3V8Y6TR, STM32H7S3Z8J6, STM32H7S3Z8T6, STM32H7S78-DK, STM32H7S7A8I6, STM32H7S7I8K6, STM32H7S7I8T6, STM32H7S7L8H6, STM32H7S7L8H6H, STM32H7S7Z8J6, STM32L4R5QGI6STR, STM32MP131AAE3, STM32MP131AAF3, STM32MP131AAG3, STM32MP131CAE3, STM32MP131CAF3, STM32MP131CAG3, STM32MP131DAE7, STM32MP131DAF7, STM32MP131DAG7, STM32MP131FAE7, STM32MP131FAF7, STM32MP131FAG7, STM32MP133AAE3, STM32MP133AAF3, STM32MP133AAG3, STM32MP133CAE3, STM32MP133CAF3, STM32MP133CAG3, STM32MP133DAE7, STM32MP133DAF7, STM32MP133DAG7, STM32MP133FAE7, STM32MP133FAF7, STM32MP133FAG7, STM32MP135AAE3, STM32MP135AAF3, STM32MP135AAG3, STM32MP135CAE3, STM32MP135CAF3, STM32MP135CAG3, STM32MP135DAE7, STM32MP135DAF7, STM32MP135DAG7, STM32MP135F-DK, STM32MP135FAE7, STM32MP135FAF7, STM32MP135FAF7T, STM32MP135FAF7U, STM32MP135FAG7, STM32MP211AAL3, STM32MP211AAM3, STM32MP211AAN3, STM32MP211AAO3, STM32MP211CAL3, STM32MP211CAM3, STM32MP211CAN3, STM32MP211CAO3, STM32MP211DAL3, STM32MP211DAM3, STM32MP211DAN3, STM32MP211DAO3, STM32MP211FAL3, STM32MP211FAM3, STM32MP211FAN3, STM32MP211FAO3, STM32MP213AAL3, STM32MP213AAM3, STM32MP213AAN3, STM32MP213AAO3, STM32MP213CAL3, STM32MP213CAM3, STM32MP213CAN3, STM32MP213CAO3, STM32MP213DAL3, STM32MP213DAM3, STM32MP213DAN3, STM32MP213DAO3, STM32MP213FAL3, STM32MP213FAM3, STM32MP213FAN3, STM32MP213FAO3, STM32MP215AAL3, STM32MP215AAM3, STM32MP215AAN3, STM32MP215AAO3, STM32MP215CAL3, STM32MP215CAM3, STM32MP215CAN3, STM32MP215CAO3, STM32MP215DAL3, STM32MP215DAM3, STM32MP215DAN3, STM32MP215DAO3, STM32MP215F-DK, STM32MP215FAL3, STM32MP215FAM3, STM32MP215FAN3, STM32MP215FAO3, STM32MP231AAJ3, STM32MP231AAK3, STM32MP231AAL3, STM32MP231CAJ3, STM32MP231CAK3, STM32MP231CAL3, STM32MP231DAJ3, STM32MP231DAK3, STM32MP231DAL3, STM32MP231FAJ3, STM32MP231FAK3, STM32MP231FAL3, STM32MP233AAJ3, STM32MP233AAK3, STM32MP233AAL3, STM32MP233CAJ3, STM32MP233CAK3, STM32MP233CAL3, STM32MP233DAJ3, STM32MP233DAK3, STM32MP233DAL3, STM32MP233FAJ3, STM32MP233FAK3, STM32MP233FAL3, STM32MP235AAJ3, STM32MP235AAK3, STM32MP235AAL3, STM32MP235CAJ3, STM32MP235CAK3, STM32MP235CAL3, STM32MP235DAJ3, STM32MP235DAK3, STM32MP235DAL3, STM32MP235FAJ3, STM32MP235FAK3, STM32MP235FAL3, STM32MP251AAI3, STM32MP251AAK3, STM32MP251AAL3, STM32MP251CAI3, STM32MP251CAK3, STM32MP251CAL3, STM32MP251DAI3, STM32MP251DAK3, STM32MP251DAL3, STM32MP251FAI3, STM32MP251FAK3, STM32MP251FAL3, STM32MP253AAI3, STM32MP253AAK3, STM32MP253AAL3, STM32MP253CAI3, STM32MP253CAK3, STM32MP253CAL3, STM32MP253DAI3, STM32MP253DAK3, STM32MP253DAL3, STM32MP253FAI3, STM32MP253FAK3, STM32MP253FAL3, STM32MP255AAI3, STM32MP255AAK3, STM32MP255AAL3, STM32MP255CAI3, STM32MP255CAK3, STM32MP255CAL3, STM32MP255DAI3, STM32MP255DAK3, STM32MP255DAL3, STM32MP255FAI3, STM32MP255FAK3, STM32MP255FAL3, STM32MP257AAI3, STM32MP257AAK3, STM32MP257AAL3, STM32MP257CAI3, STM32MP257CAK3, STM32MP257CAL3, STM32MP257DAI3, STM32MP257DAK3, STM32MP257DAL3, STM32MP257F-DK, STM32MP257F-EV1, STM32MP257FAI3, STM32MP257FAK3, STM32MP257FAL3, STM32N645A0H3Q, STM32N645B0H3Q, STM32N645I0H3Q, STM32N645L0H3Q, STM32N645X0H3Q, STM32N645Z0H3Q, STM32N647A0H3Q, STM32N647B0H3Q, STM32N647I0H3Q, STM32N647L0H3Q, STM32N647X0H3Q, STM32N647Z0H3Q, STM32N655A0H3Q, STM32N655B0H3Q, STM32N655I0H3Q, STM32N655L0H3Q, STM32N655X0H3Q, STM32N655Z0H3Q, STM32N6570-DK, STM32N657A0H3Q, STM32N657B0H3Q, STM32N657I0H3Q, STM32N657L0H3Q, STM32N657X0H3Q, STM32N657Z0H3Q, STM32U031C6T6, STM32U031C6U6, STM32U031C8T6, STM32U031C8U6, STM32U031F4P6, STM32U031F6P6, STM32U031F8P6, STM32U031G6Y6TR, STM32U031G8Y6TR, STM32U031K4U6, STM32U031K6U6, STM32U031K8U6, STM32U031R6I6, STM32U031R6T6, STM32U031R8I6, STM32U031R8T6, STM32U073C8T6, STM32U073C8U6, STM32U073CBT6, STM32U073CBU6, STM32U073CCT6, STM32U073CCU6, STM32U073H8Y6TR, STM32U073HBY6TR, STM32U073HCY6TR, STM32U073K8U6, STM32U073KBU6, STM32U073KCU6, STM32U073M8I6, STM32U073M8T6, STM32U073MBI6, STM32U073MBT6, STM32U073MCI6, STM32U073MCT6, STM32U073R8I6, STM32U073R8T6, STM32U073RBI6, STM32U073RBT6, STM32U073RCI6, STM32U073RCT6, STM32U083C-DK, STM32U083CCT6, STM32U083CCU6, STM32U083HCY6TR, STM32U083KCU6, STM32U083MCI6, STM32U083MCT6, STM32U083RCI6, STM32U083RCT6, STM32U375CET6, STM32U375CET6Q, STM32U375CEU6, STM32U375CEU6Q, STM32U375CEY6QTR, STM32U375CGT6, STM32U375CGT6Q, STM32U375CGU6, STM32U375CGU6Q, STM32U375CGY6QTR, STM32U375KEU6, STM32U375KGU6, STM32U375REI6, STM32U375REI6Q, STM32U375RET6, STM32U375RET6Q, STM32U375REY6GTR, STM32U375REY6QTR, STM32U375RGI6, STM32U375RGI6Q, STM32U375RGT6, STM32U375RGT6Q, STM32U375RGY6GTR, STM32U375RGY6QTR, STM32U375VEI6, STM32U375VEI6Q, STM32U375VET6, STM32U375VET6Q, STM32U375VGI6, STM32U375VGI6Q, STM32U375VGT6, STM32U375VGT6Q, STM32U385CGT6, STM32U385CGT6Q, STM32U385CGU6, STM32U385CGU6Q, STM32U385CGY6QTR, STM32U385KGU6, STM32U385RGI6, STM32U385RGI6Q, STM32U385RGT6, STM32U385RGT6Q, STM32U385RGY6GTR, STM32U385RGY6QTR, STM32U385VGI6, STM32U385VGI6Q, STM32U385VGT6, STM32U385VGT6Q, STM32U535CBT6, STM32U535CBT6Q, STM32U535CBU6, STM32U535CBU6Q, STM32U535CCT6, STM32U535CCT6Q, STM32U535CCU6, STM32U535CCU6Q, STM32U535CET6, STM32U535CET6Q, STM32U535CEU6, STM32U535CEU6Q, STM32U535JEY6QTR, STM32U535NCY6QTR, STM32U535NEY6QTR, STM32U535RBI6, STM32U535RBI6Q, STM32U535RBT6, STM32U535RBT6Q, STM32U535RCI6, STM32U535RCI6Q, STM32U535RCT6, STM32U535RCT6Q, STM32U535REI6, STM32U535REI6Q, STM32U535RET6, STM32U535RET6Q, STM32U535VCI6, STM32U535VCI6Q, STM32U535VCT6, STM32U535VCT6Q, STM32U535VEI6, STM32U535VEI6Q, STM32U535VET6, STM32U535VET6Q, STM32U545CET6, STM32U545CET6Q, STM32U545CEU6, STM32U545CEU6Q, STM32U545JEY6QTR, STM32U545NEY6QTR, STM32U545REI6, STM32U545REI6Q, STM32U545RET6, STM32U545RET6Q, STM32U545VEI6, STM32U545VEI6Q, STM32U545VET6, STM32U545VET6Q, STM32U595AIH6, STM32U595AIH6Q, STM32U595AJH6, STM32U595AJH6Q, STM32U595QII6, STM32U595QII6Q, STM32U595QJI6, STM32U595QJI6Q, STM32U595RIT6, STM32U595RIT6Q, STM32U595RJT6, STM32U595RJT6Q, STM32U595VIT6, STM32U595VIT6Q, STM32U595VJT6, STM32U595VJT6Q, STM32U595ZIT6, STM32U595ZIT6Q, STM32U595ZIY6QTR, STM32U595ZJT6, STM32U595ZJT6Q, STM32U595ZJY6QTR, STM32U599BJY6QTR, STM32U599NIH6Q, STM32U599NJH6Q, STM32U599VIT6Q, STM32U599VJT6, STM32U599VJT6Q, STM32U599ZIT6Q, STM32U599ZIY6QTR, STM32U599ZJT6Q, STM32U599ZJY6QTR, STM32U5A5AJH6, STM32U5A5AJH6Q, STM32U5A5QII3Q , STM32U5A5QJI6, STM32U5A5QJI6Q, STM32U5A5RJT6, STM32U5A5RJT6Q, STM32U5A5VJT6, STM32U5A5VJT6Q, STM32U5A5ZJT6, STM32U5A5ZJT6Q, STM32U5A5ZJY6QTR, STM32U5A9BJY6QTR, STM32U5A9J-DK, STM32U5A9NJH6Q, STM32U5A9VJT6Q, STM32U5A9ZJT6Q, STM32U5A9ZJY6QTR, STM32U5F7VIT6, STM32U5F7VIT6Q, STM32U5F7VJT6, STM32U5F7VJT6Q, STM32U5F9BJY6QTR, STM32U5F9NJH6Q, STM32U5F9VIT6Q, STM32U5F9VJT6Q, STM32U5F9ZIJ6QTR, STM32U5F9ZIT6Q, STM32U5F9ZJJ6QTR, STM32U5F9ZJT6Q, STM32U5G7VJT6, STM32U5G7VJT6Q, STM32U5G9BJY6QTR, STM32U5G9J-DK1, STM32U5G9J-DK2, STM32U5G9NJH6Q, STM32U5G9VJT6Q, STM32U5G9ZJJ6QTR, STM32U5G9ZJT6Q, STM32WB05KZV6TR, STM32WB05KZV7TR, STM32WB05TZF6TR, STM32WB05TZF7TR, STM32WB06CCF6TR, STM32WB06CCF7TR, STM32WB06CCV6TR, STM32WB06CCV7TR, STM32WB06KCV6TR, STM32WB06KCV7TR, STM32WB07CCF6TR, STM32WB07CCF7TR, STM32WB07CCV6TR, STM32WB07CCV7TR, STM32WB07KCV6TR, STM32WB07KCV7TR, STM32WB09KEV6TR, STM32WB09KEV7TR, STM32WB09TEF6TR, STM32WB09TEF7TR, STM32WB1MMCH6, STM32WBA50KGU6, STM32WBA50KGU6TR, STM32WBA52CEU6, STM32WBA52CEU6TR, STM32WBA52CEU7, STM32WBA52CEU7TR, STM32WBA52CGU6, STM32WBA52CGU6TR, STM32WBA52CGU6U, STM32WBA52CGU7, STM32WBA52CGU7TR, STM32WBA52KEU6, STM32WBA52KEU6TR, STM32WBA52KGU6, STM32WBA52KGU6TR, STM32WBA54CEU6, STM32WBA54CEU6TR, STM32WBA54CEU7, STM32WBA54CEU7TR, STM32WBA54CGU6, STM32WBA54CGU6TR, STM32WBA54CGU7, STM32WBA54CGU7TR, STM32WBA54KEU6, STM32WBA54KEU6TR, STM32WBA54KEU7, STM32WBA54KEU7TR, STM32WBA54KGU6, STM32WBA54KGU6TR, STM32WBA54KGU7, STM32WBA54KGU7TR, STM32WBA55CEU6, STM32WBA55CEU6TR, STM32WBA55CEU7, STM32WBA55CEU7TR, STM32WBA55CGU6, STM32WBA55CGU6TR, STM32WBA55CGU6U, STM32WBA55CGU7, STM32WBA55CGU7TR, STM32WBA55G-DK1, STM32WBA55HEF6, STM32WBA55HEF7, STM32WBA55HGF6, STM32WBA55HGF7, STM32WBA55UEI6, STM32WBA55UEI6TR, STM32WBA55UEI7, STM32WBA55UEI7TR, STM32WBA55UGI6, STM32WBA55UGI6TR, STM32WBA55UGI7, STM32WBA55UGI7TR, STM32WBA5MMGH6TR, STM32WBA62MGF6, STM32WBA62MIF6, STM32WBA65MGF7, STM32WBA65MIF6, STM32WBA65MIF7, STM32WL30K8V6, STM32WL30KBV6, STM32WL31C8V6, STM32WL31CBV6, STM32WL31K8V6, STM32WL31KBV6, STM32WL33C8V6, STM32WL33C8V6X, STM32WL33CBV6, STM32WL33CBV6X, STM32WL33CCV6, STM32WL33CCV6A, STM32WL33CCV6X, STM32WL33K8V7, STM32WL33K8V7X, STM32WL33KBV7 , STM32WL33KBV7X, STM32WL33KCV7, STM32WL33KCV7X, STM32WL5MOCH6, STM32WL5MOCH6TR]
2025-10-11 19:04:53,705 [INFO] BoardInfo:889 - No configuration file found for board P-NUCLEO-WB55
2025-10-11 19:04:53,706 [INFO] DbBoards:161 - Kit is not supported: P-NUCLEO-WB55
2025-10-11 19:04:53,708 [INFO] BoardInfo:889 - No configuration file found for board STEVAL-BFA001V1B
2025-10-11 19:04:53,708 [INFO] DbBoards:161 - Kit is not supported: STEVAL-BFA001V1B
2025-10-11 19:04:53,709 [INFO] BoardInfo:889 - No configuration file found for board STEVAL-BFA001V2B
2025-10-11 19:04:53,709 [INFO] DbBoards:161 - Kit is not supported: STEVAL-BFA001V2B
2025-10-11 19:04:53,777 [INFO] DbBoards:168 - Found 212 boards, 209 are supported
2025-10-11 19:04:53,777 [INFO] DbBoards:169 - Found 212 boards, 43 of them is supported for  Bsp
2025-10-11 19:04:53,779 [INFO] ApiDb:423 - Load user favorites file /home/oleksii/.stm32cubeide/favorites.boards.txt: 0 item(s)
2025-10-11 19:04:53,779 [INFO] ApiDb:427 - User favorites Boards=[]
2025-10-11 19:04:53,779 [INFO] DbBoards:198 - Set 0 / 0 favorites Boards
2025-10-11 19:04:53,779 [INFO] McuFinderGlobals:76 - Set McuFinderConnectedMode to true
2025-10-11 19:04:53,784 [INFO] MultiScanPanel:200 - Auto-refresh data requested => check proxy status ongoing
2025-10-11 19:04:53,785 [INFO] FinderPluginLoader:96 - Searching for filters in installed packs
2025-10-11 19:04:54,614 [INFO] LoadUrlFilesThread:185 - End of LoadServerUrlFiles without Thread
2025-10-11 19:04:54,621 [INFO] DetailPanel:341 - Set advertising image to /home/oleksii/STM32Cube/Repository//en.mcu-finder-stm32n6dk.jpg
2025-10-11 19:04:59,005 [INFO] MultiScanPanel:200 - Auto-refresh data requested => check proxy status ongoing
2025-10-11 19:04:59,071 [INFO] LoadUrlFilesThread:185 - End of LoadServerUrlFiles without Thread
2025-10-11 19:04:59,071 [INFO] DetailPanel:341 - Set advertising image to /home/oleksii/STM32Cube/Repository//en.mcu-finder-stm32n6dk.jpg
2025-10-11 19:04:59,077 [INFO] DbBoards:642 - Loading board mini-images...
2025-10-11 19:05:00,435 [ERROR] DbBoards:659 - Image file not found for board STM32MP215F-DK: /home/oleksii/.stmcufinder/plugins/mcufinder//mcu//boards_images/STM32MP215F-DK.jpg
2025-10-11 19:05:00,516 [INFO] DbBoards:665 - Loaded 211 board mini-images
2025-10-11 19:05:54,354 [INFO] MainUpdater:2872 - connection check result : 10
2025-10-11 19:05:54,354 [INFO] MainUpdater:2872 - connection check result : 10
2025-10-11 19:05:54,359 [INFO] MicroXplorer:468 - Change Database Path : 
2025-10-11 19:05:54,359 [INFO] MicroXplorer:498 - Change Database Version : DB.6.0.150
2025-10-11 19:05:54,361 [WARN] ThirdParty:871 - waiting for thirdparty lock release [close project]
2025-10-11 19:05:54,362 [INFO] ThirdParty:873 - entering critical section [close project]
2025-10-11 19:05:54,362 [INFO] ThirdParty:883 - exiting critical section [close project]
2025-10-11 19:05:54,363 [INFO] PinOutPanel:1589 - setPackage(No Configuration,No Configuration)
2025-10-11 19:05:54,364 [INFO] UtilMem:75 - Begin LoadConfig() Used Memory: 857183776 Bytes (1073741824)
2025-10-11 19:05:54,365 [INFO] OpenFileManager:355 - Change cursor
2025-10-11 19:05:54,386 [INFO] ProjectFactory:514 - No CPN specified for board STM32F407G-DISC1 => set CPN to STM32F407VGT6
2025-10-11 19:05:54,387 [INFO] Mcu:2029 - Initializing MCU STM32F407V(E-G)Tx STM32F407VGTx STM32F407VGT6
2025-10-11 19:05:55,235 [INFO] Context:786 - Trying to add GPIOservice into a context  which must be forbidden
2025-10-11 19:05:55,545 [INFO] Rule:233 - rule 117617 - U5Cobra4M][GTZC] default value MPCBB3 and MPCBB5 - Not Secured memory - MPCBB1 is applicable
2025-10-11 19:05:55,545 [INFO] Rule:233 - rule 117617 - U5Cobra4M][GTZC] default value MPCBB3 and MPCBB5 - Not Secured memory - MPCBB1 is applicable
2025-10-11 19:05:55,545 [INFO] Rule:233 - rule 117617 - U5Cobra4M][GTZC] default value MPCBB3 and MPCBB5 - Not Secured memory - MPCBB2 is applicable
2025-10-11 19:05:55,545 [INFO] Rule:233 - rule 117617 - U5Cobra4M][GTZC] default value MPCBB3 and MPCBB5 - Not Secured memory - MPCBB2 is applicable
2025-10-11 19:05:55,545 [INFO] Rule:233 - rule 117617 - U5Cobra4M][GTZC] default value MPCBB3 and MPCBB5 - Not Secured memory - MPCBB3 is applicable
2025-10-11 19:05:55,545 [INFO] Rule:233 - rule 117617 - U5Cobra4M][GTZC] default value MPCBB3 and MPCBB5 - Not Secured memory - MPCBB3 is applicable
2025-10-11 19:05:55,545 [INFO] Rule:233 - rule 117617 - U5Cobra4M][GTZC] default value MPCBB3 and MPCBB5 - Not Secured memory - MPCBB4 is applicable
2025-10-11 19:05:55,545 [INFO] Rule:233 - rule 117617 - U5Cobra4M][GTZC] default value MPCBB3 and MPCBB5 - Not Secured memory - MPCBB4 is applicable
2025-10-11 19:05:55,545 [INFO] Rule:233 - rule 117617 - U5Cobra4M][GTZC] default value MPCBB3 and MPCBB5 - Secured memory - MPCBB1 is applicable
2025-10-11 19:05:55,545 [INFO] Rule:233 - rule 117617 - U5Cobra4M][GTZC] default value MPCBB3 and MPCBB5 - Secured memory - MPCBB2 is applicable
2025-10-11 19:05:55,545 [INFO] Rule:233 - rule 117617 - U5Cobra4M][GTZC] default value MPCBB3 and MPCBB5 - Secured memory - MPCBB3 is applicable
2025-10-11 19:05:55,545 [INFO] Rule:233 - rule 117617 - U5Cobra4M][GTZC] default value MPCBB3 and MPCBB5 - Secured memory - MPCBB4 is applicable
2025-10-11 19:05:55,546 [INFO] Rule:233 - rule 117617 - U5Cobra4M][GTZC] default value MPCBB3 and MPCBB5 - Privileged memory - MPCBB1 is applicable
2025-10-11 19:05:55,546 [INFO] Rule:233 - rule 117617 - U5Cobra4M][GTZC] default value MPCBB3 and MPCBB5 - Privileged memory - MPCBB2 is applicable
2025-10-11 19:05:55,546 [INFO] Rule:233 - rule 117617 - U5Cobra4M][GTZC] default value MPCBB3 and MPCBB5 - Privileged memory - MPCBB3 is applicable
2025-10-11 19:05:55,546 [INFO] Rule:233 - rule 117617 - U5Cobra4M][GTZC] default value MPCBB3 and MPCBB5 - Privileged memory - MPCBB4 is applicable
2025-10-11 19:05:55,546 [INFO] Rule:233 - rule 117617 - U5Cobra4M][GTZC] default value MPCBB3 and MPCBB5 - Not Privileged memory - MPCBB1 is applicable
2025-10-11 19:05:55,546 [INFO] Rule:233 - rule 117617 - U5Cobra4M][GTZC] default value MPCBB3 and MPCBB5 - Not Privileged memory - MPCBB2 is applicable
2025-10-11 19:05:55,546 [INFO] Rule:233 - rule 117617 - U5Cobra4M][GTZC] default value MPCBB3 and MPCBB5 - Not Privileged memory - MPCBB3 is applicable
2025-10-11 19:05:55,546 [INFO] Rule:233 - rule 117617 - U5Cobra4M][GTZC] default value MPCBB3 and MPCBB5 - Not Privileged memory - MPCBB4 is applicable
2025-10-11 19:05:55,546 [INFO] Rule:233 - rule 117617 - U5Cobra4M][GTZC] default value MPCBB3 and MPCBB5 - Privileged memory - MPCBB1 is applicable
2025-10-11 19:05:55,546 [INFO] Rule:233 - rule 117617 - U5Cobra4M][GTZC] default value MPCBB3 and MPCBB5 - Privileged memory - MPCBB2 is applicable
2025-10-11 19:05:55,546 [INFO] Rule:233 - rule 117617 - U5Cobra4M][GTZC] default value MPCBB3 and MPCBB5 - Privileged memory - MPCBB3 is applicable
2025-10-11 19:05:55,546 [INFO] Rule:233 - rule 117617 - U5Cobra4M][GTZC] default value MPCBB3 and MPCBB5 - Privileged memory - MPCBB4 is applicable
2025-10-11 19:05:55,546 [INFO] Rule:233 - rule 117617 - U5Cobra4M][GTZC] default value MPCBB3 and MPCBB5 - Privileged memory - MPCBB1 is applicable
2025-10-11 19:05:55,546 [INFO] Rule:233 - rule 117617 - U5Cobra4M][GTZC] default value MPCBB3 and MPCBB5 - Privileged memory - MPCBB2 is applicable
2025-10-11 19:05:55,547 [INFO] Rule:233 - rule 117617 - U5Cobra4M][GTZC] default value MPCBB3 and MPCBB5 - Privileged memory - MPCBB3 is applicable
2025-10-11 19:05:55,547 [INFO] Rule:233 - rule 117617 - U5Cobra4M][GTZC] default value MPCBB3 and MPCBB5 - Privileged memory - MPCBB4 is applicable
2025-10-11 19:05:55,547 [INFO] Rule:233 - rule 117617 - U5Cobra4M][GTZC] default value MPCBB3 and MPCBB5 - Not Privileged memory - MPCBB1 is applicable
2025-10-11 19:05:55,547 [INFO] Rule:233 - rule 117617 - U5Cobra4M][GTZC] default value MPCBB3 and MPCBB5 - Not Privileged memory - MPCBB2 is applicable
2025-10-11 19:05:55,547 [INFO] Rule:233 - rule 117617 - U5Cobra4M][GTZC] default value MPCBB3 and MPCBB5 - Not Privileged memory - MPCBB3 is applicable
2025-10-11 19:05:55,547 [INFO] Rule:233 - rule 117617 - U5Cobra4M][GTZC] default value MPCBB3 and MPCBB5 - Not Privileged memory - MPCBB4 is applicable
2025-10-11 19:05:55,547 [INFO] Rule:233 - rule 117617 - U5Cobra4M][GTZC] default value MPCBB3 and MPCBB5 - Privileged memory - MPCBB1 is applicable
2025-10-11 19:05:55,547 [INFO] Rule:233 - rule 117617 - U5Cobra4M][GTZC] default value MPCBB3 and MPCBB5 - Privileged memory - MPCBB2 is applicable
2025-10-11 19:05:55,547 [INFO] Rule:233 - rule 117617 - U5Cobra4M][GTZC] default value MPCBB3 and MPCBB5 - Privileged memory - MPCBB3 is applicable
2025-10-11 19:05:55,548 [INFO] Rule:233 - rule 117617 - U5Cobra4M][GTZC] default value MPCBB3 and MPCBB5 - Privileged memory - MPCBB4 is applicable
2025-10-11 19:05:55,548 [INFO] Rule:233 - rule Rename SubGHz_Phy SUBGHZ_APPLICATION SUBGHZ_PINGPONG to SUBGHZ_ADV_APPLICATION is applicable
2025-10-11 19:05:55,548 [INFO] Rule:233 - rule Rename Enabled to IBEACON is applicable
2025-10-11 19:05:55,548 [INFO] Rule:233 - rule GTZC_S instance for project manager is applicable
2025-10-11 19:05:55,548 [INFO] Rule:233 - rule GTZC_S instance for context M33S is applicable
2025-10-11 19:05:55,548 [INFO] Rule:233 - rule GTZC_S instance value for IP GTZC is applicable
2025-10-11 19:05:55,548 [INFO] Rule:233 - rule GTZC_S instance for mcu.IP is applicable
2025-10-11 19:05:55,548 [INFO] Rule:233 - rule GTZC_S instance for VP is applicable
2025-10-11 19:05:55,548 [INFO] Rule:233 - rule GTZC_S instance for signal is applicable
2025-10-11 19:05:55,548 [INFO] Rule:233 - rule GTZC_S instance for mcu.Pin is applicable
2025-10-11 19:05:55,548 [INFO] Rule:233 - rule GTZC_S instance for VP is applicable
2025-10-11 19:05:55,548 [INFO] Rule:233 - rule GTZC_S instance for signal is applicable
2025-10-11 19:05:55,548 [INFO] Rule:233 - rule GTZC_S instance for mcu is applicable
2025-10-11 19:05:55,548 [INFO] Rule:233 - rule GTZC_S instance for mcu.Pin is applicable
2025-10-11 19:05:55,548 [INFO] Rule:233 - rule GTZC_S instance value for IP GTZC is applicable
2025-10-11 19:05:55,549 [INFO] Rule:233 - rule GTZC_S instance for project manager is applicable
2025-10-11 19:05:55,549 [INFO] Rule:233 - rule GTZC_S instance for context M33S is applicable
2025-10-11 19:05:55,549 [INFO] Rule:233 - rule GTZC_S instance for VP is applicable
2025-10-11 19:05:55,549 [INFO] Rule:233 - rule GTZC_S instance for signal is applicable
2025-10-11 19:05:55,549 [INFO] Rule:233 - rule SPDIFRX instance for mcu is applicable
2025-10-11 19:05:55,549 [INFO] Rule:233 - rule Rename Tracer Mode is applicable
2025-10-11 19:05:55,549 [INFO] Rule:233 - rule SPDIFRX instance value for IP SPDIFRX is applicable
2025-10-11 19:05:55,549 [INFO] Rule:233 - rule SPDIFRX instance for signal is applicable
2025-10-11 19:05:55,549 [INFO] Rule:233 - rule SPDIFRX instance for project manager is applicable
2025-10-11 19:05:55,549 [INFO] Rule:233 - rule SPDIFRX instance for project manager is applicable
2025-10-11 19:05:55,549 [INFO] Rule:233 - rule ADC Scan  fix with FW F7 is applicable
2025-10-11 19:05:55,549 [INFO] Rule:233 - rule ADC Scan  fix with FW F7 is applicable
2025-10-11 19:05:55,550 [INFO] Rule:233 - rule WakeUp0 Mode is applicable
2025-10-11 19:05:55,550 [INFO] Rule:233 - rule WakeUp0 SIGNAL is applicable
2025-10-11 19:05:55,550 [INFO] Rule:233 - rule WakeUp1 Mode is applicable
2025-10-11 19:05:55,550 [INFO] Rule:233 - rule WakeUp1 SIGNAL is applicable
2025-10-11 19:05:55,550 [INFO] Rule:233 - rule WakeUp2 Mode is applicable
2025-10-11 19:05:55,550 [INFO] Rule:233 - rule WakeUp2 SIGNAL is applicable
2025-10-11 19:05:55,550 [INFO] Rule:233 - rule WakeUp4 Mode is applicable
2025-10-11 19:05:55,550 [INFO] Rule:233 - rule WakeUp4 SIGNAL is applicable
2025-10-11 19:05:55,550 [INFO] Rule:233 - rule WakeUp5 Mode is applicable
2025-10-11 19:05:55,550 [INFO] Rule:233 - rule WakeUp5 SIGNAL is applicable
2025-10-11 19:05:55,550 [INFO] Rule:233 - rule Add RTC Activate Clock Source is applicable
2025-10-11 19:05:55,550 [INFO] Rule:233 - rule Add RTC Activate Calendar 1 is applicable
2025-10-11 19:05:55,550 [INFO] Rule:233 - rule Add RTC Activate Calendar 2 is applicable
2025-10-11 19:05:55,550 [INFO] Rule:233 - rule Add RTC Activate Calendar 3 is applicable
2025-10-11 19:05:55,550 [INFO] Rule:233 - rule UART/USART TX Mode is applicable
2025-10-11 19:05:55,550 [INFO] Rule:233 - rule UART/USART RX Mode is applicable
2025-10-11 19:05:55,550 [INFO] Rule:233 - rule UART/USART RX TX Mode is applicable
2025-10-11 19:05:55,550 [INFO] Rule:233 - rule UART/USART PARITY NONE is applicable
2025-10-11 19:05:55,550 [INFO] Rule:233 - rule UART/USART PARITY EVEN is applicable
2025-10-11 19:05:55,550 [INFO] Rule:233 - rule UART/USART PARITY ODD is applicable
2025-10-11 19:05:55,550 [INFO] Rule:233 - rule USART StopBits 1 is applicable
2025-10-11 19:05:55,550 [INFO] Rule:233 - rule USART StopBits 2 is applicable
2025-10-11 19:05:55,550 [INFO] Rule:233 - rule USART StopBits 1.5 is applicable
2025-10-11 19:05:55,551 [INFO] Rule:233 - rule USART StopBits 0.5 is applicable
2025-10-11 19:05:55,551 [INFO] Rule:233 - rule UART/USART WORD LENGTH 7 is applicable
2025-10-11 19:05:55,551 [INFO] Rule:233 - rule UART/USART WORD LENGTH 8 is applicable
2025-10-11 19:05:55,551 [INFO] Rule:233 - rule UART/USART WORD LENGTH 9 is applicable
2025-10-11 19:05:55,551 [INFO] Rule:233 - rule Rename FMC NAND NCE signal is applicable
2025-10-11 19:05:55,551 [INFO] Rule:233 - rule Rename FMC NAND INT signal is applicable
2025-10-11 19:05:55,551 [INFO] Rule:233 - rule Change Default Value for LSE Drive Capability for WB family is applicable
2025-10-11 19:05:55,551 [INFO] Rule:233 - rule Change Default Value for ADC Clock Prescaler G0 family is applicable
2025-10-11 19:05:55,551 [INFO] Rule:233 - rule Change Default Value for ADC ExternalTrigConv L4 family is applicable
2025-10-11 19:05:55,551 [INFO] Rule:233 - rule Change Default Value for ADC ExternalTrigInjecConv L4 family is applicable
2025-10-11 19:05:55,551 [INFO] Rule:233 - rule Change Default Value for ADC ExternalTrigConv F3 family is applicable
2025-10-11 19:05:55,551 [INFO] Rule:233 - rule Change Default Value for ADC ExternalTrigInjecConv F3 family is applicable
2025-10-11 19:05:55,551 [INFO] Rule:233 - rule Change Default Value for ADC ExternalTrigConv Goldfish serie is applicable
2025-10-11 19:05:55,551 [INFO] Rule:233 - rule Change Default Value for ADC ExternalTrigInjecConv Goldfish serie is applicable
2025-10-11 19:05:55,551 [INFO] Rule:233 - rule Change Default Value for ADC ExternalTrigConv L0 family is applicable
2025-10-11 19:05:55,551 [INFO] Rule:233 - rule Change Default Value for ADC ExternalTrigConv F0 family is applicable
2025-10-11 19:05:55,551 [INFO] Rule:233 - rule Change Default Value for ADC ExternalTrigConvn L1 family is applicable
2025-10-11 19:05:55,551 [INFO] Rule:233 - rule Change Default Value for ADC ExternalTrigInjecConv L1 family is applicable
2025-10-11 19:05:55,551 [INFO] Rule:233 - rule Change Default Value for ADC ExternalTrigConv F1 family is applicable
2025-10-11 19:05:55,551 [INFO] Rule:233 - rule Change Default Value for ADC ExternalTrigInjecConv F1 family is applicable
2025-10-11 19:05:55,551 [INFO] Rule:233 - rule Change Default Value for ADC ExternalTrigConv F7 family is applicable
2025-10-11 19:05:55,551 [INFO] Rule:233 - rule Change Default Value for ADC ExternalTrigInjecConv F7 family is applicable
2025-10-11 19:05:55,551 [INFO] Rule:233 - rule Change Default Value for ADC ExternalTrigConv F4 and F2 family is applicable
2025-10-11 19:05:55,551 [INFO] Rule:233 - rule Change Default Value for ADC ExternalTrigInjecConv F4 and F2 family is applicable
2025-10-11 19:05:55,551 [INFO] Rule:233 - rule ADC SamplingTime fix with FW L0  is applicable
2025-10-11 19:05:55,552 [INFO] Rule:233 - rule ADC SamplingTime fix with FW L0  is applicable
2025-10-11 19:05:55,552 [INFO] Rule:233 - rule ADC SamplingTime fix with FW L0 is applicable
2025-10-11 19:05:55,552 [INFO] Rule:233 - rule ADC SamplingTime fix with FW L0 is applicable
2025-10-11 19:05:55,552 [INFO] Rule:233 - rule ADC SamplingTime fix with FW L0  is applicable
2025-10-11 19:05:55,552 [INFO] Rule:233 - rule ADC SamplingTime fix with FW L0 is applicable
2025-10-11 19:05:55,552 [INFO] Rule:233 - rule Rename USB_OE Signal is applicable
2025-10-11 19:05:55,552 [INFO] Rule:233 - rule Rename Activate_OE Mode is applicable
2025-10-11 19:05:55,552 [INFO] Rule:233 - rule Rename DIE462/DIE415 pin PC14/OSC32_IN -> PC14-OSC32_IN (PC14) is applicable
2025-10-11 19:05:55,552 [INFO] Rule:233 - rule Rename DIE462/DIE415 pin PC15/OSC32_OUT -> PC15-OSC32_OUT (PC15) is applicable
2025-10-11 19:05:55,552 [INFO] Rule:233 - rule Rename DIE462/DIE415 pin PH0/OSC_IN -> PH0-OSC_IN (PH0) is applicable
2025-10-11 19:05:55,553 [INFO] Rule:233 - rule Rename DIE462/DIE415 pin PH1/OSC_OUT -> PH1-OSC_OUT (PH1) is applicable
2025-10-11 19:05:55,553 [INFO] Rule:233 - rule Rename DIE462 pin PA13 -> PA13 (JTMS/SWDIO) is applicable
2025-10-11 19:05:55,553 [INFO] Rule:233 - rule Rename DIE415 pin PA13 -> PA13 (JTMS/SWDIO) is applicable
2025-10-11 19:05:55,553 [INFO] Rule:233 - rule Rename DIE462 pin PA14 -> PA14 (JTCK/SWCLK) is applicable
2025-10-11 19:05:55,553 [INFO] Rule:233 - rule Rename DIE415 pin PA14 -> PA14 (JTCK/SWCLK) is applicable
2025-10-11 19:05:55,553 [INFO] Rule:233 - rule Rename DIE462/DIE415 pin PA15 -> PA15 (JTDI) is applicable
2025-10-11 19:05:55,553 [INFO] Rule:233 - rule Rename DIE462 pin PB3 -> PB3 (JTD0/TRACESWO) is applicable
2025-10-11 19:05:55,553 [INFO] Rule:233 - rule Rename DIE415 pin PB3 -> PB3 (JTD0-TRACESWO) is applicable
2025-10-11 19:05:55,553 [INFO] Rule:233 - rule Rename DIE462/DIE415 pin PB4 -> PB4 (NJTRST) is applicable
2025-10-11 19:05:55,553 [INFO] Rule:233 - rule Rename DIE462 pin PH3/BOOT0 -> PH3-BOOT0 (BOOT0) is applicable
2025-10-11 19:05:55,553 [INFO] Rule:233 - rule Rename CRYP DataEncryptionTypesList to Algorithm is applicable
2025-10-11 19:05:55,553 [INFO] Rule:233 - rule Rename AES DataEncryptionTypesList to Algorithm is applicable
2025-10-11 19:05:55,553 [INFO] Rule:233 - rule Rename TDESECB to CRYP_TDES_ECB is applicable
2025-10-11 19:05:55,553 [INFO] Rule:233 - rule Rename TDESCBC to CRYP_TDES_CBC is applicable
2025-10-11 19:05:55,553 [INFO] Rule:233 - rule Rename DESECB to CRYP_DES_ECB is applicable
2025-10-11 19:05:55,553 [INFO] Rule:233 - rule Rename DESCBC to CRYP_DES_CBC is applicable
2025-10-11 19:05:55,553 [INFO] Rule:233 - rule Rename AESECB to CRYP_AES_ECB is applicable
2025-10-11 19:05:55,553 [INFO] Rule:233 - rule Rename AESCBC to CRYP_AES_CBC is applicable
2025-10-11 19:05:55,553 [INFO] Rule:233 - rule Rename AESCTR to CRYP_AES_CTR is applicable
2025-10-11 19:05:55,553 [INFO] Rule:233 - rule Rename AESGCM to CRYP_AES_GCM is applicable
2025-10-11 19:05:55,553 [INFO] Rule:233 - rule Rename AESCCM to CRYP_AES_CCM is applicable
2025-10-11 19:05:55,553 [INFO] Rule:233 - rule Rename CAN TimeSeg1 to BS1 is applicable
2025-10-11 19:05:55,553 [INFO] Rule:233 - rule Rename CAN TimeSeg2 to BS2 is applicable
2025-10-11 19:05:55,553 [INFO] Rule:233 - rule Rename CAN SyncJumpWidth to SJW is applicable
2025-10-11 19:05:55,553 [INFO] Rule:233 - rule TimeTriggeredMode to TTCM is applicable
2025-10-11 19:05:55,553 [INFO] Rule:233 - rule Rename CAN AutoBusOff to ABOM is applicable
2025-10-11 19:05:55,553 [INFO] Rule:233 - rule Rename CAN AutoWakeUp to AWUM is applicable
2025-10-11 19:05:55,553 [INFO] Rule:233 - rule Rename CAN AutoRetransmission to NART is applicable
2025-10-11 19:05:55,553 [INFO] Rule:233 - rule Rename CAN ReceiveFifoLocked to RFLM is applicable
2025-10-11 19:05:55,553 [INFO] Rule:233 - rule Rename CAN TransmitFifoPriority to TXFP is applicable
2025-10-11 19:05:55,553 [INFO] Rule:233 - rule Rename HRTIMER HRTIM_OUTPUTFAULTLEVEL_HIGH in HRTIMER HRTIM_OUTPUTFAULTLEVEL_HIGHZ is applicable
2025-10-11 19:05:55,554 [INFO] Rule:233 - rule Rename TIMER TIM_CLEARINPUTSOURCE_OCREFCLR in  TIMER TIM_CLEARINPUTSOURCE_NONE for F7 family is applicable
2025-10-11 19:05:55,554 [INFO] Rule:233 - rule FDCAN_R1 - Rename FDCAN mode Master into Classic is applicable
2025-10-11 19:05:55,554 [INFO] Rule:233 - rule FDCAN_R2 - Rename FDCAN mode Slave into Classic is applicable
2025-10-11 19:05:55,554 [INFO] Rule:233 - rule FDCAN1_R3 - if PA10.Mode=FullDuplex, add Pin PA12 is applicable
2025-10-11 19:05:55,554 [INFO] Rule:233 - rule FDCAN1_R3 - if PA9.Mode=FullDuplex, add Pin PA11 is applicable
2025-10-11 19:05:55,554 [INFO] Rule:233 - rule FDCAN1_R3 - Alternatepin_1 - if PE1.Mode=FullDuplex, add Pin PB9 is applicable
2025-10-11 19:05:55,554 [INFO] Rule:233 - rule FDCAN1_R3 - Alternatepin_1 - if PE0.Mode=FullDuplex, add Pin PB8 is applicable
2025-10-11 19:05:55,554 [INFO] Rule:233 - rule FDCAN1_R3 - Alternatepin_2 - if PD5.Mode=FullDuplex, add Pin PD1 is applicable
2025-10-11 19:05:55,554 [INFO] Rule:233 - rule FDCAN1_R3 - Alternatepin_2 - if PD4.Mode=FullDuplex, add Pin PD0 is applicable
2025-10-11 19:05:55,554 [INFO] Rule:233 - rule FDCAN1_R4 - Rename Mode FullDuplex into Enable FDCAN_TXFD for pin PA10 is applicable
2025-10-11 19:05:55,554 [INFO] Rule:233 - rule FDCAN1_R4 - Rename Mode FullDuplex into Enable FDCAN_TXFD for pin PA9 is applicable
2025-10-11 19:05:55,554 [INFO] Rule:233 - rule FDCAN1_R4 - Alternatepin_1 - Rename Mode FullDuplex into Enable FDCAN_TXFD for pin PE1 is applicable
2025-10-11 19:05:55,555 [INFO] Rule:233 - rule FDCAN1_R4 - Alternatepin_1 - Rename Mode FullDuplex into Enable FDCAN_TXFD for pin PE0 is applicable
2025-10-11 19:05:55,555 [INFO] Rule:233 - rule FDCAN1_R4 - Alternatepin_2 - Rename Mode FullDuplex into Enable FDCAN_TXFD for pin PD5 is applicable
2025-10-11 19:05:55,555 [INFO] Rule:233 - rule FDCAN1_R4 - Alternatepin_2 - Rename Mode FullDuplex into Enable FDCAN_TXFD for pin PD4 is applicable
2025-10-11 19:05:55,555 [INFO] Rule:233 - rule FDCAN2_R3 - if PD10.Mode=FullDuplex, add Pin PB13 is applicable
2025-10-11 19:05:55,555 [INFO] Rule:233 - rule FDCAN2_R3 - if PD9.Mode=FullDuplex, add Pin PB12 is applicable
2025-10-11 19:05:55,555 [INFO] Rule:233 - rule FDCAN2_R3 - Alternatepin_1 - if PB7.Mode=FullDuplex, add Pin PB6 is applicable
2025-10-11 19:05:55,555 [INFO] Rule:233 - rule FDCAN2_R3 - Alternatepin_1 - if PD9.Mode=FullDuplex, add Pin PB12 is applicable
2025-10-11 19:05:55,555 [INFO] Rule:233 - rule FDCAN2_R4 - Rename Mode FullDuplex into Enable FDCAN_TXFD for pin PD10 is applicable
2025-10-11 19:05:55,555 [INFO] Rule:233 - rule FDCAN2_R4 - Rename Mode FullDuplex into Enable FDCAN_TXFD for pin PD9 is applicable
2025-10-11 19:05:55,555 [INFO] Rule:233 - rule FDCAN2_R4 - Alternatepin_1 - Rename Mode FullDuplex into Enable FDCAN_TXFD for pin PB7 is applicable
2025-10-11 19:05:55,555 [INFO] Rule:233 - rule FDCAN2_R4 - Alternatepin_1 - Rename Mode FullDuplex into Enable FDCAN_TXFD for pin PD6 is applicable
2025-10-11 19:05:55,555 [INFO] Rule:233 - rule USART TxPinLevelInvertParam Mode is applicable
2025-10-11 19:05:55,555 [INFO] Rule:233 - rule USART RxPinLevelInvertParam Mode is applicable
2025-10-11 19:05:55,555 [INFO] Rule:233 - rule USART DataInvertParam Mode is applicable
2025-10-11 19:05:55,555 [INFO] Rule:233 - rule USART SwapParam Mode is applicable
2025-10-11 19:05:55,555 [INFO] Rule:233 - rule USART OverrunDisableParam Mode is applicable
2025-10-11 19:05:55,555 [INFO] Rule:233 - rule USART DMADisableonRxErrorParam Mode is applicable
2025-10-11 19:05:55,555 [INFO] Rule:233 - rule USART MSBFirstParam Mode is applicable
2025-10-11 19:05:55,555 [INFO] Rule:233 - rule Update MwName for USB_DEVICE is applicable
2025-10-11 19:05:55,555 [INFO] Rule:233 - rule Change PWR_Regulator_Voltage_Scale Default Value for RCC  H7 family is applicable
2025-10-11 19:05:55,555 [INFO] Rule:233 - rule UART/USART IPParameter rename Prescaler parameter to ClockPrescaler is applicable
2025-10-11 19:05:55,555 [INFO] Rule:233 - rule UART/USART Prescaler rename Prescaler parameter to ClockPrescaler is applicable
2025-10-11 19:05:55,555 [INFO] Rule:233 - rule TIM1CLockSelection is applicable
2025-10-11 19:05:55,555 [INFO] Rule:233 - rule TIM15CLockSelection is applicable
2025-10-11 19:05:55,555 [INFO] Rule:233 - rule align RCC SDMMC3CLockSelection default value on MP1 is applicable
2025-10-11 19:05:55,555 [INFO] Rule:233 - rule align RCC SDMMC12CLockSelection default value on MP1 is applicable
2025-10-11 19:05:55,555 [INFO] Rule:233 - rule align RCC QSPICLockSelection default value on MP1 is applicable
2025-10-11 19:05:55,555 [INFO] Rule:233 - rule align RCC QSPICLockSelection default value on MP1 is applicable
2025-10-11 19:05:55,555 [INFO] Rule:233 - rule align RCC SPI6CLockSelection default value on MP1 is applicable
2025-10-11 19:05:55,556 [INFO] Rule:233 - rule align RCC LPTIM23CLockSelection default value on MP1 is applicable
2025-10-11 19:05:55,556 [INFO] Rule:233 - rule align RCC LPTIM1CLockSelection default value on MP1 is applicable
2025-10-11 19:05:55,556 [INFO] Rule:233 - rule align RCC USART1CLockSelection default value on MP1 is applicable
2025-10-11 19:05:55,556 [INFO] Rule:233 - rule align RCC USART24CLockSelection default value on MP1 is applicable
2025-10-11 19:05:55,556 [INFO] Rule:233 - rule align RCC USART6CLockSelection default value on MP1 is applicable
2025-10-11 19:05:55,556 [INFO] Rule:233 - rule align RCC UART78CLockSelection default value on MP1 is applicable
2025-10-11 19:05:55,556 [INFO] Rule:233 - rule align RCC USART35CLockSelection default value on MP1 is applicable
2025-10-11 19:05:55,556 [INFO] Rule:233 - rule align RCC SPI45CLockSelection default value on MP1 is applicable
2025-10-11 19:05:55,556 [INFO] Rule:233 - rule align RCC I2C46CLockSelection BCLK value on MP1 is applicable
2025-10-11 19:05:55,556 [INFO] Rule:233 - rule align RCC SPI45CLockSelection default value on MP1 is applicable
2025-10-11 19:05:55,556 [INFO] Rule:233 - rule align RCC I2C12CLockSelection default value on MP1 is applicable
2025-10-11 19:05:55,556 [INFO] Rule:233 - rule align RCC I2C35CLockSelection default value on MP1 is applicable
2025-10-11 19:05:55,556 [INFO] Rule:233 - rule align RCC LPTIM45CLockSelection default value on MP1 is applicable
2025-10-11 19:05:55,556 [INFO] Rule:233 - rule Rename DCMI PIXCK signal is applicable
2025-10-11 19:05:55,556 [INFO] Rule:233 - rule Change Default Value for I2C46CLockSelection MP1 family is applicable
2025-10-11 19:05:55,556 [INFO] Rule:233 - rule Change Default Value for UART for G4, G0 and WB families is applicable
2025-10-11 19:05:55,556 [INFO] Rule:233 - rule Change Default Value for USART for G4, G0 and WB families is applicable
2025-10-11 19:05:55,556 [INFO] Rule:233 - rule Change Default Value for USART for G4 family is applicable
2025-10-11 19:05:55,556 [INFO] Rule:233 - rule Change USART1CLockSelection refparam name for MP1 is applicable
2025-10-11 19:05:55,556 [INFO] Rule:233 - rule Change USART2CLockSelection refparam name for MP1 is applicable
2025-10-11 19:05:55,556 [INFO] Rule:233 - rule Change USART3CLockSelection refparam name for MP1 is applicable
2025-10-11 19:05:55,556 [INFO] Rule:233 - rule Change UART4CLockSelection refparam name for MP1 is applicable
2025-10-11 19:05:55,556 [INFO] Rule:233 - rule Change UART5CLockSelection refparam name for MP1 is applicable
2025-10-11 19:05:55,556 [INFO] Rule:233 - rule Change LPUART1CLockSelection refparam name for MP1 is applicable
2025-10-11 19:05:55,556 [INFO] Rule:233 - rule Change LPTIM1CLockSelection refparam name for MP1 is applicable
2025-10-11 19:05:55,556 [INFO] Rule:233 - rule Change LPTIM2CLockSelection refparam name for MP1 is applicable
2025-10-11 19:05:55,556 [INFO] Rule:233 - rule Change RCC_MCO1Source refparam name for MP1 is applicable
2025-10-11 19:05:55,556 [INFO] Rule:233 - rule Change LSCOSource1 refparam name for MP1 is applicable
2025-10-11 19:05:55,556 [INFO] Rule:233 - rule Change SMPSCLockSelection refparam name for MP1 is applicable
2025-10-11 19:05:55,556 [INFO] Rule:233 - rule Change LPTIM3CLockSelection refparam name for MP1 is applicable
2025-10-11 19:05:55,556 [INFO] Rule:233 - rule Change MPCBB* Default Template Mode to Parameters is applicable
2025-10-11 19:05:55,556 [INFO] Rule:233 - rule Change MPCWM* or MPCBB* Secure Mode to Parameters is applicable
2025-10-11 19:05:55,556 [INFO] Rule:233 - rule Change MPCWM* or MPCBB* No Secure Mode to Parameters is applicable
2025-10-11 19:05:55,557 [INFO] Rule:233 - rule Change TZSC IP Secure Mode to Parameters is applicable
2025-10-11 19:05:55,557 [INFO] Rule:233 - rule Change TZSC IP No Secure Mode to Parameters is applicable
2025-10-11 19:05:55,557 [INFO] Rule:233 - rule Change TZSC IP Privilege Mode to Parameters is applicable
2025-10-11 19:05:55,557 [INFO] Rule:233 - rule Change TZSC IP No Privilege Mode to Parameters is applicable
2025-10-11 19:05:55,557 [INFO] Rule:233 - rule Change TZIC IT Secure Mode to Parameters is applicable
2025-10-11 19:05:55,557 [INFO] Rule:233 - rule Change TZIC IT No Secure Mode to Parameters is applicable
2025-10-11 19:05:55,557 [INFO] Rule:233 - rule Add MPCBB1_NonSecureArea_Start_Address value with referenced to MPCBB1_NonSecureArea_Start value is applicable
2025-10-11 19:05:55,557 [INFO] Rule:233 - rule Add MPCBB2_NonSecureArea_Start_Address value with referenced to MPCBB2_NonSecureArea_Start value is applicable
2025-10-11 19:05:55,557 [INFO] Rule:233 - rule Add MPCWM1_NonSecureArea*_Start_Address value with referenced to MPCWM1_NonSecureArea*_Start value is applicable
2025-10-11 19:05:55,557 [INFO] Rule:233 - rule Add MPCWM2_NonSecureArea*_Start_Address value with referenced to MPCWM2_NonSecureArea*_Start value is applicable
2025-10-11 19:05:55,557 [INFO] Rule:233 - rule Add MPCWM3_NonSecureArea_Start_Address value with referenced to MPCWM3_NonSecureArea_Start value is applicable
2025-10-11 19:05:55,557 [INFO] Rule:233 - rule Change Default Value for PLL1UserDefinedConfig is applicable
2025-10-11 19:05:55,557 [INFO] Rule:233 - rule Change GPIO_PuPd Default Value for USART in async mode is applicable
2025-10-11 19:05:55,557 [INFO] Rule:233 - rule Change SMPSDivider Default Value is applicable
2025-10-11 19:05:55,557 [INFO] Rule:233 - rule OPAMP is applicable
2025-10-11 19:05:55,557 [INFO] Rule:233 - rule LPUART IPParameter rename Prescaler parameter to ClockPrescaler for STM32H7 is applicable
2025-10-11 19:05:55,557 [INFO] Rule:233 - rule LPUART IPParameter rename Prescaler parameter to ClockPrescaler for STM32H7 is applicable
2025-10-11 19:05:55,557 [INFO] Rule:233 - rule LPUART IPParameter rename Prescaler parameter to ClockPrescaler for STM32WB is applicable
2025-10-11 19:05:55,557 [INFO] Rule:233 - rule LPUART IPParameter rename Prescaler parameter to ClockPrescaler for STM32WB is applicable
2025-10-11 19:05:55,557 [INFO] Rule:233 - rule LPUART IPParameter rename Prescaler parameter to ClockPrescaler for STM32G4 is applicable
2025-10-11 19:05:55,557 [INFO] Rule:233 - rule LPUART IPParameter rename Prescaler parameter to ClockPrescaler for STM32G4 is applicable
2025-10-11 19:05:55,557 [INFO] Rule:233 - rule LPUART IPParameter rename Prescaler parameter to ClockPrescaler for STM32L5 is applicable
2025-10-11 19:05:55,557 [INFO] Rule:233 - rule LPUART IPParameter rename Prescaler parameter to ClockPrescaler for STM32L5 is applicable
2025-10-11 19:05:55,557 [INFO] Rule:233 - rule LPUART IPParameter rename Prescaler parameter to ClockPrescaler for STM32G4 is applicable
2025-10-11 19:05:55,557 [INFO] Rule:233 - rule LPUART IPParameter rename Prescaler parameter to ClockPrescaler for STM32G4 is applicable
2025-10-11 19:05:55,557 [INFO] Rule:233 - rule USB device lib V2.5.3 for L0 rename USBD_SUPPORT_USER_STRING parameter to USBD_SUPPORT_USER_STRING_DESC4 is applicable
2025-10-11 19:05:55,557 [INFO] Rule:233 - rule I2SCLockSelection clock entry align is applicable
2025-10-11 19:05:55,557 [INFO] Rule:233 - rule Assign TIMx context if used as SYS timebase is applicable
2025-10-11 19:05:55,557 [INFO] Rule:233 - rule Change GPIO_Pu Default Value for I2C is applicable
2025-10-11 19:05:55,557 [INFO] Rule:233 - rule Change GPIO_Pu Default Value for SMBus is applicable
2025-10-11 19:05:55,557 [INFO] Rule:233 - rule change FDCAN default value is applicable
2025-10-11 19:05:55,557 [INFO] Rule:233 - rule Change mode sai is applicable
2025-10-11 19:05:55,557 [INFO] Rule:233 - rule **Change sai mode is applicable
2025-10-11 19:05:55,557 [INFO] Rule:233 - rule Rename STM32WPAN CFG_BLE_IRK to CFG_BLE_IR is applicable
2025-10-11 19:05:55,557 [INFO] Rule:233 - rule Rename STM32WPAN CFG_BLE_ERK to CFG_BLE_ER is applicable
2025-10-11 19:05:55,558 [INFO] Rule:233 - rule Rename STM32WPAN CFG_BLE_IRK_HEX to CFG_BLE_IR_HEX is applicable
2025-10-11 19:05:55,558 [INFO] Rule:233 - rule Rename STM32WPAN CFG_BLE_ERK_HEX to CFG_BLE_ER_HEX is applicable
2025-10-11 19:05:55,558 [INFO] Rule:233 - rule Adapt Old IOC before rework replace old CORTEX_M33/CORTEX_M55 attributes by the new one. is applicable
2025-10-11 19:05:55,558 [INFO] Rule:233 - rule Rename parametre of RCC RCC_APBDBG_DIV2 to RCC_TIMPRES_DIV2 is applicable
2025-10-11 19:05:55,558 [INFO] Rule:233 - rule Rename DIE493 pin PA10 [PA12] -> PA10 is applicable
2025-10-11 19:05:55,558 [INFO] Rule:233 - rule Rename DIE493 pin PA9 [PA11] -> PA9 is applicable
2025-10-11 19:05:55,558 [INFO] Rule:233 - rule Rename DIE492 PartNumber CPN STM32WBA5MJGHx -> STM32WBA5MMGHx is applicable
2025-10-11 19:05:55,558 [INFO] Rule:233 - rule Rename DIE492 PartNumber  Name STM32WBA5MJGHx -> STM32WBA5MMGHx is applicable
2025-10-11 19:05:55,558 [INFO] Rule:233 - rule Rename DIE492 PartNumber UserName STM32WBA5MJGHx -> STM32WBA5MMGHx is applicable
2025-10-11 19:05:55,558 [INFO] Rule:233 - rule Rename DIE492 PartNumber DeviceId STM32WBA5MJGHx -> STM32WBA5MMGHx is applicable
2025-10-11 19:05:55,558 [INFO] Rule:233 - rule Adapt Old IOC CSI. is applicable
2025-10-11 19:05:55,558 [INFO] Rule:233 - rule Adapt Old IOC DCMIPP. is applicable
2025-10-11 19:05:55,558 [INFO] Rule:233 - rule Adapt Old IOC DCMIPP Mode Parallel. is applicable
2025-10-11 19:05:55,558 [INFO] Rule:233 - rule Adapt Old IOC LTDC. is applicable
2025-10-11 19:05:55,558 [INFO] Rule:233 - rule Rename STM32MP2 RIF Peripheral LTDC RIF.RISUP.LTDC_L0L1.Privilege -> RIF.RISUP.LTDC_L1L2.Privilege is applicable
2025-10-11 19:05:55,558 [INFO] Rule:233 - rule Rename STM32MP2 RIF Peripheral LTDC RIF.RISUP.LTDC_L0L1.Privilege -> RIF.RISUP.LTDC_L1L2.Privilege is applicable
2025-10-11 19:05:55,558 [INFO] Rule:233 - rule Rename STM32MP2 RIF Peripheral LTDC RIF.RISUP.LTDC_L0L1.Lock -> RIF.RISUP.LTDC_L1L2.Lock is applicable
2025-10-11 19:05:55,558 [INFO] Rule:233 - rule Rename STM32MP2 RIF Peripheral LTDC RIF.RISUP.LTDC_L2.Lock -> RIF.RISUP.LTDC_L3.Lock is applicable
2025-10-11 19:05:55,558 [INFO] Rule:233 - rule Adapt the old IOC example for updating the SYS when it is misconfigured. is applicable
2025-10-11 19:05:55,558 [INFO] Rule:233 - rule Rename STM32C09 Mcu.Package LQFP64 -> LQFP48 is applicable
2025-10-11 19:05:55,558 [INFO] Rule:233 - rule Adapt the old IOC example for updating the SYS when it is misconfigured. is applicable
2025-10-11 19:05:55,558 [INFO] Rule:233 - rule Adapt the old IOC example for updating the SYS when it is misconfigured. is applicable
2025-10-11 19:05:55,585 [INFO] DbConfProperties:307 - Apply Compatibility (54/282 Rules)
2025-10-11 19:05:55,616 [INFO] ImportTextPane:234 - (OptionalMessage_ERROR) Unable to find key (Mcu.ThirdPartyNb) in loaded IOC file
2025-10-11 19:05:55,618 [INFO] ImportTextPane:234 - (OptionalMessage_ERROR) Pin35 (VP_RIF_VS_RIF1) cannot be retrieved for this MCU
2025-10-11 19:05:55,673 [INFO] RtosManager:558 - Registered RTOS mode: class=CMSIS, group=RTOS, mode=CMSIS_V1, owner=FREERTOS
2025-10-11 19:05:55,673 [INFO] RtosManager:558 - Registered RTOS mode: class=CMSIS, group=RTOS2, mode=CMSIS_V2, owner=FREERTOS
2025-10-11 19:05:55,673 [INFO] RtosManager:558 - Registered RTOS mode: class=RTOS, group=Core, mode=CMSIS_V1, owner=FREERTOS
2025-10-11 19:05:55,673 [INFO] RtosManager:558 - Registered RTOS mode: class=RTOS, group=Core, mode=CMSIS_V2, owner=FREERTOS
2025-10-11 19:05:55,674 [WARN] ModelIntegratedComponent:184 - Missing modes for component STMicroelectronics:FreeRTOS:0.0.1:STMicroelectronics:RTOS:FreeRTOS:Core:::10.2.0:
2025-10-11 19:05:55,687 [WARN] ModelIntegratedComponent:63 - No mode defined for component null
2025-10-11 19:05:55,688 [WARN] ModelIntegratedComponent:63 - No mode defined for component null
2025-10-11 19:05:55,688 [WARN] ModelIntegratedComponent:63 - No mode defined for component null
2025-10-11 19:05:55,688 [WARN] ModelIntegratedComponent:63 - No mode defined for component null
2025-10-11 19:05:55,688 [WARN] ModelIntegratedComponent:63 - No mode defined for component null
2025-10-11 19:05:55,688 [WARN] ModelIntegratedComponent:63 - No mode defined for component null
2025-10-11 19:05:55,688 [WARN] ModelIntegratedComponent:63 - No mode defined for component null
2025-10-11 19:05:55,688 [WARN] ModelIntegratedComponent:63 - No mode defined for component null
2025-10-11 19:05:55,688 [WARN] ModelIntegratedComponent:63 - No mode defined for component null
2025-10-11 19:05:55,688 [WARN] ModelIntegratedComponent:63 - No mode defined for component null
2025-10-11 19:05:55,688 [WARN] ModelIntegratedComponent:63 - No mode defined for component null
2025-10-11 19:05:55,688 [WARN] ModelIntegratedComponent:63 - No mode defined for component null
2025-10-11 19:05:55,688 [WARN] ModelIntegratedComponent:63 - No mode defined for component null
2025-10-11 19:05:55,688 [WARN] ModelIntegratedComponent:63 - No mode defined for component null
2025-10-11 19:05:55,688 [WARN] ModelIntegratedComponent:63 - No mode defined for component null
2025-10-11 19:05:55,688 [WARN] ModelIntegratedComponent:63 - No mode defined for component null
2025-10-11 19:05:55,688 [WARN] ModelIntegratedComponent:63 - No mode defined for component null
2025-10-11 19:05:55,688 [WARN] ModelIntegratedComponent:63 - No mode defined for component null
2025-10-11 19:05:55,688 [WARN] ModelIntegratedComponent:63 - No mode defined for component null
2025-10-11 19:05:55,688 [WARN] ModelIntegratedComponent:63 - No mode defined for component null
2025-10-11 19:05:55,688 [WARN] ModelIntegratedComponent:63 - No mode defined for component null
2025-10-11 19:05:55,688 [WARN] ModelIntegratedComponent:63 - No mode defined for component null
2025-10-11 19:05:55,688 [WARN] ModelIntegratedComponent:63 - No mode defined for component null
2025-10-11 19:05:55,688 [WARN] ModelIntegratedComponent:63 - No mode defined for component null
2025-10-11 19:05:55,688 [WARN] ModelIntegratedComponent:63 - No mode defined for component null
2025-10-11 19:05:55,688 [WARN] ModelIntegratedComponent:63 - No mode defined for component null
2025-10-11 19:05:55,688 [WARN] ModelIntegratedComponent:63 - No mode defined for component null
2025-10-11 19:05:55,688 [WARN] ModelIntegratedComponent:63 - No mode defined for component null
2025-10-11 19:05:55,688 [WARN] ModelIntegratedComponent:63 - No mode defined for component null
2025-10-11 19:05:55,688 [WARN] ModelIntegratedComponent:63 - No mode defined for component null
2025-10-11 19:05:55,688 [WARN] ModelIntegratedComponent:63 - No mode defined for component null
2025-10-11 19:05:55,688 [WARN] ModelIntegratedComponent:63 - No mode defined for component null
2025-10-11 19:05:55,688 [WARN] ModelIntegratedComponent:63 - No mode defined for component null
2025-10-11 19:05:55,688 [WARN] ModelIntegratedComponent:63 - No mode defined for component null
2025-10-11 19:05:55,688 [WARN] ModelIntegratedComponent:63 - No mode defined for component null
2025-10-11 19:05:55,688 [WARN] ModelPack:524 - Component already loaded: STMicroelectronics:HAL Drivers:0.0.0:STMicroelectronics:Device:STMicro_Driver:XSPI:HAL::0.0.1:HAL_XSPI
2025-10-11 19:05:55,770 [INFO] ThirdPartyModel:298 - Start build external matchings
2025-10-11 19:05:56,232 [INFO] ThirdPartyModel:316 - End build external matchings
2025-10-11 19:05:56,245 [INFO] ImportTextPane:234 - (OptionalMessage_ERROR) IP (RCC) : Parameter (RTCHSEDivFreq_Value) has invalid value (4000000)
2025-10-11 19:05:56,367 [INFO] UtilMem:75 - End LoadConfig() Used Memory: 878041584 Bytes (1073741824)
2025-10-11 19:05:56,482 [WARN] ThirdParty:833 - waiting for thirdparty lock release [change project]
2025-10-11 19:05:56,482 [INFO] ThirdParty:835 - entering critical section [change project]
2025-10-11 19:05:56,482 [INFO] ThirdParty:1030 - CMSIS Pack Vendor :STMicroelectronics X-CUBE-PM33A1 1.0.0
2025-10-11 19:05:56,482 [INFO] ThirdParty:1030 - CMSIS Pack Vendor :STMicroelectronics USBPD 4.1
2025-10-11 19:05:56,482 [INFO] ThirdParty:1030 - CMSIS Pack Vendor :STMicroelectronics X-CUBE-NFC9 1.0.0
2025-10-11 19:05:56,482 [INFO] ThirdParty:1030 - CMSIS Pack Vendor :STMicroelectronics USB_HOST 2.0.0
2025-10-11 19:05:56,482 [INFO] ThirdParty:1030 - CMSIS Pack Vendor :STMicroelectronics FP-SNS-MOTENVWB1 1.4.0
2025-10-11 19:05:56,482 [INFO] ThirdParty:1030 - CMSIS Pack Vendor :STMicroelectronics X-CUBE-AZRTOS-F4 1.1.0
2025-10-11 19:05:56,482 [INFO] ThirdParty:1030 - CMSIS Pack Vendor :STMicroelectronics LIBJPEG 8.0.0
2025-10-11 19:05:56,483 [INFO] ThirdParty:1030 - CMSIS Pack Vendor :STMicroelectronics FP-ATR-ASTRA1 2.0.2
2025-10-11 19:05:56,483 [INFO] ThirdParty:1030 - CMSIS Pack Vendor :wolfSSL I-CUBE-wolfSSL 5.8.2
2025-10-11 19:05:56,483 [INFO] ThirdParty:1030 - CMSIS Pack Vendor :STMicroelectronics X-CUBE-BLE1 7.1.0
2025-10-11 19:05:56,483 [INFO] ThirdParty:1030 - CMSIS Pack Vendor :Avnet-IotConnect X-CUBE-IoTC-DA16k-PMOD 1.0.0
2025-10-11 19:05:56,483 [INFO] ThirdParty:1030 - CMSIS Pack Vendor :STMicroelectronics X-CUBE-SMBUS 2.1.0
2025-10-11 19:05:56,483 [INFO] ThirdParty:1030 - CMSIS Pack Vendor :wolfSSL I-CUBE-wolfMQTT 1.19.2
2025-10-11 19:05:56,483 [INFO] ThirdParty:1030 - CMSIS Pack Vendor :STMicroelectronics USB_DEVICE 3.0.0
2025-10-11 19:05:56,483 [INFO] ThirdParty:1030 - CMSIS Pack Vendor :STMicroelectronics X-CUBE-ISPU 2.1.0
2025-10-11 19:05:56,483 [INFO] ThirdParty:1030 - CMSIS Pack Vendor :STMicroelectronics X-CUBE-EEPRMA1 5.2.0
2025-10-11 19:05:56,483 [INFO] ThirdParty:1030 - CMSIS Pack Vendor :STMicroelectronics X-CUBE-BLEMGR 4.1.0
2025-10-11 19:05:56,483 [INFO] ThirdParty:1030 - CMSIS Pack Vendor :STMicroelectronics X-CUBE-AZRTOS-WB 2.0.0
2025-10-11 19:05:56,483 [INFO] ThirdParty:1030 - CMSIS Pack Vendor :STMicroelectronics X-CUBE-ST60 1.0.0
2025-10-11 19:05:56,483 [INFO] ThirdParty:1030 - CMSIS Pack Vendor :STMicroelectronics X-CUBE-GNSS1 7.0.1
2025-10-11 19:05:56,483 [INFO] ThirdParty:1030 - CMSIS Pack Vendor :STMicroelectronics X-CUBE-NFC12 1.0.0
2025-10-11 19:05:56,483 [INFO] ThirdParty:1030 - CMSIS Pack Vendor :STMicroelectronics X-CUBE-AZRTOS-F7 1.1.0
2025-10-11 19:05:56,483 [INFO] ThirdParty:1030 - CMSIS Pack Vendor :STMicroelectronics X-CUBE-AZRTOS-L5 2.0.0
2025-10-11 19:05:56,483 [INFO] ThirdParty:1030 - CMSIS Pack Vendor :STMicroelectronics X-CUBE-TOUCHGFX 4.25.0
2025-10-11 19:05:56,483 [INFO] ThirdParty:1030 - CMSIS Pack Vendor :STMicroelectronics USB_DEVICE 2.0.0
2025-10-11 19:05:56,483 [INFO] ThirdParty:1030 - CMSIS Pack Vendor :STMicroelectronics X-CUBE-NFC6 3.1.0
2025-10-11 19:05:56,483 [INFO] ThirdParty:1030 - CMSIS Pack Vendor :quantropi X-CUBE-qispace-sdk-base 2.1.0
2025-10-11 19:05:56,483 [INFO] ThirdParty:1030 - CMSIS Pack Vendor :STMicroelectronics FreeRTOS 0.0.1
2025-10-11 19:05:56,483 [INFO] ThirdParty:1030 - CMSIS Pack Vendor :STMicroelectronics X-CUBE-AZRTOS-G0 1.1.0
2025-10-11 19:05:56,483 [INFO] ThirdParty:1030 - CMSIS Pack Vendor :STMicroelectronics X-CUBE-SAFEA1 1.2.2
2025-10-11 19:05:56,483 [INFO] ThirdParty:1030 - CMSIS Pack Vendor :STMicroelectronics X-CUBE-NFC4 3.0.0
2025-10-11 19:05:56,483 [INFO] ThirdParty:1030 - CMSIS Pack Vendor :STMicroelectronics X-CUBE-SUBG2 5.0.0
2025-10-11 19:05:56,483 [INFO] ThirdParty:1030 - CMSIS Pack Vendor :STMicroelectronics X-CUBE-AZRTOS-H7RS 1.1.0
2025-10-11 19:05:56,483 [INFO] ThirdParty:1030 - CMSIS Pack Vendor :STMicroelectronics STM32_WPAN 1.0.0
2025-10-11 19:05:56,483 [INFO] ThirdParty:1030 - CMSIS Pack Vendor :EmbeddedOffice I-CUBE-FS-RTOS 1.0.1
2025-10-11 19:05:56,483 [INFO] ThirdParty:1030 - CMSIS Pack Vendor :STMicroelectronics lwIP 2.0.3
2025-10-11 19:05:56,483 [INFO] ThirdParty:1030 - CMSIS Pack Vendor :WES I-CUBE-Cesium 1.4.0
2025-10-11 19:05:56,483 [INFO] ThirdParty:1030 - CMSIS Pack Vendor :Cesanta I-CUBE-Mongoose 7.13.0
2025-10-11 19:05:56,483 [INFO] ThirdParty:1030 - CMSIS Pack Vendor :STMicroelectronics USB_HOST 1.0.0
2025-10-11 19:05:56,483 [INFO] ThirdParty:1030 - CMSIS Pack Vendor :Infineon AIROC-Wi-Fi-Bluetooth-STM32 1.7.1
2025-10-11 19:05:56,483 [INFO] ThirdParty:1030 - CMSIS Pack Vendor :STMicroelectronics X-CUBE-AZRTOS-G4 2.0.0
2025-10-11 19:05:56,483 [INFO] ThirdParty:1030 - CMSIS Pack Vendor :STMicroelectronics X-CUBE-WB05N 2.0.0
2025-10-11 19:05:56,483 [INFO] ThirdParty:1030 - CMSIS Pack Vendor :STMicroelectronics PDM2PCM 3.1.0
2025-10-11 19:05:56,483 [INFO] ThirdParty:1030 - CMSIS Pack Vendor :STMicroelectronics PDM2PCM 3.3.0
2025-10-11 19:05:56,483 [INFO] ThirdParty:1030 - CMSIS Pack Vendor :wolfSSL I-CUBE-wolfTPM 3.8.0
2025-10-11 19:05:56,483 [INFO] ThirdParty:1030 - CMSIS Pack Vendor :STMicroelectronics X-CUBE-AZRTOS-H7 3.4.0
2025-10-11 19:05:56,483 [INFO] ThirdParty:1030 - CMSIS Pack Vendor :STMicroelectronics X-CUBE-DISPLAY 3.0.0
2025-10-11 19:05:56,483 [INFO] ThirdParty:1030 - CMSIS Pack Vendor :wolfSSL I-CUBE-wolfSSH 1.4.20
2025-10-11 19:05:56,483 [INFO] ThirdParty:1030 - CMSIS Pack Vendor :STMicroelectronics X-CUBE-NFC7 2.0.0
2025-10-11 19:05:56,483 [INFO] ThirdParty:1030 - CMSIS Pack Vendor :STMicroelectronics X-CUBE-TCPP 4.2.0
2025-10-11 19:05:56,483 [INFO] ThirdParty:1030 - CMSIS Pack Vendor :RealThread X-CUBE-RT-Thread_Nano 4.1.1
2025-10-11 19:05:56,483 [INFO] ThirdParty:1030 - CMSIS Pack Vendor :STMicroelectronics FP-ATR-SIGFOX1 3.2.0
2025-10-11 19:05:56,483 [INFO] ThirdParty:1030 - CMSIS Pack Vendor :STMicroelectronics X-CUBE-NFC10 1.0.0
2025-10-11 19:05:56,483 [INFO] ThirdParty:1030 - CMSIS Pack Vendor :STMicroelectronics X-CUBE-FREERTOS 1.3.1
2025-10-11 19:05:56,483 [INFO] ThirdParty:1030 - CMSIS Pack Vendor :STMicroelectronics HAL Drivers 0.0.0
2025-10-11 19:05:56,483 [INFO] ThirdParty:1030 - CMSIS Pack Vendor :STMicroelectronics MBEDTLS 2.16.2
2025-10-11 19:05:56,483 [INFO] ThirdParty:1030 - CMSIS Pack Vendor :STMicroelectronics X-CUBE-IPS 3.1.0
2025-10-11 19:05:56,483 [INFO] ThirdParty:1030 - CMSIS Pack Vendor :STMicroelectronics X-CUBE-ALS 1.0.2
2025-10-11 19:05:56,483 [INFO] ThirdParty:1030 - CMSIS Pack Vendor :emotas I-CUBE-CANOPEN 1.3.0
2025-10-11 19:05:56,483 [INFO] ThirdParty:1030 - CMSIS Pack Vendor :STMicroelectronics MBEDTLS 2.14.1
2025-10-11 19:05:56,483 [INFO] ThirdParty:1030 - CMSIS Pack Vendor :ITTIA_DB I-CUBE-ITTIADB 8.9.0
2025-10-11 19:05:56,484 [INFO] ThirdParty:1030 - CMSIS Pack Vendor :STMicroelectronics X-CUBE-TOUCHGFX 4.26.0
2025-10-11 19:05:56,484 [INFO] ThirdParty:1030 - CMSIS Pack Vendor :STMicroelectronics X-CUBE-STSE01 1.0.0
2025-10-11 19:05:56,484 [INFO] ThirdParty:1030 - CMSIS Pack Vendor :STMicroelectronics X-CUBE-ST67W61 1.0.0
2025-10-11 19:05:56,484 [INFO] ThirdParty:1030 - CMSIS Pack Vendor :STMicroelectronics FP-SNS-STBOX1 2.1.0
2025-10-11 19:05:56,484 [INFO] ThirdParty:1030 - CMSIS Pack Vendor :STMicroelectronics X-CUBE-AI 10.2.0
2025-10-11 19:05:56,484 [INFO] ThirdParty:1030 - CMSIS Pack Vendor :STMicroelectronics FP-SNS-STAIOTCFT 1.0.0
2025-10-11 19:05:56,484 [INFO] ThirdParty:1030 - CMSIS Pack Vendor :STMicroelectronics ThreadX 1.0.0
2025-10-11 19:05:56,484 [INFO] ThirdParty:1030 - CMSIS Pack Vendor :STMicroelectronics FP-SNS-SMARTAG2 1.2.0
2025-10-11 19:05:56,484 [INFO] ThirdParty:1030 - CMSIS Pack Vendor :STMicroelectronics FP-SNS-FLIGHT1 5.1.0
2025-10-11 19:05:56,484 [INFO] ThirdParty:1030 - CMSIS Pack Vendor :STMicroelectronics X-CUBE-AZRTOS-WL 2.0.0
2025-10-11 19:05:56,484 [INFO] ThirdParty:1030 - CMSIS Pack Vendor :SEGGER I-CUBE-embOS 1.3.1
2025-10-11 19:05:56,484 [INFO] ThirdParty:1030 - CMSIS Pack Vendor :STMicroelectronics X-CUBE-ALGOBUILD 1.4.0
2025-10-11 19:05:56,484 [INFO] ThirdParty:1030 - CMSIS Pack Vendor :STMicroelectronics X-CUBE-DPower 1.3.0
2025-10-11 19:05:56,484 [INFO] ThirdParty:1030 - CMSIS Pack Vendor :STMicroelectronics X-CUBE-MEMS1 11.3.0
2025-10-11 19:05:56,484 [INFO] ThirdParty:1030 - CMSIS Pack Vendor :STMicroelectronics FP-SNS-MOTENV1 5.0.0
2025-10-11 19:05:56,484 [INFO] ThirdParty:1030 - CMSIS Pack Vendor :STMicroelectronics USB_DEVICE 1.0.0
2025-10-11 19:05:56,484 [INFO] ThirdParty:1030 - CMSIS Pack Vendor :STMicroelectronics X-CUBE-AZRTOS-L4 2.0.0
2025-10-11 19:05:56,484 [INFO] ThirdParty:1030 - CMSIS Pack Vendor :STMicroelectronics ThreadX 0.0.2
2025-10-11 19:05:56,484 [INFO] ThirdParty:1030 - CMSIS Pack Vendor :STMicroelectronics lwIP 2.1.2
2025-10-11 19:05:56,484 [INFO] ThirdParty:1030 - CMSIS Pack Vendor :STMicroelectronics X-CUBE-SFXS2LP1 4.0.0
2025-10-11 19:05:56,484 [INFO] ThirdParty:1030 - CMSIS Pack Vendor :STMicroelectronics X-CUBE-BLE2 3.3.0
2025-10-11 19:05:56,484 [INFO] ThirdParty:1030 - CMSIS Pack Vendor :STMicroelectronics X-CUBE-TOF1 3.4.3
2025-10-11 19:05:56,484 [INFO] ThirdParty:1030 - CMSIS Pack Vendor :STMicroelectronics PDM2PCM 3.2.0
2025-10-11 19:05:56,484 [INFO] ThirdParty:841 - exiting critical section [change project]
2025-10-11 19:05:56,712 [INFO] PinOutPanel:1589 - setPackage(No Configuration,No Configuration)
2025-10-11 19:05:56,712 [INFO] PinOutPanel:1589 - setPackage(STM32F407VGTx,LQFP100)
2025-10-11 19:05:56,962 [INFO] UtilMem:75 - Before build in PCC Used Memory: 950860936 Bytes (1073741824)
2025-10-11 19:05:57,297 [INFO] UtilMem:75 - After build in PCC Used Memory: 880973632 Bytes (1073741824)
2025-10-11 19:05:57,328 [INFO] ApiDbMcu:532 - Load IP Config File for USB_HOST
2025-10-11 19:05:57,329 [WARN] BspModel:444 - BSP dependency skipped because of component: name='IOExpander', api='Unknown'
2025-10-11 19:05:57,349 [INFO] IPUIPlugin:80 - create IPUIPlugin
2025-10-11 19:05:57,350 [INFO] IPUIPlugin:80 - create IPUIPlugin
2025-10-11 19:05:57,350 [INFO] IPUIPlugin:80 - create IPUIPlugin
2025-10-11 19:05:57,350 [INFO] IPUIPlugin:80 - create IPUIPlugin
2025-10-11 19:05:57,350 [INFO] IPUIPlugin:80 - create IPUIPlugin
2025-10-11 19:05:57,350 [INFO] IPUIPlugin:80 - create IPUIPlugin
2025-10-11 19:05:57,350 [INFO] IPUIPlugin:80 - create IPUIPlugin
2025-10-11 19:05:57,350 [INFO] IPUIPlugin:80 - create IPUIPlugin
2025-10-11 19:05:57,350 [INFO] IPUIPlugin:80 - create IPUIPlugin
2025-10-11 19:05:57,350 [INFO] IPUIPlugin:80 - create IPUIPlugin
2025-10-11 19:05:57,350 [INFO] IPUIPlugin:80 - create IPUIPlugin
2025-10-11 19:05:57,350 [INFO] IPUIPlugin:80 - create IPUIPlugin
2025-10-11 19:05:57,350 [INFO] IPUIPlugin:80 - create IPUIPlugin
2025-10-11 19:05:57,350 [INFO] IPUIPlugin:80 - create IPUIPlugin
2025-10-11 19:05:57,350 [INFO] IPUIPlugin:80 - create IPUIPlugin
2025-10-11 19:05:57,351 [INFO] IPUIPlugin:80 - create IPUIPlugin
2025-10-11 19:05:57,351 [INFO] IPUIPlugin:80 - create IPUIPlugin
2025-10-11 19:05:57,351 [INFO] IPUIPlugin:80 - create IPUIPlugin
2025-10-11 19:05:57,351 [INFO] IPUIPlugin:80 - create IPUIPlugin
2025-10-11 19:05:57,351 [INFO] IPUIPlugin:80 - create IPUIPlugin
2025-10-11 19:05:57,351 [INFO] IPUIPlugin:80 - create IPUIPlugin
2025-10-11 19:05:57,351 [INFO] IPUIPlugin:80 - create IPUIPlugin
2025-10-11 19:05:57,351 [INFO] IPUIPlugin:80 - create IPUIPlugin
2025-10-11 19:05:57,351 [INFO] IPUIPlugin:80 - create IPUIPlugin
2025-10-11 19:05:57,351 [INFO] IPUIPlugin:80 - create IPUIPlugin
2025-10-11 19:05:57,352 [INFO] IPUIPlugin:80 - create IPUIPlugin
2025-10-11 19:05:57,352 [INFO] IPUIPlugin:80 - create IPUIPlugin
2025-10-11 19:05:57,352 [INFO] IPUIPlugin:80 - create IPUIPlugin
2025-10-11 19:05:57,352 [INFO] IPUIPlugin:80 - create IPUIPlugin
2025-10-11 19:05:57,352 [INFO] IPUIPlugin:80 - create IPUIPlugin
2025-10-11 19:05:57,352 [INFO] IPUIPlugin:80 - create IPUIPlugin
2025-10-11 19:05:57,352 [INFO] IPUIPlugin:80 - create IPUIPlugin
2025-10-11 19:05:57,352 [INFO] IPUIPlugin:80 - create IPUIPlugin
2025-10-11 19:05:57,352 [INFO] IPUIPlugin:80 - create IPUIPlugin
2025-10-11 19:05:57,352 [INFO] IPUIPlugin:80 - create IPUIPlugin
2025-10-11 19:05:57,352 [INFO] IPUIPlugin:80 - create IPUIPlugin
2025-10-11 19:05:57,352 [INFO] IPUIPlugin:80 - create IPUIPlugin
2025-10-11 19:05:57,352 [INFO] IPUIPlugin:80 - create IPUIPlugin
2025-10-11 19:05:57,352 [INFO] IPUIPlugin:80 - create IPUIPlugin
2025-10-11 19:05:57,352 [INFO] IPUIPlugin:80 - create IPUIPlugin
2025-10-11 19:05:57,352 [INFO] IPUIPlugin:80 - create IPUIPlugin
2025-10-11 19:05:57,353 [INFO] IPUIPlugin:80 - create IPUIPlugin
2025-10-11 19:05:57,353 [INFO] IPUIPlugin:80 - create IPUIPlugin
2025-10-11 19:05:57,353 [INFO] IPUIPlugin:80 - create IPUIPlugin
2025-10-11 19:05:57,353 [INFO] IPUIPlugin:80 - create IPUIPlugin
2025-10-11 19:05:57,353 [INFO] IPUIPlugin:80 - create IPUIPlugin
2025-10-11 19:05:57,353 [INFO] IPUIPlugin:80 - create IPUIPlugin
2025-10-11 19:05:57,353 [INFO] IPUIPlugin:80 - create IPUIPlugin
2025-10-11 19:05:57,353 [INFO] IPUIPlugin:80 - create IPUIPlugin
2025-10-11 19:05:57,353 [INFO] IPUIPlugin:80 - create IPUIPlugin
2025-10-11 19:05:57,353 [INFO] IPUIPlugin:80 - create IPUIPlugin
2025-10-11 19:05:57,353 [INFO] IPUIPlugin:80 - create IPUIPlugin
2025-10-11 19:05:57,353 [INFO] IPUIPlugin:80 - create IPUIPlugin
2025-10-11 19:05:57,354 [INFO] IPUIPlugin:80 - create IPUIPlugin
2025-10-11 19:05:57,354 [INFO] IPUIPlugin:80 - create IPUIPlugin
2025-10-11 19:05:57,354 [INFO] IPUIPlugin:80 - create IPUIPlugin
2025-10-11 19:05:57,354 [INFO] IPUIPlugin:80 - create IPUIPlugin
2025-10-11 19:05:57,354 [INFO] IPUIPlugin:80 - create IPUIPlugin
2025-10-11 19:05:57,358 [INFO] ApiDbMcu:532 - Load IP Config File for PDM2PCM
2025-10-11 19:05:57,362 [WARN] IP:2250 - I2C_Coeff_DF not found: check if there is a RefParameter without a condition.
2025-10-11 19:05:57,362 [WARN] IP:2250 - Analog_Filter not found: check if there is a RefParameter without a condition.
2025-10-11 19:05:57,367 [INFO] I2sManager:658 - 9.6E7
2025-10-11 19:05:57,367 [INFO] I2sManager:195 - I2S Clock Value : 9.6E7
2025-10-11 19:05:57,367 [INFO] I2sManager:553 - AudioClock : 93750Divider : 2Odd : 0
2025-10-11 19:05:57,465 [INFO] CADModel:165 - CPN selected for project levelSTM32F407VGT6
2025-10-11 19:05:57,465 [INFO] CADModel:114 - Register for checkConnection events
2025-10-11 19:05:57,502 [INFO] OpenFileManager:386 - Restore cursor
2025-10-11 19:05:57,630 [WARN] IP:2250 - I2C_Coeff_DF not found: check if there is a RefParameter without a condition.
2025-10-11 19:05:57,630 [WARN] IP:2250 - Analog_Filter not found: check if there is a RefParameter without a condition.
2025-10-11 19:05:57,630 [WARN] IP:2250 - I2C_Coeff_DF not found: check if there is a RefParameter without a condition.
2025-10-11 19:05:57,630 [WARN] IP:2250 - Analog_Filter not found: check if there is a RefParameter without a condition.
2025-10-11 19:05:57,884 [INFO] UtilMem:75 - End SaveConfig() Used Memory: 896354704 Bytes (1073741824)
2025-10-11 19:05:57,924 [INFO] UtilMem:75 - End SaveConfig() Used Memory: 916803984 Bytes (1073741824)
2025-10-11 19:05:58,178 [INFO] BlockDiagram:2775 - set Specific Code input for plugin: SPI
2025-10-11 19:05:58,178 [INFO] BlockDiagram:2775 - set Specific Code input for plugin: I2S
2025-10-11 19:05:58,178 [INFO] BlockDiagram:2775 - set Specific Code input for plugin: SYS
2025-10-11 19:05:58,178 [INFO] BlockDiagram:2775 - set Specific Code input for plugin: RCC
2025-10-11 19:05:58,178 [INFO] BlockDiagram:2775 - set Specific Code input for plugin: I2C
2025-10-11 19:05:58,178 [INFO] BlockDiagram:2775 - set Specific Code input for plugin: USB_OTG_FS
2025-10-11 19:05:58,178 [INFO] BlockDiagram:2775 - set Specific Code input for plugin: NVIC
2025-10-11 19:05:58,178 [INFO] BlockDiagram:2775 - set Specific Code input for plugin: USB_HOST
2025-10-11 19:05:58,178 [INFO] BlockDiagram:2775 - set Specific Code input for plugin: GPIO
2025-10-11 19:05:58,179 [INFO] CodeGenerator:892 - code generatio: config db path: /opt/st/stm32cubeide_1.19.0/plugins/com.st.stm32cube.common.mx_6.15.0.202507011659//db/
2025-10-11 19:05:58,182 [WARN] IP:2250 - I2C_Coeff_DF not found: check if there is a RefParameter without a condition.
2025-10-11 19:05:58,182 [WARN] IP:2250 - Analog_Filter not found: check if there is a RefParameter without a condition.
2025-10-11 19:05:58,327 [INFO] CodeEngine:265 - oldGeneratedFile, /home/oleksii/STM32CubeIDE/workspace_1.19.0/workspace_embedded/Lab2_driver/MXTmpFiles/license.tmp_save
2025-10-11 19:05:58,522 [INFO] CodeEngine:289 - Generated code: /home/oleksii/STM32CubeIDE/workspace_1.19.0/workspace_embedded/Lab2_driver/MXTmpFiles/license.tmp
2025-10-11 19:05:58,569 [INFO] CodeEngine:265 - oldGeneratedFile, /home/oleksii/STM32CubeIDE/workspace_1.19.0/workspace_embedded/Lab2_driver/MXTmpFiles/gpio.tmp_save
2025-10-11 19:05:58,660 [INFO] CodeEngine:289 - Generated code: /home/oleksii/STM32CubeIDE/workspace_1.19.0/workspace_embedded/Lab2_driver/MXTmpFiles/gpio.tmp
2025-10-11 19:05:58,775 [WARN] IPConfigManager:3238 - Warning: the RefConfig PWREx_EnableUSBVoltageDetector is not available in your config.xml file
2025-10-11 19:05:58,780 [INFO] CodeEngine:265 - oldGeneratedFile, /home/oleksii/STM32CubeIDE/workspace_1.19.0/workspace_embedded/Lab2_driver/MXTmpFiles/usb_otg_fs_vars.tmp_save
2025-10-11 19:05:58,853 [INFO] CodeEngine:289 - Generated code: /home/oleksii/STM32CubeIDE/workspace_1.19.0/workspace_embedded/Lab2_driver/MXTmpFiles/usb_otg_fs_vars.tmp
2025-10-11 19:05:58,854 [INFO] CodeEngine:265 - oldGeneratedFile, /home/oleksii/STM32CubeIDE/workspace_1.19.0/workspace_embedded/Lab2_driver/MXTmpFiles/usb_otg_fs_inc.tmp_save
2025-10-11 19:05:58,895 [INFO] CodeEngine:289 - Generated code: /home/oleksii/STM32CubeIDE/workspace_1.19.0/workspace_embedded/Lab2_driver/MXTmpFiles/usb_otg_fs_inc.tmp
2025-10-11 19:05:58,896 [INFO] CodeEngine:265 - oldGeneratedFile, /home/oleksii/STM32CubeIDE/workspace_1.19.0/workspace_embedded/Lab2_driver/MXTmpFiles/usb_otg_fs_HalInit.tmp_save
2025-10-11 19:05:58,955 [INFO] CodeEngine:289 - Generated code: /home/oleksii/STM32CubeIDE/workspace_1.19.0/workspace_embedded/Lab2_driver/MXTmpFiles/usb_otg_fs_HalInit.tmp
2025-10-11 19:05:58,956 [INFO] CodeEngine:265 - oldGeneratedFile, /home/oleksii/STM32CubeIDE/workspace_1.19.0/workspace_embedded/Lab2_driver/MXTmpFiles/usb_otg_fs_Msp.tmp_save
2025-10-11 19:05:59,033 [INFO] CodeEngine:289 - Generated code: /home/oleksii/STM32CubeIDE/workspace_1.19.0/workspace_embedded/Lab2_driver/MXTmpFiles/usb_otg_fs_Msp.tmp
2025-10-11 19:05:59,188 [INFO] CodeEngine:265 - oldGeneratedFile, /home/oleksii/STM32CubeIDE/workspace_1.19.0/workspace_embedded/Lab2_driver/USB_HOST/App/usb_host.c_save
2025-10-11 19:05:59,241 [INFO] CodeEngine:289 - Generated code: /home/oleksii/STM32CubeIDE/workspace_1.19.0/workspace_embedded/Lab2_driver/USB_HOST/App/usb_host.c
2025-10-11 19:05:59,242 [INFO] CodeEngine:265 - oldGeneratedFile, /home/oleksii/STM32CubeIDE/workspace_1.19.0/workspace_embedded/Lab2_driver/USB_HOST/App/usb_host.h_save
2025-10-11 19:05:59,286 [INFO] CodeEngine:289 - Generated code: /home/oleksii/STM32CubeIDE/workspace_1.19.0/workspace_embedded/Lab2_driver/USB_HOST/App/usb_host.h
2025-10-11 19:05:59,287 [INFO] CodeEngine:265 - oldGeneratedFile, /home/oleksii/STM32CubeIDE/workspace_1.19.0/workspace_embedded/Lab2_driver/USB_HOST/Target/usbh_conf.h_save
2025-10-11 19:05:59,340 [INFO] CodeEngine:289 - Generated code: /home/oleksii/STM32CubeIDE/workspace_1.19.0/workspace_embedded/Lab2_driver/USB_HOST/Target/usbh_conf.h
2025-10-11 19:05:59,341 [INFO] CodeEngine:265 - oldGeneratedFile, /home/oleksii/STM32CubeIDE/workspace_1.19.0/workspace_embedded/Lab2_driver/USB_HOST/Target/usbh_conf.c_save
2025-10-11 19:05:59,391 [INFO] CodeEngine:289 - Generated code: /home/oleksii/STM32CubeIDE/workspace_1.19.0/workspace_embedded/Lab2_driver/USB_HOST/Target/usbh_conf.c
2025-10-11 19:05:59,392 [INFO] CodeEngine:265 - oldGeneratedFile, /home/oleksii/STM32CubeIDE/workspace_1.19.0/workspace_embedded/Lab2_driver/USB_HOST/Target/usbh_platform.c_save
2025-10-11 19:05:59,443 [INFO] CodeEngine:289 - Generated code: /home/oleksii/STM32CubeIDE/workspace_1.19.0/workspace_embedded/Lab2_driver/USB_HOST/Target/usbh_platform.c
2025-10-11 19:05:59,443 [INFO] CodeEngine:265 - oldGeneratedFile, /home/oleksii/STM32CubeIDE/workspace_1.19.0/workspace_embedded/Lab2_driver/USB_HOST/Target/usbh_platform.h_save
2025-10-11 19:05:59,479 [INFO] CodeEngine:289 - Generated code: /home/oleksii/STM32CubeIDE/workspace_1.19.0/workspace_embedded/Lab2_driver/USB_HOST/Target/usbh_platform.h
2025-10-11 19:05:59,484 [INFO] CodeEngine:265 - oldGeneratedFile, /home/oleksii/STM32CubeIDE/workspace_1.19.0/workspace_embedded/Lab2_driver/Core/Src/stm32f4xx_it.c_save
2025-10-11 19:05:59,542 [INFO] CodeEngine:289 - Generated code: /home/oleksii/STM32CubeIDE/workspace_1.19.0/workspace_embedded/Lab2_driver/Core/Src/stm32f4xx_it.c
2025-10-11 19:05:59,543 [INFO] CodeEngine:265 - oldGeneratedFile, /home/oleksii/STM32CubeIDE/workspace_1.19.0/workspace_embedded/Lab2_driver/Core/Inc/stm32f4xx_it.h_save
2025-10-11 19:05:59,580 [INFO] CodeEngine:289 - Generated code: /home/oleksii/STM32CubeIDE/workspace_1.19.0/workspace_embedded/Lab2_driver/Core/Inc/stm32f4xx_it.h
2025-10-11 19:05:59,587 [INFO] CodeEngine:265 - oldGeneratedFile, /home/oleksii/STM32CubeIDE/workspace_1.19.0/workspace_embedded/Lab2_driver/Core/Src/stm32f4xx_hal_msp.c_save
2025-10-11 19:05:59,657 [INFO] CodeEngine:289 - Generated code: /home/oleksii/STM32CubeIDE/workspace_1.19.0/workspace_embedded/Lab2_driver/Core/Src/stm32f4xx_hal_msp.c
2025-10-11 19:05:59,658 [INFO] CodeEngine:265 - oldGeneratedFile, /home/oleksii/STM32CubeIDE/workspace_1.19.0/workspace_embedded/Lab2_driver/MXTmpFiles/system.tmp_save
2025-10-11 19:05:59,696 [INFO] CodeEngine:289 - Generated code: /home/oleksii/STM32CubeIDE/workspace_1.19.0/workspace_embedded/Lab2_driver/MXTmpFiles/system.tmp
2025-10-11 19:05:59,700 [INFO] CodeEngine:321 - oldGeneratedFile, /home/oleksii/STM32CubeIDE/workspace_1.19.0/workspace_embedded/Lab2_driver/Core/Inc/stm32f4xx_hal_conf.h_save
2025-10-11 19:05:59,742 [INFO] CodeEngine:345 - Generated code: /home/oleksii/STM32CubeIDE/workspace_1.19.0/workspace_embedded/Lab2_driver/Core/Inc/stm32f4xx_hal_conf.h
2025-10-11 19:05:59,762 [INFO] ApiDbMcu:532 - Load IP Config File for I2C1
2025-10-11 19:05:59,763 [INFO] ApiDbMcu:532 - Load IP Config File for I2S3
2025-10-11 19:05:59,764 [INFO] ApiDbMcu:532 - Load IP Config File for SPI1
2025-10-11 19:05:59,766 [INFO] ApiDbMcu:532 - Load IP Config File for RCC
2025-10-11 19:05:59,770 [INFO] CodeEngine:265 - oldGeneratedFile, /home/oleksii/STM32CubeIDE/workspace_1.19.0/workspace_embedded/Lab2_driver/Core/Inc/main.h_save
2025-10-11 19:05:59,820 [INFO] CodeEngine:289 - Generated code: /home/oleksii/STM32CubeIDE/workspace_1.19.0/workspace_embedded/Lab2_driver/Core/Inc/main.h
2025-10-11 19:05:59,821 [INFO] CodeEngine:265 - oldGeneratedFile, /home/oleksii/STM32CubeIDE/workspace_1.19.0/workspace_embedded/Lab2_driver/Core/Src/main.c_save
2025-10-11 19:05:59,895 [INFO] CodeEngine:289 - Generated code: /home/oleksii/STM32CubeIDE/workspace_1.19.0/workspace_embedded/Lab2_driver/Core/Src/main.c
2025-10-11 19:06:00,080 [INFO] ProjectBuilder:3606 - Time for Copy HAL[1] : 35mS.
2025-10-11 19:06:00,083 [INFO] ProjectBuilder:5216 - Project Generator version: 4.7.0-B52
2025-10-11 19:06:00,144 [INFO] ConfigFileManager:1595 - The Die is : DIE413
2025-10-11 19:06:00,146 [INFO] ApiDbMcu:532 - Load IP Config File for FATFS
2025-10-11 19:06:00,149 [INFO] ApiDbMcu:532 - Load IP Config File for FREERTOS
2025-10-11 19:06:00,149 [INFO] ApiDbMcu:532 - Load IP Config File for LIBJPEG
2025-10-11 19:06:00,153 [INFO] ApiDbMcu:532 - Load IP Config File for LWIP
2025-10-11 19:06:00,157 [INFO] ApiDbMcu:532 - Load IP Config File for MBEDTLS
2025-10-11 19:06:00,161 [INFO] ApiDbMcu:532 - Load IP Config File for USB_DEVICE
2025-10-11 19:06:00,382 [INFO] LogOutputStream:77 - [STDOUT_REDIRECT] 
2025-10-11 19:06:01,475 [INFO] ProjectBuilder:5496 - Time for Generating toolchain IDE Files: 1392mS.
2025-10-11 19:06:01,476 [INFO] ProjectBuilder:3463 - Time for Copy CMSIS : 0mS.
2025-10-11 19:06:01,476 [INFO] ProjectBuilder:3463 - Time for Copy CMSIS : 0mS.
2025-10-11 19:06:02,105 [INFO] McuFinderGlobals:76 - Set McuFinderConnectedMode to true
2025-10-11 19:06:02,108 [INFO] ApiDb:448 - Save user favorites file /home/oleksii/.stm32cubeide/favorites.mcus.txt: 0 item(s)
2025-10-11 19:06:02,108 [INFO] ApiDb:452 - User favorites MCUs=[]
2025-10-11 19:06:02,109 [INFO] ApiDb:448 - Save user favorites file /home/oleksii/.stm32cubeide/favorites.boards.txt: 0 item(s)
2025-10-11 19:06:02,109 [INFO] ApiDb:452 - User favorites Boards=[]
2025-10-11 19:06:12,051 [ERROR] LogOutputStream:75 - [STDERR_REDIRECT] 
2025-10-11 19:08:53,347 [INFO] Activator:176 - 


2025-10-11 19:08:53,348 [INFO] Activator:177 - !SESSION log4j initialized
2025-10-11 19:08:54,729 [INFO] LogOutputStream:77 - [STDOUT_REDIRECT] 
2025-10-11 19:08:55,615 [INFO] ApplicationProperties:184 - Using Application install path: /opt/st/stm32cubeide_1.19.0/plugins/com.st.stm32cube.common.mx_6.15.0.202507011659
2025-10-11 19:08:55,626 [INFO] DbMcusXml:78 - Set database path to: /opt/st/stm32cubeide_1.19.0/plugins/com.st.stm32cube.common.mx_6.15.0.202507011659//db//mcu/
2025-10-11 19:08:55,626 [INFO] ApiDb:274 - Set plugin database path to: /opt/st/stm32cubeide_1.19.0/plugins/com.st.stm32cube.common.mx_6.15.0.202507011659//db//plugins/boardmanager/
2025-10-11 19:08:55,626 [WARN] ApiDb:259 - Overriding images path with different value:  => /opt/st/stm32cubeide_1.19.0/plugins/com.st.stm32cube.common.mx_6.15.0.202507011659//db//plugins/mcufinder/images/
2025-10-11 19:08:55,628 [INFO] ApiDb:250 - Set database path to: /home/oleksii/.stmcufinder/plugins/mcufinder//mcu/
2025-10-11 19:08:55,629 [INFO] DbMcusAds:125 - Set database path to: /home/oleksii/.stmcufinder/plugins/mcufinder//mcu/
2025-10-11 19:08:55,630 [INFO] CrossReferenceDbSqlite:203 - Set database path to: /home/oleksii/.stmcufinder/plugins/mcufinder//mcu/cs/
2025-10-11 19:08:55,697 [INFO] RulesReader:64 - Compatibility file has been processed (317 Rules)
2025-10-11 19:08:55,729 [INFO] DbMcusXml:78 - Set database path to: /opt/st/stm32cubeide_1.19.0/plugins/com.st.stm32cube.common.mx_6.15.0.202507011659//db//mcu/
2025-10-11 19:08:55,729 [INFO] ApiDb:274 - Set plugin database path to: /opt/st/stm32cubeide_1.19.0/plugins/com.st.stm32cube.common.mx_6.15.0.202507011659//db//plugins/boardmanager/
2025-10-11 19:08:55,729 [INFO] ApiDb:261 - Set plugin images path to: /opt/st/stm32cubeide_1.19.0/plugins/com.st.stm32cube.common.mx_6.15.0.202507011659//db//plugins/mcufinder/images/
2025-10-11 19:08:55,730 [WARN] DbFile:41 - Overriding database path with different value: /home/oleksii/.stmcufinder/plugins/mcufinder/ => /home/oleksii/.stmcufinder/plugins/mcufinder
2025-10-11 19:08:55,730 [INFO] ApiDb:250 - Set database path to: /home/oleksii/.stmcufinder/plugins/mcufinder//mcu/
2025-10-11 19:08:55,730 [WARN] DbFile:41 - Overriding database path with different value: /home/oleksii/.stmcufinder/plugins/mcufinder/ => /home/oleksii/.stmcufinder/plugins/mcufinder
2025-10-11 19:08:55,730 [INFO] DbMcusAds:125 - Set database path to: /home/oleksii/.stmcufinder/plugins/mcufinder//mcu/
2025-10-11 19:08:55,730 [WARN] DbFile:41 - Overriding database path with different value: /home/oleksii/.stmcufinder/plugins/mcufinder/ => /home/oleksii/.stmcufinder/plugins/mcufinder
2025-10-11 19:08:55,730 [WARN] DbFile:41 - Overriding database path with different value: /home/oleksii/.stmcufinder/plugins/mcufinder/ => /home/oleksii/.stmcufinder/plugins/mcufinder
2025-10-11 19:08:55,730 [INFO] CrossReferenceDbSqlite:203 - Set database path to: /home/oleksii/.stmcufinder/plugins/mcufinder//mcu/cs/
2025-10-11 19:08:55,771 [INFO] MainPanel:274 - HeapMemory: 268435456
2025-10-11 19:08:55,833 [INFO] DbMcusXml:78 - Set database path to: /opt/st/stm32cubeide_1.19.0/plugins/com.st.stm32cube.common.mx_6.15.0.202507011659//db//mcu/
2025-10-11 19:08:55,833 [INFO] ApiDb:274 - Set plugin database path to: /opt/st/stm32cubeide_1.19.0/plugins/com.st.stm32cube.common.mx_6.15.0.202507011659//db//plugins/boardmanager/
2025-10-11 19:08:55,833 [INFO] ApiDb:261 - Set plugin images path to: /opt/st/stm32cubeide_1.19.0/plugins/com.st.stm32cube.common.mx_6.15.0.202507011659//db//plugins/mcufinder/images/
2025-10-11 19:08:55,833 [WARN] DbFile:41 - Overriding database path with different value: /home/oleksii/.stmcufinder/plugins/mcufinder/ => /home/oleksii/.stmcufinder/plugins/mcufinder
2025-10-11 19:08:55,833 [INFO] ApiDb:250 - Set database path to: /home/oleksii/.stmcufinder/plugins/mcufinder//mcu/
2025-10-11 19:08:55,833 [WARN] DbFile:41 - Overriding database path with different value: /home/oleksii/.stmcufinder/plugins/mcufinder/ => /home/oleksii/.stmcufinder/plugins/mcufinder
2025-10-11 19:08:55,833 [INFO] DbMcusAds:125 - Set database path to: /home/oleksii/.stmcufinder/plugins/mcufinder//mcu/
2025-10-11 19:08:55,833 [WARN] DbFile:41 - Overriding database path with different value: /home/oleksii/.stmcufinder/plugins/mcufinder/ => /home/oleksii/.stmcufinder/plugins/mcufinder
2025-10-11 19:08:55,833 [WARN] DbFile:41 - Overriding database path with different value: /home/oleksii/.stmcufinder/plugins/mcufinder/ => /home/oleksii/.stmcufinder/plugins/mcufinder
2025-10-11 19:08:55,833 [INFO] CrossReferenceDbSqlite:203 - Set database path to: /home/oleksii/.stmcufinder/plugins/mcufinder//mcu/cs/
2025-10-11 19:08:55,841 [INFO] ApplicationProperties:184 - Using Application install path: /opt/st/stm32cubeide_1.19.0/plugins/com.st.stm32cube.common.mx_6.15.0.202507011659
2025-10-11 19:08:55,842 [INFO] PluginManage:196 - Search for loadable plugins [exclusion list=, ]
2025-10-11 19:08:55,842 [INFO] PluginManage:310 - Check plugin analytics
2025-10-11 19:08:55,936 [INFO] AnalyticsPlugin:253 - Accepted Software Licenses: 
2025-10-11 19:08:55,936 [INFO] AnalyticsPlugin:255 - Accepted CMSIS Pack Licenses: 
2025-10-11 19:08:55,936 [INFO] AnalyticsPlugin:257 - Accepted Firmware Licenses: FW.F4.1.28.0
2025-10-11 19:08:55,937 [INFO] PluginManage:359 - Loaded plugin analytics (category:tool,tabindex:-1)
2025-10-11 19:08:55,937 [INFO] PluginManage:310 - Check plugin cadmodel
2025-10-11 19:08:55,939 [INFO] CADModel:105 - Init CAD model plugin
2025-10-11 19:08:55,939 [INFO] PluginManage:359 - Loaded plugin cadmodel (category:power,tabindex:5)
2025-10-11 19:08:55,939 [INFO] PluginManage:310 - Check plugin clock
2025-10-11 19:08:55,943 [INFO] PluginManage:359 - Loaded plugin clock (category:base,tabindex:2)
2025-10-11 19:08:55,943 [INFO] PluginManage:310 - Check plugin ddr
2025-10-11 19:08:55,944 [INFO] PluginManage:359 - Loaded plugin ddr (category:tool,tabindex:6)
2025-10-11 19:08:55,944 [INFO] PluginManage:310 - Check plugin filemanager
2025-10-11 19:08:56,016 [INFO] PluginManage:359 - Loaded plugin filemanager (category:base,tabindex:10)
2025-10-11 19:08:56,016 [INFO] PluginManage:310 - Check plugin ipmanager
2025-10-11 19:08:56,018 [INFO] PluginManage:359 - Loaded plugin ipmanager (category:base,tabindex:5)
2025-10-11 19:08:56,019 [INFO] PluginManage:310 - Check plugin lpbam
2025-10-11 19:08:56,022 [INFO] PluginManage:359 - Loaded plugin lpbam (category:base,tabindex:0)
2025-10-11 19:08:56,023 [INFO] PluginManage:310 - Check plugin memorymap
2025-10-11 19:08:56,028 [INFO] PluginManage:359 - Loaded plugin memorymap (category:base,tabindex:4)
2025-10-11 19:08:56,028 [INFO] PluginManage:310 - Check plugin pinoutandconfiguration
2025-10-11 19:08:56,031 [INFO] PluginManage:359 - Loaded plugin pinoutandconfiguration (category:base,tabindex:1)
2025-10-11 19:08:56,031 [INFO] PluginManage:310 - Check plugin pinoutconfig
2025-10-11 19:08:56,076 [WARN] SupportedApi:132 - Cannot load RTOS API schema: s4s-elt-must-match.1: The content of 'definitions' must match (annotation?, (simpleType | complexType)?, (unique | key | keyref)*)). A problem was found starting at: attribute.
2025-10-11 19:08:56,143 [INFO] PluginManage:359 - Loaded plugin pinoutconfig (category:base,tabindex:0)
2025-10-11 19:08:56,143 [INFO] PluginManage:310 - Check plugin power
2025-10-11 19:08:56,147 [INFO] PluginManage:359 - Loaded plugin power (category:power,tabindex:4)
2025-10-11 19:08:56,147 [INFO] PluginManage:310 - Check plugin projectmanager
2025-10-11 19:08:56,155 [INFO] PluginManage:359 - Loaded plugin projectmanager (category:projectmanager,tabindex:4)
2025-10-11 19:08:56,155 [INFO] PluginManage:310 - Check plugin rif
2025-10-11 19:08:56,160 [INFO] PluginManage:359 - Loaded plugin rif (category:base,tabindex:3)
2025-10-11 19:08:56,160 [INFO] PluginManage:310 - Check plugin thirdparty
2025-10-11 19:08:56,220 [INFO] PluginManage:359 - Loaded plugin thirdparty (category:base,tabindex:-1)
2025-10-11 19:08:56,220 [WARN] IntegrityCheckThread:84 - waiting for thirdparty lock release [integrity check]
2025-10-11 19:08:56,220 [INFO] IntegrityCheckThread:86 - entering critical section [integrity check]
2025-10-11 19:08:56,220 [INFO] PluginManage:310 - Check plugin tools
2025-10-11 19:08:56,221 [INFO] ThirdPartyUpdaterWithRetryManager:70 - Updater plugin not ready yet. [1/15]
2025-10-11 19:08:56,221 [INFO] PluginManage:359 - Loaded plugin tools (category:base,tabindex:7)
2025-10-11 19:08:56,222 [INFO] PluginManage:310 - Check plugin tutovideos
2025-10-11 19:08:56,328 [INFO] PluginManage:359 - Loaded plugin tutovideos (category:base,tabindex:-1)
2025-10-11 19:08:56,328 [INFO] PluginManage:310 - Check plugin updater
2025-10-11 19:08:56,341 [INFO] PluginManage:359 - Loaded plugin updater (category:base,tabindex:12)
2025-10-11 19:08:56,341 [INFO] PluginManage:310 - Check plugin userauth
2025-10-11 19:08:56,342 [INFO] UserAuth:118 - Init User Auth plugin
2025-10-11 19:08:56,343 [INFO] PluginManage:359 - Loaded plugin userauth (category:base,tabindex:14)
2025-10-11 19:08:56,343 [INFO] PluginManage:283 - PluginManage : Loaded plugins [18]
2025-10-11 19:08:56,437 [INFO] PinOutPanel:1589 - setPackage(No Configuration,No Configuration)
2025-10-11 19:08:56,471 [INFO] CADModel:165 - CPN selected for project level
2025-10-11 19:08:56,471 [INFO] CADModel:114 - Register for checkConnection events
2025-10-11 19:08:56,475 [INFO] IPUIPlugin:80 - create IPUIPlugin
2025-10-11 19:08:56,475 [INFO] PluginManager:220 - loadIPPluginJar : add radio
2025-10-11 19:08:56,477 [INFO] IPUIPlugin:80 - create IPUIPlugin
2025-10-11 19:08:56,477 [INFO] PluginManager:220 - loadIPPluginJar : add spi
2025-10-11 19:08:56,478 [INFO] IPUIPlugin:80 - create IPUIPlugin
2025-10-11 19:08:56,478 [INFO] PluginManager:220 - loadIPPluginJar : add tsc
2025-10-11 19:08:56,481 [INFO] IPUIPlugin:80 - create IPUIPlugin
2025-10-11 19:08:56,481 [INFO] PluginManager:220 - loadIPPluginJar : add fmc
2025-10-11 19:08:56,481 [INFO] IPUIPlugin:80 - create IPUIPlugin
2025-10-11 19:08:56,481 [INFO] PluginManager:220 - loadIPPluginJar : add hash
2025-10-11 19:08:56,482 [INFO] IPUIPlugin:80 - create IPUIPlugin
2025-10-11 19:08:56,482 [INFO] PluginManager:220 - loadIPPluginJar : add extmemmanager
2025-10-11 19:08:56,483 [INFO] IPUIPlugin:80 - create IPUIPlugin
2025-10-11 19:08:56,483 [INFO] PluginManager:220 - loadIPPluginJar : add tim
2025-10-11 19:08:56,484 [INFO] IPUIPlugin:80 - create IPUIPlugin
2025-10-11 19:08:56,484 [INFO] PluginManager:220 - loadIPPluginJar : add ltdc
2025-10-11 19:08:56,484 [INFO] IPUIPlugin:80 - create IPUIPlugin
2025-10-11 19:08:56,484 [INFO] PluginManager:220 - loadIPPluginJar : add quadspi
2025-10-11 19:08:56,486 [INFO] IPUIPlugin:80 - create IPUIPlugin
2025-10-11 19:08:56,486 [INFO] PluginManager:220 - loadIPPluginJar : add gic
2025-10-11 19:08:56,487 [INFO] IPUIPlugin:80 - create IPUIPlugin
2025-10-11 19:08:56,487 [INFO] PluginManager:220 - loadIPPluginJar : add comp
2025-10-11 19:08:56,488 [INFO] IPUIPlugin:80 - create IPUIPlugin
2025-10-11 19:08:56,488 [INFO] PluginManager:220 - loadIPPluginJar : add fatfs
2025-10-11 19:08:56,491 [INFO] IPUIPlugin:80 - create IPUIPlugin
2025-10-11 19:08:56,491 [INFO] PluginManager:220 - loadIPPluginJar : add linkedlist
2025-10-11 19:08:56,492 [INFO] IPUIPlugin:80 - create IPUIPlugin
2025-10-11 19:08:56,492 [INFO] PluginManager:220 - loadIPPluginJar : add ucpd
2025-10-11 19:08:56,493 [INFO] IPUIPlugin:80 - create IPUIPlugin
2025-10-11 19:08:56,493 [INFO] PluginManager:220 - loadIPPluginJar : add ddr_ctrl_phy
2025-10-11 19:08:56,493 [INFO] IPUIPlugin:80 - create IPUIPlugin
2025-10-11 19:08:56,493 [INFO] PluginManager:220 - loadIPPluginJar : add gfxmmu
2025-10-11 19:08:56,494 [INFO] IPUIPlugin:80 - create IPUIPlugin
2025-10-11 19:08:56,494 [INFO] PluginManager:220 - loadIPPluginJar : add usart
2025-10-11 19:08:56,497 [INFO] IPUIPlugin:80 - create IPUIPlugin
2025-10-11 19:08:56,497 [INFO] PluginManager:220 - loadIPPluginJar : add dma
2025-10-11 19:08:56,498 [INFO] IPUIPlugin:80 - create IPUIPlugin
2025-10-11 19:08:56,498 [INFO] PluginManager:220 - loadIPPluginJar : add aes
2025-10-11 19:08:56,500 [INFO] IPUIPlugin:80 - create IPUIPlugin
2025-10-11 19:08:56,502 [INFO] PluginManager:220 - loadIPPluginJar : add plateformsettings
2025-10-11 19:08:56,502 [INFO] IPUIPlugin:80 - create IPUIPlugin
2025-10-11 19:08:56,502 [INFO] PluginManager:220 - loadIPPluginJar : add genericplugin
2025-10-11 19:08:56,503 [INFO] IPUIPlugin:80 - create IPUIPlugin
2025-10-11 19:08:56,503 [INFO] PluginManager:220 - loadIPPluginJar : add pdm2pcm
2025-10-11 19:08:56,505 [INFO] IPUIPlugin:80 - create IPUIPlugin
2025-10-11 19:08:56,505 [INFO] PluginManager:220 - loadIPPluginJar : add ipddr
2025-10-11 19:08:56,506 [INFO] IPUIPlugin:80 - create IPUIPlugin
2025-10-11 19:08:56,506 [INFO] PluginManager:220 - loadIPPluginJar : add opamp
2025-10-11 19:08:56,508 [INFO] IPUIPlugin:80 - create IPUIPlugin
2025-10-11 19:08:56,508 [INFO] PluginManager:220 - loadIPPluginJar : add dma3
2025-10-11 19:08:56,509 [INFO] IPUIPlugin:80 - create IPUIPlugin
2025-10-11 19:08:56,509 [INFO] PluginManager:220 - loadIPPluginJar : add dfsdm
2025-10-11 19:08:56,509 [INFO] IPUIPlugin:80 - create IPUIPlugin
2025-10-11 19:08:56,509 [INFO] PluginManager:220 - loadIPPluginJar : add ts
2025-10-11 19:08:56,511 [INFO] IPUIPlugin:80 - create IPUIPlugin
2025-10-11 19:08:56,511 [INFO] PluginManager:220 - loadIPPluginJar : add nvic
2025-10-11 19:08:56,512 [INFO] IPUIPlugin:80 - create IPUIPlugin
2025-10-11 19:08:56,512 [INFO] PluginManager:220 - loadIPPluginJar : add cryp
2025-10-11 19:08:56,514 [INFO] IPUIPlugin:80 - create IPUIPlugin
2025-10-11 19:08:56,514 [INFO] PluginManager:220 - loadIPPluginJar : add freertos
2025-10-11 19:08:56,515 [INFO] IPUIPlugin:80 - create IPUIPlugin
2025-10-11 19:08:56,515 [INFO] PluginManager:220 - loadIPPluginJar : add resmgrutility
2025-10-11 19:08:56,516 [INFO] IPUIPlugin:80 - create IPUIPlugin
2025-10-11 19:08:56,516 [INFO] PluginManager:220 - loadIPPluginJar : add gtzc
2025-10-11 19:08:56,517 [INFO] IPUIPlugin:80 - create IPUIPlugin
2025-10-11 19:08:56,517 [INFO] PluginManager:220 - loadIPPluginJar : add tracer_emb
2025-10-11 19:08:56,520 [INFO] IPUIPlugin:80 - create IPUIPlugin
2025-10-11 19:08:56,520 [INFO] PluginManager:220 - loadIPPluginJar : add stm32_wpan
2025-10-11 19:08:56,522 [INFO] IPUIPlugin:80 - create IPUIPlugin
2025-10-11 19:08:56,522 [INFO] PluginManager:220 - loadIPPluginJar : add gpio
2025-10-11 19:08:56,523 [INFO] IPUIPlugin:80 - create IPUIPlugin
2025-10-11 19:08:56,523 [INFO] PluginManager:220 - loadIPPluginJar : add sai
2025-10-11 19:08:56,524 [INFO] IPUIPlugin:80 - create IPUIPlugin
2025-10-11 19:08:56,524 [INFO] PluginManager:220 - loadIPPluginJar : add usbx
2025-10-11 19:08:56,525 [INFO] IPUIPlugin:80 - create IPUIPlugin
2025-10-11 19:08:56,526 [INFO] PluginManager:220 - loadIPPluginJar : add touchsensing
2025-10-11 19:08:56,527 [INFO] IPUIPlugin:80 - create IPUIPlugin
2025-10-11 19:08:56,527 [INFO] PluginManager:220 - loadIPPluginJar : add openamp
2025-10-11 19:08:56,528 [INFO] IPUIPlugin:80 - create IPUIPlugin
2025-10-11 19:08:56,528 [INFO] PluginManager:220 - loadIPPluginJar : add i3c
2025-10-11 19:08:56,529 [INFO] IPUIPlugin:80 - create IPUIPlugin
2025-10-11 19:08:56,529 [INFO] PluginManager:220 - loadIPPluginJar : add i2s
2025-10-11 19:08:56,530 [INFO] IPUIPlugin:80 - create IPUIPlugin
2025-10-11 19:08:56,530 [INFO] PluginManager:220 - loadIPPluginJar : add can
2025-10-11 19:08:56,531 [INFO] IPUIPlugin:80 - create IPUIPlugin
2025-10-11 19:08:56,531 [INFO] PluginManager:220 - loadIPPluginJar : add lorawan
2025-10-11 19:08:56,533 [INFO] IPUIPlugin:80 - create IPUIPlugin
2025-10-11 19:08:56,533 [INFO] PluginManager:220 - loadIPPluginJar : add adc
2025-10-11 19:08:56,534 [INFO] IPUIPlugin:80 - create IPUIPlugin
2025-10-11 19:08:56,534 [INFO] PluginManager:220 - loadIPPluginJar : add i2c
2025-10-11 19:08:56,537 [INFO] IPUIPlugin:80 - create IPUIPlugin
2025-10-11 19:08:56,537 [INFO] PluginManager:220 - loadIPPluginJar : add mdma
2025-10-11 19:08:56,625 [FATAL] Updater:351 - Updater called before beeing initialized
2025-10-11 19:08:56,642 [INFO] RulesReader:64 - Compatibility file has been processed (317 Rules)
2025-10-11 19:08:56,650 [INFO] RulesReader:64 - Compatibility file has been processed (317 Rules)
2025-10-11 19:08:56,655 [INFO] CADModel:165 - CPN selected for project level
2025-10-11 19:08:56,655 [INFO] CADModel:114 - Register for checkConnection events
2025-10-11 19:08:56,655 [FATAL] Updater:351 - Updater called before beeing initialized
2025-10-11 19:08:56,655 [ERROR] CADModel:125 - Updater not yet initialized, retry later 
2025-10-11 19:08:56,717 [FATAL] Updater:351 - Updater called before beeing initialized
2025-10-11 19:08:56,718 [INFO] CADModel:165 - CPN selected for project level
2025-10-11 19:08:56,718 [INFO] CADModel:114 - Register for checkConnection events
2025-10-11 19:08:56,718 [FATAL] Updater:351 - Updater called before beeing initialized
2025-10-11 19:08:56,718 [ERROR] CADModel:125 - Updater not yet initialized, retry later 
2025-10-11 19:08:56,720 [FATAL] Updater:351 - Updater called before beeing initialized
2025-10-11 19:08:56,768 [FATAL] Updater:351 - Updater called before beeing initialized
2025-10-11 19:08:56,770 [INFO] DbMcusAds:53 - JSON generation date=Thu Oct 02 12:36:05 EEST 2025 (1759397765645)
2025-10-11 19:08:56,770 [FATAL] Updater:351 - Updater called before beeing initialized
2025-10-11 19:08:56,790 [WARN] DetailPanel:346 - Failed to get advertising image, set to default
2025-10-11 19:08:56,833 [FATAL] Updater:351 - Updater called before beeing initialized
2025-10-11 19:08:56,834 [FATAL] Updater:351 - Updater called before beeing initialized
2025-10-11 19:08:56,834 [FATAL] Updater:351 - Updater called before beeing initialized
2025-10-11 19:08:56,834 [WARN] DetailPanel:346 - Failed to get advertising image, set to default
2025-10-11 19:08:56,835 [FATAL] Updater:351 - Updater called before beeing initialized
2025-10-11 19:08:56,856 [ERROR] Updater:1198 - MainUpdater not yet initialized. External WinMGr cannot be set.
2025-10-11 19:08:56,857 [INFO] Updater:1134 - Updater Version found : 6.15.0
2025-10-11 19:08:56,867 [INFO] ApplicationProperties:184 - Using Application install path: /opt/st/stm32cubeide_1.19.0/plugins/com.st.stm32cube.common.mx_6.15.0.202507011659
2025-10-11 19:08:57,107 [INFO] MainUpdater:2872 - connection check result : 10
2025-10-11 19:08:57,109 [INFO] MainUpdater:289 - Updater Check For Update Now.
2025-10-11 19:08:57,109 [INFO] MicroXplorer:498 - Change Database Version : DB.6.0.150
2025-10-11 19:08:57,118 [INFO] McuFinderGlobals:63 - Set McuFinder mode to 2 (CubeIDE integrated)
2025-10-11 19:08:57,119 [INFO] UserAuth:487 - Internet connection configuration mode: 1
2025-10-11 19:08:57,137 [INFO] JxBrowserEngine:152 - Initiate JxBrowser Engine with user profile folder
2025-10-11 19:08:57,273 [INFO] CheckServerUpdateThread:120 - End of CheckServer Thread
2025-10-11 19:08:57,486 [INFO] WebApp:169 - Instantiating new browser for Auth
2025-10-11 19:08:57,831 [INFO] WebApp:463 - Apply proxy settings
2025-10-11 19:08:57,831 [INFO] WebApp:548 - Chromium requires no authentication
2025-10-11 19:08:57,835 [INFO] WebApp:491 - Direct internet connection detected
2025-10-11 19:08:57,845 [INFO] WebApp:900 - Register for checkConnection events
2025-10-11 19:08:57,845 [INFO] WebApp:463 - Apply proxy settings
2025-10-11 19:08:57,845 [INFO] WebApp:548 - Chromium requires no authentication
2025-10-11 19:08:57,845 [INFO] WebApp:491 - Direct internet connection detected
2025-10-11 19:08:57,915 [INFO] WebApp:225 - Starting web application
2025-10-11 19:08:57,915 [INFO] WebApp:593 - Web application path used /opt/st/stm32cubeide_1.19.0/plugins/com.st.stm32cube.common.mx_6.15.0.202507011659/db/plugins/mcufinder/reactClient1/index.html
2025-10-11 19:08:57,968 [INFO] UserAuth:487 - Internet connection configuration mode: 1
2025-10-11 19:08:58,078 [INFO] WebApp:191 - Connection restablished
2025-10-11 19:08:59,331 [WARN] PackLoader:240 - Cannot read IP mode file for STMicroelectronics.FP-SNS-MOTENVWB1.1.4.0
2025-10-11 19:08:59,335 [WARN] PackLoader:240 - Cannot read IP mode file for STMicroelectronics.FP-ATR-ASTRA1.2.0.2
2025-10-11 19:08:59,339 [WARN] PackLoader:240 - Cannot read IP mode file for STMicroelectronics.X-CUBE-SMBUS.2.1.0
2025-10-11 19:08:59,341 [WARN] PackLoader:240 - Cannot read IP mode file for STMicroelectronics.X-CUBE-ST60.1.0.0
2025-10-11 19:08:59,357 [WARN] PackLoader:240 - Cannot read IP mode file for STMicroelectronics.X-CUBE-AZRTOS-F7.1.1.0
2025-10-11 19:08:59,365 [WARN] PackLoader:240 - Cannot read IP mode file for WES.I-CUBE-Cesium.1.4.0
2025-10-11 19:08:59,378 [WARN] PackLoader:240 - Cannot read IP mode file for Infineon.AIROC-Wi-Fi-Bluetooth-STM32.1.7.1
2025-10-11 19:08:59,396 [WARN] PackLoader:240 - Cannot read IP mode file for STMicroelectronics.X-CUBE-AZRTOS-H7.3.4.0
2025-10-11 19:08:59,401 [WARN] PackLoader:240 - Cannot read IP mode file for STMicroelectronics.X-CUBE-DISPLAY.3.0.0
2025-10-11 19:08:59,408 [WARN] PackLoader:240 - Cannot read IP mode file for STMicroelectronics.X-CUBE-NFC10.1.0.0
2025-10-11 19:08:59,411 [WARN] PackLoader:240 - Cannot read IP mode file for emotas.I-CUBE-CANOPEN.1.3.0
2025-10-11 19:08:59,415 [WARN] PackLoader:240 - Cannot read IP mode file for STMicroelectronics.FP-SNS-STBOX1.2.1.0
2025-10-11 19:08:59,418 [WARN] PackLoader:240 - Cannot read IP mode file for STMicroelectronics.FP-SNS-SMARTAG2.1.2.0
2025-10-11 19:08:59,421 [WARN] PackLoader:240 - Cannot read IP mode file for STMicroelectronics.FP-SNS-FLIGHT1.5.1.0
2025-10-11 19:08:59,425 [INFO] LogOutputStream:77 - [STDOUT_REDIRECT] 1 : Invalid condition id : UX_CORESTACK_Condition cause : null
2025-10-11 19:08:59,426 [INFO] LogOutputStream:77 - [STDOUT_REDIRECT] 1 : Invalid condition id : UX_CORESTACK_Condition cause : null
2025-10-11 19:08:59,426 [INFO] LogOutputStream:77 - [STDOUT_REDIRECT] 1 : Invalid condition id : UX_CORESTACK_Condition cause : null
2025-10-11 19:08:59,426 [INFO] LogOutputStream:77 - [STDOUT_REDIRECT] 1 : Invalid condition id : UX_CORESTACK_Condition cause : null
2025-10-11 19:08:59,426 [INFO] LogOutputStream:77 - [STDOUT_REDIRECT] 1 : Invalid condition id : UX_CORESTACK_Condition cause : null
2025-10-11 19:08:59,428 [WARN] PackLoader:240 - Cannot read IP mode file for STMicroelectronics.X-CUBE-AZRTOS-WL.2.0.0
2025-10-11 19:08:59,430 [WARN] PackLoader:240 - Cannot read IP mode file for STMicroelectronics.FP-SNS-MOTENV1.5.0.0
2025-10-11 19:08:59,434 [WARN] PackLoader:240 - Cannot read IP mode file for STMicroelectronics.X-CUBE-BLE2.3.3.0
2025-10-11 19:08:59,437 [WARN] PackLoader:240 - Cannot read IP mode file for STMicroelectronics.X-CUBE-NFC9.1.0.0
2025-10-11 19:08:59,439 [WARN] PackLoader:240 - Cannot read IP mode file for wolfSSL.I-CUBE-wolfSSL.5.8.2
2025-10-11 19:08:59,441 [WARN] PackLoader:240 - Cannot read IP mode file for STMicroelectronics.X-CUBE-BLE1.7.1.0
2025-10-11 19:08:59,443 [WARN] PackLoader:240 - Cannot read IP mode file for wolfSSL.I-CUBE-wolfMQTT.1.19.2
2025-10-11 19:08:59,446 [WARN] PackLoader:240 - Cannot read IP mode file for STMicroelectronics.X-CUBE-EEPRMA1.5.2.0
2025-10-11 19:08:59,455 [WARN] PackLoader:240 - Cannot read IP mode file for STMicroelectronics.X-CUBE-AZRTOS-G0.1.1.0
2025-10-11 19:08:59,459 [WARN] PackLoader:240 - Cannot read IP mode file for STMicroelectronics.X-CUBE-SAFEA1.1.2.2
2025-10-11 19:08:59,462 [WARN] PackLoader:240 - Cannot read IP mode file for STMicroelectronics.X-CUBE-NFC4.3.0.0
2025-10-11 19:08:59,466 [WARN] PackLoader:240 - Cannot read IP mode file for EmbeddedOffice.I-CUBE-FS-RTOS.1.0.1
2025-10-11 19:08:59,469 [WARN] PackLoader:240 - Cannot read IP mode file for STMicroelectronics.X-CUBE-WB05N.2.0.0
2025-10-11 19:08:59,471 [WARN] PackLoader:240 - Cannot read IP mode file for wolfSSL.I-CUBE-wolfTPM.3.8.0
2025-10-11 19:08:59,473 [WARN] PackLoader:240 - Cannot read IP mode file for STMicroelectronics.X-CUBE-TCPP.4.2.0
2025-10-11 19:08:59,476 [WARN] PackLoader:240 - Cannot read IP mode file for RealThread.X-CUBE-RT-Thread_Nano.4.1.1
2025-10-11 19:08:59,478 [WARN] PackLoader:240 - Cannot read IP mode file for STMicroelectronics.FP-ATR-SIGFOX1.3.2.0
2025-10-11 19:08:59,481 [WARN] PackLoader:240 - Cannot read IP mode file for ITTIA_DB.I-CUBE-ITTIADB.8.9.0
2025-10-11 19:08:59,491 [WARN] PackLoader:240 - Cannot read IP mode file for STMicroelectronics.X-CUBE-ST67W61.1.0.0
2025-10-11 19:08:59,495 [WARN] PackLoader:240 - Cannot read IP mode file for STMicroelectronics.X-CUBE-AI.10.2.0
2025-10-11 19:08:59,518 [WARN] PackLoader:240 - Cannot read IP mode file for SEGGER.I-CUBE-embOS.1.3.1
2025-10-11 19:08:59,570 [WARN] PackLoader:240 - Cannot read IP mode file for STMicroelectronics.X-CUBE-ALGOBUILD.1.4.0
2025-10-11 19:08:59,611 [WARN] PackLoader:240 - Cannot read IP mode file for STMicroelectronics.X-CUBE-MEMS1.11.3.0
2025-10-11 19:08:59,711 [WARN] PackLoader:240 - Cannot read IP mode file for STMicroelectronics.X-CUBE-PM33A1.1.0.0
2025-10-11 19:08:59,720 [WARN] PackLoader:240 - Cannot read IP mode file for STMicroelectronics.X-CUBE-AZRTOS-F4.1.1.0
2025-10-11 19:08:59,723 [WARN] PackLoader:240 - Cannot read IP mode file for Avnet-IotConnect.X-CUBE-IoTC-DA16k-PMOD.1.0.0
2025-10-11 19:08:59,725 [WARN] PackLoader:240 - Cannot read IP mode file for STMicroelectronics.X-CUBE-ISPU.2.1.0
2025-10-11 19:08:59,728 [WARN] PackLoader:240 - Cannot read IP mode file for STMicroelectronics.X-CUBE-NFC12.1.0.0
2025-10-11 19:08:59,735 [WARN] PackLoader:240 - Cannot read IP mode file for STMicroelectronics.X-CUBE-AZRTOS-L5.2.0.0
2025-10-11 19:08:59,742 [WARN] PackLoader:240 - Cannot read IP mode file for STMicroelectronics.X-CUBE-NFC6.3.1.0
2025-10-11 19:08:59,747 [WARN] PackLoader:240 - Cannot read IP mode file for STMicroelectronics.X-CUBE-FREERTOS.1.3.1
2025-10-11 19:08:59,749 [WARN] PackLoader:240 - Cannot read IP mode file for STMicroelectronics.X-CUBE-TOUCHGFX.4.26.0
2025-10-11 19:08:59,752 [WARN] PackLoader:240 - Cannot read IP mode file for STMicroelectronics.FP-SNS-STAIOTCFT.1.0.0
2025-10-11 19:08:59,756 [WARN] PackLoader:240 - Cannot read IP mode file for STMicroelectronics.X-CUBE-DPower.1.3.0
2025-10-11 19:08:59,769 [WARN] ConditionMgr:438 - getConditionDescription Invalid condition id : LAN8742 Phy interface Condition cause : null
2025-10-11 19:08:59,770 [WARN] PackLoader:240 - Cannot read IP mode file for STMicroelectronics.X-CUBE-AZRTOS-L4.2.0.0
2025-10-11 19:08:59,771 [WARN] ConditionMgr:1044 - genDependencies : Invalid condition id : LAN8742 Phy interface Condition cause : null
2025-10-11 19:08:59,771 [WARN] ConditionMgr:1044 - genDependencies : Invalid condition id : LAN8742 Phy interface Condition cause : null
2025-10-11 19:08:59,772 [WARN] ConditionMgr:1044 - genDependencies : Invalid condition id : LAN8742 Phy interface Condition cause : null
2025-10-11 19:08:59,776 [WARN] PackLoader:240 - Cannot read IP mode file for STMicroelectronics.X-CUBE-SFXS2LP1.4.0.0
2025-10-11 19:08:59,787 [WARN] PackLoader:240 - Cannot read IP mode file for STMicroelectronics.X-CUBE-BLEMGR.4.1.0
2025-10-11 19:08:59,797 [WARN] ConditionMgr:438 - getConditionDescription Invalid condition id : UX DEVICE CLASS RTOS Condition cause : null
2025-10-11 19:08:59,797 [WARN] ConditionMgr:438 - getConditionDescription Invalid condition id : UX DEVICE CLASS RTOS Condition cause : null
2025-10-11 19:08:59,799 [WARN] PackLoader:240 - Cannot read IP mode file for STMicroelectronics.X-CUBE-AZRTOS-WB.2.0.0
2025-10-11 19:08:59,799 [WARN] ConditionMgr:1044 - genDependencies : Invalid condition id : UX DEVICE CLASS RTOS Condition cause : null
2025-10-11 19:08:59,800 [WARN] ConditionMgr:1044 - genDependencies : Invalid condition id : UX DEVICE CLASS RTOS Condition cause : null
2025-10-11 19:08:59,800 [WARN] ConditionMgr:1044 - genDependencies : Invalid condition id : UX DEVICE CLASS RTOS Condition cause : null
2025-10-11 19:08:59,800 [WARN] ConditionMgr:1044 - genDependencies : Invalid condition id : UX DEVICE CLASS RTOS Condition cause : null
2025-10-11 19:08:59,800 [WARN] ConditionMgr:1044 - genDependencies : Invalid condition id : UX DEVICE CLASS RTOS Condition cause : null
2025-10-11 19:08:59,803 [WARN] PackLoader:240 - Cannot read IP mode file for STMicroelectronics.X-CUBE-GNSS1.7.0.1
2025-10-11 19:08:59,806 [WARN] PackLoader:240 - Cannot read IP mode file for STMicroelectronics.X-CUBE-TOUCHGFX.4.25.0
2025-10-11 19:08:59,807 [WARN] ConditionMgr:438 - getConditionDescription Invalid condition id : Cortex-A Device cause : null
2025-10-11 19:08:59,815 [WARN] ConditionMgr:1044 - genDependencies : Invalid condition id : Cortex-A Device cause : null
2025-10-11 19:08:59,815 [WARN] ConditionMgr:1044 - genDependencies : Invalid condition id : Cortex-A Device cause : null
2025-10-11 19:08:59,815 [WARN] ConditionMgr:1044 - genDependencies : Invalid condition id : Cortex-A Device cause : null
2025-10-11 19:08:59,821 [WARN] PackLoader:240 - Cannot read IP mode file for STMicroelectronics.X-CUBE-SUBG2.5.0.0
2025-10-11 19:08:59,837 [WARN] PackLoader:240 - Cannot read IP mode file for STMicroelectronics.X-CUBE-AZRTOS-H7RS.1.1.0
2025-10-11 19:08:59,841 [WARN] PackLoader:240 - Cannot read IP mode file for Cesanta.I-CUBE-Mongoose.7.13.0
2025-10-11 19:08:59,849 [WARN] PackLoader:240 - Cannot read IP mode file for STMicroelectronics.X-CUBE-AZRTOS-G4.2.0.0
2025-10-11 19:08:59,852 [WARN] PackLoader:240 - Cannot read IP mode file for wolfSSL.I-CUBE-wolfSSH.1.4.20
2025-10-11 19:08:59,854 [WARN] PackLoader:240 - Cannot read IP mode file for STMicroelectronics.X-CUBE-NFC7.2.0.0
2025-10-11 19:08:59,859 [WARN] PackLoader:240 - Cannot read IP mode file for STMicroelectronics.X-CUBE-IPS.3.1.0
2025-10-11 19:08:59,863 [WARN] PackLoader:240 - Cannot read IP mode file for STMicroelectronics.X-CUBE-ALS.1.0.2
2025-10-11 19:08:59,866 [WARN] PackLoader:240 - Cannot read IP mode file for STMicroelectronics.X-CUBE-STSE01.1.0.0
2025-10-11 19:08:59,871 [WARN] PackLoader:240 - Cannot read IP mode file for STMicroelectronics.X-CUBE-TOF1.3.4.3
2025-10-11 19:08:59,876 [INFO] ThirdParty:978 - Integrity check success = true
2025-10-11 19:08:59,877 [INFO] IntegrityCheckThread:100 - exiting critical section [integrity check]
2025-10-11 19:08:59,877 [INFO] IntegrityCheckThread:103 - End integrity checks thread
2025-10-11 19:11:42,768 [ERROR] LogOutputStream:75 - [STDERR_REDIRECT] 
2025-10-11 19:12:46,007 [INFO] Activator:176 - 


2025-10-11 19:12:46,008 [INFO] Activator:177 - !SESSION log4j initialized
2025-10-11 19:12:47,427 [INFO] LogOutputStream:77 - [STDOUT_REDIRECT] 
2025-10-11 19:12:58,010 [INFO] ApplicationProperties:184 - Using Application install path: /opt/st/stm32cubeide_1.19.0/plugins/com.st.stm32cube.common.mx_6.15.0.202507011659
2025-10-11 19:12:58,018 [INFO] DbMcusXml:78 - Set database path to: /opt/st/stm32cubeide_1.19.0/plugins/com.st.stm32cube.common.mx_6.15.0.202507011659//db//mcu/
2025-10-11 19:12:58,018 [INFO] ApiDb:274 - Set plugin database path to: /opt/st/stm32cubeide_1.19.0/plugins/com.st.stm32cube.common.mx_6.15.0.202507011659//db//plugins/boardmanager/
2025-10-11 19:12:58,018 [WARN] ApiDb:259 - Overriding images path with different value:  => /opt/st/stm32cubeide_1.19.0/plugins/com.st.stm32cube.common.mx_6.15.0.202507011659//db//plugins/mcufinder/images/
2025-10-11 19:12:58,020 [INFO] ApiDb:250 - Set database path to: /home/oleksii/.stmcufinder/plugins/mcufinder//mcu/
2025-10-11 19:12:58,021 [INFO] DbMcusAds:125 - Set database path to: /home/oleksii/.stmcufinder/plugins/mcufinder//mcu/
2025-10-11 19:12:58,022 [INFO] CrossReferenceDbSqlite:203 - Set database path to: /home/oleksii/.stmcufinder/plugins/mcufinder//mcu/cs/
2025-10-11 19:12:58,076 [INFO] RulesReader:64 - Compatibility file has been processed (317 Rules)
2025-10-11 19:12:58,106 [INFO] DbMcusXml:78 - Set database path to: /opt/st/stm32cubeide_1.19.0/plugins/com.st.stm32cube.common.mx_6.15.0.202507011659//db//mcu/
2025-10-11 19:12:58,106 [INFO] ApiDb:274 - Set plugin database path to: /opt/st/stm32cubeide_1.19.0/plugins/com.st.stm32cube.common.mx_6.15.0.202507011659//db//plugins/boardmanager/
2025-10-11 19:12:58,106 [INFO] ApiDb:261 - Set plugin images path to: /opt/st/stm32cubeide_1.19.0/plugins/com.st.stm32cube.common.mx_6.15.0.202507011659//db//plugins/mcufinder/images/
2025-10-11 19:12:58,106 [WARN] DbFile:41 - Overriding database path with different value: /home/oleksii/.stmcufinder/plugins/mcufinder/ => /home/oleksii/.stmcufinder/plugins/mcufinder
2025-10-11 19:12:58,106 [INFO] ApiDb:250 - Set database path to: /home/oleksii/.stmcufinder/plugins/mcufinder//mcu/
2025-10-11 19:12:58,106 [WARN] DbFile:41 - Overriding database path with different value: /home/oleksii/.stmcufinder/plugins/mcufinder/ => /home/oleksii/.stmcufinder/plugins/mcufinder
2025-10-11 19:12:58,106 [INFO] DbMcusAds:125 - Set database path to: /home/oleksii/.stmcufinder/plugins/mcufinder//mcu/
2025-10-11 19:12:58,107 [WARN] DbFile:41 - Overriding database path with different value: /home/oleksii/.stmcufinder/plugins/mcufinder/ => /home/oleksii/.stmcufinder/plugins/mcufinder
2025-10-11 19:12:58,107 [WARN] DbFile:41 - Overriding database path with different value: /home/oleksii/.stmcufinder/plugins/mcufinder/ => /home/oleksii/.stmcufinder/plugins/mcufinder
2025-10-11 19:12:58,107 [INFO] CrossReferenceDbSqlite:203 - Set database path to: /home/oleksii/.stmcufinder/plugins/mcufinder//mcu/cs/
2025-10-11 19:12:58,136 [INFO] MainPanel:274 - HeapMemory: 268435456
2025-10-11 19:12:58,199 [INFO] DbMcusXml:78 - Set database path to: /opt/st/stm32cubeide_1.19.0/plugins/com.st.stm32cube.common.mx_6.15.0.202507011659//db//mcu/
2025-10-11 19:12:58,199 [INFO] ApiDb:274 - Set plugin database path to: /opt/st/stm32cubeide_1.19.0/plugins/com.st.stm32cube.common.mx_6.15.0.202507011659//db//plugins/boardmanager/
2025-10-11 19:12:58,199 [INFO] ApiDb:261 - Set plugin images path to: /opt/st/stm32cubeide_1.19.0/plugins/com.st.stm32cube.common.mx_6.15.0.202507011659//db//plugins/mcufinder/images/
2025-10-11 19:12:58,200 [WARN] DbFile:41 - Overriding database path with different value: /home/oleksii/.stmcufinder/plugins/mcufinder/ => /home/oleksii/.stmcufinder/plugins/mcufinder
2025-10-11 19:12:58,200 [INFO] ApiDb:250 - Set database path to: /home/oleksii/.stmcufinder/plugins/mcufinder//mcu/
2025-10-11 19:12:58,200 [WARN] DbFile:41 - Overriding database path with different value: /home/oleksii/.stmcufinder/plugins/mcufinder/ => /home/oleksii/.stmcufinder/plugins/mcufinder
2025-10-11 19:12:58,200 [INFO] DbMcusAds:125 - Set database path to: /home/oleksii/.stmcufinder/plugins/mcufinder//mcu/
2025-10-11 19:12:58,200 [WARN] DbFile:41 - Overriding database path with different value: /home/oleksii/.stmcufinder/plugins/mcufinder/ => /home/oleksii/.stmcufinder/plugins/mcufinder
2025-10-11 19:12:58,200 [WARN] DbFile:41 - Overriding database path with different value: /home/oleksii/.stmcufinder/plugins/mcufinder/ => /home/oleksii/.stmcufinder/plugins/mcufinder
2025-10-11 19:12:58,200 [INFO] CrossReferenceDbSqlite:203 - Set database path to: /home/oleksii/.stmcufinder/plugins/mcufinder//mcu/cs/
2025-10-11 19:12:58,208 [INFO] ApplicationProperties:184 - Using Application install path: /opt/st/stm32cubeide_1.19.0/plugins/com.st.stm32cube.common.mx_6.15.0.202507011659
2025-10-11 19:12:58,209 [INFO] PluginManage:196 - Search for loadable plugins [exclusion list=, ]
2025-10-11 19:12:58,214 [INFO] PluginManage:310 - Check plugin analytics
2025-10-11 19:12:58,298 [INFO] AnalyticsPlugin:253 - Accepted Software Licenses: 
2025-10-11 19:12:58,298 [INFO] AnalyticsPlugin:255 - Accepted CMSIS Pack Licenses: 
2025-10-11 19:12:58,298 [INFO] AnalyticsPlugin:257 - Accepted Firmware Licenses: FW.F4.1.28.0
2025-10-11 19:12:58,299 [INFO] PluginManage:359 - Loaded plugin analytics (category:tool,tabindex:-1)
2025-10-11 19:12:58,300 [INFO] PluginManage:310 - Check plugin cadmodel
2025-10-11 19:12:58,301 [INFO] CADModel:105 - Init CAD model plugin
2025-10-11 19:12:58,301 [INFO] PluginManage:359 - Loaded plugin cadmodel (category:power,tabindex:5)
2025-10-11 19:12:58,302 [INFO] PluginManage:310 - Check plugin clock
2025-10-11 19:12:58,305 [INFO] PluginManage:359 - Loaded plugin clock (category:base,tabindex:2)
2025-10-11 19:12:58,305 [INFO] PluginManage:310 - Check plugin ddr
2025-10-11 19:12:58,306 [INFO] PluginManage:359 - Loaded plugin ddr (category:tool,tabindex:6)
2025-10-11 19:12:58,306 [INFO] PluginManage:310 - Check plugin filemanager
2025-10-11 19:12:58,379 [INFO] PluginManage:359 - Loaded plugin filemanager (category:base,tabindex:10)
2025-10-11 19:12:58,379 [INFO] PluginManage:310 - Check plugin ipmanager
2025-10-11 19:12:58,381 [INFO] PluginManage:359 - Loaded plugin ipmanager (category:base,tabindex:5)
2025-10-11 19:12:58,381 [INFO] PluginManage:310 - Check plugin lpbam
2025-10-11 19:12:58,385 [INFO] PluginManage:359 - Loaded plugin lpbam (category:base,tabindex:0)
2025-10-11 19:12:58,386 [INFO] PluginManage:310 - Check plugin memorymap
2025-10-11 19:12:58,391 [INFO] PluginManage:359 - Loaded plugin memorymap (category:base,tabindex:4)
2025-10-11 19:12:58,391 [INFO] PluginManage:310 - Check plugin pinoutandconfiguration
2025-10-11 19:12:58,395 [INFO] PluginManage:359 - Loaded plugin pinoutandconfiguration (category:base,tabindex:1)
2025-10-11 19:12:58,395 [INFO] PluginManage:310 - Check plugin pinoutconfig
2025-10-11 19:12:58,437 [WARN] SupportedApi:132 - Cannot load RTOS API schema: s4s-elt-must-match.1: The content of 'definitions' must match (annotation?, (simpleType | complexType)?, (unique | key | keyref)*)). A problem was found starting at: attribute.
2025-10-11 19:12:58,504 [INFO] PluginManage:359 - Loaded plugin pinoutconfig (category:base,tabindex:0)
2025-10-11 19:12:58,504 [INFO] PluginManage:310 - Check plugin power
2025-10-11 19:12:58,508 [INFO] PluginManage:359 - Loaded plugin power (category:power,tabindex:4)
2025-10-11 19:12:58,508 [INFO] PluginManage:310 - Check plugin projectmanager
2025-10-11 19:12:58,518 [INFO] PluginManage:359 - Loaded plugin projectmanager (category:projectmanager,tabindex:4)
2025-10-11 19:12:58,518 [INFO] PluginManage:310 - Check plugin rif
2025-10-11 19:12:58,522 [INFO] PluginManage:359 - Loaded plugin rif (category:base,tabindex:3)
2025-10-11 19:12:58,523 [INFO] PluginManage:310 - Check plugin thirdparty
2025-10-11 19:12:58,583 [INFO] PluginManage:359 - Loaded plugin thirdparty (category:base,tabindex:-1)
2025-10-11 19:12:58,583 [WARN] IntegrityCheckThread:84 - waiting for thirdparty lock release [integrity check]
2025-10-11 19:12:58,583 [INFO] IntegrityCheckThread:86 - entering critical section [integrity check]
2025-10-11 19:12:58,583 [INFO] PluginManage:310 - Check plugin tools
2025-10-11 19:12:58,583 [INFO] ThirdPartyUpdaterWithRetryManager:70 - Updater plugin not ready yet. [1/15]
2025-10-11 19:12:58,584 [INFO] PluginManage:359 - Loaded plugin tools (category:base,tabindex:7)
2025-10-11 19:12:58,584 [INFO] PluginManage:310 - Check plugin tutovideos
2025-10-11 19:12:58,686 [INFO] PluginManage:359 - Loaded plugin tutovideos (category:base,tabindex:-1)
2025-10-11 19:12:58,686 [INFO] PluginManage:310 - Check plugin updater
2025-10-11 19:12:58,698 [INFO] PluginManage:359 - Loaded plugin updater (category:base,tabindex:12)
2025-10-11 19:12:58,698 [INFO] PluginManage:310 - Check plugin userauth
2025-10-11 19:12:58,700 [INFO] UserAuth:118 - Init User Auth plugin
2025-10-11 19:12:58,700 [INFO] PluginManage:359 - Loaded plugin userauth (category:base,tabindex:14)
2025-10-11 19:12:58,700 [INFO] PluginManage:283 - PluginManage : Loaded plugins [18]
2025-10-11 19:12:58,787 [INFO] PinOutPanel:1589 - setPackage(No Configuration,No Configuration)
2025-10-11 19:12:58,821 [INFO] CADModel:165 - CPN selected for project level
2025-10-11 19:12:58,822 [INFO] CADModel:114 - Register for checkConnection events
2025-10-11 19:12:58,826 [INFO] IPUIPlugin:80 - create IPUIPlugin
2025-10-11 19:12:58,826 [INFO] PluginManager:220 - loadIPPluginJar : add radio
2025-10-11 19:12:58,828 [INFO] IPUIPlugin:80 - create IPUIPlugin
2025-10-11 19:12:58,828 [INFO] PluginManager:220 - loadIPPluginJar : add spi
2025-10-11 19:12:58,829 [INFO] IPUIPlugin:80 - create IPUIPlugin
2025-10-11 19:12:58,829 [INFO] PluginManager:220 - loadIPPluginJar : add tsc
2025-10-11 19:12:58,832 [INFO] IPUIPlugin:80 - create IPUIPlugin
2025-10-11 19:12:58,832 [INFO] PluginManager:220 - loadIPPluginJar : add fmc
2025-10-11 19:12:58,833 [INFO] IPUIPlugin:80 - create IPUIPlugin
2025-10-11 19:12:58,833 [INFO] PluginManager:220 - loadIPPluginJar : add hash
2025-10-11 19:12:58,834 [INFO] IPUIPlugin:80 - create IPUIPlugin
2025-10-11 19:12:58,834 [INFO] PluginManager:220 - loadIPPluginJar : add extmemmanager
2025-10-11 19:12:58,834 [INFO] IPUIPlugin:80 - create IPUIPlugin
2025-10-11 19:12:58,835 [INFO] PluginManager:220 - loadIPPluginJar : add tim
2025-10-11 19:12:58,835 [INFO] IPUIPlugin:80 - create IPUIPlugin
2025-10-11 19:12:58,835 [INFO] PluginManager:220 - loadIPPluginJar : add ltdc
2025-10-11 19:12:58,836 [INFO] IPUIPlugin:80 - create IPUIPlugin
2025-10-11 19:12:58,836 [INFO] PluginManager:220 - loadIPPluginJar : add quadspi
2025-10-11 19:12:58,838 [INFO] IPUIPlugin:80 - create IPUIPlugin
2025-10-11 19:12:58,838 [INFO] PluginManager:220 - loadIPPluginJar : add gic
2025-10-11 19:12:58,839 [INFO] IPUIPlugin:80 - create IPUIPlugin
2025-10-11 19:12:58,839 [INFO] PluginManager:220 - loadIPPluginJar : add comp
2025-10-11 19:12:58,839 [INFO] IPUIPlugin:80 - create IPUIPlugin
2025-10-11 19:12:58,839 [INFO] PluginManager:220 - loadIPPluginJar : add fatfs
2025-10-11 19:12:58,843 [INFO] IPUIPlugin:80 - create IPUIPlugin
2025-10-11 19:12:58,843 [INFO] PluginManager:220 - loadIPPluginJar : add linkedlist
2025-10-11 19:12:58,843 [INFO] IPUIPlugin:80 - create IPUIPlugin
2025-10-11 19:12:58,844 [INFO] PluginManager:220 - loadIPPluginJar : add ucpd
2025-10-11 19:12:58,845 [INFO] IPUIPlugin:80 - create IPUIPlugin
2025-10-11 19:12:58,845 [INFO] PluginManager:220 - loadIPPluginJar : add ddr_ctrl_phy
2025-10-11 19:12:58,845 [INFO] IPUIPlugin:80 - create IPUIPlugin
2025-10-11 19:12:58,845 [INFO] PluginManager:220 - loadIPPluginJar : add gfxmmu
2025-10-11 19:12:58,846 [INFO] IPUIPlugin:80 - create IPUIPlugin
2025-10-11 19:12:58,846 [INFO] PluginManager:220 - loadIPPluginJar : add usart
2025-10-11 19:12:58,849 [INFO] IPUIPlugin:80 - create IPUIPlugin
2025-10-11 19:12:58,849 [INFO] PluginManager:220 - loadIPPluginJar : add dma
2025-10-11 19:12:58,850 [INFO] IPUIPlugin:80 - create IPUIPlugin
2025-10-11 19:12:58,850 [INFO] PluginManager:220 - loadIPPluginJar : add aes
2025-10-11 19:12:58,852 [INFO] IPUIPlugin:80 - create IPUIPlugin
2025-10-11 19:12:58,854 [INFO] PluginManager:220 - loadIPPluginJar : add plateformsettings
2025-10-11 19:12:58,854 [INFO] IPUIPlugin:80 - create IPUIPlugin
2025-10-11 19:12:58,854 [INFO] PluginManager:220 - loadIPPluginJar : add genericplugin
2025-10-11 19:12:58,855 [INFO] IPUIPlugin:80 - create IPUIPlugin
2025-10-11 19:12:58,856 [INFO] PluginManager:220 - loadIPPluginJar : add pdm2pcm
2025-10-11 19:12:58,857 [INFO] IPUIPlugin:80 - create IPUIPlugin
2025-10-11 19:12:58,857 [INFO] PluginManager:220 - loadIPPluginJar : add ipddr
2025-10-11 19:12:58,858 [INFO] IPUIPlugin:80 - create IPUIPlugin
2025-10-11 19:12:58,858 [INFO] PluginManager:220 - loadIPPluginJar : add opamp
2025-10-11 19:12:58,860 [INFO] IPUIPlugin:80 - create IPUIPlugin
2025-10-11 19:12:58,860 [INFO] PluginManager:220 - loadIPPluginJar : add dma3
2025-10-11 19:12:58,860 [INFO] IPUIPlugin:80 - create IPUIPlugin
2025-10-11 19:12:58,861 [INFO] PluginManager:220 - loadIPPluginJar : add dfsdm
2025-10-11 19:12:58,861 [INFO] IPUIPlugin:80 - create IPUIPlugin
2025-10-11 19:12:58,861 [INFO] PluginManager:220 - loadIPPluginJar : add ts
2025-10-11 19:12:58,863 [INFO] IPUIPlugin:80 - create IPUIPlugin
2025-10-11 19:12:58,863 [INFO] PluginManager:220 - loadIPPluginJar : add nvic
2025-10-11 19:12:58,863 [INFO] IPUIPlugin:80 - create IPUIPlugin
2025-10-11 19:12:58,863 [INFO] PluginManager:220 - loadIPPluginJar : add cryp
2025-10-11 19:12:58,866 [INFO] IPUIPlugin:80 - create IPUIPlugin
2025-10-11 19:12:58,866 [INFO] PluginManager:220 - loadIPPluginJar : add freertos
2025-10-11 19:12:58,867 [INFO] IPUIPlugin:80 - create IPUIPlugin
2025-10-11 19:12:58,867 [INFO] PluginManager:220 - loadIPPluginJar : add resmgrutility
2025-10-11 19:12:58,868 [INFO] IPUIPlugin:80 - create IPUIPlugin
2025-10-11 19:12:58,868 [INFO] PluginManager:220 - loadIPPluginJar : add gtzc
2025-10-11 19:12:58,869 [INFO] IPUIPlugin:80 - create IPUIPlugin
2025-10-11 19:12:58,869 [INFO] PluginManager:220 - loadIPPluginJar : add tracer_emb
2025-10-11 19:12:58,871 [INFO] IPUIPlugin:80 - create IPUIPlugin
2025-10-11 19:12:58,872 [INFO] PluginManager:220 - loadIPPluginJar : add stm32_wpan
2025-10-11 19:12:58,873 [INFO] IPUIPlugin:80 - create IPUIPlugin
2025-10-11 19:12:58,873 [INFO] PluginManager:220 - loadIPPluginJar : add gpio
2025-10-11 19:12:58,874 [INFO] IPUIPlugin:80 - create IPUIPlugin
2025-10-11 19:12:58,874 [INFO] PluginManager:220 - loadIPPluginJar : add sai
2025-10-11 19:12:58,876 [INFO] IPUIPlugin:80 - create IPUIPlugin
2025-10-11 19:12:58,876 [INFO] PluginManager:220 - loadIPPluginJar : add usbx
2025-10-11 19:12:58,877 [INFO] IPUIPlugin:80 - create IPUIPlugin
2025-10-11 19:12:58,877 [INFO] PluginManager:220 - loadIPPluginJar : add touchsensing
2025-10-11 19:12:58,878 [INFO] IPUIPlugin:80 - create IPUIPlugin
2025-10-11 19:12:58,878 [INFO] PluginManager:220 - loadIPPluginJar : add openamp
2025-10-11 19:12:58,879 [INFO] IPUIPlugin:80 - create IPUIPlugin
2025-10-11 19:12:58,879 [INFO] PluginManager:220 - loadIPPluginJar : add i3c
2025-10-11 19:12:58,880 [INFO] IPUIPlugin:80 - create IPUIPlugin
2025-10-11 19:12:58,880 [INFO] PluginManager:220 - loadIPPluginJar : add i2s
2025-10-11 19:12:58,881 [INFO] IPUIPlugin:80 - create IPUIPlugin
2025-10-11 19:12:58,881 [INFO] PluginManager:220 - loadIPPluginJar : add can
2025-10-11 19:12:58,882 [INFO] IPUIPlugin:80 - create IPUIPlugin
2025-10-11 19:12:58,882 [INFO] PluginManager:220 - loadIPPluginJar : add lorawan
2025-10-11 19:12:58,885 [INFO] IPUIPlugin:80 - create IPUIPlugin
2025-10-11 19:12:58,885 [INFO] PluginManager:220 - loadIPPluginJar : add adc
2025-10-11 19:12:58,886 [INFO] IPUIPlugin:80 - create IPUIPlugin
2025-10-11 19:12:58,886 [INFO] PluginManager:220 - loadIPPluginJar : add i2c
2025-10-11 19:12:58,888 [INFO] IPUIPlugin:80 - create IPUIPlugin
2025-10-11 19:12:58,888 [INFO] PluginManager:220 - loadIPPluginJar : add mdma
2025-10-11 19:12:58,977 [FATAL] Updater:351 - Updater called before beeing initialized
2025-10-11 19:12:58,996 [INFO] RulesReader:64 - Compatibility file has been processed (317 Rules)
2025-10-11 19:12:59,005 [INFO] RulesReader:64 - Compatibility file has been processed (317 Rules)
2025-10-11 19:12:59,010 [INFO] CADModel:165 - CPN selected for project level
2025-10-11 19:12:59,010 [INFO] CADModel:114 - Register for checkConnection events
2025-10-11 19:12:59,010 [FATAL] Updater:351 - Updater called before beeing initialized
2025-10-11 19:12:59,010 [ERROR] CADModel:125 - Updater not yet initialized, retry later 
2025-10-11 19:12:59,075 [FATAL] Updater:351 - Updater called before beeing initialized
2025-10-11 19:12:59,076 [INFO] CADModel:165 - CPN selected for project level
2025-10-11 19:12:59,076 [INFO] CADModel:114 - Register for checkConnection events
2025-10-11 19:12:59,076 [FATAL] Updater:351 - Updater called before beeing initialized
2025-10-11 19:12:59,076 [ERROR] CADModel:125 - Updater not yet initialized, retry later 
2025-10-11 19:12:59,078 [FATAL] Updater:351 - Updater called before beeing initialized
2025-10-11 19:12:59,127 [FATAL] Updater:351 - Updater called before beeing initialized
2025-10-11 19:12:59,129 [INFO] DbMcusAds:53 - JSON generation date=Thu Oct 02 12:36:05 EEST 2025 (1759397765645)
2025-10-11 19:12:59,129 [FATAL] Updater:351 - Updater called before beeing initialized
2025-10-11 19:12:59,149 [WARN] DetailPanel:346 - Failed to get advertising image, set to default
2025-10-11 19:12:59,192 [FATAL] Updater:351 - Updater called before beeing initialized
2025-10-11 19:12:59,193 [FATAL] Updater:351 - Updater called before beeing initialized
2025-10-11 19:12:59,193 [FATAL] Updater:351 - Updater called before beeing initialized
2025-10-11 19:12:59,193 [WARN] DetailPanel:346 - Failed to get advertising image, set to default
2025-10-11 19:12:59,194 [FATAL] Updater:351 - Updater called before beeing initialized
2025-10-11 19:12:59,212 [ERROR] Updater:1198 - MainUpdater not yet initialized. External WinMGr cannot be set.
2025-10-11 19:12:59,212 [INFO] Updater:1134 - Updater Version found : 6.15.0
2025-10-11 19:12:59,222 [INFO] ApplicationProperties:184 - Using Application install path: /opt/st/stm32cubeide_1.19.0/plugins/com.st.stm32cube.common.mx_6.15.0.202507011659
2025-10-11 19:12:59,484 [INFO] MainUpdater:2872 - connection check result : 10
2025-10-11 19:12:59,485 [INFO] MainUpdater:289 - Updater Check For Update Now.
2025-10-11 19:12:59,486 [INFO] MicroXplorer:498 - Change Database Version : DB.6.0.150
2025-10-11 19:12:59,499 [INFO] McuFinderGlobals:63 - Set McuFinder mode to 2 (CubeIDE integrated)
2025-10-11 19:12:59,500 [INFO] UserAuth:487 - Internet connection configuration mode: 1
2025-10-11 19:12:59,516 [INFO] JxBrowserEngine:152 - Initiate JxBrowser Engine with user profile folder
2025-10-11 19:12:59,651 [INFO] CheckServerUpdateThread:120 - End of CheckServer Thread
2025-10-11 19:12:59,879 [INFO] WebApp:169 - Instantiating new browser for Auth
2025-10-11 19:13:00,230 [INFO] WebApp:463 - Apply proxy settings
2025-10-11 19:13:00,230 [INFO] WebApp:548 - Chromium requires no authentication
2025-10-11 19:13:00,234 [INFO] WebApp:491 - Direct internet connection detected
2025-10-11 19:13:00,243 [INFO] WebApp:900 - Register for checkConnection events
2025-10-11 19:13:00,243 [INFO] WebApp:463 - Apply proxy settings
2025-10-11 19:13:00,243 [INFO] WebApp:548 - Chromium requires no authentication
2025-10-11 19:13:00,244 [INFO] WebApp:491 - Direct internet connection detected
2025-10-11 19:13:00,312 [INFO] WebApp:225 - Starting web application
2025-10-11 19:13:00,312 [INFO] WebApp:593 - Web application path used /opt/st/stm32cubeide_1.19.0/plugins/com.st.stm32cube.common.mx_6.15.0.202507011659/db/plugins/mcufinder/reactClient1/index.html
2025-10-11 19:13:00,362 [INFO] UserAuth:487 - Internet connection configuration mode: 1
2025-10-11 19:13:00,511 [INFO] WebApp:191 - Connection restablished
2025-10-11 19:13:01,690 [WARN] PackLoader:240 - Cannot read IP mode file for STMicroelectronics.FP-SNS-MOTENVWB1.1.4.0
2025-10-11 19:13:01,693 [WARN] PackLoader:240 - Cannot read IP mode file for STMicroelectronics.FP-ATR-ASTRA1.2.0.2
2025-10-11 19:13:01,697 [WARN] PackLoader:240 - Cannot read IP mode file for STMicroelectronics.X-CUBE-SMBUS.2.1.0
2025-10-11 19:13:01,699 [WARN] PackLoader:240 - Cannot read IP mode file for STMicroelectronics.X-CUBE-ST60.1.0.0
2025-10-11 19:13:01,723 [WARN] PackLoader:240 - Cannot read IP mode file for STMicroelectronics.X-CUBE-AZRTOS-F7.1.1.0
2025-10-11 19:13:01,733 [WARN] PackLoader:240 - Cannot read IP mode file for WES.I-CUBE-Cesium.1.4.0
2025-10-11 19:13:01,746 [WARN] PackLoader:240 - Cannot read IP mode file for Infineon.AIROC-Wi-Fi-Bluetooth-STM32.1.7.1
2025-10-11 19:13:01,762 [WARN] PackLoader:240 - Cannot read IP mode file for STMicroelectronics.X-CUBE-AZRTOS-H7.3.4.0
2025-10-11 19:13:01,767 [WARN] PackLoader:240 - Cannot read IP mode file for STMicroelectronics.X-CUBE-DISPLAY.3.0.0
2025-10-11 19:13:01,773 [WARN] PackLoader:240 - Cannot read IP mode file for STMicroelectronics.X-CUBE-NFC10.1.0.0
2025-10-11 19:13:01,776 [WARN] PackLoader:240 - Cannot read IP mode file for emotas.I-CUBE-CANOPEN.1.3.0
2025-10-11 19:13:01,780 [WARN] PackLoader:240 - Cannot read IP mode file for STMicroelectronics.FP-SNS-STBOX1.2.1.0
2025-10-11 19:13:01,783 [WARN] PackLoader:240 - Cannot read IP mode file for STMicroelectronics.FP-SNS-SMARTAG2.1.2.0
2025-10-11 19:13:01,784 [WARN] PackLoader:240 - Cannot read IP mode file for STMicroelectronics.FP-SNS-FLIGHT1.5.1.0
2025-10-11 19:13:01,788 [INFO] LogOutputStream:77 - [STDOUT_REDIRECT] 1 : Invalid condition id : UX_CORESTACK_Condition cause : null
2025-10-11 19:13:01,789 [INFO] LogOutputStream:77 - [STDOUT_REDIRECT] 1 : Invalid condition id : UX_CORESTACK_Condition cause : null
2025-10-11 19:13:01,789 [INFO] LogOutputStream:77 - [STDOUT_REDIRECT] 1 : Invalid condition id : UX_CORESTACK_Condition cause : null
2025-10-11 19:13:01,789 [INFO] LogOutputStream:77 - [STDOUT_REDIRECT] 1 : Invalid condition id : UX_CORESTACK_Condition cause : null
2025-10-11 19:13:01,789 [INFO] LogOutputStream:77 - [STDOUT_REDIRECT] 1 : Invalid condition id : UX_CORESTACK_Condition cause : null
2025-10-11 19:13:01,791 [WARN] PackLoader:240 - Cannot read IP mode file for STMicroelectronics.X-CUBE-AZRTOS-WL.2.0.0
2025-10-11 19:13:01,793 [WARN] PackLoader:240 - Cannot read IP mode file for STMicroelectronics.FP-SNS-MOTENV1.5.0.0
2025-10-11 19:13:01,797 [WARN] PackLoader:240 - Cannot read IP mode file for STMicroelectronics.X-CUBE-BLE2.3.3.0
2025-10-11 19:13:01,799 [WARN] PackLoader:240 - Cannot read IP mode file for STMicroelectronics.X-CUBE-NFC9.1.0.0
2025-10-11 19:13:01,802 [WARN] PackLoader:240 - Cannot read IP mode file for wolfSSL.I-CUBE-wolfSSL.5.8.2
2025-10-11 19:13:01,804 [WARN] PackLoader:240 - Cannot read IP mode file for STMicroelectronics.X-CUBE-BLE1.7.1.0
2025-10-11 19:13:01,805 [WARN] PackLoader:240 - Cannot read IP mode file for wolfSSL.I-CUBE-wolfMQTT.1.19.2
2025-10-11 19:13:01,808 [WARN] PackLoader:240 - Cannot read IP mode file for STMicroelectronics.X-CUBE-EEPRMA1.5.2.0
2025-10-11 19:13:01,816 [WARN] PackLoader:240 - Cannot read IP mode file for STMicroelectronics.X-CUBE-AZRTOS-G0.1.1.0
2025-10-11 19:13:01,820 [WARN] PackLoader:240 - Cannot read IP mode file for STMicroelectronics.X-CUBE-SAFEA1.1.2.2
2025-10-11 19:13:01,822 [WARN] PackLoader:240 - Cannot read IP mode file for STMicroelectronics.X-CUBE-NFC4.3.0.0
2025-10-11 19:13:01,827 [WARN] PackLoader:240 - Cannot read IP mode file for EmbeddedOffice.I-CUBE-FS-RTOS.1.0.1
2025-10-11 19:13:01,830 [WARN] PackLoader:240 - Cannot read IP mode file for STMicroelectronics.X-CUBE-WB05N.2.0.0
2025-10-11 19:13:01,832 [WARN] PackLoader:240 - Cannot read IP mode file for wolfSSL.I-CUBE-wolfTPM.3.8.0
2025-10-11 19:13:01,834 [WARN] PackLoader:240 - Cannot read IP mode file for STMicroelectronics.X-CUBE-TCPP.4.2.0
2025-10-11 19:13:01,837 [WARN] PackLoader:240 - Cannot read IP mode file for RealThread.X-CUBE-RT-Thread_Nano.4.1.1
2025-10-11 19:13:01,838 [WARN] PackLoader:240 - Cannot read IP mode file for STMicroelectronics.FP-ATR-SIGFOX1.3.2.0
2025-10-11 19:13:01,841 [WARN] PackLoader:240 - Cannot read IP mode file for ITTIA_DB.I-CUBE-ITTIADB.8.9.0
2025-10-11 19:13:01,843 [WARN] PackLoader:240 - Cannot read IP mode file for STMicroelectronics.X-CUBE-ST67W61.1.0.0
2025-10-11 19:13:01,845 [WARN] PackLoader:240 - Cannot read IP mode file for STMicroelectronics.X-CUBE-AI.10.2.0
2025-10-11 19:13:01,865 [WARN] PackLoader:240 - Cannot read IP mode file for SEGGER.I-CUBE-embOS.1.3.1
2025-10-11 19:13:01,917 [WARN] PackLoader:240 - Cannot read IP mode file for STMicroelectronics.X-CUBE-ALGOBUILD.1.4.0
2025-10-11 19:13:01,956 [WARN] PackLoader:240 - Cannot read IP mode file for STMicroelectronics.X-CUBE-MEMS1.11.3.0
2025-10-11 19:13:02,029 [WARN] PackLoader:240 - Cannot read IP mode file for STMicroelectronics.X-CUBE-PM33A1.1.0.0
2025-10-11 19:13:02,039 [WARN] PackLoader:240 - Cannot read IP mode file for STMicroelectronics.X-CUBE-AZRTOS-F4.1.1.0
2025-10-11 19:13:02,043 [WARN] PackLoader:240 - Cannot read IP mode file for Avnet-IotConnect.X-CUBE-IoTC-DA16k-PMOD.1.0.0
2025-10-11 19:13:02,046 [WARN] PackLoader:240 - Cannot read IP mode file for STMicroelectronics.X-CUBE-ISPU.2.1.0
2025-10-11 19:13:02,051 [WARN] PackLoader:240 - Cannot read IP mode file for STMicroelectronics.X-CUBE-NFC12.1.0.0
2025-10-11 19:13:02,064 [WARN] PackLoader:240 - Cannot read IP mode file for STMicroelectronics.X-CUBE-AZRTOS-L5.2.0.0
2025-10-11 19:13:02,070 [WARN] PackLoader:240 - Cannot read IP mode file for STMicroelectronics.X-CUBE-NFC6.3.1.0
2025-10-11 19:13:02,073 [WARN] PackLoader:240 - Cannot read IP mode file for STMicroelectronics.X-CUBE-FREERTOS.1.3.1
2025-10-11 19:13:02,075 [WARN] PackLoader:240 - Cannot read IP mode file for STMicroelectronics.X-CUBE-TOUCHGFX.4.26.0
2025-10-11 19:13:02,077 [WARN] PackLoader:240 - Cannot read IP mode file for STMicroelectronics.FP-SNS-STAIOTCFT.1.0.0
2025-10-11 19:13:02,080 [WARN] PackLoader:240 - Cannot read IP mode file for STMicroelectronics.X-CUBE-DPower.1.3.0
2025-10-11 19:13:02,087 [WARN] ConditionMgr:438 - getConditionDescription Invalid condition id : LAN8742 Phy interface Condition cause : null
2025-10-11 19:13:02,088 [WARN] PackLoader:240 - Cannot read IP mode file for STMicroelectronics.X-CUBE-AZRTOS-L4.2.0.0
2025-10-11 19:13:02,089 [WARN] ConditionMgr:1044 - genDependencies : Invalid condition id : LAN8742 Phy interface Condition cause : null
2025-10-11 19:13:02,089 [WARN] ConditionMgr:1044 - genDependencies : Invalid condition id : LAN8742 Phy interface Condition cause : null
2025-10-11 19:13:02,089 [WARN] ConditionMgr:1044 - genDependencies : Invalid condition id : LAN8742 Phy interface Condition cause : null
2025-10-11 19:13:02,092 [WARN] PackLoader:240 - Cannot read IP mode file for STMicroelectronics.X-CUBE-SFXS2LP1.4.0.0
2025-10-11 19:13:02,098 [WARN] PackLoader:240 - Cannot read IP mode file for STMicroelectronics.X-CUBE-BLEMGR.4.1.0
2025-10-11 19:13:02,105 [WARN] ConditionMgr:438 - getConditionDescription Invalid condition id : UX DEVICE CLASS RTOS Condition cause : null
2025-10-11 19:13:02,105 [WARN] ConditionMgr:438 - getConditionDescription Invalid condition id : UX DEVICE CLASS RTOS Condition cause : null
2025-10-11 19:13:02,106 [WARN] PackLoader:240 - Cannot read IP mode file for STMicroelectronics.X-CUBE-AZRTOS-WB.2.0.0
2025-10-11 19:13:02,106 [WARN] ConditionMgr:1044 - genDependencies : Invalid condition id : UX DEVICE CLASS RTOS Condition cause : null
2025-10-11 19:13:02,107 [WARN] ConditionMgr:1044 - genDependencies : Invalid condition id : UX DEVICE CLASS RTOS Condition cause : null
2025-10-11 19:13:02,107 [WARN] ConditionMgr:1044 - genDependencies : Invalid condition id : UX DEVICE CLASS RTOS Condition cause : null
2025-10-11 19:13:02,107 [WARN] ConditionMgr:1044 - genDependencies : Invalid condition id : UX DEVICE CLASS RTOS Condition cause : null
2025-10-11 19:13:02,107 [WARN] ConditionMgr:1044 - genDependencies : Invalid condition id : UX DEVICE CLASS RTOS Condition cause : null
2025-10-11 19:13:02,109 [WARN] PackLoader:240 - Cannot read IP mode file for STMicroelectronics.X-CUBE-GNSS1.7.0.1
2025-10-11 19:13:02,112 [WARN] PackLoader:240 - Cannot read IP mode file for STMicroelectronics.X-CUBE-TOUCHGFX.4.25.0
2025-10-11 19:13:02,113 [WARN] ConditionMgr:438 - getConditionDescription Invalid condition id : Cortex-A Device cause : null
2025-10-11 19:13:02,120 [WARN] ConditionMgr:1044 - genDependencies : Invalid condition id : Cortex-A Device cause : null
2025-10-11 19:13:02,120 [WARN] ConditionMgr:1044 - genDependencies : Invalid condition id : Cortex-A Device cause : null
2025-10-11 19:13:02,120 [WARN] ConditionMgr:1044 - genDependencies : Invalid condition id : Cortex-A Device cause : null
2025-10-11 19:13:02,125 [WARN] PackLoader:240 - Cannot read IP mode file for STMicroelectronics.X-CUBE-SUBG2.5.0.0
2025-10-11 19:13:02,138 [WARN] PackLoader:240 - Cannot read IP mode file for STMicroelectronics.X-CUBE-AZRTOS-H7RS.1.1.0
2025-10-11 19:13:02,141 [WARN] PackLoader:240 - Cannot read IP mode file for Cesanta.I-CUBE-Mongoose.7.13.0
2025-10-11 19:13:02,146 [WARN] PackLoader:240 - Cannot read IP mode file for STMicroelectronics.X-CUBE-AZRTOS-G4.2.0.0
2025-10-11 19:13:02,148 [WARN] PackLoader:240 - Cannot read IP mode file for wolfSSL.I-CUBE-wolfSSH.1.4.20
2025-10-11 19:13:02,150 [WARN] PackLoader:240 - Cannot read IP mode file for STMicroelectronics.X-CUBE-NFC7.2.0.0
2025-10-11 19:13:02,155 [WARN] PackLoader:240 - Cannot read IP mode file for STMicroelectronics.X-CUBE-IPS.3.1.0
2025-10-11 19:13:02,161 [WARN] PackLoader:240 - Cannot read IP mode file for STMicroelectronics.X-CUBE-ALS.1.0.2
2025-10-11 19:13:02,164 [WARN] PackLoader:240 - Cannot read IP mode file for STMicroelectronics.X-CUBE-STSE01.1.0.0
2025-10-11 19:13:02,169 [WARN] PackLoader:240 - Cannot read IP mode file for STMicroelectronics.X-CUBE-TOF1.3.4.3
2025-10-11 19:13:02,174 [INFO] ThirdParty:978 - Integrity check success = true
2025-10-11 19:13:02,175 [INFO] IntegrityCheckThread:100 - exiting critical section [integrity check]
2025-10-11 19:13:02,175 [INFO] IntegrityCheckThread:103 - End integrity checks thread
2025-10-11 19:13:58,531 [ERROR] LogOutputStream:75 - [STDERR_REDIRECT] 
2025-10-11 19:14:31,094 [INFO] Activator:176 - 


2025-10-11 19:14:31,095 [INFO] Activator:177 - !SESSION log4j initialized
2025-10-11 19:14:32,460 [INFO] LogOutputStream:77 - [STDOUT_REDIRECT] 
2025-10-11 19:14:37,747 [INFO] ApplicationProperties:184 - Using Application install path: /opt/st/stm32cubeide_1.19.0/plugins/com.st.stm32cube.common.mx_6.15.0.202507011659
2025-10-11 19:14:37,765 [INFO] DbMcusXml:78 - Set database path to: /opt/st/stm32cubeide_1.19.0/plugins/com.st.stm32cube.common.mx_6.15.0.202507011659//db//mcu/
2025-10-11 19:14:37,765 [INFO] ApiDb:274 - Set plugin database path to: /opt/st/stm32cubeide_1.19.0/plugins/com.st.stm32cube.common.mx_6.15.0.202507011659//db//plugins/boardmanager/
2025-10-11 19:14:37,765 [WARN] ApiDb:259 - Overriding images path with different value:  => /opt/st/stm32cubeide_1.19.0/plugins/com.st.stm32cube.common.mx_6.15.0.202507011659//db//plugins/mcufinder/images/
2025-10-11 19:14:37,767 [INFO] ApiDb:250 - Set database path to: /home/oleksii/.stmcufinder/plugins/mcufinder//mcu/
2025-10-11 19:14:37,768 [INFO] DbMcusAds:125 - Set database path to: /home/oleksii/.stmcufinder/plugins/mcufinder//mcu/
2025-10-11 19:14:37,769 [INFO] CrossReferenceDbSqlite:203 - Set database path to: /home/oleksii/.stmcufinder/plugins/mcufinder//mcu/cs/
2025-10-11 19:14:37,824 [INFO] RulesReader:64 - Compatibility file has been processed (317 Rules)
2025-10-11 19:14:37,855 [INFO] DbMcusXml:78 - Set database path to: /opt/st/stm32cubeide_1.19.0/plugins/com.st.stm32cube.common.mx_6.15.0.202507011659//db//mcu/
2025-10-11 19:14:37,855 [INFO] ApiDb:274 - Set plugin database path to: /opt/st/stm32cubeide_1.19.0/plugins/com.st.stm32cube.common.mx_6.15.0.202507011659//db//plugins/boardmanager/
2025-10-11 19:14:37,855 [INFO] ApiDb:261 - Set plugin images path to: /opt/st/stm32cubeide_1.19.0/plugins/com.st.stm32cube.common.mx_6.15.0.202507011659//db//plugins/mcufinder/images/
2025-10-11 19:14:37,855 [WARN] DbFile:41 - Overriding database path with different value: /home/oleksii/.stmcufinder/plugins/mcufinder/ => /home/oleksii/.stmcufinder/plugins/mcufinder
2025-10-11 19:14:37,855 [INFO] ApiDb:250 - Set database path to: /home/oleksii/.stmcufinder/plugins/mcufinder//mcu/
2025-10-11 19:14:37,855 [WARN] DbFile:41 - Overriding database path with different value: /home/oleksii/.stmcufinder/plugins/mcufinder/ => /home/oleksii/.stmcufinder/plugins/mcufinder
2025-10-11 19:14:37,855 [INFO] DbMcusAds:125 - Set database path to: /home/oleksii/.stmcufinder/plugins/mcufinder//mcu/
2025-10-11 19:14:37,855 [WARN] DbFile:41 - Overriding database path with different value: /home/oleksii/.stmcufinder/plugins/mcufinder/ => /home/oleksii/.stmcufinder/plugins/mcufinder
2025-10-11 19:14:37,855 [WARN] DbFile:41 - Overriding database path with different value: /home/oleksii/.stmcufinder/plugins/mcufinder/ => /home/oleksii/.stmcufinder/plugins/mcufinder
2025-10-11 19:14:37,855 [INFO] CrossReferenceDbSqlite:203 - Set database path to: /home/oleksii/.stmcufinder/plugins/mcufinder//mcu/cs/
2025-10-11 19:14:37,884 [INFO] MainPanel:274 - HeapMemory: 268435456
2025-10-11 19:14:37,945 [INFO] DbMcusXml:78 - Set database path to: /opt/st/stm32cubeide_1.19.0/plugins/com.st.stm32cube.common.mx_6.15.0.202507011659//db//mcu/
2025-10-11 19:14:37,945 [INFO] ApiDb:274 - Set plugin database path to: /opt/st/stm32cubeide_1.19.0/plugins/com.st.stm32cube.common.mx_6.15.0.202507011659//db//plugins/boardmanager/
2025-10-11 19:14:37,945 [INFO] ApiDb:261 - Set plugin images path to: /opt/st/stm32cubeide_1.19.0/plugins/com.st.stm32cube.common.mx_6.15.0.202507011659//db//plugins/mcufinder/images/
2025-10-11 19:14:37,946 [WARN] DbFile:41 - Overriding database path with different value: /home/oleksii/.stmcufinder/plugins/mcufinder/ => /home/oleksii/.stmcufinder/plugins/mcufinder
2025-10-11 19:14:37,946 [INFO] ApiDb:250 - Set database path to: /home/oleksii/.stmcufinder/plugins/mcufinder//mcu/
2025-10-11 19:14:37,946 [WARN] DbFile:41 - Overriding database path with different value: /home/oleksii/.stmcufinder/plugins/mcufinder/ => /home/oleksii/.stmcufinder/plugins/mcufinder
2025-10-11 19:14:37,946 [INFO] DbMcusAds:125 - Set database path to: /home/oleksii/.stmcufinder/plugins/mcufinder//mcu/
2025-10-11 19:14:37,946 [WARN] DbFile:41 - Overriding database path with different value: /home/oleksii/.stmcufinder/plugins/mcufinder/ => /home/oleksii/.stmcufinder/plugins/mcufinder
2025-10-11 19:14:37,946 [WARN] DbFile:41 - Overriding database path with different value: /home/oleksii/.stmcufinder/plugins/mcufinder/ => /home/oleksii/.stmcufinder/plugins/mcufinder
2025-10-11 19:14:37,946 [INFO] CrossReferenceDbSqlite:203 - Set database path to: /home/oleksii/.stmcufinder/plugins/mcufinder//mcu/cs/
2025-10-11 19:14:37,959 [INFO] ApplicationProperties:184 - Using Application install path: /opt/st/stm32cubeide_1.19.0/plugins/com.st.stm32cube.common.mx_6.15.0.202507011659
2025-10-11 19:14:37,960 [INFO] PluginManage:196 - Search for loadable plugins [exclusion list=, ]
2025-10-11 19:14:37,961 [INFO] PluginManage:310 - Check plugin analytics
2025-10-11 19:14:38,044 [INFO] AnalyticsPlugin:253 - Accepted Software Licenses: 
2025-10-11 19:14:38,044 [INFO] AnalyticsPlugin:255 - Accepted CMSIS Pack Licenses: 
2025-10-11 19:14:38,044 [INFO] AnalyticsPlugin:257 - Accepted Firmware Licenses: FW.F4.1.28.0
2025-10-11 19:14:38,046 [INFO] PluginManage:359 - Loaded plugin analytics (category:tool,tabindex:-1)
2025-10-11 19:14:38,046 [INFO] PluginManage:310 - Check plugin cadmodel
2025-10-11 19:14:38,048 [INFO] CADModel:105 - Init CAD model plugin
2025-10-11 19:14:38,048 [INFO] PluginManage:359 - Loaded plugin cadmodel (category:power,tabindex:5)
2025-10-11 19:14:38,048 [INFO] PluginManage:310 - Check plugin clock
2025-10-11 19:14:38,052 [INFO] PluginManage:359 - Loaded plugin clock (category:base,tabindex:2)
2025-10-11 19:14:38,052 [INFO] PluginManage:310 - Check plugin ddr
2025-10-11 19:14:38,053 [INFO] PluginManage:359 - Loaded plugin ddr (category:tool,tabindex:6)
2025-10-11 19:14:38,053 [INFO] PluginManage:310 - Check plugin filemanager
2025-10-11 19:14:38,127 [INFO] PluginManage:359 - Loaded plugin filemanager (category:base,tabindex:10)
2025-10-11 19:14:38,127 [INFO] PluginManage:310 - Check plugin ipmanager
2025-10-11 19:14:38,130 [INFO] PluginManage:359 - Loaded plugin ipmanager (category:base,tabindex:5)
2025-10-11 19:14:38,130 [INFO] PluginManage:310 - Check plugin lpbam
2025-10-11 19:14:38,135 [INFO] PluginManage:359 - Loaded plugin lpbam (category:base,tabindex:0)
2025-10-11 19:14:38,135 [INFO] PluginManage:310 - Check plugin memorymap
2025-10-11 19:14:38,141 [INFO] PluginManage:359 - Loaded plugin memorymap (category:base,tabindex:4)
2025-10-11 19:14:38,141 [INFO] PluginManage:310 - Check plugin pinoutandconfiguration
2025-10-11 19:14:38,145 [INFO] PluginManage:359 - Loaded plugin pinoutandconfiguration (category:base,tabindex:1)
2025-10-11 19:14:38,145 [INFO] PluginManage:310 - Check plugin pinoutconfig
2025-10-11 19:14:38,188 [WARN] SupportedApi:132 - Cannot load RTOS API schema: s4s-elt-must-match.1: The content of 'definitions' must match (annotation?, (simpleType | complexType)?, (unique | key | keyref)*)). A problem was found starting at: attribute.
2025-10-11 19:14:38,256 [INFO] PluginManage:359 - Loaded plugin pinoutconfig (category:base,tabindex:0)
2025-10-11 19:14:38,256 [INFO] PluginManage:310 - Check plugin power
2025-10-11 19:14:38,260 [INFO] PluginManage:359 - Loaded plugin power (category:power,tabindex:4)
2025-10-11 19:14:38,260 [INFO] PluginManage:310 - Check plugin projectmanager
2025-10-11 19:14:38,269 [INFO] PluginManage:359 - Loaded plugin projectmanager (category:projectmanager,tabindex:4)
2025-10-11 19:14:38,270 [INFO] PluginManage:310 - Check plugin rif
2025-10-11 19:14:38,274 [INFO] PluginManage:359 - Loaded plugin rif (category:base,tabindex:3)
2025-10-11 19:14:38,274 [INFO] PluginManage:310 - Check plugin thirdparty
2025-10-11 19:14:38,336 [INFO] PluginManage:359 - Loaded plugin thirdparty (category:base,tabindex:-1)
2025-10-11 19:14:38,336 [WARN] IntegrityCheckThread:84 - waiting for thirdparty lock release [integrity check]
2025-10-11 19:14:38,336 [INFO] PluginManage:310 - Check plugin tools
2025-10-11 19:14:38,336 [INFO] IntegrityCheckThread:86 - entering critical section [integrity check]
2025-10-11 19:14:38,336 [INFO] ThirdPartyUpdaterWithRetryManager:70 - Updater plugin not ready yet. [1/15]
2025-10-11 19:14:38,337 [INFO] PluginManage:359 - Loaded plugin tools (category:base,tabindex:7)
2025-10-11 19:14:38,337 [INFO] PluginManage:310 - Check plugin tutovideos
2025-10-11 19:14:38,438 [INFO] PluginManage:359 - Loaded plugin tutovideos (category:base,tabindex:-1)
2025-10-11 19:14:38,438 [INFO] PluginManage:310 - Check plugin updater
2025-10-11 19:14:38,451 [INFO] PluginManage:359 - Loaded plugin updater (category:base,tabindex:12)
2025-10-11 19:14:38,451 [INFO] PluginManage:310 - Check plugin userauth
2025-10-11 19:14:38,452 [INFO] UserAuth:118 - Init User Auth plugin
2025-10-11 19:14:38,453 [INFO] PluginManage:359 - Loaded plugin userauth (category:base,tabindex:14)
2025-10-11 19:14:38,453 [INFO] PluginManage:283 - PluginManage : Loaded plugins [18]
2025-10-11 19:14:38,537 [INFO] PinOutPanel:1589 - setPackage(No Configuration,No Configuration)
2025-10-11 19:14:38,571 [INFO] CADModel:165 - CPN selected for project level
2025-10-11 19:14:38,571 [INFO] CADModel:114 - Register for checkConnection events
2025-10-11 19:14:38,576 [INFO] IPUIPlugin:80 - create IPUIPlugin
2025-10-11 19:14:38,576 [INFO] PluginManager:220 - loadIPPluginJar : add radio
2025-10-11 19:14:38,578 [INFO] IPUIPlugin:80 - create IPUIPlugin
2025-10-11 19:14:38,578 [INFO] PluginManager:220 - loadIPPluginJar : add spi
2025-10-11 19:14:38,579 [INFO] IPUIPlugin:80 - create IPUIPlugin
2025-10-11 19:14:38,579 [INFO] PluginManager:220 - loadIPPluginJar : add tsc
2025-10-11 19:14:38,581 [INFO] IPUIPlugin:80 - create IPUIPlugin
2025-10-11 19:14:38,581 [INFO] PluginManager:220 - loadIPPluginJar : add fmc
2025-10-11 19:14:38,582 [INFO] IPUIPlugin:80 - create IPUIPlugin
2025-10-11 19:14:38,582 [INFO] PluginManager:220 - loadIPPluginJar : add hash
2025-10-11 19:14:38,583 [INFO] IPUIPlugin:80 - create IPUIPlugin
2025-10-11 19:14:38,583 [INFO] PluginManager:220 - loadIPPluginJar : add extmemmanager
2025-10-11 19:14:38,584 [INFO] IPUIPlugin:80 - create IPUIPlugin
2025-10-11 19:14:38,584 [INFO] PluginManager:220 - loadIPPluginJar : add tim
2025-10-11 19:14:38,585 [INFO] IPUIPlugin:80 - create IPUIPlugin
2025-10-11 19:14:38,585 [INFO] PluginManager:220 - loadIPPluginJar : add ltdc
2025-10-11 19:14:38,585 [INFO] IPUIPlugin:80 - create IPUIPlugin
2025-10-11 19:14:38,585 [INFO] PluginManager:220 - loadIPPluginJar : add quadspi
2025-10-11 19:14:38,587 [INFO] IPUIPlugin:80 - create IPUIPlugin
2025-10-11 19:14:38,588 [INFO] PluginManager:220 - loadIPPluginJar : add gic
2025-10-11 19:14:38,588 [INFO] IPUIPlugin:80 - create IPUIPlugin
2025-10-11 19:14:38,588 [INFO] PluginManager:220 - loadIPPluginJar : add comp
2025-10-11 19:14:38,589 [INFO] IPUIPlugin:80 - create IPUIPlugin
2025-10-11 19:14:38,589 [INFO] PluginManager:220 - loadIPPluginJar : add fatfs
2025-10-11 19:14:38,592 [INFO] IPUIPlugin:80 - create IPUIPlugin
2025-10-11 19:14:38,592 [INFO] PluginManager:220 - loadIPPluginJar : add linkedlist
2025-10-11 19:14:38,593 [INFO] IPUIPlugin:80 - create IPUIPlugin
2025-10-11 19:14:38,593 [INFO] PluginManager:220 - loadIPPluginJar : add ucpd
2025-10-11 19:14:38,594 [INFO] IPUIPlugin:80 - create IPUIPlugin
2025-10-11 19:14:38,594 [INFO] PluginManager:220 - loadIPPluginJar : add ddr_ctrl_phy
2025-10-11 19:14:38,595 [INFO] IPUIPlugin:80 - create IPUIPlugin
2025-10-11 19:14:38,595 [INFO] PluginManager:220 - loadIPPluginJar : add gfxmmu
2025-10-11 19:14:38,596 [INFO] IPUIPlugin:80 - create IPUIPlugin
2025-10-11 19:14:38,596 [INFO] PluginManager:220 - loadIPPluginJar : add usart
2025-10-11 19:14:38,598 [INFO] IPUIPlugin:80 - create IPUIPlugin
2025-10-11 19:14:38,599 [INFO] PluginManager:220 - loadIPPluginJar : add dma
2025-10-11 19:14:38,599 [INFO] IPUIPlugin:80 - create IPUIPlugin
2025-10-11 19:14:38,599 [INFO] PluginManager:220 - loadIPPluginJar : add aes
2025-10-11 19:14:38,602 [INFO] IPUIPlugin:80 - create IPUIPlugin
2025-10-11 19:14:38,603 [INFO] PluginManager:220 - loadIPPluginJar : add plateformsettings
2025-10-11 19:14:38,604 [INFO] IPUIPlugin:80 - create IPUIPlugin
2025-10-11 19:14:38,604 [INFO] PluginManager:220 - loadIPPluginJar : add genericplugin
2025-10-11 19:14:38,605 [INFO] IPUIPlugin:80 - create IPUIPlugin
2025-10-11 19:14:38,605 [INFO] PluginManager:220 - loadIPPluginJar : add pdm2pcm
2025-10-11 19:14:38,607 [INFO] IPUIPlugin:80 - create IPUIPlugin
2025-10-11 19:14:38,607 [INFO] PluginManager:220 - loadIPPluginJar : add ipddr
2025-10-11 19:14:38,608 [INFO] IPUIPlugin:80 - create IPUIPlugin
2025-10-11 19:14:38,608 [INFO] PluginManager:220 - loadIPPluginJar : add opamp
2025-10-11 19:14:38,609 [INFO] IPUIPlugin:80 - create IPUIPlugin
2025-10-11 19:14:38,609 [INFO] PluginManager:220 - loadIPPluginJar : add dma3
2025-10-11 19:14:38,610 [INFO] IPUIPlugin:80 - create IPUIPlugin
2025-10-11 19:14:38,610 [INFO] PluginManager:220 - loadIPPluginJar : add dfsdm
2025-10-11 19:14:38,611 [INFO] IPUIPlugin:80 - create IPUIPlugin
2025-10-11 19:14:38,611 [INFO] PluginManager:220 - loadIPPluginJar : add ts
2025-10-11 19:14:38,612 [INFO] IPUIPlugin:80 - create IPUIPlugin
2025-10-11 19:14:38,612 [INFO] PluginManager:220 - loadIPPluginJar : add nvic
2025-10-11 19:14:38,613 [INFO] IPUIPlugin:80 - create IPUIPlugin
2025-10-11 19:14:38,626 [INFO] PluginManager:220 - loadIPPluginJar : add cryp
2025-10-11 19:14:38,629 [INFO] IPUIPlugin:80 - create IPUIPlugin
2025-10-11 19:14:38,629 [INFO] PluginManager:220 - loadIPPluginJar : add freertos
2025-10-11 19:14:38,631 [INFO] IPUIPlugin:80 - create IPUIPlugin
2025-10-11 19:14:38,631 [INFO] PluginManager:220 - loadIPPluginJar : add resmgrutility
2025-10-11 19:14:38,632 [INFO] IPUIPlugin:80 - create IPUIPlugin
2025-10-11 19:14:38,632 [INFO] PluginManager:220 - loadIPPluginJar : add gtzc
2025-10-11 19:14:38,632 [INFO] IPUIPlugin:80 - create IPUIPlugin
2025-10-11 19:14:38,632 [INFO] PluginManager:220 - loadIPPluginJar : add tracer_emb
2025-10-11 19:14:38,635 [INFO] IPUIPlugin:80 - create IPUIPlugin
2025-10-11 19:14:38,636 [INFO] PluginManager:220 - loadIPPluginJar : add stm32_wpan
2025-10-11 19:14:38,637 [INFO] IPUIPlugin:80 - create IPUIPlugin
2025-10-11 19:14:38,637 [INFO] PluginManager:220 - loadIPPluginJar : add gpio
2025-10-11 19:14:38,639 [INFO] IPUIPlugin:80 - create IPUIPlugin
2025-10-11 19:14:38,639 [INFO] PluginManager:220 - loadIPPluginJar : add sai
2025-10-11 19:14:38,640 [INFO] IPUIPlugin:80 - create IPUIPlugin
2025-10-11 19:14:38,640 [INFO] PluginManager:220 - loadIPPluginJar : add usbx
2025-10-11 19:14:38,641 [INFO] IPUIPlugin:80 - create IPUIPlugin
2025-10-11 19:14:38,641 [INFO] PluginManager:220 - loadIPPluginJar : add touchsensing
2025-10-11 19:14:38,642 [INFO] IPUIPlugin:80 - create IPUIPlugin
2025-10-11 19:14:38,642 [INFO] PluginManager:220 - loadIPPluginJar : add openamp
2025-10-11 19:14:38,643 [INFO] IPUIPlugin:80 - create IPUIPlugin
2025-10-11 19:14:38,643 [INFO] PluginManager:220 - loadIPPluginJar : add i3c
2025-10-11 19:14:38,644 [INFO] IPUIPlugin:80 - create IPUIPlugin
2025-10-11 19:14:38,644 [INFO] PluginManager:220 - loadIPPluginJar : add i2s
2025-10-11 19:14:38,645 [INFO] IPUIPlugin:80 - create IPUIPlugin
2025-10-11 19:14:38,645 [INFO] PluginManager:220 - loadIPPluginJar : add can
2025-10-11 19:14:38,646 [INFO] IPUIPlugin:80 - create IPUIPlugin
2025-10-11 19:14:38,646 [INFO] PluginManager:220 - loadIPPluginJar : add lorawan
2025-10-11 19:14:38,649 [INFO] IPUIPlugin:80 - create IPUIPlugin
2025-10-11 19:14:38,649 [INFO] PluginManager:220 - loadIPPluginJar : add adc
2025-10-11 19:14:38,650 [INFO] IPUIPlugin:80 - create IPUIPlugin
2025-10-11 19:14:38,650 [INFO] PluginManager:220 - loadIPPluginJar : add i2c
2025-10-11 19:14:38,653 [INFO] IPUIPlugin:80 - create IPUIPlugin
2025-10-11 19:14:38,653 [INFO] PluginManager:220 - loadIPPluginJar : add mdma
2025-10-11 19:14:38,743 [FATAL] Updater:351 - Updater called before beeing initialized
2025-10-11 19:14:38,781 [INFO] RulesReader:64 - Compatibility file has been processed (317 Rules)
2025-10-11 19:14:38,787 [INFO] RulesReader:64 - Compatibility file has been processed (317 Rules)
2025-10-11 19:14:38,792 [INFO] CADModel:165 - CPN selected for project level
2025-10-11 19:14:38,792 [INFO] CADModel:114 - Register for checkConnection events
2025-10-11 19:14:38,792 [FATAL] Updater:351 - Updater called before beeing initialized
2025-10-11 19:14:38,792 [ERROR] CADModel:125 - Updater not yet initialized, retry later 
2025-10-11 19:14:38,852 [FATAL] Updater:351 - Updater called before beeing initialized
2025-10-11 19:14:38,853 [INFO] CADModel:165 - CPN selected for project level
2025-10-11 19:14:38,853 [INFO] CADModel:114 - Register for checkConnection events
2025-10-11 19:14:38,853 [FATAL] Updater:351 - Updater called before beeing initialized
2025-10-11 19:14:38,853 [ERROR] CADModel:125 - Updater not yet initialized, retry later 
2025-10-11 19:14:38,855 [FATAL] Updater:351 - Updater called before beeing initialized
2025-10-11 19:14:38,900 [FATAL] Updater:351 - Updater called before beeing initialized
2025-10-11 19:14:38,903 [INFO] DbMcusAds:53 - JSON generation date=Thu Oct 02 12:36:05 EEST 2025 (1759397765645)
2025-10-11 19:14:38,903 [FATAL] Updater:351 - Updater called before beeing initialized
2025-10-11 19:14:38,922 [WARN] DetailPanel:346 - Failed to get advertising image, set to default
2025-10-11 19:14:38,965 [FATAL] Updater:351 - Updater called before beeing initialized
2025-10-11 19:14:38,966 [FATAL] Updater:351 - Updater called before beeing initialized
2025-10-11 19:14:38,966 [FATAL] Updater:351 - Updater called before beeing initialized
2025-10-11 19:14:38,966 [WARN] DetailPanel:346 - Failed to get advertising image, set to default
2025-10-11 19:14:38,967 [FATAL] Updater:351 - Updater called before beeing initialized
2025-10-11 19:14:38,984 [ERROR] Updater:1198 - MainUpdater not yet initialized. External WinMGr cannot be set.
2025-10-11 19:14:38,985 [INFO] Updater:1134 - Updater Version found : 6.15.0
2025-10-11 19:14:38,994 [INFO] ApplicationProperties:184 - Using Application install path: /opt/st/stm32cubeide_1.19.0/plugins/com.st.stm32cube.common.mx_6.15.0.202507011659
2025-10-11 19:14:39,233 [INFO] MainUpdater:2872 - connection check result : 10
2025-10-11 19:14:39,234 [INFO] MainUpdater:289 - Updater Check For Update Now.
2025-10-11 19:14:39,234 [INFO] MicroXplorer:498 - Change Database Version : DB.6.0.150
2025-10-11 19:14:39,242 [INFO] McuFinderGlobals:63 - Set McuFinder mode to 2 (CubeIDE integrated)
2025-10-11 19:14:39,243 [INFO] UserAuth:487 - Internet connection configuration mode: 1
2025-10-11 19:14:39,259 [INFO] JxBrowserEngine:152 - Initiate JxBrowser Engine with user profile folder
2025-10-11 19:14:39,395 [INFO] CheckServerUpdateThread:120 - End of CheckServer Thread
2025-10-11 19:14:39,627 [INFO] WebApp:169 - Instantiating new browser for Auth
2025-10-11 19:14:39,980 [INFO] WebApp:463 - Apply proxy settings
2025-10-11 19:14:39,980 [INFO] WebApp:548 - Chromium requires no authentication
2025-10-11 19:14:39,984 [INFO] WebApp:491 - Direct internet connection detected
2025-10-11 19:14:39,994 [INFO] WebApp:900 - Register for checkConnection events
2025-10-11 19:14:39,994 [INFO] WebApp:463 - Apply proxy settings
2025-10-11 19:14:39,994 [INFO] WebApp:548 - Chromium requires no authentication
2025-10-11 19:14:39,994 [INFO] WebApp:491 - Direct internet connection detected
2025-10-11 19:14:40,066 [INFO] WebApp:225 - Starting web application
2025-10-11 19:14:40,066 [INFO] WebApp:593 - Web application path used /opt/st/stm32cubeide_1.19.0/plugins/com.st.stm32cube.common.mx_6.15.0.202507011659/db/plugins/mcufinder/reactClient1/index.html
2025-10-11 19:14:40,115 [INFO] UserAuth:487 - Internet connection configuration mode: 1
2025-10-11 19:14:40,264 [INFO] WebApp:191 - Connection restablished
2025-10-11 19:14:41,443 [WARN] PackLoader:240 - Cannot read IP mode file for STMicroelectronics.FP-SNS-MOTENVWB1.1.4.0
2025-10-11 19:14:41,447 [WARN] PackLoader:240 - Cannot read IP mode file for STMicroelectronics.FP-ATR-ASTRA1.2.0.2
2025-10-11 19:14:41,450 [WARN] PackLoader:240 - Cannot read IP mode file for STMicroelectronics.X-CUBE-SMBUS.2.1.0
2025-10-11 19:14:41,458 [WARN] PackLoader:240 - Cannot read IP mode file for STMicroelectronics.X-CUBE-ST60.1.0.0
2025-10-11 19:14:41,475 [WARN] PackLoader:240 - Cannot read IP mode file for STMicroelectronics.X-CUBE-AZRTOS-F7.1.1.0
2025-10-11 19:14:41,486 [WARN] PackLoader:240 - Cannot read IP mode file for WES.I-CUBE-Cesium.1.4.0
2025-10-11 19:14:41,506 [WARN] PackLoader:240 - Cannot read IP mode file for Infineon.AIROC-Wi-Fi-Bluetooth-STM32.1.7.1
2025-10-11 19:14:41,532 [WARN] PackLoader:240 - Cannot read IP mode file for STMicroelectronics.X-CUBE-AZRTOS-H7.3.4.0
2025-10-11 19:14:41,540 [WARN] PackLoader:240 - Cannot read IP mode file for STMicroelectronics.X-CUBE-DISPLAY.3.0.0
2025-10-11 19:14:41,547 [WARN] PackLoader:240 - Cannot read IP mode file for STMicroelectronics.X-CUBE-NFC10.1.0.0
2025-10-11 19:14:41,550 [WARN] PackLoader:240 - Cannot read IP mode file for emotas.I-CUBE-CANOPEN.1.3.0
2025-10-11 19:14:41,553 [WARN] PackLoader:240 - Cannot read IP mode file for STMicroelectronics.FP-SNS-STBOX1.2.1.0
2025-10-11 19:14:41,556 [WARN] PackLoader:240 - Cannot read IP mode file for STMicroelectronics.FP-SNS-SMARTAG2.1.2.0
2025-10-11 19:14:41,558 [WARN] PackLoader:240 - Cannot read IP mode file for STMicroelectronics.FP-SNS-FLIGHT1.5.1.0
2025-10-11 19:14:41,563 [INFO] LogOutputStream:77 - [STDOUT_REDIRECT] 1 : Invalid condition id : UX_CORESTACK_Condition cause : null
2025-10-11 19:14:41,563 [INFO] LogOutputStream:77 - [STDOUT_REDIRECT] 1 : Invalid condition id : UX_CORESTACK_Condition cause : null
2025-10-11 19:14:41,563 [INFO] LogOutputStream:77 - [STDOUT_REDIRECT] 1 : Invalid condition id : UX_CORESTACK_Condition cause : null
2025-10-11 19:14:41,563 [INFO] LogOutputStream:77 - [STDOUT_REDIRECT] 1 : Invalid condition id : UX_CORESTACK_Condition cause : null
2025-10-11 19:14:41,564 [INFO] LogOutputStream:77 - [STDOUT_REDIRECT] 1 : Invalid condition id : UX_CORESTACK_Condition cause : null
2025-10-11 19:14:41,565 [WARN] PackLoader:240 - Cannot read IP mode file for STMicroelectronics.X-CUBE-AZRTOS-WL.2.0.0
2025-10-11 19:14:41,568 [WARN] PackLoader:240 - Cannot read IP mode file for STMicroelectronics.FP-SNS-MOTENV1.5.0.0
2025-10-11 19:14:41,571 [WARN] PackLoader:240 - Cannot read IP mode file for STMicroelectronics.X-CUBE-BLE2.3.3.0
2025-10-11 19:14:41,574 [WARN] PackLoader:240 - Cannot read IP mode file for STMicroelectronics.X-CUBE-NFC9.1.0.0
2025-10-11 19:14:41,577 [WARN] PackLoader:240 - Cannot read IP mode file for wolfSSL.I-CUBE-wolfSSL.5.8.2
2025-10-11 19:14:41,579 [WARN] PackLoader:240 - Cannot read IP mode file for STMicroelectronics.X-CUBE-BLE1.7.1.0
2025-10-11 19:14:41,581 [WARN] PackLoader:240 - Cannot read IP mode file for wolfSSL.I-CUBE-wolfMQTT.1.19.2
2025-10-11 19:14:41,583 [WARN] PackLoader:240 - Cannot read IP mode file for STMicroelectronics.X-CUBE-EEPRMA1.5.2.0
2025-10-11 19:14:41,592 [WARN] PackLoader:240 - Cannot read IP mode file for STMicroelectronics.X-CUBE-AZRTOS-G0.1.1.0
2025-10-11 19:14:41,596 [WARN] PackLoader:240 - Cannot read IP mode file for STMicroelectronics.X-CUBE-SAFEA1.1.2.2
2025-10-11 19:14:41,599 [WARN] PackLoader:240 - Cannot read IP mode file for STMicroelectronics.X-CUBE-NFC4.3.0.0
2025-10-11 19:14:41,603 [WARN] PackLoader:240 - Cannot read IP mode file for EmbeddedOffice.I-CUBE-FS-RTOS.1.0.1
2025-10-11 19:14:41,606 [WARN] PackLoader:240 - Cannot read IP mode file for STMicroelectronics.X-CUBE-WB05N.2.0.0
2025-10-11 19:14:41,608 [WARN] PackLoader:240 - Cannot read IP mode file for wolfSSL.I-CUBE-wolfTPM.3.8.0
2025-10-11 19:14:41,611 [WARN] PackLoader:240 - Cannot read IP mode file for STMicroelectronics.X-CUBE-TCPP.4.2.0
2025-10-11 19:14:41,614 [WARN] PackLoader:240 - Cannot read IP mode file for RealThread.X-CUBE-RT-Thread_Nano.4.1.1
2025-10-11 19:14:41,615 [WARN] PackLoader:240 - Cannot read IP mode file for STMicroelectronics.FP-ATR-SIGFOX1.3.2.0
2025-10-11 19:14:41,618 [WARN] PackLoader:240 - Cannot read IP mode file for ITTIA_DB.I-CUBE-ITTIADB.8.9.0
2025-10-11 19:14:41,620 [WARN] PackLoader:240 - Cannot read IP mode file for STMicroelectronics.X-CUBE-ST67W61.1.0.0
2025-10-11 19:14:41,622 [WARN] PackLoader:240 - Cannot read IP mode file for STMicroelectronics.X-CUBE-AI.10.2.0
2025-10-11 19:14:41,645 [WARN] PackLoader:240 - Cannot read IP mode file for SEGGER.I-CUBE-embOS.1.3.1
2025-10-11 19:14:41,697 [WARN] PackLoader:240 - Cannot read IP mode file for STMicroelectronics.X-CUBE-ALGOBUILD.1.4.0
2025-10-11 19:14:41,739 [WARN] PackLoader:240 - Cannot read IP mode file for STMicroelectronics.X-CUBE-MEMS1.11.3.0
2025-10-11 19:14:41,829 [WARN] PackLoader:240 - Cannot read IP mode file for STMicroelectronics.X-CUBE-PM33A1.1.0.0
2025-10-11 19:14:41,837 [WARN] PackLoader:240 - Cannot read IP mode file for STMicroelectronics.X-CUBE-AZRTOS-F4.1.1.0
2025-10-11 19:14:41,841 [WARN] PackLoader:240 - Cannot read IP mode file for Avnet-IotConnect.X-CUBE-IoTC-DA16k-PMOD.1.0.0
2025-10-11 19:14:41,843 [WARN] PackLoader:240 - Cannot read IP mode file for STMicroelectronics.X-CUBE-ISPU.2.1.0
2025-10-11 19:14:41,845 [WARN] PackLoader:240 - Cannot read IP mode file for STMicroelectronics.X-CUBE-NFC12.1.0.0
2025-10-11 19:14:41,856 [WARN] PackLoader:240 - Cannot read IP mode file for STMicroelectronics.X-CUBE-AZRTOS-L5.2.0.0
2025-10-11 19:14:41,863 [WARN] PackLoader:240 - Cannot read IP mode file for STMicroelectronics.X-CUBE-NFC6.3.1.0
2025-10-11 19:14:41,869 [WARN] PackLoader:240 - Cannot read IP mode file for STMicroelectronics.X-CUBE-FREERTOS.1.3.1
2025-10-11 19:14:41,871 [WARN] PackLoader:240 - Cannot read IP mode file for STMicroelectronics.X-CUBE-TOUCHGFX.4.26.0
2025-10-11 19:14:41,874 [WARN] PackLoader:240 - Cannot read IP mode file for STMicroelectronics.FP-SNS-STAIOTCFT.1.0.0
2025-10-11 19:14:41,878 [WARN] PackLoader:240 - Cannot read IP mode file for STMicroelectronics.X-CUBE-DPower.1.3.0
2025-10-11 19:14:41,890 [WARN] ConditionMgr:438 - getConditionDescription Invalid condition id : LAN8742 Phy interface Condition cause : null
2025-10-11 19:14:41,891 [WARN] PackLoader:240 - Cannot read IP mode file for STMicroelectronics.X-CUBE-AZRTOS-L4.2.0.0
2025-10-11 19:14:41,892 [WARN] ConditionMgr:1044 - genDependencies : Invalid condition id : LAN8742 Phy interface Condition cause : null
2025-10-11 19:14:41,892 [WARN] ConditionMgr:1044 - genDependencies : Invalid condition id : LAN8742 Phy interface Condition cause : null
2025-10-11 19:14:41,893 [WARN] ConditionMgr:1044 - genDependencies : Invalid condition id : LAN8742 Phy interface Condition cause : null
2025-10-11 19:14:41,898 [WARN] PackLoader:240 - Cannot read IP mode file for STMicroelectronics.X-CUBE-SFXS2LP1.4.0.0
2025-10-11 19:14:41,906 [WARN] PackLoader:240 - Cannot read IP mode file for STMicroelectronics.X-CUBE-BLEMGR.4.1.0
2025-10-11 19:14:41,917 [WARN] ConditionMgr:438 - getConditionDescription Invalid condition id : UX DEVICE CLASS RTOS Condition cause : null
2025-10-11 19:14:41,917 [WARN] ConditionMgr:438 - getConditionDescription Invalid condition id : UX DEVICE CLASS RTOS Condition cause : null
2025-10-11 19:14:41,918 [WARN] PackLoader:240 - Cannot read IP mode file for STMicroelectronics.X-CUBE-AZRTOS-WB.2.0.0
2025-10-11 19:14:41,921 [WARN] ConditionMgr:1044 - genDependencies : Invalid condition id : UX DEVICE CLASS RTOS Condition cause : null
2025-10-11 19:14:41,922 [WARN] ConditionMgr:1044 - genDependencies : Invalid condition id : UX DEVICE CLASS RTOS Condition cause : null
2025-10-11 19:14:41,922 [WARN] ConditionMgr:1044 - genDependencies : Invalid condition id : UX DEVICE CLASS RTOS Condition cause : null
2025-10-11 19:14:41,922 [WARN] ConditionMgr:1044 - genDependencies : Invalid condition id : UX DEVICE CLASS RTOS Condition cause : null
2025-10-11 19:14:41,922 [WARN] ConditionMgr:1044 - genDependencies : Invalid condition id : UX DEVICE CLASS RTOS Condition cause : null
2025-10-11 19:14:41,925 [WARN] PackLoader:240 - Cannot read IP mode file for STMicroelectronics.X-CUBE-GNSS1.7.0.1
2025-10-11 19:14:41,927 [WARN] PackLoader:240 - Cannot read IP mode file for STMicroelectronics.X-CUBE-TOUCHGFX.4.25.0
2025-10-11 19:14:41,928 [WARN] ConditionMgr:438 - getConditionDescription Invalid condition id : Cortex-A Device cause : null
2025-10-11 19:14:41,934 [WARN] ConditionMgr:1044 - genDependencies : Invalid condition id : Cortex-A Device cause : null
2025-10-11 19:14:41,934 [WARN] ConditionMgr:1044 - genDependencies : Invalid condition id : Cortex-A Device cause : null
2025-10-11 19:14:41,934 [WARN] ConditionMgr:1044 - genDependencies : Invalid condition id : Cortex-A Device cause : null
2025-10-11 19:14:41,937 [WARN] PackLoader:240 - Cannot read IP mode file for STMicroelectronics.X-CUBE-SUBG2.5.0.0
2025-10-11 19:14:41,947 [WARN] PackLoader:240 - Cannot read IP mode file for STMicroelectronics.X-CUBE-AZRTOS-H7RS.1.1.0
2025-10-11 19:14:41,949 [WARN] PackLoader:240 - Cannot read IP mode file for Cesanta.I-CUBE-Mongoose.7.13.0
2025-10-11 19:14:41,954 [WARN] PackLoader:240 - Cannot read IP mode file for STMicroelectronics.X-CUBE-AZRTOS-G4.2.0.0
2025-10-11 19:14:41,956 [WARN] PackLoader:240 - Cannot read IP mode file for wolfSSL.I-CUBE-wolfSSH.1.4.20
2025-10-11 19:14:41,957 [WARN] PackLoader:240 - Cannot read IP mode file for STMicroelectronics.X-CUBE-NFC7.2.0.0
2025-10-11 19:14:41,962 [WARN] PackLoader:240 - Cannot read IP mode file for STMicroelectronics.X-CUBE-IPS.3.1.0
2025-10-11 19:14:41,966 [WARN] PackLoader:240 - Cannot read IP mode file for STMicroelectronics.X-CUBE-ALS.1.0.2
2025-10-11 19:14:41,968 [WARN] PackLoader:240 - Cannot read IP mode file for STMicroelectronics.X-CUBE-STSE01.1.0.0
2025-10-11 19:14:41,973 [WARN] PackLoader:240 - Cannot read IP mode file for STMicroelectronics.X-CUBE-TOF1.3.4.3
2025-10-11 19:14:41,978 [INFO] ThirdParty:978 - Integrity check success = true
2025-10-11 19:14:41,978 [INFO] IntegrityCheckThread:100 - exiting critical section [integrity check]
2025-10-11 19:14:41,978 [INFO] IntegrityCheckThread:103 - End integrity checks thread
2025-10-11 19:16:19,715 [ERROR] LogOutputStream:75 - [STDERR_REDIRECT] 
2025-10-11 19:17:31,797 [INFO] Activator:176 - 


2025-10-11 19:17:31,798 [INFO] Activator:177 - !SESSION log4j initialized
2025-10-11 19:17:34,475 [INFO] LogOutputStream:77 - [STDOUT_REDIRECT] 
2025-10-11 19:17:34,830 [INFO] ApplicationProperties:184 - Using Application install path: /opt/st/stm32cubeide_1.19.0/plugins/com.st.stm32cube.common.mx_6.15.0.202507011659
2025-10-11 19:17:34,841 [INFO] DbMcusXml:78 - Set database path to: /opt/st/stm32cubeide_1.19.0/plugins/com.st.stm32cube.common.mx_6.15.0.202507011659//db//mcu/
2025-10-11 19:17:34,841 [INFO] ApiDb:274 - Set plugin database path to: /opt/st/stm32cubeide_1.19.0/plugins/com.st.stm32cube.common.mx_6.15.0.202507011659//db//plugins/boardmanager/
2025-10-11 19:17:34,842 [WARN] ApiDb:259 - Overriding images path with different value:  => /opt/st/stm32cubeide_1.19.0/plugins/com.st.stm32cube.common.mx_6.15.0.202507011659//db//plugins/mcufinder/images/
2025-10-11 19:17:34,844 [INFO] ApiDb:250 - Set database path to: /home/oleksii/.stmcufinder/plugins/mcufinder//mcu/
2025-10-11 19:17:34,845 [INFO] DbMcusAds:125 - Set database path to: /home/oleksii/.stmcufinder/plugins/mcufinder//mcu/
2025-10-11 19:17:34,846 [INFO] CrossReferenceDbSqlite:203 - Set database path to: /home/oleksii/.stmcufinder/plugins/mcufinder//mcu/cs/
2025-10-11 19:17:34,919 [INFO] RulesReader:64 - Compatibility file has been processed (317 Rules)
2025-10-11 19:17:34,951 [INFO] DbMcusXml:78 - Set database path to: /opt/st/stm32cubeide_1.19.0/plugins/com.st.stm32cube.common.mx_6.15.0.202507011659//db//mcu/
2025-10-11 19:17:34,951 [INFO] ApiDb:274 - Set plugin database path to: /opt/st/stm32cubeide_1.19.0/plugins/com.st.stm32cube.common.mx_6.15.0.202507011659//db//plugins/boardmanager/
2025-10-11 19:17:34,951 [INFO] ApiDb:261 - Set plugin images path to: /opt/st/stm32cubeide_1.19.0/plugins/com.st.stm32cube.common.mx_6.15.0.202507011659//db//plugins/mcufinder/images/
2025-10-11 19:17:34,951 [WARN] DbFile:41 - Overriding database path with different value: /home/oleksii/.stmcufinder/plugins/mcufinder/ => /home/oleksii/.stmcufinder/plugins/mcufinder
2025-10-11 19:17:34,951 [INFO] ApiDb:250 - Set database path to: /home/oleksii/.stmcufinder/plugins/mcufinder//mcu/
2025-10-11 19:17:34,951 [WARN] DbFile:41 - Overriding database path with different value: /home/oleksii/.stmcufinder/plugins/mcufinder/ => /home/oleksii/.stmcufinder/plugins/mcufinder
2025-10-11 19:17:34,951 [INFO] DbMcusAds:125 - Set database path to: /home/oleksii/.stmcufinder/plugins/mcufinder//mcu/
2025-10-11 19:17:34,951 [WARN] DbFile:41 - Overriding database path with different value: /home/oleksii/.stmcufinder/plugins/mcufinder/ => /home/oleksii/.stmcufinder/plugins/mcufinder
2025-10-11 19:17:34,951 [WARN] DbFile:41 - Overriding database path with different value: /home/oleksii/.stmcufinder/plugins/mcufinder/ => /home/oleksii/.stmcufinder/plugins/mcufinder
2025-10-11 19:17:34,952 [INFO] CrossReferenceDbSqlite:203 - Set database path to: /home/oleksii/.stmcufinder/plugins/mcufinder//mcu/cs/
2025-10-11 19:17:34,982 [INFO] MainPanel:274 - HeapMemory: 268435456
2025-10-11 19:17:35,052 [INFO] DbMcusXml:78 - Set database path to: /opt/st/stm32cubeide_1.19.0/plugins/com.st.stm32cube.common.mx_6.15.0.202507011659//db//mcu/
2025-10-11 19:17:35,052 [INFO] ApiDb:274 - Set plugin database path to: /opt/st/stm32cubeide_1.19.0/plugins/com.st.stm32cube.common.mx_6.15.0.202507011659//db//plugins/boardmanager/
2025-10-11 19:17:35,052 [INFO] ApiDb:261 - Set plugin images path to: /opt/st/stm32cubeide_1.19.0/plugins/com.st.stm32cube.common.mx_6.15.0.202507011659//db//plugins/mcufinder/images/
2025-10-11 19:17:35,052 [WARN] DbFile:41 - Overriding database path with different value: /home/oleksii/.stmcufinder/plugins/mcufinder/ => /home/oleksii/.stmcufinder/plugins/mcufinder
2025-10-11 19:17:35,052 [INFO] ApiDb:250 - Set database path to: /home/oleksii/.stmcufinder/plugins/mcufinder//mcu/
2025-10-11 19:17:35,052 [WARN] DbFile:41 - Overriding database path with different value: /home/oleksii/.stmcufinder/plugins/mcufinder/ => /home/oleksii/.stmcufinder/plugins/mcufinder
2025-10-11 19:17:35,052 [INFO] DbMcusAds:125 - Set database path to: /home/oleksii/.stmcufinder/plugins/mcufinder//mcu/
2025-10-11 19:17:35,052 [WARN] DbFile:41 - Overriding database path with different value: /home/oleksii/.stmcufinder/plugins/mcufinder/ => /home/oleksii/.stmcufinder/plugins/mcufinder
2025-10-11 19:17:35,052 [WARN] DbFile:41 - Overriding database path with different value: /home/oleksii/.stmcufinder/plugins/mcufinder/ => /home/oleksii/.stmcufinder/plugins/mcufinder
2025-10-11 19:17:35,052 [INFO] CrossReferenceDbSqlite:203 - Set database path to: /home/oleksii/.stmcufinder/plugins/mcufinder//mcu/cs/
2025-10-11 19:17:35,061 [INFO] ApplicationProperties:184 - Using Application install path: /opt/st/stm32cubeide_1.19.0/plugins/com.st.stm32cube.common.mx_6.15.0.202507011659
2025-10-11 19:17:35,061 [INFO] PluginManage:196 - Search for loadable plugins [exclusion list=, ]
2025-10-11 19:17:35,062 [INFO] PluginManage:310 - Check plugin analytics
2025-10-11 19:17:35,150 [INFO] AnalyticsPlugin:253 - Accepted Software Licenses: 
2025-10-11 19:17:35,150 [INFO] AnalyticsPlugin:255 - Accepted CMSIS Pack Licenses: 
2025-10-11 19:17:35,150 [INFO] AnalyticsPlugin:257 - Accepted Firmware Licenses: FW.F4.1.28.0
2025-10-11 19:17:35,151 [INFO] PluginManage:359 - Loaded plugin analytics (category:tool,tabindex:-1)
2025-10-11 19:17:35,152 [INFO] PluginManage:310 - Check plugin cadmodel
2025-10-11 19:17:35,153 [INFO] CADModel:105 - Init CAD model plugin
2025-10-11 19:17:35,153 [INFO] PluginManage:359 - Loaded plugin cadmodel (category:power,tabindex:5)
2025-10-11 19:17:35,154 [INFO] PluginManage:310 - Check plugin clock
2025-10-11 19:17:35,157 [INFO] PluginManage:359 - Loaded plugin clock (category:base,tabindex:2)
2025-10-11 19:17:35,158 [INFO] PluginManage:310 - Check plugin ddr
2025-10-11 19:17:35,158 [INFO] PluginManage:359 - Loaded plugin ddr (category:tool,tabindex:6)
2025-10-11 19:17:35,159 [INFO] PluginManage:310 - Check plugin filemanager
2025-10-11 19:17:35,232 [INFO] PluginManage:359 - Loaded plugin filemanager (category:base,tabindex:10)
2025-10-11 19:17:35,232 [INFO] PluginManage:310 - Check plugin ipmanager
2025-10-11 19:17:35,235 [INFO] PluginManage:359 - Loaded plugin ipmanager (category:base,tabindex:5)
2025-10-11 19:17:35,235 [INFO] PluginManage:310 - Check plugin lpbam
2025-10-11 19:17:35,239 [INFO] PluginManage:359 - Loaded plugin lpbam (category:base,tabindex:0)
2025-10-11 19:17:35,239 [INFO] PluginManage:310 - Check plugin memorymap
2025-10-11 19:17:35,245 [INFO] PluginManage:359 - Loaded plugin memorymap (category:base,tabindex:4)
2025-10-11 19:17:35,245 [INFO] PluginManage:310 - Check plugin pinoutandconfiguration
2025-10-11 19:17:35,248 [INFO] PluginManage:359 - Loaded plugin pinoutandconfiguration (category:base,tabindex:1)
2025-10-11 19:17:35,249 [INFO] PluginManage:310 - Check plugin pinoutconfig
2025-10-11 19:17:35,293 [WARN] SupportedApi:132 - Cannot load RTOS API schema: s4s-elt-must-match.1: The content of 'definitions' must match (annotation?, (simpleType | complexType)?, (unique | key | keyref)*)). A problem was found starting at: attribute.
2025-10-11 19:17:35,359 [INFO] PluginManage:359 - Loaded plugin pinoutconfig (category:base,tabindex:0)
2025-10-11 19:17:35,359 [INFO] PluginManage:310 - Check plugin power
2025-10-11 19:17:35,363 [INFO] PluginManage:359 - Loaded plugin power (category:power,tabindex:4)
2025-10-11 19:17:35,363 [INFO] PluginManage:310 - Check plugin projectmanager
2025-10-11 19:17:35,371 [INFO] PluginManage:359 - Loaded plugin projectmanager (category:projectmanager,tabindex:4)
2025-10-11 19:17:35,371 [INFO] PluginManage:310 - Check plugin rif
2025-10-11 19:17:35,376 [INFO] PluginManage:359 - Loaded plugin rif (category:base,tabindex:3)
2025-10-11 19:17:35,376 [INFO] PluginManage:310 - Check plugin thirdparty
2025-10-11 19:17:35,435 [INFO] PluginManage:359 - Loaded plugin thirdparty (category:base,tabindex:-1)
2025-10-11 19:17:35,435 [WARN] IntegrityCheckThread:84 - waiting for thirdparty lock release [integrity check]
2025-10-11 19:17:35,435 [INFO] PluginManage:310 - Check plugin tools
2025-10-11 19:17:35,435 [INFO] IntegrityCheckThread:86 - entering critical section [integrity check]
2025-10-11 19:17:35,435 [INFO] ThirdPartyUpdaterWithRetryManager:70 - Updater plugin not ready yet. [1/15]
2025-10-11 19:17:35,436 [INFO] PluginManage:359 - Loaded plugin tools (category:base,tabindex:7)
2025-10-11 19:17:35,436 [INFO] PluginManage:310 - Check plugin tutovideos
2025-10-11 19:17:35,543 [INFO] PluginManage:359 - Loaded plugin tutovideos (category:base,tabindex:-1)
2025-10-11 19:17:35,543 [INFO] PluginManage:310 - Check plugin updater
2025-10-11 19:17:35,555 [INFO] PluginManage:359 - Loaded plugin updater (category:base,tabindex:12)
2025-10-11 19:17:35,555 [INFO] PluginManage:310 - Check plugin userauth
2025-10-11 19:17:35,556 [INFO] UserAuth:118 - Init User Auth plugin
2025-10-11 19:17:35,557 [INFO] PluginManage:359 - Loaded plugin userauth (category:base,tabindex:14)
2025-10-11 19:17:35,557 [INFO] PluginManage:283 - PluginManage : Loaded plugins [18]
2025-10-11 19:17:35,647 [INFO] PinOutPanel:1589 - setPackage(No Configuration,No Configuration)
2025-10-11 19:17:35,681 [INFO] CADModel:165 - CPN selected for project level
2025-10-11 19:17:35,682 [INFO] CADModel:114 - Register for checkConnection events
2025-10-11 19:17:35,686 [INFO] IPUIPlugin:80 - create IPUIPlugin
2025-10-11 19:17:35,686 [INFO] PluginManager:220 - loadIPPluginJar : add radio
2025-10-11 19:17:35,688 [INFO] IPUIPlugin:80 - create IPUIPlugin
2025-10-11 19:17:35,688 [INFO] PluginManager:220 - loadIPPluginJar : add spi
2025-10-11 19:17:35,689 [INFO] IPUIPlugin:80 - create IPUIPlugin
2025-10-11 19:17:35,689 [INFO] PluginManager:220 - loadIPPluginJar : add tsc
2025-10-11 19:17:35,692 [INFO] IPUIPlugin:80 - create IPUIPlugin
2025-10-11 19:17:35,692 [INFO] PluginManager:220 - loadIPPluginJar : add fmc
2025-10-11 19:17:35,693 [INFO] IPUIPlugin:80 - create IPUIPlugin
2025-10-11 19:17:35,693 [INFO] PluginManager:220 - loadIPPluginJar : add hash
2025-10-11 19:17:35,694 [INFO] IPUIPlugin:80 - create IPUIPlugin
2025-10-11 19:17:35,694 [INFO] PluginManager:220 - loadIPPluginJar : add extmemmanager
2025-10-11 19:17:35,695 [INFO] IPUIPlugin:80 - create IPUIPlugin
2025-10-11 19:17:35,695 [INFO] PluginManager:220 - loadIPPluginJar : add tim
2025-10-11 19:17:35,695 [INFO] IPUIPlugin:80 - create IPUIPlugin
2025-10-11 19:17:35,695 [INFO] PluginManager:220 - loadIPPluginJar : add ltdc
2025-10-11 19:17:35,696 [INFO] IPUIPlugin:80 - create IPUIPlugin
2025-10-11 19:17:35,696 [INFO] PluginManager:220 - loadIPPluginJar : add quadspi
2025-10-11 19:17:35,698 [INFO] IPUIPlugin:80 - create IPUIPlugin
2025-10-11 19:17:35,698 [INFO] PluginManager:220 - loadIPPluginJar : add gic
2025-10-11 19:17:35,699 [INFO] IPUIPlugin:80 - create IPUIPlugin
2025-10-11 19:17:35,699 [INFO] PluginManager:220 - loadIPPluginJar : add comp
2025-10-11 19:17:35,700 [INFO] IPUIPlugin:80 - create IPUIPlugin
2025-10-11 19:17:35,700 [INFO] PluginManager:220 - loadIPPluginJar : add fatfs
2025-10-11 19:17:35,703 [INFO] IPUIPlugin:80 - create IPUIPlugin
2025-10-11 19:17:35,703 [INFO] PluginManager:220 - loadIPPluginJar : add linkedlist
2025-10-11 19:17:35,704 [INFO] IPUIPlugin:80 - create IPUIPlugin
2025-10-11 19:17:35,704 [INFO] PluginManager:220 - loadIPPluginJar : add ucpd
2025-10-11 19:17:35,705 [INFO] IPUIPlugin:80 - create IPUIPlugin
2025-10-11 19:17:35,705 [INFO] PluginManager:220 - loadIPPluginJar : add ddr_ctrl_phy
2025-10-11 19:17:35,706 [INFO] IPUIPlugin:80 - create IPUIPlugin
2025-10-11 19:17:35,706 [INFO] PluginManager:220 - loadIPPluginJar : add gfxmmu
2025-10-11 19:17:35,707 [INFO] IPUIPlugin:80 - create IPUIPlugin
2025-10-11 19:17:35,707 [INFO] PluginManager:220 - loadIPPluginJar : add usart
2025-10-11 19:17:35,715 [INFO] IPUIPlugin:80 - create IPUIPlugin
2025-10-11 19:17:35,715 [INFO] PluginManager:220 - loadIPPluginJar : add dma
2025-10-11 19:17:35,716 [INFO] IPUIPlugin:80 - create IPUIPlugin
2025-10-11 19:17:35,716 [INFO] PluginManager:220 - loadIPPluginJar : add aes
2025-10-11 19:17:35,719 [INFO] IPUIPlugin:80 - create IPUIPlugin
2025-10-11 19:17:35,720 [INFO] PluginManager:220 - loadIPPluginJar : add plateformsettings
2025-10-11 19:17:35,721 [INFO] IPUIPlugin:80 - create IPUIPlugin
2025-10-11 19:17:35,721 [INFO] PluginManager:220 - loadIPPluginJar : add genericplugin
2025-10-11 19:17:35,722 [INFO] IPUIPlugin:80 - create IPUIPlugin
2025-10-11 19:17:35,722 [INFO] PluginManager:220 - loadIPPluginJar : add pdm2pcm
2025-10-11 19:17:35,724 [INFO] IPUIPlugin:80 - create IPUIPlugin
2025-10-11 19:17:35,724 [INFO] PluginManager:220 - loadIPPluginJar : add ipddr
2025-10-11 19:17:35,725 [INFO] IPUIPlugin:80 - create IPUIPlugin
2025-10-11 19:17:35,725 [INFO] PluginManager:220 - loadIPPluginJar : add opamp
2025-10-11 19:17:35,727 [INFO] IPUIPlugin:80 - create IPUIPlugin
2025-10-11 19:17:35,727 [INFO] PluginManager:220 - loadIPPluginJar : add dma3
2025-10-11 19:17:35,728 [INFO] IPUIPlugin:80 - create IPUIPlugin
2025-10-11 19:17:35,728 [INFO] PluginManager:220 - loadIPPluginJar : add dfsdm
2025-10-11 19:17:35,729 [INFO] IPUIPlugin:80 - create IPUIPlugin
2025-10-11 19:17:35,729 [INFO] PluginManager:220 - loadIPPluginJar : add ts
2025-10-11 19:17:35,730 [INFO] IPUIPlugin:80 - create IPUIPlugin
2025-10-11 19:17:35,730 [INFO] PluginManager:220 - loadIPPluginJar : add nvic
2025-10-11 19:17:35,731 [INFO] IPUIPlugin:80 - create IPUIPlugin
2025-10-11 19:17:35,731 [INFO] PluginManager:220 - loadIPPluginJar : add cryp
2025-10-11 19:17:35,734 [INFO] IPUIPlugin:80 - create IPUIPlugin
2025-10-11 19:17:35,734 [INFO] PluginManager:220 - loadIPPluginJar : add freertos
2025-10-11 19:17:35,735 [INFO] IPUIPlugin:80 - create IPUIPlugin
2025-10-11 19:17:35,735 [INFO] PluginManager:220 - loadIPPluginJar : add resmgrutility
2025-10-11 19:17:35,736 [INFO] IPUIPlugin:80 - create IPUIPlugin
2025-10-11 19:17:35,736 [INFO] PluginManager:220 - loadIPPluginJar : add gtzc
2025-10-11 19:17:35,737 [INFO] IPUIPlugin:80 - create IPUIPlugin
2025-10-11 19:17:35,737 [INFO] PluginManager:220 - loadIPPluginJar : add tracer_emb
2025-10-11 19:17:35,740 [INFO] IPUIPlugin:80 - create IPUIPlugin
2025-10-11 19:17:35,740 [INFO] PluginManager:220 - loadIPPluginJar : add stm32_wpan
2025-10-11 19:17:35,742 [INFO] IPUIPlugin:80 - create IPUIPlugin
2025-10-11 19:17:35,742 [INFO] PluginManager:220 - loadIPPluginJar : add gpio
2025-10-11 19:17:35,743 [INFO] IPUIPlugin:80 - create IPUIPlugin
2025-10-11 19:17:35,743 [INFO] PluginManager:220 - loadIPPluginJar : add sai
2025-10-11 19:17:35,745 [INFO] IPUIPlugin:80 - create IPUIPlugin
2025-10-11 19:17:35,745 [INFO] PluginManager:220 - loadIPPluginJar : add usbx
2025-10-11 19:17:35,746 [INFO] IPUIPlugin:80 - create IPUIPlugin
2025-10-11 19:17:35,746 [INFO] PluginManager:220 - loadIPPluginJar : add touchsensing
2025-10-11 19:17:35,747 [INFO] IPUIPlugin:80 - create IPUIPlugin
2025-10-11 19:17:35,747 [INFO] PluginManager:220 - loadIPPluginJar : add openamp
2025-10-11 19:17:35,748 [INFO] IPUIPlugin:80 - create IPUIPlugin
2025-10-11 19:17:35,748 [INFO] PluginManager:220 - loadIPPluginJar : add i3c
2025-10-11 19:17:35,749 [INFO] IPUIPlugin:80 - create IPUIPlugin
2025-10-11 19:17:35,749 [INFO] PluginManager:220 - loadIPPluginJar : add i2s
2025-10-11 19:17:35,750 [INFO] IPUIPlugin:80 - create IPUIPlugin
2025-10-11 19:17:35,750 [INFO] PluginManager:220 - loadIPPluginJar : add can
2025-10-11 19:17:35,751 [INFO] IPUIPlugin:80 - create IPUIPlugin
2025-10-11 19:17:35,751 [INFO] PluginManager:220 - loadIPPluginJar : add lorawan
2025-10-11 19:17:35,754 [INFO] IPUIPlugin:80 - create IPUIPlugin
2025-10-11 19:17:35,754 [INFO] PluginManager:220 - loadIPPluginJar : add adc
2025-10-11 19:17:35,755 [INFO] IPUIPlugin:80 - create IPUIPlugin
2025-10-11 19:17:35,755 [INFO] PluginManager:220 - loadIPPluginJar : add i2c
2025-10-11 19:17:35,758 [INFO] IPUIPlugin:80 - create IPUIPlugin
2025-10-11 19:17:35,758 [INFO] PluginManager:220 - loadIPPluginJar : add mdma
2025-10-11 19:17:35,846 [FATAL] Updater:351 - Updater called before beeing initialized
2025-10-11 19:17:35,859 [INFO] RulesReader:64 - Compatibility file has been processed (317 Rules)
2025-10-11 19:17:35,866 [INFO] RulesReader:64 - Compatibility file has been processed (317 Rules)
2025-10-11 19:17:35,870 [INFO] CADModel:165 - CPN selected for project level
2025-10-11 19:17:35,870 [INFO] CADModel:114 - Register for checkConnection events
2025-10-11 19:17:35,870 [FATAL] Updater:351 - Updater called before beeing initialized
2025-10-11 19:17:35,870 [ERROR] CADModel:125 - Updater not yet initialized, retry later 
2025-10-11 19:17:35,932 [FATAL] Updater:351 - Updater called before beeing initialized
2025-10-11 19:17:35,933 [INFO] CADModel:165 - CPN selected for project level
2025-10-11 19:17:35,933 [INFO] CADModel:114 - Register for checkConnection events
2025-10-11 19:17:35,933 [FATAL] Updater:351 - Updater called before beeing initialized
2025-10-11 19:17:35,933 [ERROR] CADModel:125 - Updater not yet initialized, retry later 
2025-10-11 19:17:35,935 [FATAL] Updater:351 - Updater called before beeing initialized
2025-10-11 19:17:35,979 [FATAL] Updater:351 - Updater called before beeing initialized
2025-10-11 19:17:35,981 [INFO] DbMcusAds:53 - JSON generation date=Thu Oct 02 12:36:05 EEST 2025 (1759397765645)
2025-10-11 19:17:35,981 [FATAL] Updater:351 - Updater called before beeing initialized
2025-10-11 19:17:36,001 [WARN] DetailPanel:346 - Failed to get advertising image, set to default
2025-10-11 19:17:36,046 [FATAL] Updater:351 - Updater called before beeing initialized
2025-10-11 19:17:36,047 [FATAL] Updater:351 - Updater called before beeing initialized
2025-10-11 19:17:36,048 [FATAL] Updater:351 - Updater called before beeing initialized
2025-10-11 19:17:36,048 [WARN] DetailPanel:346 - Failed to get advertising image, set to default
2025-10-11 19:17:36,048 [FATAL] Updater:351 - Updater called before beeing initialized
2025-10-11 19:17:36,066 [ERROR] Updater:1198 - MainUpdater not yet initialized. External WinMGr cannot be set.
2025-10-11 19:17:36,067 [INFO] Updater:1134 - Updater Version found : 6.15.0
2025-10-11 19:17:36,077 [INFO] ApplicationProperties:184 - Using Application install path: /opt/st/stm32cubeide_1.19.0/plugins/com.st.stm32cube.common.mx_6.15.0.202507011659
2025-10-11 19:17:36,294 [INFO] MainUpdater:2872 - connection check result : 10
2025-10-11 19:17:36,294 [INFO] MainUpdater:289 - Updater Check For Update Now.
2025-10-11 19:17:36,295 [INFO] MicroXplorer:498 - Change Database Version : DB.6.0.150
2025-10-11 19:17:36,298 [INFO] McuFinderGlobals:63 - Set McuFinder mode to 2 (CubeIDE integrated)
2025-10-11 19:17:36,299 [INFO] UserAuth:487 - Internet connection configuration mode: 1
2025-10-11 19:17:36,308 [INFO] JxBrowserEngine:152 - Initiate JxBrowser Engine with user profile folder
2025-10-11 19:17:36,446 [INFO] CheckServerUpdateThread:120 - End of CheckServer Thread
2025-10-11 19:17:36,663 [INFO] WebApp:169 - Instantiating new browser for Auth
2025-10-11 19:17:37,019 [INFO] WebApp:463 - Apply proxy settings
2025-10-11 19:17:37,019 [INFO] WebApp:548 - Chromium requires no authentication
2025-10-11 19:17:37,023 [INFO] WebApp:491 - Direct internet connection detected
2025-10-11 19:17:37,032 [INFO] WebApp:900 - Register for checkConnection events
2025-10-11 19:17:37,033 [INFO] WebApp:463 - Apply proxy settings
2025-10-11 19:17:37,033 [INFO] WebApp:548 - Chromium requires no authentication
2025-10-11 19:17:37,033 [INFO] WebApp:491 - Direct internet connection detected
2025-10-11 19:17:37,107 [INFO] WebApp:225 - Starting web application
2025-10-11 19:17:37,107 [INFO] WebApp:593 - Web application path used /opt/st/stm32cubeide_1.19.0/plugins/com.st.stm32cube.common.mx_6.15.0.202507011659/db/plugins/mcufinder/reactClient1/index.html
2025-10-11 19:17:37,158 [INFO] UserAuth:487 - Internet connection configuration mode: 1
2025-10-11 19:17:37,275 [INFO] WebApp:191 - Connection restablished
2025-10-11 19:17:38,529 [WARN] PackLoader:240 - Cannot read IP mode file for STMicroelectronics.FP-SNS-MOTENVWB1.1.4.0
2025-10-11 19:17:38,533 [WARN] PackLoader:240 - Cannot read IP mode file for STMicroelectronics.FP-ATR-ASTRA1.2.0.2
2025-10-11 19:17:38,536 [WARN] PackLoader:240 - Cannot read IP mode file for STMicroelectronics.X-CUBE-SMBUS.2.1.0
2025-10-11 19:17:38,538 [WARN] PackLoader:240 - Cannot read IP mode file for STMicroelectronics.X-CUBE-ST60.1.0.0
2025-10-11 19:17:38,554 [WARN] PackLoader:240 - Cannot read IP mode file for STMicroelectronics.X-CUBE-AZRTOS-F7.1.1.0
2025-10-11 19:17:38,561 [WARN] PackLoader:240 - Cannot read IP mode file for WES.I-CUBE-Cesium.1.4.0
2025-10-11 19:17:38,573 [WARN] PackLoader:240 - Cannot read IP mode file for Infineon.AIROC-Wi-Fi-Bluetooth-STM32.1.7.1
2025-10-11 19:17:38,590 [WARN] PackLoader:240 - Cannot read IP mode file for STMicroelectronics.X-CUBE-AZRTOS-H7.3.4.0
2025-10-11 19:17:38,598 [WARN] PackLoader:240 - Cannot read IP mode file for STMicroelectronics.X-CUBE-DISPLAY.3.0.0
2025-10-11 19:17:38,605 [WARN] PackLoader:240 - Cannot read IP mode file for STMicroelectronics.X-CUBE-NFC10.1.0.0
2025-10-11 19:17:38,608 [WARN] PackLoader:240 - Cannot read IP mode file for emotas.I-CUBE-CANOPEN.1.3.0
2025-10-11 19:17:38,612 [WARN] PackLoader:240 - Cannot read IP mode file for STMicroelectronics.FP-SNS-STBOX1.2.1.0
2025-10-11 19:17:38,615 [WARN] PackLoader:240 - Cannot read IP mode file for STMicroelectronics.FP-SNS-SMARTAG2.1.2.0
2025-10-11 19:17:38,617 [WARN] PackLoader:240 - Cannot read IP mode file for STMicroelectronics.FP-SNS-FLIGHT1.5.1.0
2025-10-11 19:17:38,621 [INFO] LogOutputStream:77 - [STDOUT_REDIRECT] 1 : Invalid condition id : UX_CORESTACK_Condition cause : null
2025-10-11 19:17:38,621 [INFO] LogOutputStream:77 - [STDOUT_REDIRECT] 1 : Invalid condition id : UX_CORESTACK_Condition cause : null
2025-10-11 19:17:38,621 [INFO] LogOutputStream:77 - [STDOUT_REDIRECT] 1 : Invalid condition id : UX_CORESTACK_Condition cause : null
2025-10-11 19:17:38,622 [INFO] LogOutputStream:77 - [STDOUT_REDIRECT] 1 : Invalid condition id : UX_CORESTACK_Condition cause : null
2025-10-11 19:17:38,622 [INFO] LogOutputStream:77 - [STDOUT_REDIRECT] 1 : Invalid condition id : UX_CORESTACK_Condition cause : null
2025-10-11 19:17:38,624 [WARN] PackLoader:240 - Cannot read IP mode file for STMicroelectronics.X-CUBE-AZRTOS-WL.2.0.0
2025-10-11 19:17:38,626 [WARN] PackLoader:240 - Cannot read IP mode file for STMicroelectronics.FP-SNS-MOTENV1.5.0.0
2025-10-11 19:17:38,630 [WARN] PackLoader:240 - Cannot read IP mode file for STMicroelectronics.X-CUBE-BLE2.3.3.0
2025-10-11 19:17:38,633 [WARN] PackLoader:240 - Cannot read IP mode file for STMicroelectronics.X-CUBE-NFC9.1.0.0
2025-10-11 19:17:38,636 [WARN] PackLoader:240 - Cannot read IP mode file for wolfSSL.I-CUBE-wolfSSL.5.8.2
2025-10-11 19:17:38,638 [WARN] PackLoader:240 - Cannot read IP mode file for STMicroelectronics.X-CUBE-BLE1.7.1.0
2025-10-11 19:17:38,639 [WARN] PackLoader:240 - Cannot read IP mode file for wolfSSL.I-CUBE-wolfMQTT.1.19.2
2025-10-11 19:17:38,642 [WARN] PackLoader:240 - Cannot read IP mode file for STMicroelectronics.X-CUBE-EEPRMA1.5.2.0
2025-10-11 19:17:38,651 [WARN] PackLoader:240 - Cannot read IP mode file for STMicroelectronics.X-CUBE-AZRTOS-G0.1.1.0
2025-10-11 19:17:38,655 [WARN] PackLoader:240 - Cannot read IP mode file for STMicroelectronics.X-CUBE-SAFEA1.1.2.2
2025-10-11 19:17:38,658 [WARN] PackLoader:240 - Cannot read IP mode file for STMicroelectronics.X-CUBE-NFC4.3.0.0
2025-10-11 19:17:38,663 [WARN] PackLoader:240 - Cannot read IP mode file for EmbeddedOffice.I-CUBE-FS-RTOS.1.0.1
2025-10-11 19:17:38,665 [WARN] PackLoader:240 - Cannot read IP mode file for STMicroelectronics.X-CUBE-WB05N.2.0.0
2025-10-11 19:17:38,667 [WARN] PackLoader:240 - Cannot read IP mode file for wolfSSL.I-CUBE-wolfTPM.3.8.0
2025-10-11 19:17:38,670 [WARN] PackLoader:240 - Cannot read IP mode file for STMicroelectronics.X-CUBE-TCPP.4.2.0
2025-10-11 19:17:38,673 [WARN] PackLoader:240 - Cannot read IP mode file for RealThread.X-CUBE-RT-Thread_Nano.4.1.1
2025-10-11 19:17:38,674 [WARN] PackLoader:240 - Cannot read IP mode file for STMicroelectronics.FP-ATR-SIGFOX1.3.2.0
2025-10-11 19:17:38,677 [WARN] PackLoader:240 - Cannot read IP mode file for ITTIA_DB.I-CUBE-ITTIADB.8.9.0
2025-10-11 19:17:38,680 [WARN] PackLoader:240 - Cannot read IP mode file for STMicroelectronics.X-CUBE-ST67W61.1.0.0
2025-10-11 19:17:38,681 [WARN] PackLoader:240 - Cannot read IP mode file for STMicroelectronics.X-CUBE-AI.10.2.0
2025-10-11 19:17:38,701 [WARN] PackLoader:240 - Cannot read IP mode file for SEGGER.I-CUBE-embOS.1.3.1
2025-10-11 19:17:38,727 [WARN] PackLoader:240 - Cannot read IP mode file for STMicroelectronics.X-CUBE-ALGOBUILD.1.4.0
2025-10-11 19:17:38,769 [WARN] PackLoader:240 - Cannot read IP mode file for STMicroelectronics.X-CUBE-MEMS1.11.3.0
2025-10-11 19:17:38,858 [WARN] PackLoader:240 - Cannot read IP mode file for STMicroelectronics.X-CUBE-PM33A1.1.0.0
2025-10-11 19:17:38,871 [WARN] PackLoader:240 - Cannot read IP mode file for STMicroelectronics.X-CUBE-AZRTOS-F4.1.1.0
2025-10-11 19:17:38,875 [WARN] PackLoader:240 - Cannot read IP mode file for Avnet-IotConnect.X-CUBE-IoTC-DA16k-PMOD.1.0.0
2025-10-11 19:17:38,877 [WARN] PackLoader:240 - Cannot read IP mode file for STMicroelectronics.X-CUBE-ISPU.2.1.0
2025-10-11 19:17:38,882 [WARN] PackLoader:240 - Cannot read IP mode file for STMicroelectronics.X-CUBE-NFC12.1.0.0
2025-10-11 19:17:38,895 [WARN] PackLoader:240 - Cannot read IP mode file for STMicroelectronics.X-CUBE-AZRTOS-L5.2.0.0
2025-10-11 19:17:38,901 [WARN] PackLoader:240 - Cannot read IP mode file for STMicroelectronics.X-CUBE-NFC6.3.1.0
2025-10-11 19:17:38,906 [WARN] PackLoader:240 - Cannot read IP mode file for STMicroelectronics.X-CUBE-FREERTOS.1.3.1
2025-10-11 19:17:38,909 [WARN] PackLoader:240 - Cannot read IP mode file for STMicroelectronics.X-CUBE-TOUCHGFX.4.26.0
2025-10-11 19:17:38,912 [WARN] PackLoader:240 - Cannot read IP mode file for STMicroelectronics.FP-SNS-STAIOTCFT.1.0.0
2025-10-11 19:17:38,915 [WARN] PackLoader:240 - Cannot read IP mode file for STMicroelectronics.X-CUBE-DPower.1.3.0
2025-10-11 19:17:38,927 [WARN] ConditionMgr:438 - getConditionDescription Invalid condition id : LAN8742 Phy interface Condition cause : null
2025-10-11 19:17:38,928 [WARN] PackLoader:240 - Cannot read IP mode file for STMicroelectronics.X-CUBE-AZRTOS-L4.2.0.0
2025-10-11 19:17:38,929 [WARN] ConditionMgr:1044 - genDependencies : Invalid condition id : LAN8742 Phy interface Condition cause : null
2025-10-11 19:17:38,929 [WARN] ConditionMgr:1044 - genDependencies : Invalid condition id : LAN8742 Phy interface Condition cause : null
2025-10-11 19:17:38,929 [WARN] ConditionMgr:1044 - genDependencies : Invalid condition id : LAN8742 Phy interface Condition cause : null
2025-10-11 19:17:38,934 [WARN] PackLoader:240 - Cannot read IP mode file for STMicroelectronics.X-CUBE-SFXS2LP1.4.0.0
2025-10-11 19:17:38,942 [WARN] PackLoader:240 - Cannot read IP mode file for STMicroelectronics.X-CUBE-BLEMGR.4.1.0
2025-10-11 19:17:38,953 [WARN] ConditionMgr:438 - getConditionDescription Invalid condition id : UX DEVICE CLASS RTOS Condition cause : null
2025-10-11 19:17:38,953 [WARN] ConditionMgr:438 - getConditionDescription Invalid condition id : UX DEVICE CLASS RTOS Condition cause : null
2025-10-11 19:17:38,955 [WARN] PackLoader:240 - Cannot read IP mode file for STMicroelectronics.X-CUBE-AZRTOS-WB.2.0.0
2025-10-11 19:17:38,955 [WARN] ConditionMgr:1044 - genDependencies : Invalid condition id : UX DEVICE CLASS RTOS Condition cause : null
2025-10-11 19:17:38,955 [WARN] ConditionMgr:1044 - genDependencies : Invalid condition id : UX DEVICE CLASS RTOS Condition cause : null
2025-10-11 19:17:38,956 [WARN] ConditionMgr:1044 - genDependencies : Invalid condition id : UX DEVICE CLASS RTOS Condition cause : null
2025-10-11 19:17:38,956 [WARN] ConditionMgr:1044 - genDependencies : Invalid condition id : UX DEVICE CLASS RTOS Condition cause : null
2025-10-11 19:17:38,956 [WARN] ConditionMgr:1044 - genDependencies : Invalid condition id : UX DEVICE CLASS RTOS Condition cause : null
2025-10-11 19:17:38,960 [WARN] PackLoader:240 - Cannot read IP mode file for STMicroelectronics.X-CUBE-GNSS1.7.0.1
2025-10-11 19:17:38,962 [WARN] PackLoader:240 - Cannot read IP mode file for STMicroelectronics.X-CUBE-TOUCHGFX.4.25.0
2025-10-11 19:17:38,964 [WARN] ConditionMgr:438 - getConditionDescription Invalid condition id : Cortex-A Device cause : null
2025-10-11 19:17:38,973 [WARN] ConditionMgr:1044 - genDependencies : Invalid condition id : Cortex-A Device cause : null
2025-10-11 19:17:38,973 [WARN] ConditionMgr:1044 - genDependencies : Invalid condition id : Cortex-A Device cause : null
2025-10-11 19:17:38,973 [WARN] ConditionMgr:1044 - genDependencies : Invalid condition id : Cortex-A Device cause : null
2025-10-11 19:17:38,979 [WARN] PackLoader:240 - Cannot read IP mode file for STMicroelectronics.X-CUBE-SUBG2.5.0.0
2025-10-11 19:17:38,990 [WARN] PackLoader:240 - Cannot read IP mode file for STMicroelectronics.X-CUBE-AZRTOS-H7RS.1.1.0
2025-10-11 19:17:38,992 [WARN] PackLoader:240 - Cannot read IP mode file for Cesanta.I-CUBE-Mongoose.7.13.0
2025-10-11 19:17:38,998 [WARN] PackLoader:240 - Cannot read IP mode file for STMicroelectronics.X-CUBE-AZRTOS-G4.2.0.0
2025-10-11 19:17:39,000 [WARN] PackLoader:240 - Cannot read IP mode file for wolfSSL.I-CUBE-wolfSSH.1.4.20
2025-10-11 19:17:39,002 [WARN] PackLoader:240 - Cannot read IP mode file for STMicroelectronics.X-CUBE-NFC7.2.0.0
2025-10-11 19:17:39,006 [WARN] PackLoader:240 - Cannot read IP mode file for STMicroelectronics.X-CUBE-IPS.3.1.0
2025-10-11 19:17:39,011 [WARN] PackLoader:240 - Cannot read IP mode file for STMicroelectronics.X-CUBE-ALS.1.0.2
2025-10-11 19:17:39,013 [WARN] PackLoader:240 - Cannot read IP mode file for STMicroelectronics.X-CUBE-STSE01.1.0.0
2025-10-11 19:17:39,019 [WARN] PackLoader:240 - Cannot read IP mode file for STMicroelectronics.X-CUBE-TOF1.3.4.3
2025-10-11 19:17:39,025 [INFO] ThirdParty:978 - Integrity check success = true
2025-10-11 19:17:39,025 [INFO] IntegrityCheckThread:100 - exiting critical section [integrity check]
2025-10-11 19:17:39,025 [INFO] IntegrityCheckThread:103 - End integrity checks thread
2025-10-11 19:18:13,946 [INFO] McuFinderGlobals:63 - Set McuFinder mode to 2 (CubeIDE integrated)
2025-10-11 19:18:13,948 [INFO] MainUpdater:2872 - connection check result : 10
2025-10-11 19:18:13,948 [INFO] MainUpdater:2872 - connection check result : 10
2025-10-11 19:18:13,962 [INFO] MicroXplorer:468 - Change Database Path : 
2025-10-11 19:18:13,962 [INFO] MicroXplorer:498 - Change Database Version : DB.6.0.150
2025-10-11 19:18:13,966 [WARN] ThirdParty:871 - waiting for thirdparty lock release [close project]
2025-10-11 19:18:13,966 [INFO] ThirdParty:873 - entering critical section [close project]
2025-10-11 19:18:13,967 [INFO] ThirdParty:883 - exiting critical section [close project]
2025-10-11 19:18:13,969 [INFO] PinOutPanel:1589 - setPackage(No Configuration,No Configuration)
2025-10-11 19:18:13,970 [INFO] UtilMem:75 - Begin LoadConfig() Used Memory: 445833080 Bytes (560988160)
2025-10-11 19:18:13,971 [INFO] MicroXplorer:468 - Change Database Path : 
2025-10-11 19:18:13,971 [INFO] MicroXplorer:498 - Change Database Version : DB.6.0.150
2025-10-11 19:18:13,971 [INFO] OpenFileManager:355 - Change cursor
2025-10-11 19:18:14,000 [INFO] Mcu:2029 - Initializing MCU STM32F407V(E-G)Tx STM32F407VGTx STM32F407VGT6
2025-10-11 19:18:14,909 [INFO] Context:786 - Trying to add GPIOservice into a context  which must be forbidden
2025-10-11 19:18:15,263 [INFO] ImportTextPane:234 - (OptionalMessage_ERROR) Pin42 (VP_RIF_VS_RIF1) cannot be retrieved for this MCU
2025-10-11 19:18:15,332 [INFO] RtosManager:558 - Registered RTOS mode: class=CMSIS, group=RTOS, mode=CMSIS_V1, owner=FREERTOS
2025-10-11 19:18:15,332 [INFO] RtosManager:558 - Registered RTOS mode: class=CMSIS, group=RTOS2, mode=CMSIS_V2, owner=FREERTOS
2025-10-11 19:18:15,332 [INFO] RtosManager:558 - Registered RTOS mode: class=RTOS, group=Core, mode=CMSIS_V1, owner=FREERTOS
2025-10-11 19:18:15,332 [INFO] RtosManager:558 - Registered RTOS mode: class=RTOS, group=Core, mode=CMSIS_V2, owner=FREERTOS
2025-10-11 19:18:15,332 [WARN] ModelIntegratedComponent:184 - Missing modes for component STMicroelectronics:FreeRTOS:0.0.1:STMicroelectronics:RTOS:FreeRTOS:Core:::10.2.0:
2025-10-11 19:18:15,352 [WARN] ModelIntegratedComponent:63 - No mode defined for component null
2025-10-11 19:18:15,352 [WARN] ModelIntegratedComponent:63 - No mode defined for component null
2025-10-11 19:18:15,352 [WARN] ModelIntegratedComponent:63 - No mode defined for component null
2025-10-11 19:18:15,352 [WARN] ModelIntegratedComponent:63 - No mode defined for component null
2025-10-11 19:18:15,352 [WARN] ModelIntegratedComponent:63 - No mode defined for component null
2025-10-11 19:18:15,352 [WARN] ModelIntegratedComponent:63 - No mode defined for component null
2025-10-11 19:18:15,352 [WARN] ModelIntegratedComponent:63 - No mode defined for component null
2025-10-11 19:18:15,352 [WARN] ModelIntegratedComponent:63 - No mode defined for component null
2025-10-11 19:18:15,352 [WARN] ModelIntegratedComponent:63 - No mode defined for component null
2025-10-11 19:18:15,352 [WARN] ModelIntegratedComponent:63 - No mode defined for component null
2025-10-11 19:18:15,352 [WARN] ModelIntegratedComponent:63 - No mode defined for component null
2025-10-11 19:18:15,352 [WARN] ModelIntegratedComponent:63 - No mode defined for component null
2025-10-11 19:18:15,352 [WARN] ModelIntegratedComponent:63 - No mode defined for component null
2025-10-11 19:18:15,353 [WARN] ModelIntegratedComponent:63 - No mode defined for component null
2025-10-11 19:18:15,353 [WARN] ModelIntegratedComponent:63 - No mode defined for component null
2025-10-11 19:18:15,353 [WARN] ModelIntegratedComponent:63 - No mode defined for component null
2025-10-11 19:18:15,353 [WARN] ModelIntegratedComponent:63 - No mode defined for component null
2025-10-11 19:18:15,353 [WARN] ModelIntegratedComponent:63 - No mode defined for component null
2025-10-11 19:18:15,353 [WARN] ModelIntegratedComponent:63 - No mode defined for component null
2025-10-11 19:18:15,353 [WARN] ModelIntegratedComponent:63 - No mode defined for component null
2025-10-11 19:18:15,353 [WARN] ModelIntegratedComponent:63 - No mode defined for component null
2025-10-11 19:18:15,353 [WARN] ModelIntegratedComponent:63 - No mode defined for component null
2025-10-11 19:18:15,353 [WARN] ModelIntegratedComponent:63 - No mode defined for component null
2025-10-11 19:18:15,353 [WARN] ModelIntegratedComponent:63 - No mode defined for component null
2025-10-11 19:18:15,353 [WARN] ModelIntegratedComponent:63 - No mode defined for component null
2025-10-11 19:18:15,353 [WARN] ModelIntegratedComponent:63 - No mode defined for component null
2025-10-11 19:18:15,353 [WARN] ModelIntegratedComponent:63 - No mode defined for component null
2025-10-11 19:18:15,353 [WARN] ModelIntegratedComponent:63 - No mode defined for component null
2025-10-11 19:18:15,353 [WARN] ModelIntegratedComponent:63 - No mode defined for component null
2025-10-11 19:18:15,354 [WARN] ModelIntegratedComponent:63 - No mode defined for component null
2025-10-11 19:18:15,354 [WARN] ModelIntegratedComponent:63 - No mode defined for component null
2025-10-11 19:18:15,354 [WARN] ModelIntegratedComponent:63 - No mode defined for component null
2025-10-11 19:18:15,354 [WARN] ModelIntegratedComponent:63 - No mode defined for component null
2025-10-11 19:18:15,354 [WARN] ModelIntegratedComponent:63 - No mode defined for component null
2025-10-11 19:18:15,354 [WARN] ModelIntegratedComponent:63 - No mode defined for component null
2025-10-11 19:18:15,354 [WARN] ModelPack:524 - Component already loaded: STMicroelectronics:HAL Drivers:0.0.0:STMicroelectronics:Device:STMicro_Driver:XSPI:HAL::0.0.1:HAL_XSPI
2025-10-11 19:18:15,432 [INFO] ThirdPartyModel:298 - Start build external matchings
2025-10-11 19:18:15,767 [INFO] ThirdPartyModel:316 - End build external matchings
2025-10-11 19:18:15,779 [INFO] ImportTextPane:234 - (OptionalMessage_ERROR) IP (RCC) : Parameter (RTCHSEDivFreq_Value) has invalid value (4000000)
2025-10-11 19:18:15,937 [INFO] ApiDb:581 - Connected to CubeFinder SQLite database (/home/oleksii/.stmcufinder/plugins/mcufinder/mcu/cube-finder-db.db)
2025-10-11 19:18:15,967 [INFO] ApiDb:668 - CubeFinder database Data Model version=2.1
2025-10-11 19:18:15,967 [INFO] ApiDb:669 - CubeFinder database Configuration version=3.0.39
2025-10-11 19:18:15,967 [INFO] ApiDb:670 - CubeFinder database generation date=2025-08-25 (1756130511)
2025-10-11 19:18:15,967 [INFO] ApiDb:671 - CubeFinder database FW Pack versions=[FP-ATR-ASTRA1_V2.0.0, FP-SNS-FLIGHT1_V5.1.0, FP-SNS-MOTENV1_V5.0.0, FP-SNS-MOTENVWB1_V1.4.0, FP-SNS-SMARTAG2_V1.2.0, FP-SNS-STBOX1_V2.1.0, STM32Cube_FW_C0_V1.4.0, STM32Cube_FW_F4_V1.28.3, STM32Cube_FW_F7_V1.17.4, STM32Cube_FW_G0_V1.6.2, STM32Cube_FW_G4_V1.6.1, STM32Cube_FW_H5_V1.5.0, STM32Cube_FW_H7RS_V1.2.0, STM32Cube_FW_H7_V1.12.1, STM32Cube_FW_L0_V1.12.2, STM32Cube_FW_L4_V1.18.1, STM32Cube_FW_L5_V1.5.1, STM32Cube_FW_N6_V1.2.0, STM32Cube_FW_U0_V1.3.0, STM32Cube_FW_U3_V1.2.0, STM32Cube_FW_U5_V1.8.0, STM32Cube_FW_WB0_V1.3.0, STM32Cube_FW_WBA_V1.7.0, STM32Cube_FW_WB_V1.23.0, STM32Cube_FW_WL3_V1.2.0, STM32Cube_FW_WL_V1.3.1, X-CUBE-ALGOBUILD_V1.4.0, X-CUBE-ALS_V1.0.2, X-CUBE-AZRTOS-F4_V1.1.0, X-CUBE-AZRTOS-F7_V1.1.0, X-CUBE-AZRTOS-G0_V1.1.0, X-CUBE-AZRTOS-G4_V2.0.0, X-CUBE-AZRTOS-H7RS_V1.1.0, X-CUBE-AZRTOS-H7_V3.4.0, X-CUBE-AZRTOS-L4_V2.0.0, X-CUBE-AZRTOS-L5_V2.0.0, X-CUBE-AZRTOS-WB_V2.0.0, X-CUBE-AZRTOS-WL_V2.0.0, X-CUBE-BLE1_V7.1.0, X-CUBE-BLE2_V3.3.0, X-CUBE-BLEMGR_V4.1.0, X-CUBE-EEPRMA1_V5.2.0, X-CUBE-FREERTOS_V1.3.1, X-CUBE-GNSS1_V6.0.0, X-CUBE-MEMS1_V11.3.0, X-CUBE-NFC4_V3.0.0, X-CUBE-NFC7_V2.0.0, X-CUBE-SFXS2LP1_V4.0.0, X-CUBE-ST67W61_V1.0.0, X-CUBE-SUBG2_V5.0.0, X-CUBE-TOF1_V3.4.3]
2025-10-11 19:18:16,013 [INFO] DbBoardsSqlite:226 - include board P-NUCLEO-WB55-NUCLEO as a kit item of type 'Nucleo-64'
2025-10-11 19:18:16,013 [INFO] DbBoardsSqlite:226 - include board P-NUCLEO-WB55-USBDONGLE as a kit item of type 'Nucleo USB Dongle'
2025-10-11 19:18:16,013 [INFO] DbBoardsSqlite:226 - include board STEVAL-IDP005V1 as a kit item of type 'Evaluation Board'
2025-10-11 19:18:16,013 [INFO] DbBoardsSqlite:226 - include board STEVAL-IDP005V2 as a kit item of type 'Evaluation Board'
2025-10-11 19:18:16,037 [INFO] ApiDb:240 - Found 880 in-development CPN: [B-G473E-ZEST1S, B-WB1M-WPAN1, B-WBA5M-WPAN, B-WL5M-SUBG1, NUCLEO-C031C6, NUCLEO-C051C8, NUCLEO-C071RB, NUCLEO-C092RC, NUCLEO-H503RB, NUCLEO-H533RE, NUCLEO-H563ZI, NUCLEO-H7S3L8, NUCLEO-N657X0-Q, NUCLEO-U031R8, NUCLEO-U083RC, NUCLEO-U385RG-Q, NUCLEO-U545RE-Q, NUCLEO-U5A5ZJ-Q, NUCLEO-WB05KZ, NUCLEO-WB07CC, NUCLEO-WB09KE, NUCLEO-WBA52CG, NUCLEO-WBA55CG, NUCLEO-WL33CC1, NUCLEO-WL33CC2, STEVAL-PROTEUS1, STEVAL-SMARTAG2, STEVAL-STWINBX1, STM320518-EVAL, STM32C0116-DK, STM32C011D6Y3TR, STM32C011D6Y6TR, STM32C011F4P3, STM32C011F4P6, STM32C011F4U3, STM32C011F4U6TR, STM32C011F6P3, STM32C011F6P6, STM32C011F6U3, STM32C011F6U6TR, STM32C011J4M3, STM32C011J4M6, STM32C011J6M3, STM32C011J6M6, STM32C0316-DK, STM32C031C4T3, STM32C031C4T6, STM32C031C4U3, STM32C031C4U6, STM32C031C6T3, STM32C031C6T6, STM32C031C6U3, STM32C031C6U6, STM32C031F4P3, STM32C031F4P6, STM32C031F6P3, STM32C031F6P6, STM32C031G4U3, STM32C031G4U6, STM32C031G6U3, STM32C031G6U6, STM32C031K4T3, STM32C031K4T6, STM32C031K4U3, STM32C031K4U6, STM32C031K6T3, STM32C031K6T6, STM32C031K6U3, STM32C031K6U6, STM32C051C6T6, STM32C051C6U6, STM32C051C8T6, STM32C051C8U6, STM32C051D8Y6TR, STM32C051F6P6, STM32C051F8P6, STM32C051G6U6, STM32C051G8U6, STM32C051K6T6, STM32C051K6U6, STM32C051K8T6, STM32C071C8T6, STM32C071C8T6N, STM32C071C8U6, STM32C071C8U6N, STM32C071CBT6, STM32C071CBT6N, STM32C071CBU6, STM32C071CBU6N, STM32C071F8P6, STM32C071F8P6N, STM32C071FBP6, STM32C071FBP6N, STM32C071FBY6TR, STM32C071G8U6, STM32C071G8U6N, STM32C071GBU6, STM32C071GBU6N, STM32C071K8T6, STM32C071K8T6N, STM32C071K8U6, STM32C071K8U6N, STM32C071KBT6, STM32C071KBT6N, STM32C071KBU6, STM32C071KBU6N, STM32C071R8T6, STM32C071R8T6N, STM32C071RBI6N, STM32C071RBT6, STM32C071RBT6N, STM32C091CBT6, STM32C091CBU6, STM32C091CCT6, STM32C091CCU6, STM32C091ECY6TR, STM32C091FBP6, STM32C091FCP6, STM32C091GBU6, STM32C091GCU6, STM32C091KBT6, STM32C091KBU6, STM32C091KCT6, STM32C091KCU6, STM32C091RBT6, STM32C091RCI6, STM32C091RCT6, STM32C092CBT6, STM32C092CBU6, STM32C092CCT6, STM32C092CCU6, STM32C092ECY6TR, STM32C092FBP6, STM32C092FCP6, STM32C092GBU6, STM32C092GCU6, STM32C092KBT6, STM32C092KBU6, STM32C092KCT6, STM32C092KCU6, STM32C092RBT6, STM32C092RCI6, STM32C092RCT6, STM32G071K8TXN, STM32G071K8UXN, STM32G081GBU6N, STM32G081KBT6N, STM32G081KBUXN, STM32G0B1CCT6N, STM32G0B1KCT6, STM32G0B1NEY6TR, STM32G0B1RCT6N, STM32G0C1CCT6, STM32G0C1CCT6N, STM32G0C1CCU6N, STM32G0C1CET6N, STM32G0C1CEU6N, STM32G0C1KCT6, STM32G0C1NEY6TR, STM32G0C1RCI6N, STM32G0C1RCT6N, STM32G0C1REI6N, STM32G0C1RET6N, STM32G0C1VCI6, STM32G0C1VEI6, STM32G411C6T3, STM32G411C6T6, STM32G411C6U3, STM32G411C6U6, STM32G411C8T3, STM32G411C8T6, STM32G411C8U3, STM32G411C8U6, STM32G411CBT3, STM32G411CBT6, STM32G411CBU3, STM32G411CBU6, STM32G411K6T3, STM32G411K6T6, STM32G411K6U3, STM32G411K6U6, STM32G411K8T3, STM32G411K8T6, STM32G411K8U3, STM32G411K8U6, STM32G411KBT3, STM32G411KBT6, STM32G411KBU3, STM32G411KBU6, STM32G411M6T3, STM32G411M6T6, STM32G411M8T3, STM32G411M8T6, STM32G411MBT3, STM32G411MBT6, STM32G411R6T3, STM32G411R6T6, STM32G411R8T3, STM32G411R8T6, STM32G411RBT3, STM32G411RBT6, STM32G414CBT3, STM32G414CBT6, STM32G414CBU3, STM32G414CBU6, STM32G414CCT3, STM32G414CCT6, STM32G414CCU3, STM32G414CCU6, STM32G414MBT3, STM32G414MBT6, STM32G414MCT3, STM32G414MCT6, STM32G414RBT3, STM32G414RBT6, STM32G414RCT3, STM32G414RCT6, STM32G414VBT3, STM32G414VBT6, STM32G414VCT3, STM32G414VCT6, STM32G431CBT3Z, STM32G431RBT3Z, STM32G471CCT6, STM32G471CCU6, STM32G471CET3, STM32G471CET6, STM32G471CEU3, STM32G471CEU6, STM32G471MCT6, STM32G471MET3, STM32G471MET6, STM32G471MEY6TR, STM32G471QCT6, STM32G471QET3, STM32G471RCT6, STM32G471RET3, STM32G471RET6, STM32G471VCH6, STM32G471VCI6, STM32G471VCT6, STM32G471VEH3, STM32G471VEH6, STM32G471VEI3, STM32G471VEI6, STM32G471VET3, STM32G471VET6, STM32G473QET3Z, STM32G473RET3Z, STM32G474CCT6, STM32G491RET3Z, STM32H503CBT6, STM32H503CBU6, STM32H503EBY6TR, STM32H503KBU6, STM32H503RBT6, STM32H523CCT6, STM32H523CCU6, STM32H523CET6, STM32H523CEU6, STM32H523HEY6TR, STM32H523RCT6, STM32H523RET6, STM32H523VCI6, STM32H523VCT6, STM32H523VEI6, STM32H523VET6, STM32H523ZCJ6, STM32H523ZCT6, STM32H523ZEJ6, STM32H523ZET6, STM32H533CET6, STM32H533CEU6, STM32H533HEY6TR, STM32H533RET6, STM32H533VEI6, STM32H533VET6, STM32H533ZEJ6, STM32H533ZET6, STM32H562AGI6, STM32H562AII6, STM32H562IGK6, STM32H562IGT6, STM32H562IIK6, STM32H562IIT6, STM32H562RGT6, STM32H562RGV6, STM32H562RIT6, STM32H562RIV6, STM32H562VGT6, STM32H562VIT6, STM32H562ZGT6, STM32H562ZIT6, STM32H563AGI6, STM32H563AII3Q, STM32H563AII6, STM32H563IGK6, STM32H563IGT6, STM32H563IIK3Q, STM32H563IIK6, STM32H563IIT3Q, STM32H563IIT6, STM32H563MIY3QTR, STM32H563RGT6, STM32H563RGV6, STM32H563RIT6, STM32H563RIV6, STM32H563VGT6, STM32H563VIT3Q, STM32H563VIT6, STM32H563ZGT6, STM32H563ZIT3Q, STM32H563ZIT6, STM32H573AII3Q, STM32H573AII6, STM32H573I-DK, STM32H573IIK3Q, STM32H573IIK6, STM32H573IIT3Q, STM32H573IIT6, STM32H573MIY3QTR, STM32H573RIT6, STM32H573RIV6, STM32H573VIT3Q, STM32H573VIT6, STM32H573ZIT3Q, STM32H573ZIT6, STM32H7R3A8I6, STM32H7R3I8K6, STM32H7R3I8T6, STM32H7R3L8H6, STM32H7R3L8H6H, STM32H7R3R8V6, STM32H7R3V8H6, STM32H7R3V8T6, STM32H7R3V8Y6TR, STM32H7R3Z8J6, STM32H7R3Z8T6, STM32H7R7A8I6, STM32H7R7I8K6, STM32H7R7I8T6, STM32H7R7L8H6, STM32H7R7L8H6H, STM32H7R7Z8J6, STM32H7S3A8I6, STM32H7S3I8K6, STM32H7S3I8T6, STM32H7S3L8H6, STM32H7S3L8H6H, STM32H7S3R8V6, STM32H7S3V8H6, STM32H7S3V8T6, STM32H7S3V8Y6TR, STM32H7S3Z8J6, STM32H7S3Z8T6, STM32H7S78-DK, STM32H7S7A8I6, STM32H7S7I8K6, STM32H7S7I8T6, STM32H7S7L8H6, STM32H7S7L8H6H, STM32H7S7Z8J6, STM32L4R5QGI6STR, STM32MP131AAE3, STM32MP131AAF3, STM32MP131AAG3, STM32MP131CAE3, STM32MP131CAF3, STM32MP131CAG3, STM32MP131DAE7, STM32MP131DAF7, STM32MP131DAG7, STM32MP131FAE7, STM32MP131FAF7, STM32MP131FAG7, STM32MP133AAE3, STM32MP133AAF3, STM32MP133AAG3, STM32MP133CAE3, STM32MP133CAF3, STM32MP133CAG3, STM32MP133DAE7, STM32MP133DAF7, STM32MP133DAG7, STM32MP133FAE7, STM32MP133FAF7, STM32MP133FAG7, STM32MP135AAE3, STM32MP135AAF3, STM32MP135AAG3, STM32MP135CAE3, STM32MP135CAF3, STM32MP135CAG3, STM32MP135DAE7, STM32MP135DAF7, STM32MP135DAG7, STM32MP135F-DK, STM32MP135FAE7, STM32MP135FAF7, STM32MP135FAF7T, STM32MP135FAF7U, STM32MP135FAG7, STM32MP211AAL3, STM32MP211AAM3, STM32MP211AAN3, STM32MP211AAO3, STM32MP211CAL3, STM32MP211CAM3, STM32MP211CAN3, STM32MP211CAO3, STM32MP211DAL3, STM32MP211DAM3, STM32MP211DAN3, STM32MP211DAO3, STM32MP211FAL3, STM32MP211FAM3, STM32MP211FAN3, STM32MP211FAO3, STM32MP213AAL3, STM32MP213AAM3, STM32MP213AAN3, STM32MP213AAO3, STM32MP213CAL3, STM32MP213CAM3, STM32MP213CAN3, STM32MP213CAO3, STM32MP213DAL3, STM32MP213DAM3, STM32MP213DAN3, STM32MP213DAO3, STM32MP213FAL3, STM32MP213FAM3, STM32MP213FAN3, STM32MP213FAO3, STM32MP215AAL3, STM32MP215AAM3, STM32MP215AAN3, STM32MP215AAO3, STM32MP215CAL3, STM32MP215CAM3, STM32MP215CAN3, STM32MP215CAO3, STM32MP215DAL3, STM32MP215DAM3, STM32MP215DAN3, STM32MP215DAO3, STM32MP215F-DK, STM32MP215FAL3, STM32MP215FAM3, STM32MP215FAN3, STM32MP215FAO3, STM32MP231AAJ3, STM32MP231AAK3, STM32MP231AAL3, STM32MP231CAJ3, STM32MP231CAK3, STM32MP231CAL3, STM32MP231DAJ3, STM32MP231DAK3, STM32MP231DAL3, STM32MP231FAJ3, STM32MP231FAK3, STM32MP231FAL3, STM32MP233AAJ3, STM32MP233AAK3, STM32MP233AAL3, STM32MP233CAJ3, STM32MP233CAK3, STM32MP233CAL3, STM32MP233DAJ3, STM32MP233DAK3, STM32MP233DAL3, STM32MP233FAJ3, STM32MP233FAK3, STM32MP233FAL3, STM32MP235AAJ3, STM32MP235AAK3, STM32MP235AAL3, STM32MP235CAJ3, STM32MP235CAK3, STM32MP235CAL3, STM32MP235DAJ3, STM32MP235DAK3, STM32MP235DAL3, STM32MP235FAJ3, STM32MP235FAK3, STM32MP235FAL3, STM32MP251AAI3, STM32MP251AAK3, STM32MP251AAL3, STM32MP251CAI3, STM32MP251CAK3, STM32MP251CAL3, STM32MP251DAI3, STM32MP251DAK3, STM32MP251DAL3, STM32MP251FAI3, STM32MP251FAK3, STM32MP251FAL3, STM32MP253AAI3, STM32MP253AAK3, STM32MP253AAL3, STM32MP253CAI3, STM32MP253CAK3, STM32MP253CAL3, STM32MP253DAI3, STM32MP253DAK3, STM32MP253DAL3, STM32MP253FAI3, STM32MP253FAK3, STM32MP253FAL3, STM32MP255AAI3, STM32MP255AAK3, STM32MP255AAL3, STM32MP255CAI3, STM32MP255CAK3, STM32MP255CAL3, STM32MP255DAI3, STM32MP255DAK3, STM32MP255DAL3, STM32MP255FAI3, STM32MP255FAK3, STM32MP255FAL3, STM32MP257AAI3, STM32MP257AAK3, STM32MP257AAL3, STM32MP257CAI3, STM32MP257CAK3, STM32MP257CAL3, STM32MP257DAI3, STM32MP257DAK3, STM32MP257DAL3, STM32MP257F-DK, STM32MP257F-EV1, STM32MP257FAI3, STM32MP257FAK3, STM32MP257FAL3, STM32N645A0H3Q, STM32N645B0H3Q, STM32N645I0H3Q, STM32N645L0H3Q, STM32N645X0H3Q, STM32N645Z0H3Q, STM32N647A0H3Q, STM32N647B0H3Q, STM32N647I0H3Q, STM32N647L0H3Q, STM32N647X0H3Q, STM32N647Z0H3Q, STM32N655A0H3Q, STM32N655B0H3Q, STM32N655I0H3Q, STM32N655L0H3Q, STM32N655X0H3Q, STM32N655Z0H3Q, STM32N6570-DK, STM32N657A0H3Q, STM32N657B0H3Q, STM32N657I0H3Q, STM32N657L0H3Q, STM32N657X0H3Q, STM32N657Z0H3Q, STM32U031C6T6, STM32U031C6U6, STM32U031C8T6, STM32U031C8U6, STM32U031F4P6, STM32U031F6P6, STM32U031F8P6, STM32U031G6Y6TR, STM32U031G8Y6TR, STM32U031K4U6, STM32U031K6U6, STM32U031K8U6, STM32U031R6I6, STM32U031R6T6, STM32U031R8I6, STM32U031R8T6, STM32U073C8T6, STM32U073C8U6, STM32U073CBT6, STM32U073CBU6, STM32U073CCT6, STM32U073CCU6, STM32U073H8Y6TR, STM32U073HBY6TR, STM32U073HCY6TR, STM32U073K8U6, STM32U073KBU6, STM32U073KCU6, STM32U073M8I6, STM32U073M8T6, STM32U073MBI6, STM32U073MBT6, STM32U073MCI6, STM32U073MCT6, STM32U073R8I6, STM32U073R8T6, STM32U073RBI6, STM32U073RBT6, STM32U073RCI6, STM32U073RCT6, STM32U083C-DK, STM32U083CCT6, STM32U083CCU6, STM32U083HCY6TR, STM32U083KCU6, STM32U083MCI6, STM32U083MCT6, STM32U083RCI6, STM32U083RCT6, STM32U375CET6, STM32U375CET6Q, STM32U375CEU6, STM32U375CEU6Q, STM32U375CEY6QTR, STM32U375CGT6, STM32U375CGT6Q, STM32U375CGU6, STM32U375CGU6Q, STM32U375CGY6QTR, STM32U375KEU6, STM32U375KGU6, STM32U375REI6, STM32U375REI6Q, STM32U375RET6, STM32U375RET6Q, STM32U375REY6GTR, STM32U375REY6QTR, STM32U375RGI6, STM32U375RGI6Q, STM32U375RGT6, STM32U375RGT6Q, STM32U375RGY6GTR, STM32U375RGY6QTR, STM32U375VEI6, STM32U375VEI6Q, STM32U375VET6, STM32U375VET6Q, STM32U375VGI6, STM32U375VGI6Q, STM32U375VGT6, STM32U375VGT6Q, STM32U385CGT6, STM32U385CGT6Q, STM32U385CGU6, STM32U385CGU6Q, STM32U385CGY6QTR, STM32U385KGU6, STM32U385RGI6, STM32U385RGI6Q, STM32U385RGT6, STM32U385RGT6Q, STM32U385RGY6GTR, STM32U385RGY6QTR, STM32U385VGI6, STM32U385VGI6Q, STM32U385VGT6, STM32U385VGT6Q, STM32U535CBT6, STM32U535CBT6Q, STM32U535CBU6, STM32U535CBU6Q, STM32U535CCT6, STM32U535CCT6Q, STM32U535CCU6, STM32U535CCU6Q, STM32U535CET6, STM32U535CET6Q, STM32U535CEU6, STM32U535CEU6Q, STM32U535JEY6QTR, STM32U535NCY6QTR, STM32U535NEY6QTR, STM32U535RBI6, STM32U535RBI6Q, STM32U535RBT6, STM32U535RBT6Q, STM32U535RCI6, STM32U535RCI6Q, STM32U535RCT6, STM32U535RCT6Q, STM32U535REI6, STM32U535REI6Q, STM32U535RET6, STM32U535RET6Q, STM32U535VCI6, STM32U535VCI6Q, STM32U535VCT6, STM32U535VCT6Q, STM32U535VEI6, STM32U535VEI6Q, STM32U535VET6, STM32U535VET6Q, STM32U545CET6, STM32U545CET6Q, STM32U545CEU6, STM32U545CEU6Q, STM32U545JEY6QTR, STM32U545NEY6QTR, STM32U545REI6, STM32U545REI6Q, STM32U545RET6, STM32U545RET6Q, STM32U545VEI6, STM32U545VEI6Q, STM32U545VET6, STM32U545VET6Q, STM32U595AIH6, STM32U595AIH6Q, STM32U595AJH6, STM32U595AJH6Q, STM32U595QII6, STM32U595QII6Q, STM32U595QJI6, STM32U595QJI6Q, STM32U595RIT6, STM32U595RIT6Q, STM32U595RJT6, STM32U595RJT6Q, STM32U595VIT6, STM32U595VIT6Q, STM32U595VJT6, STM32U595VJT6Q, STM32U595ZIT6, STM32U595ZIT6Q, STM32U595ZIY6QTR, STM32U595ZJT6, STM32U595ZJT6Q, STM32U595ZJY6QTR, STM32U599BJY6QTR, STM32U599NIH6Q, STM32U599NJH6Q, STM32U599VIT6Q, STM32U599VJT6, STM32U599VJT6Q, STM32U599ZIT6Q, STM32U599ZIY6QTR, STM32U599ZJT6Q, STM32U599ZJY6QTR, STM32U5A5AJH6, STM32U5A5AJH6Q, STM32U5A5QII3Q , STM32U5A5QJI6, STM32U5A5QJI6Q, STM32U5A5RJT6, STM32U5A5RJT6Q, STM32U5A5VJT6, STM32U5A5VJT6Q, STM32U5A5ZJT6, STM32U5A5ZJT6Q, STM32U5A5ZJY6QTR, STM32U5A9BJY6QTR, STM32U5A9J-DK, STM32U5A9NJH6Q, STM32U5A9VJT6Q, STM32U5A9ZJT6Q, STM32U5A9ZJY6QTR, STM32U5F7VIT6, STM32U5F7VIT6Q, STM32U5F7VJT6, STM32U5F7VJT6Q, STM32U5F9BJY6QTR, STM32U5F9NJH6Q, STM32U5F9VIT6Q, STM32U5F9VJT6Q, STM32U5F9ZIJ6QTR, STM32U5F9ZIT6Q, STM32U5F9ZJJ6QTR, STM32U5F9ZJT6Q, STM32U5G7VJT6, STM32U5G7VJT6Q, STM32U5G9BJY6QTR, STM32U5G9J-DK1, STM32U5G9J-DK2, STM32U5G9NJH6Q, STM32U5G9VJT6Q, STM32U5G9ZJJ6QTR, STM32U5G9ZJT6Q, STM32WB05KZV6TR, STM32WB05KZV7TR, STM32WB05TZF6TR, STM32WB05TZF7TR, STM32WB06CCF6TR, STM32WB06CCF7TR, STM32WB06CCV6TR, STM32WB06CCV7TR, STM32WB06KCV6TR, STM32WB06KCV7TR, STM32WB07CCF6TR, STM32WB07CCF7TR, STM32WB07CCV6TR, STM32WB07CCV7TR, STM32WB07KCV6TR, STM32WB07KCV7TR, STM32WB09KEV6TR, STM32WB09KEV7TR, STM32WB09TEF6TR, STM32WB09TEF7TR, STM32WB1MMCH6, STM32WBA50KGU6, STM32WBA50KGU6TR, STM32WBA52CEU6, STM32WBA52CEU6TR, STM32WBA52CEU7, STM32WBA52CEU7TR, STM32WBA52CGU6, STM32WBA52CGU6TR, STM32WBA52CGU6U, STM32WBA52CGU7, STM32WBA52CGU7TR, STM32WBA52KEU6, STM32WBA52KEU6TR, STM32WBA52KGU6, STM32WBA52KGU6TR, STM32WBA54CEU6, STM32WBA54CEU6TR, STM32WBA54CEU7, STM32WBA54CEU7TR, STM32WBA54CGU6, STM32WBA54CGU6TR, STM32WBA54CGU7, STM32WBA54CGU7TR, STM32WBA54KEU6, STM32WBA54KEU6TR, STM32WBA54KEU7, STM32WBA54KEU7TR, STM32WBA54KGU6, STM32WBA54KGU6TR, STM32WBA54KGU7, STM32WBA54KGU7TR, STM32WBA55CEU6, STM32WBA55CEU6TR, STM32WBA55CEU7, STM32WBA55CEU7TR, STM32WBA55CGU6, STM32WBA55CGU6TR, STM32WBA55CGU6U, STM32WBA55CGU7, STM32WBA55CGU7TR, STM32WBA55G-DK1, STM32WBA55HEF6, STM32WBA55HEF7, STM32WBA55HGF6, STM32WBA55HGF7, STM32WBA55UEI6, STM32WBA55UEI6TR, STM32WBA55UEI7, STM32WBA55UEI7TR, STM32WBA55UGI6, STM32WBA55UGI6TR, STM32WBA55UGI7, STM32WBA55UGI7TR, STM32WBA5MMGH6TR, STM32WBA62MGF6, STM32WBA62MIF6, STM32WBA65MGF7, STM32WBA65MIF6, STM32WBA65MIF7, STM32WL30K8V6, STM32WL30KBV6, STM32WL31C8V6, STM32WL31CBV6, STM32WL31K8V6, STM32WL31KBV6, STM32WL33C8V6, STM32WL33C8V6X, STM32WL33CBV6, STM32WL33CBV6X, STM32WL33CCV6, STM32WL33CCV6A, STM32WL33CCV6X, STM32WL33K8V7, STM32WL33K8V7X, STM32WL33KBV7 , STM32WL33KBV7X, STM32WL33KCV7, STM32WL33KCV7X, STM32WL5MOCH6, STM32WL5MOCH6TR]
2025-10-11 19:18:16,115 [INFO] BoardInfo:889 - No configuration file found for board P-NUCLEO-WB55
2025-10-11 19:18:16,115 [INFO] DbBoards:161 - Kit is not supported: P-NUCLEO-WB55
2025-10-11 19:18:16,118 [INFO] BoardInfo:889 - No configuration file found for board STEVAL-BFA001V1B
2025-10-11 19:18:16,118 [INFO] DbBoards:161 - Kit is not supported: STEVAL-BFA001V1B
2025-10-11 19:18:16,119 [INFO] BoardInfo:889 - No configuration file found for board STEVAL-BFA001V2B
2025-10-11 19:18:16,119 [INFO] DbBoards:161 - Kit is not supported: STEVAL-BFA001V2B
2025-10-11 19:18:16,188 [INFO] DbBoards:168 - Found 212 boards, 209 are supported
2025-10-11 19:18:16,189 [INFO] DbBoards:169 - Found 212 boards, 43 of them is supported for  Bsp
2025-10-11 19:18:16,191 [INFO] ApiDb:668 - CubeFinder database Data Model version=2.1
2025-10-11 19:18:16,191 [INFO] ApiDb:669 - CubeFinder database Configuration version=3.0.39
2025-10-11 19:18:16,191 [INFO] ApiDb:670 - CubeFinder database generation date=2025-08-25 (1756130511)
2025-10-11 19:18:16,191 [INFO] ApiDb:671 - CubeFinder database FW Pack versions=[FP-ATR-ASTRA1_V2.0.0, FP-SNS-FLIGHT1_V5.1.0, FP-SNS-MOTENV1_V5.0.0, FP-SNS-MOTENVWB1_V1.4.0, FP-SNS-SMARTAG2_V1.2.0, FP-SNS-STBOX1_V2.1.0, STM32Cube_FW_C0_V1.4.0, STM32Cube_FW_F4_V1.28.3, STM32Cube_FW_F7_V1.17.4, STM32Cube_FW_G0_V1.6.2, STM32Cube_FW_G4_V1.6.1, STM32Cube_FW_H5_V1.5.0, STM32Cube_FW_H7RS_V1.2.0, STM32Cube_FW_H7_V1.12.1, STM32Cube_FW_L0_V1.12.2, STM32Cube_FW_L4_V1.18.1, STM32Cube_FW_L5_V1.5.1, STM32Cube_FW_N6_V1.2.0, STM32Cube_FW_U0_V1.3.0, STM32Cube_FW_U3_V1.2.0, STM32Cube_FW_U5_V1.8.0, STM32Cube_FW_WB0_V1.3.0, STM32Cube_FW_WBA_V1.7.0, STM32Cube_FW_WB_V1.23.0, STM32Cube_FW_WL3_V1.2.0, STM32Cube_FW_WL_V1.3.1, X-CUBE-ALGOBUILD_V1.4.0, X-CUBE-ALS_V1.0.2, X-CUBE-AZRTOS-F4_V1.1.0, X-CUBE-AZRTOS-F7_V1.1.0, X-CUBE-AZRTOS-G0_V1.1.0, X-CUBE-AZRTOS-G4_V2.0.0, X-CUBE-AZRTOS-H7RS_V1.1.0, X-CUBE-AZRTOS-H7_V3.4.0, X-CUBE-AZRTOS-L4_V2.0.0, X-CUBE-AZRTOS-L5_V2.0.0, X-CUBE-AZRTOS-WB_V2.0.0, X-CUBE-AZRTOS-WL_V2.0.0, X-CUBE-BLE1_V7.1.0, X-CUBE-BLE2_V3.3.0, X-CUBE-BLEMGR_V4.1.0, X-CUBE-EEPRMA1_V5.2.0, X-CUBE-FREERTOS_V1.3.1, X-CUBE-GNSS1_V6.0.0, X-CUBE-MEMS1_V11.3.0, X-CUBE-NFC4_V3.0.0, X-CUBE-NFC7_V2.0.0, X-CUBE-SFXS2LP1_V4.0.0, X-CUBE-ST67W61_V1.0.0, X-CUBE-SUBG2_V5.0.0, X-CUBE-TOF1_V3.4.3]
2025-10-11 19:18:18,009 [INFO] ApiDb:240 - Found 880 in-development CPN: [B-G473E-ZEST1S, B-WB1M-WPAN1, B-WBA5M-WPAN, B-WL5M-SUBG1, NUCLEO-C031C6, NUCLEO-C051C8, NUCLEO-C071RB, NUCLEO-C092RC, NUCLEO-H503RB, NUCLEO-H533RE, NUCLEO-H563ZI, NUCLEO-H7S3L8, NUCLEO-N657X0-Q, NUCLEO-U031R8, NUCLEO-U083RC, NUCLEO-U385RG-Q, NUCLEO-U545RE-Q, NUCLEO-U5A5ZJ-Q, NUCLEO-WB05KZ, NUCLEO-WB07CC, NUCLEO-WB09KE, NUCLEO-WBA52CG, NUCLEO-WBA55CG, NUCLEO-WL33CC1, NUCLEO-WL33CC2, STEVAL-PROTEUS1, STEVAL-SMARTAG2, STEVAL-STWINBX1, STM320518-EVAL, STM32C0116-DK, STM32C011D6Y3TR, STM32C011D6Y6TR, STM32C011F4P3, STM32C011F4P6, STM32C011F4U3, STM32C011F4U6TR, STM32C011F6P3, STM32C011F6P6, STM32C011F6U3, STM32C011F6U6TR, STM32C011J4M3, STM32C011J4M6, STM32C011J6M3, STM32C011J6M6, STM32C0316-DK, STM32C031C4T3, STM32C031C4T6, STM32C031C4U3, STM32C031C4U6, STM32C031C6T3, STM32C031C6T6, STM32C031C6U3, STM32C031C6U6, STM32C031F4P3, STM32C031F4P6, STM32C031F6P3, STM32C031F6P6, STM32C031G4U3, STM32C031G4U6, STM32C031G6U3, STM32C031G6U6, STM32C031K4T3, STM32C031K4T6, STM32C031K4U3, STM32C031K4U6, STM32C031K6T3, STM32C031K6T6, STM32C031K6U3, STM32C031K6U6, STM32C051C6T6, STM32C051C6U6, STM32C051C8T6, STM32C051C8U6, STM32C051D8Y6TR, STM32C051F6P6, STM32C051F8P6, STM32C051G6U6, STM32C051G8U6, STM32C051K6T6, STM32C051K6U6, STM32C051K8T6, STM32C071C8T6, STM32C071C8T6N, STM32C071C8U6, STM32C071C8U6N, STM32C071CBT6, STM32C071CBT6N, STM32C071CBU6, STM32C071CBU6N, STM32C071F8P6, STM32C071F8P6N, STM32C071FBP6, STM32C071FBP6N, STM32C071FBY6TR, STM32C071G8U6, STM32C071G8U6N, STM32C071GBU6, STM32C071GBU6N, STM32C071K8T6, STM32C071K8T6N, STM32C071K8U6, STM32C071K8U6N, STM32C071KBT6, STM32C071KBT6N, STM32C071KBU6, STM32C071KBU6N, STM32C071R8T6, STM32C071R8T6N, STM32C071RBI6N, STM32C071RBT6, STM32C071RBT6N, STM32C091CBT6, STM32C091CBU6, STM32C091CCT6, STM32C091CCU6, STM32C091ECY6TR, STM32C091FBP6, STM32C091FCP6, STM32C091GBU6, STM32C091GCU6, STM32C091KBT6, STM32C091KBU6, STM32C091KCT6, STM32C091KCU6, STM32C091RBT6, STM32C091RCI6, STM32C091RCT6, STM32C092CBT6, STM32C092CBU6, STM32C092CCT6, STM32C092CCU6, STM32C092ECY6TR, STM32C092FBP6, STM32C092FCP6, STM32C092GBU6, STM32C092GCU6, STM32C092KBT6, STM32C092KBU6, STM32C092KCT6, STM32C092KCU6, STM32C092RBT6, STM32C092RCI6, STM32C092RCT6, STM32G071K8TXN, STM32G071K8UXN, STM32G081GBU6N, STM32G081KBT6N, STM32G081KBUXN, STM32G0B1CCT6N, STM32G0B1KCT6, STM32G0B1NEY6TR, STM32G0B1RCT6N, STM32G0C1CCT6, STM32G0C1CCT6N, STM32G0C1CCU6N, STM32G0C1CET6N, STM32G0C1CEU6N, STM32G0C1KCT6, STM32G0C1NEY6TR, STM32G0C1RCI6N, STM32G0C1RCT6N, STM32G0C1REI6N, STM32G0C1RET6N, STM32G0C1VCI6, STM32G0C1VEI6, STM32G411C6T3, STM32G411C6T6, STM32G411C6U3, STM32G411C6U6, STM32G411C8T3, STM32G411C8T6, STM32G411C8U3, STM32G411C8U6, STM32G411CBT3, STM32G411CBT6, STM32G411CBU3, STM32G411CBU6, STM32G411K6T3, STM32G411K6T6, STM32G411K6U3, STM32G411K6U6, STM32G411K8T3, STM32G411K8T6, STM32G411K8U3, STM32G411K8U6, STM32G411KBT3, STM32G411KBT6, STM32G411KBU3, STM32G411KBU6, STM32G411M6T3, STM32G411M6T6, STM32G411M8T3, STM32G411M8T6, STM32G411MBT3, STM32G411MBT6, STM32G411R6T3, STM32G411R6T6, STM32G411R8T3, STM32G411R8T6, STM32G411RBT3, STM32G411RBT6, STM32G414CBT3, STM32G414CBT6, STM32G414CBU3, STM32G414CBU6, STM32G414CCT3, STM32G414CCT6, STM32G414CCU3, STM32G414CCU6, STM32G414MBT3, STM32G414MBT6, STM32G414MCT3, STM32G414MCT6, STM32G414RBT3, STM32G414RBT6, STM32G414RCT3, STM32G414RCT6, STM32G414VBT3, STM32G414VBT6, STM32G414VCT3, STM32G414VCT6, STM32G431CBT3Z, STM32G431RBT3Z, STM32G471CCT6, STM32G471CCU6, STM32G471CET3, STM32G471CET6, STM32G471CEU3, STM32G471CEU6, STM32G471MCT6, STM32G471MET3, STM32G471MET6, STM32G471MEY6TR, STM32G471QCT6, STM32G471QET3, STM32G471RCT6, STM32G471RET3, STM32G471RET6, STM32G471VCH6, STM32G471VCI6, STM32G471VCT6, STM32G471VEH3, STM32G471VEH6, STM32G471VEI3, STM32G471VEI6, STM32G471VET3, STM32G471VET6, STM32G473QET3Z, STM32G473RET3Z, STM32G474CCT6, STM32G491RET3Z, STM32H503CBT6, STM32H503CBU6, STM32H503EBY6TR, STM32H503KBU6, STM32H503RBT6, STM32H523CCT6, STM32H523CCU6, STM32H523CET6, STM32H523CEU6, STM32H523HEY6TR, STM32H523RCT6, STM32H523RET6, STM32H523VCI6, STM32H523VCT6, STM32H523VEI6, STM32H523VET6, STM32H523ZCJ6, STM32H523ZCT6, STM32H523ZEJ6, STM32H523ZET6, STM32H533CET6, STM32H533CEU6, STM32H533HEY6TR, STM32H533RET6, STM32H533VEI6, STM32H533VET6, STM32H533ZEJ6, STM32H533ZET6, STM32H562AGI6, STM32H562AII6, STM32H562IGK6, STM32H562IGT6, STM32H562IIK6, STM32H562IIT6, STM32H562RGT6, STM32H562RGV6, STM32H562RIT6, STM32H562RIV6, STM32H562VGT6, STM32H562VIT6, STM32H562ZGT6, STM32H562ZIT6, STM32H563AGI6, STM32H563AII3Q, STM32H563AII6, STM32H563IGK6, STM32H563IGT6, STM32H563IIK3Q, STM32H563IIK6, STM32H563IIT3Q, STM32H563IIT6, STM32H563MIY3QTR, STM32H563RGT6, STM32H563RGV6, STM32H563RIT6, STM32H563RIV6, STM32H563VGT6, STM32H563VIT3Q, STM32H563VIT6, STM32H563ZGT6, STM32H563ZIT3Q, STM32H563ZIT6, STM32H573AII3Q, STM32H573AII6, STM32H573I-DK, STM32H573IIK3Q, STM32H573IIK6, STM32H573IIT3Q, STM32H573IIT6, STM32H573MIY3QTR, STM32H573RIT6, STM32H573RIV6, STM32H573VIT3Q, STM32H573VIT6, STM32H573ZIT3Q, STM32H573ZIT6, STM32H7R3A8I6, STM32H7R3I8K6, STM32H7R3I8T6, STM32H7R3L8H6, STM32H7R3L8H6H, STM32H7R3R8V6, STM32H7R3V8H6, STM32H7R3V8T6, STM32H7R3V8Y6TR, STM32H7R3Z8J6, STM32H7R3Z8T6, STM32H7R7A8I6, STM32H7R7I8K6, STM32H7R7I8T6, STM32H7R7L8H6, STM32H7R7L8H6H, STM32H7R7Z8J6, STM32H7S3A8I6, STM32H7S3I8K6, STM32H7S3I8T6, STM32H7S3L8H6, STM32H7S3L8H6H, STM32H7S3R8V6, STM32H7S3V8H6, STM32H7S3V8T6, STM32H7S3V8Y6TR, STM32H7S3Z8J6, STM32H7S3Z8T6, STM32H7S78-DK, STM32H7S7A8I6, STM32H7S7I8K6, STM32H7S7I8T6, STM32H7S7L8H6, STM32H7S7L8H6H, STM32H7S7Z8J6, STM32L4R5QGI6STR, STM32MP131AAE3, STM32MP131AAF3, STM32MP131AAG3, STM32MP131CAE3, STM32MP131CAF3, STM32MP131CAG3, STM32MP131DAE7, STM32MP131DAF7, STM32MP131DAG7, STM32MP131FAE7, STM32MP131FAF7, STM32MP131FAG7, STM32MP133AAE3, STM32MP133AAF3, STM32MP133AAG3, STM32MP133CAE3, STM32MP133CAF3, STM32MP133CAG3, STM32MP133DAE7, STM32MP133DAF7, STM32MP133DAG7, STM32MP133FAE7, STM32MP133FAF7, STM32MP133FAG7, STM32MP135AAE3, STM32MP135AAF3, STM32MP135AAG3, STM32MP135CAE3, STM32MP135CAF3, STM32MP135CAG3, STM32MP135DAE7, STM32MP135DAF7, STM32MP135DAG7, STM32MP135F-DK, STM32MP135FAE7, STM32MP135FAF7, STM32MP135FAF7T, STM32MP135FAF7U, STM32MP135FAG7, STM32MP211AAL3, STM32MP211AAM3, STM32MP211AAN3, STM32MP211AAO3, STM32MP211CAL3, STM32MP211CAM3, STM32MP211CAN3, STM32MP211CAO3, STM32MP211DAL3, STM32MP211DAM3, STM32MP211DAN3, STM32MP211DAO3, STM32MP211FAL3, STM32MP211FAM3, STM32MP211FAN3, STM32MP211FAO3, STM32MP213AAL3, STM32MP213AAM3, STM32MP213AAN3, STM32MP213AAO3, STM32MP213CAL3, STM32MP213CAM3, STM32MP213CAN3, STM32MP213CAO3, STM32MP213DAL3, STM32MP213DAM3, STM32MP213DAN3, STM32MP213DAO3, STM32MP213FAL3, STM32MP213FAM3, STM32MP213FAN3, STM32MP213FAO3, STM32MP215AAL3, STM32MP215AAM3, STM32MP215AAN3, STM32MP215AAO3, STM32MP215CAL3, STM32MP215CAM3, STM32MP215CAN3, STM32MP215CAO3, STM32MP215DAL3, STM32MP215DAM3, STM32MP215DAN3, STM32MP215DAO3, STM32MP215F-DK, STM32MP215FAL3, STM32MP215FAM3, STM32MP215FAN3, STM32MP215FAO3, STM32MP231AAJ3, STM32MP231AAK3, STM32MP231AAL3, STM32MP231CAJ3, STM32MP231CAK3, STM32MP231CAL3, STM32MP231DAJ3, STM32MP231DAK3, STM32MP231DAL3, STM32MP231FAJ3, STM32MP231FAK3, STM32MP231FAL3, STM32MP233AAJ3, STM32MP233AAK3, STM32MP233AAL3, STM32MP233CAJ3, STM32MP233CAK3, STM32MP233CAL3, STM32MP233DAJ3, STM32MP233DAK3, STM32MP233DAL3, STM32MP233FAJ3, STM32MP233FAK3, STM32MP233FAL3, STM32MP235AAJ3, STM32MP235AAK3, STM32MP235AAL3, STM32MP235CAJ3, STM32MP235CAK3, STM32MP235CAL3, STM32MP235DAJ3, STM32MP235DAK3, STM32MP235DAL3, STM32MP235FAJ3, STM32MP235FAK3, STM32MP235FAL3, STM32MP251AAI3, STM32MP251AAK3, STM32MP251AAL3, STM32MP251CAI3, STM32MP251CAK3, STM32MP251CAL3, STM32MP251DAI3, STM32MP251DAK3, STM32MP251DAL3, STM32MP251FAI3, STM32MP251FAK3, STM32MP251FAL3, STM32MP253AAI3, STM32MP253AAK3, STM32MP253AAL3, STM32MP253CAI3, STM32MP253CAK3, STM32MP253CAL3, STM32MP253DAI3, STM32MP253DAK3, STM32MP253DAL3, STM32MP253FAI3, STM32MP253FAK3, STM32MP253FAL3, STM32MP255AAI3, STM32MP255AAK3, STM32MP255AAL3, STM32MP255CAI3, STM32MP255CAK3, STM32MP255CAL3, STM32MP255DAI3, STM32MP255DAK3, STM32MP255DAL3, STM32MP255FAI3, STM32MP255FAK3, STM32MP255FAL3, STM32MP257AAI3, STM32MP257AAK3, STM32MP257AAL3, STM32MP257CAI3, STM32MP257CAK3, STM32MP257CAL3, STM32MP257DAI3, STM32MP257DAK3, STM32MP257DAL3, STM32MP257F-DK, STM32MP257F-EV1, STM32MP257FAI3, STM32MP257FAK3, STM32MP257FAL3, STM32N645A0H3Q, STM32N645B0H3Q, STM32N645I0H3Q, STM32N645L0H3Q, STM32N645X0H3Q, STM32N645Z0H3Q, STM32N647A0H3Q, STM32N647B0H3Q, STM32N647I0H3Q, STM32N647L0H3Q, STM32N647X0H3Q, STM32N647Z0H3Q, STM32N655A0H3Q, STM32N655B0H3Q, STM32N655I0H3Q, STM32N655L0H3Q, STM32N655X0H3Q, STM32N655Z0H3Q, STM32N6570-DK, STM32N657A0H3Q, STM32N657B0H3Q, STM32N657I0H3Q, STM32N657L0H3Q, STM32N657X0H3Q, STM32N657Z0H3Q, STM32U031C6T6, STM32U031C6U6, STM32U031C8T6, STM32U031C8U6, STM32U031F4P6, STM32U031F6P6, STM32U031F8P6, STM32U031G6Y6TR, STM32U031G8Y6TR, STM32U031K4U6, STM32U031K6U6, STM32U031K8U6, STM32U031R6I6, STM32U031R6T6, STM32U031R8I6, STM32U031R8T6, STM32U073C8T6, STM32U073C8U6, STM32U073CBT6, STM32U073CBU6, STM32U073CCT6, STM32U073CCU6, STM32U073H8Y6TR, STM32U073HBY6TR, STM32U073HCY6TR, STM32U073K8U6, STM32U073KBU6, STM32U073KCU6, STM32U073M8I6, STM32U073M8T6, STM32U073MBI6, STM32U073MBT6, STM32U073MCI6, STM32U073MCT6, STM32U073R8I6, STM32U073R8T6, STM32U073RBI6, STM32U073RBT6, STM32U073RCI6, STM32U073RCT6, STM32U083C-DK, STM32U083CCT6, STM32U083CCU6, STM32U083HCY6TR, STM32U083KCU6, STM32U083MCI6, STM32U083MCT6, STM32U083RCI6, STM32U083RCT6, STM32U375CET6, STM32U375CET6Q, STM32U375CEU6, STM32U375CEU6Q, STM32U375CEY6QTR, STM32U375CGT6, STM32U375CGT6Q, STM32U375CGU6, STM32U375CGU6Q, STM32U375CGY6QTR, STM32U375KEU6, STM32U375KGU6, STM32U375REI6, STM32U375REI6Q, STM32U375RET6, STM32U375RET6Q, STM32U375REY6GTR, STM32U375REY6QTR, STM32U375RGI6, STM32U375RGI6Q, STM32U375RGT6, STM32U375RGT6Q, STM32U375RGY6GTR, STM32U375RGY6QTR, STM32U375VEI6, STM32U375VEI6Q, STM32U375VET6, STM32U375VET6Q, STM32U375VGI6, STM32U375VGI6Q, STM32U375VGT6, STM32U375VGT6Q, STM32U385CGT6, STM32U385CGT6Q, STM32U385CGU6, STM32U385CGU6Q, STM32U385CGY6QTR, STM32U385KGU6, STM32U385RGI6, STM32U385RGI6Q, STM32U385RGT6, STM32U385RGT6Q, STM32U385RGY6GTR, STM32U385RGY6QTR, STM32U385VGI6, STM32U385VGI6Q, STM32U385VGT6, STM32U385VGT6Q, STM32U535CBT6, STM32U535CBT6Q, STM32U535CBU6, STM32U535CBU6Q, STM32U535CCT6, STM32U535CCT6Q, STM32U535CCU6, STM32U535CCU6Q, STM32U535CET6, STM32U535CET6Q, STM32U535CEU6, STM32U535CEU6Q, STM32U535JEY6QTR, STM32U535NCY6QTR, STM32U535NEY6QTR, STM32U535RBI6, STM32U535RBI6Q, STM32U535RBT6, STM32U535RBT6Q, STM32U535RCI6, STM32U535RCI6Q, STM32U535RCT6, STM32U535RCT6Q, STM32U535REI6, STM32U535REI6Q, STM32U535RET6, STM32U535RET6Q, STM32U535VCI6, STM32U535VCI6Q, STM32U535VCT6, STM32U535VCT6Q, STM32U535VEI6, STM32U535VEI6Q, STM32U535VET6, STM32U535VET6Q, STM32U545CET6, STM32U545CET6Q, STM32U545CEU6, STM32U545CEU6Q, STM32U545JEY6QTR, STM32U545NEY6QTR, STM32U545REI6, STM32U545REI6Q, STM32U545RET6, STM32U545RET6Q, STM32U545VEI6, STM32U545VEI6Q, STM32U545VET6, STM32U545VET6Q, STM32U595AIH6, STM32U595AIH6Q, STM32U595AJH6, STM32U595AJH6Q, STM32U595QII6, STM32U595QII6Q, STM32U595QJI6, STM32U595QJI6Q, STM32U595RIT6, STM32U595RIT6Q, STM32U595RJT6, STM32U595RJT6Q, STM32U595VIT6, STM32U595VIT6Q, STM32U595VJT6, STM32U595VJT6Q, STM32U595ZIT6, STM32U595ZIT6Q, STM32U595ZIY6QTR, STM32U595ZJT6, STM32U595ZJT6Q, STM32U595ZJY6QTR, STM32U599BJY6QTR, STM32U599NIH6Q, STM32U599NJH6Q, STM32U599VIT6Q, STM32U599VJT6, STM32U599VJT6Q, STM32U599ZIT6Q, STM32U599ZIY6QTR, STM32U599ZJT6Q, STM32U599ZJY6QTR, STM32U5A5AJH6, STM32U5A5AJH6Q, STM32U5A5QII3Q , STM32U5A5QJI6, STM32U5A5QJI6Q, STM32U5A5RJT6, STM32U5A5RJT6Q, STM32U5A5VJT6, STM32U5A5VJT6Q, STM32U5A5ZJT6, STM32U5A5ZJT6Q, STM32U5A5ZJY6QTR, STM32U5A9BJY6QTR, STM32U5A9J-DK, STM32U5A9NJH6Q, STM32U5A9VJT6Q, STM32U5A9ZJT6Q, STM32U5A9ZJY6QTR, STM32U5F7VIT6, STM32U5F7VIT6Q, STM32U5F7VJT6, STM32U5F7VJT6Q, STM32U5F9BJY6QTR, STM32U5F9NJH6Q, STM32U5F9VIT6Q, STM32U5F9VJT6Q, STM32U5F9ZIJ6QTR, STM32U5F9ZIT6Q, STM32U5F9ZJJ6QTR, STM32U5F9ZJT6Q, STM32U5G7VJT6, STM32U5G7VJT6Q, STM32U5G9BJY6QTR, STM32U5G9J-DK1, STM32U5G9J-DK2, STM32U5G9NJH6Q, STM32U5G9VJT6Q, STM32U5G9ZJJ6QTR, STM32U5G9ZJT6Q, STM32WB05KZV6TR, STM32WB05KZV7TR, STM32WB05TZF6TR, STM32WB05TZF7TR, STM32WB06CCF6TR, STM32WB06CCF7TR, STM32WB06CCV6TR, STM32WB06CCV7TR, STM32WB06KCV6TR, STM32WB06KCV7TR, STM32WB07CCF6TR, STM32WB07CCF7TR, STM32WB07CCV6TR, STM32WB07CCV7TR, STM32WB07KCV6TR, STM32WB07KCV7TR, STM32WB09KEV6TR, STM32WB09KEV7TR, STM32WB09TEF6TR, STM32WB09TEF7TR, STM32WB1MMCH6, STM32WBA50KGU6, STM32WBA50KGU6TR, STM32WBA52CEU6, STM32WBA52CEU6TR, STM32WBA52CEU7, STM32WBA52CEU7TR, STM32WBA52CGU6, STM32WBA52CGU6TR, STM32WBA52CGU6U, STM32WBA52CGU7, STM32WBA52CGU7TR, STM32WBA52KEU6, STM32WBA52KEU6TR, STM32WBA52KGU6, STM32WBA52KGU6TR, STM32WBA54CEU6, STM32WBA54CEU6TR, STM32WBA54CEU7, STM32WBA54CEU7TR, STM32WBA54CGU6, STM32WBA54CGU6TR, STM32WBA54CGU7, STM32WBA54CGU7TR, STM32WBA54KEU6, STM32WBA54KEU6TR, STM32WBA54KEU7, STM32WBA54KEU7TR, STM32WBA54KGU6, STM32WBA54KGU6TR, STM32WBA54KGU7, STM32WBA54KGU7TR, STM32WBA55CEU6, STM32WBA55CEU6TR, STM32WBA55CEU7, STM32WBA55CEU7TR, STM32WBA55CGU6, STM32WBA55CGU6TR, STM32WBA55CGU6U, STM32WBA55CGU7, STM32WBA55CGU7TR, STM32WBA55G-DK1, STM32WBA55HEF6, STM32WBA55HEF7, STM32WBA55HGF6, STM32WBA55HGF7, STM32WBA55UEI6, STM32WBA55UEI6TR, STM32WBA55UEI7, STM32WBA55UEI7TR, STM32WBA55UGI6, STM32WBA55UGI6TR, STM32WBA55UGI7, STM32WBA55UGI7TR, STM32WBA5MMGH6TR, STM32WBA62MGF6, STM32WBA62MIF6, STM32WBA65MGF7, STM32WBA65MIF6, STM32WBA65MIF7, STM32WL30K8V6, STM32WL30KBV6, STM32WL31C8V6, STM32WL31CBV6, STM32WL31K8V6, STM32WL31KBV6, STM32WL33C8V6, STM32WL33C8V6X, STM32WL33CBV6, STM32WL33CBV6X, STM32WL33CCV6, STM32WL33CCV6A, STM32WL33CCV6X, STM32WL33K8V7, STM32WL33K8V7X, STM32WL33KBV7 , STM32WL33KBV7X, STM32WL33KCV7, STM32WL33KCV7X, STM32WL5MOCH6, STM32WL5MOCH6TR]
2025-10-11 19:18:18,013 [INFO] DbMcus:218 - Found 4801 MCUs, 4801 are supported
2025-10-11 19:18:18,013 [INFO] ApiDb:423 - Load user favorites file /home/oleksii/.stm32cubeide/favorites.mcus.txt: 0 item(s)
2025-10-11 19:18:18,013 [INFO] ApiDb:427 - User favorites MCUs=[]
2025-10-11 19:18:18,014 [INFO] DbMcus:224 - Set 0 / 0 favorites MCUs
2025-10-11 19:18:18,340 [INFO] ApiDb:423 - Load user favorites file /home/oleksii/.stm32cubeide/favorites.boards.txt: 0 item(s)
2025-10-11 19:18:18,340 [INFO] ApiDb:427 - User favorites Boards=[]
2025-10-11 19:18:18,340 [INFO] DbBoards:198 - Set 0 / 0 favorites Boards
2025-10-11 19:18:18,379 [INFO] UtilMem:75 - End LoadConfig() Used Memory: 435604800 Bytes (781189120)
2025-10-11 19:18:18,491 [WARN] ThirdParty:833 - waiting for thirdparty lock release [change project]
2025-10-11 19:18:18,491 [INFO] ThirdParty:835 - entering critical section [change project]
2025-10-11 19:18:18,491 [INFO] ThirdParty:1030 - CMSIS Pack Vendor :STMicroelectronics X-CUBE-PM33A1 1.0.0
2025-10-11 19:18:18,491 [INFO] ThirdParty:1030 - CMSIS Pack Vendor :STMicroelectronics USBPD 4.1
2025-10-11 19:18:18,491 [INFO] ThirdParty:1030 - CMSIS Pack Vendor :STMicroelectronics X-CUBE-NFC9 1.0.0
2025-10-11 19:18:18,491 [INFO] ThirdParty:1030 - CMSIS Pack Vendor :STMicroelectronics USB_HOST 2.0.0
2025-10-11 19:18:18,491 [INFO] ThirdParty:1030 - CMSIS Pack Vendor :STMicroelectronics FP-SNS-MOTENVWB1 1.4.0
2025-10-11 19:18:18,491 [INFO] ThirdParty:1030 - CMSIS Pack Vendor :STMicroelectronics X-CUBE-AZRTOS-F4 1.1.0
2025-10-11 19:18:18,491 [INFO] ThirdParty:1030 - CMSIS Pack Vendor :STMicroelectronics LIBJPEG 8.0.0
2025-10-11 19:18:18,491 [INFO] ThirdParty:1030 - CMSIS Pack Vendor :STMicroelectronics FP-ATR-ASTRA1 2.0.2
2025-10-11 19:18:18,491 [INFO] ThirdParty:1030 - CMSIS Pack Vendor :wolfSSL I-CUBE-wolfSSL 5.8.2
2025-10-11 19:18:18,491 [INFO] ThirdParty:1030 - CMSIS Pack Vendor :STMicroelectronics X-CUBE-BLE1 7.1.0
2025-10-11 19:18:18,491 [INFO] ThirdParty:1030 - CMSIS Pack Vendor :Avnet-IotConnect X-CUBE-IoTC-DA16k-PMOD 1.0.0
2025-10-11 19:18:18,492 [INFO] ThirdParty:1030 - CMSIS Pack Vendor :STMicroelectronics X-CUBE-SMBUS 2.1.0
2025-10-11 19:18:18,492 [INFO] ThirdParty:1030 - CMSIS Pack Vendor :wolfSSL I-CUBE-wolfMQTT 1.19.2
2025-10-11 19:18:18,492 [INFO] ThirdParty:1030 - CMSIS Pack Vendor :STMicroelectronics USB_DEVICE 3.0.0
2025-10-11 19:18:18,492 [INFO] ThirdParty:1030 - CMSIS Pack Vendor :STMicroelectronics X-CUBE-ISPU 2.1.0
2025-10-11 19:18:18,492 [INFO] ThirdParty:1030 - CMSIS Pack Vendor :STMicroelectronics X-CUBE-EEPRMA1 5.2.0
2025-10-11 19:18:18,492 [INFO] ThirdParty:1030 - CMSIS Pack Vendor :STMicroelectronics X-CUBE-BLEMGR 4.1.0
2025-10-11 19:18:18,492 [INFO] ThirdParty:1030 - CMSIS Pack Vendor :STMicroelectronics X-CUBE-AZRTOS-WB 2.0.0
2025-10-11 19:18:18,492 [INFO] ThirdParty:1030 - CMSIS Pack Vendor :STMicroelectronics X-CUBE-ST60 1.0.0
2025-10-11 19:18:18,492 [INFO] ThirdParty:1030 - CMSIS Pack Vendor :STMicroelectronics X-CUBE-GNSS1 7.0.1
2025-10-11 19:18:18,492 [INFO] ThirdParty:1030 - CMSIS Pack Vendor :STMicroelectronics X-CUBE-NFC12 1.0.0
2025-10-11 19:18:18,492 [INFO] ThirdParty:1030 - CMSIS Pack Vendor :STMicroelectronics X-CUBE-AZRTOS-F7 1.1.0
2025-10-11 19:18:18,492 [INFO] ThirdParty:1030 - CMSIS Pack Vendor :STMicroelectronics X-CUBE-AZRTOS-L5 2.0.0
2025-10-11 19:18:18,492 [INFO] ThirdParty:1030 - CMSIS Pack Vendor :STMicroelectronics X-CUBE-TOUCHGFX 4.25.0
2025-10-11 19:18:18,492 [INFO] ThirdParty:1030 - CMSIS Pack Vendor :STMicroelectronics USB_DEVICE 2.0.0
2025-10-11 19:18:18,492 [INFO] ThirdParty:1030 - CMSIS Pack Vendor :STMicroelectronics X-CUBE-NFC6 3.1.0
2025-10-11 19:18:18,492 [INFO] ThirdParty:1030 - CMSIS Pack Vendor :quantropi X-CUBE-qispace-sdk-base 2.1.0
2025-10-11 19:18:18,492 [INFO] ThirdParty:1030 - CMSIS Pack Vendor :STMicroelectronics FreeRTOS 0.0.1
2025-10-11 19:18:18,492 [INFO] ThirdParty:1030 - CMSIS Pack Vendor :STMicroelectronics X-CUBE-AZRTOS-G0 1.1.0
2025-10-11 19:18:18,492 [INFO] ThirdParty:1030 - CMSIS Pack Vendor :STMicroelectronics X-CUBE-SAFEA1 1.2.2
2025-10-11 19:18:18,492 [INFO] ThirdParty:1030 - CMSIS Pack Vendor :STMicroelectronics X-CUBE-NFC4 3.0.0
2025-10-11 19:18:18,492 [INFO] ThirdParty:1030 - CMSIS Pack Vendor :STMicroelectronics X-CUBE-SUBG2 5.0.0
2025-10-11 19:18:18,493 [INFO] ThirdParty:1030 - CMSIS Pack Vendor :STMicroelectronics X-CUBE-AZRTOS-H7RS 1.1.0
2025-10-11 19:18:18,493 [INFO] ThirdParty:1030 - CMSIS Pack Vendor :STMicroelectronics STM32_WPAN 1.0.0
2025-10-11 19:18:18,493 [INFO] ThirdParty:1030 - CMSIS Pack Vendor :EmbeddedOffice I-CUBE-FS-RTOS 1.0.1
2025-10-11 19:18:18,493 [INFO] ThirdParty:1030 - CMSIS Pack Vendor :STMicroelectronics lwIP 2.0.3
2025-10-11 19:18:18,493 [INFO] ThirdParty:1030 - CMSIS Pack Vendor :WES I-CUBE-Cesium 1.4.0
2025-10-11 19:18:18,493 [INFO] ThirdParty:1030 - CMSIS Pack Vendor :Cesanta I-CUBE-Mongoose 7.13.0
2025-10-11 19:18:18,493 [INFO] ThirdParty:1030 - CMSIS Pack Vendor :STMicroelectronics USB_HOST 1.0.0
2025-10-11 19:18:18,493 [INFO] ThirdParty:1030 - CMSIS Pack Vendor :Infineon AIROC-Wi-Fi-Bluetooth-STM32 1.7.1
2025-10-11 19:18:18,493 [INFO] ThirdParty:1030 - CMSIS Pack Vendor :STMicroelectronics X-CUBE-AZRTOS-G4 2.0.0
2025-10-11 19:18:18,493 [INFO] ThirdParty:1030 - CMSIS Pack Vendor :STMicroelectronics X-CUBE-WB05N 2.0.0
2025-10-11 19:18:18,493 [INFO] ThirdParty:1030 - CMSIS Pack Vendor :STMicroelectronics PDM2PCM 3.1.0
2025-10-11 19:18:18,493 [INFO] ThirdParty:1030 - CMSIS Pack Vendor :STMicroelectronics PDM2PCM 3.3.0
2025-10-11 19:18:18,493 [INFO] ThirdParty:1030 - CMSIS Pack Vendor :wolfSSL I-CUBE-wolfTPM 3.8.0
2025-10-11 19:18:18,493 [INFO] ThirdParty:1030 - CMSIS Pack Vendor :STMicroelectronics X-CUBE-AZRTOS-H7 3.4.0
2025-10-11 19:18:18,493 [INFO] ThirdParty:1030 - CMSIS Pack Vendor :STMicroelectronics X-CUBE-DISPLAY 3.0.0
2025-10-11 19:18:18,494 [INFO] ThirdParty:1030 - CMSIS Pack Vendor :wolfSSL I-CUBE-wolfSSH 1.4.20
2025-10-11 19:18:18,494 [INFO] ThirdParty:1030 - CMSIS Pack Vendor :STMicroelectronics X-CUBE-NFC7 2.0.0
2025-10-11 19:18:18,494 [INFO] ThirdParty:1030 - CMSIS Pack Vendor :STMicroelectronics X-CUBE-TCPP 4.2.0
2025-10-11 19:18:18,494 [INFO] ThirdParty:1030 - CMSIS Pack Vendor :RealThread X-CUBE-RT-Thread_Nano 4.1.1
2025-10-11 19:18:18,494 [INFO] ThirdParty:1030 - CMSIS Pack Vendor :STMicroelectronics FP-ATR-SIGFOX1 3.2.0
2025-10-11 19:18:18,494 [INFO] ThirdParty:1030 - CMSIS Pack Vendor :STMicroelectronics X-CUBE-NFC10 1.0.0
2025-10-11 19:18:18,494 [INFO] ThirdParty:1030 - CMSIS Pack Vendor :STMicroelectronics X-CUBE-FREERTOS 1.3.1
2025-10-11 19:18:18,494 [INFO] ThirdParty:1030 - CMSIS Pack Vendor :STMicroelectronics HAL Drivers 0.0.0
2025-10-11 19:18:18,494 [INFO] ThirdParty:1030 - CMSIS Pack Vendor :STMicroelectronics MBEDTLS 2.16.2
2025-10-11 19:18:18,494 [INFO] ThirdParty:1030 - CMSIS Pack Vendor :STMicroelectronics X-CUBE-IPS 3.1.0
2025-10-11 19:18:18,494 [INFO] ThirdParty:1030 - CMSIS Pack Vendor :STMicroelectronics X-CUBE-ALS 1.0.2
2025-10-11 19:18:18,494 [INFO] ThirdParty:1030 - CMSIS Pack Vendor :emotas I-CUBE-CANOPEN 1.3.0
2025-10-11 19:18:18,494 [INFO] ThirdParty:1030 - CMSIS Pack Vendor :STMicroelectronics MBEDTLS 2.14.1
2025-10-11 19:18:18,494 [INFO] ThirdParty:1030 - CMSIS Pack Vendor :ITTIA_DB I-CUBE-ITTIADB 8.9.0
2025-10-11 19:18:18,494 [INFO] ThirdParty:1030 - CMSIS Pack Vendor :STMicroelectronics X-CUBE-TOUCHGFX 4.26.0
2025-10-11 19:18:18,494 [INFO] ThirdParty:1030 - CMSIS Pack Vendor :STMicroelectronics X-CUBE-STSE01 1.0.0
2025-10-11 19:18:18,494 [INFO] ThirdParty:1030 - CMSIS Pack Vendor :STMicroelectronics X-CUBE-ST67W61 1.0.0
2025-10-11 19:18:18,494 [INFO] ThirdParty:1030 - CMSIS Pack Vendor :STMicroelectronics FP-SNS-STBOX1 2.1.0
2025-10-11 19:18:18,494 [INFO] ThirdParty:1030 - CMSIS Pack Vendor :STMicroelectronics X-CUBE-AI 10.2.0
2025-10-11 19:18:18,494 [INFO] ThirdParty:1030 - CMSIS Pack Vendor :STMicroelectronics FP-SNS-STAIOTCFT 1.0.0
2025-10-11 19:18:18,494 [INFO] ThirdParty:1030 - CMSIS Pack Vendor :STMicroelectronics ThreadX 1.0.0
2025-10-11 19:18:18,494 [INFO] ThirdParty:1030 - CMSIS Pack Vendor :STMicroelectronics FP-SNS-SMARTAG2 1.2.0
2025-10-11 19:18:18,494 [INFO] ThirdParty:1030 - CMSIS Pack Vendor :STMicroelectronics FP-SNS-FLIGHT1 5.1.0
2025-10-11 19:18:18,495 [INFO] ThirdParty:1030 - CMSIS Pack Vendor :STMicroelectronics X-CUBE-AZRTOS-WL 2.0.0
2025-10-11 19:18:18,495 [INFO] ThirdParty:1030 - CMSIS Pack Vendor :SEGGER I-CUBE-embOS 1.3.1
2025-10-11 19:18:18,495 [INFO] ThirdParty:1030 - CMSIS Pack Vendor :STMicroelectronics X-CUBE-ALGOBUILD 1.4.0
2025-10-11 19:18:18,495 [INFO] ThirdParty:1030 - CMSIS Pack Vendor :STMicroelectronics X-CUBE-DPower 1.3.0
2025-10-11 19:18:18,495 [INFO] ThirdParty:1030 - CMSIS Pack Vendor :STMicroelectronics X-CUBE-MEMS1 11.3.0
2025-10-11 19:18:18,495 [INFO] ThirdParty:1030 - CMSIS Pack Vendor :STMicroelectronics FP-SNS-MOTENV1 5.0.0
2025-10-11 19:18:18,495 [INFO] ThirdParty:1030 - CMSIS Pack Vendor :STMicroelectronics USB_DEVICE 1.0.0
2025-10-11 19:18:18,495 [INFO] ThirdParty:1030 - CMSIS Pack Vendor :STMicroelectronics X-CUBE-AZRTOS-L4 2.0.0
2025-10-11 19:18:18,495 [INFO] ThirdParty:1030 - CMSIS Pack Vendor :STMicroelectronics ThreadX 0.0.2
2025-10-11 19:18:18,495 [INFO] ThirdParty:1030 - CMSIS Pack Vendor :STMicroelectronics lwIP 2.1.2
2025-10-11 19:18:18,495 [INFO] ThirdParty:1030 - CMSIS Pack Vendor :STMicroelectronics X-CUBE-SFXS2LP1 4.0.0
2025-10-11 19:18:18,495 [INFO] ThirdParty:1030 - CMSIS Pack Vendor :STMicroelectronics X-CUBE-BLE2 3.3.0
2025-10-11 19:18:18,495 [INFO] ThirdParty:1030 - CMSIS Pack Vendor :STMicroelectronics X-CUBE-TOF1 3.4.3
2025-10-11 19:18:18,495 [INFO] ThirdParty:1030 - CMSIS Pack Vendor :STMicroelectronics PDM2PCM 3.2.0
2025-10-11 19:18:18,495 [INFO] ThirdParty:841 - exiting critical section [change project]
2025-10-11 19:18:18,822 [INFO] PinOutPanel:1589 - setPackage(No Configuration,No Configuration)
2025-10-11 19:18:18,823 [INFO] PinOutPanel:1589 - setPackage(STM32F407VGTx,LQFP100)
2025-10-11 19:18:19,078 [INFO] UtilMem:75 - Before build in PCC Used Memory: 500934912 Bytes (781189120)
2025-10-11 19:18:19,473 [INFO] UtilMem:75 - After build in PCC Used Memory: 637774080 Bytes (893386752)
2025-10-11 19:18:19,503 [INFO] ApiDbMcu:532 - Load IP Config File for USB_HOST
2025-10-11 19:18:19,504 [WARN] BspModel:444 - BSP dependency skipped because of component: name='IOExpander', api='Unknown'
2025-10-11 19:18:19,526 [INFO] IPUIPlugin:80 - create IPUIPlugin
2025-10-11 19:18:19,526 [INFO] IPUIPlugin:80 - create IPUIPlugin
2025-10-11 19:18:19,526 [INFO] IPUIPlugin:80 - create IPUIPlugin
2025-10-11 19:18:19,526 [INFO] IPUIPlugin:80 - create IPUIPlugin
2025-10-11 19:18:19,526 [INFO] IPUIPlugin:80 - create IPUIPlugin
2025-10-11 19:18:19,526 [INFO] IPUIPlugin:80 - create IPUIPlugin
2025-10-11 19:18:19,526 [INFO] IPUIPlugin:80 - create IPUIPlugin
2025-10-11 19:18:19,527 [INFO] IPUIPlugin:80 - create IPUIPlugin
2025-10-11 19:18:19,527 [INFO] IPUIPlugin:80 - create IPUIPlugin
2025-10-11 19:18:19,527 [INFO] IPUIPlugin:80 - create IPUIPlugin
2025-10-11 19:18:19,527 [INFO] IPUIPlugin:80 - create IPUIPlugin
2025-10-11 19:18:19,527 [INFO] IPUIPlugin:80 - create IPUIPlugin
2025-10-11 19:18:19,527 [INFO] IPUIPlugin:80 - create IPUIPlugin
2025-10-11 19:18:19,527 [INFO] IPUIPlugin:80 - create IPUIPlugin
2025-10-11 19:18:19,527 [INFO] IPUIPlugin:80 - create IPUIPlugin
2025-10-11 19:18:19,527 [INFO] IPUIPlugin:80 - create IPUIPlugin
2025-10-11 19:18:19,527 [INFO] IPUIPlugin:80 - create IPUIPlugin
2025-10-11 19:18:19,528 [INFO] IPUIPlugin:80 - create IPUIPlugin
2025-10-11 19:18:19,528 [INFO] IPUIPlugin:80 - create IPUIPlugin
2025-10-11 19:18:19,528 [INFO] IPUIPlugin:80 - create IPUIPlugin
2025-10-11 19:18:19,528 [INFO] IPUIPlugin:80 - create IPUIPlugin
2025-10-11 19:18:19,528 [INFO] IPUIPlugin:80 - create IPUIPlugin
2025-10-11 19:18:19,528 [INFO] IPUIPlugin:80 - create IPUIPlugin
2025-10-11 19:18:19,528 [INFO] IPUIPlugin:80 - create IPUIPlugin
2025-10-11 19:18:19,528 [INFO] IPUIPlugin:80 - create IPUIPlugin
2025-10-11 19:18:19,528 [INFO] IPUIPlugin:80 - create IPUIPlugin
2025-10-11 19:18:19,529 [INFO] IPUIPlugin:80 - create IPUIPlugin
2025-10-11 19:18:19,529 [INFO] IPUIPlugin:80 - create IPUIPlugin
2025-10-11 19:18:19,529 [INFO] IPUIPlugin:80 - create IPUIPlugin
2025-10-11 19:18:19,529 [INFO] IPUIPlugin:80 - create IPUIPlugin
2025-10-11 19:18:19,530 [INFO] IPUIPlugin:80 - create IPUIPlugin
2025-10-11 19:18:19,530 [INFO] IPUIPlugin:80 - create IPUIPlugin
2025-10-11 19:18:19,530 [INFO] IPUIPlugin:80 - create IPUIPlugin
2025-10-11 19:18:19,531 [INFO] IPUIPlugin:80 - create IPUIPlugin
2025-10-11 19:18:19,531 [INFO] IPUIPlugin:80 - create IPUIPlugin
2025-10-11 19:18:19,531 [INFO] IPUIPlugin:80 - create IPUIPlugin
2025-10-11 19:18:19,531 [INFO] IPUIPlugin:80 - create IPUIPlugin
2025-10-11 19:18:19,531 [INFO] IPUIPlugin:80 - create IPUIPlugin
2025-10-11 19:18:19,531 [INFO] IPUIPlugin:80 - create IPUIPlugin
2025-10-11 19:18:19,531 [INFO] IPUIPlugin:80 - create IPUIPlugin
2025-10-11 19:18:19,531 [INFO] IPUIPlugin:80 - create IPUIPlugin
2025-10-11 19:18:19,531 [INFO] IPUIPlugin:80 - create IPUIPlugin
2025-10-11 19:18:19,531 [INFO] IPUIPlugin:80 - create IPUIPlugin
2025-10-11 19:18:19,531 [INFO] IPUIPlugin:80 - create IPUIPlugin
2025-10-11 19:18:19,531 [INFO] IPUIPlugin:80 - create IPUIPlugin
2025-10-11 19:18:19,531 [INFO] IPUIPlugin:80 - create IPUIPlugin
2025-10-11 19:18:19,532 [INFO] IPUIPlugin:80 - create IPUIPlugin
2025-10-11 19:18:19,532 [INFO] IPUIPlugin:80 - create IPUIPlugin
2025-10-11 19:18:19,532 [INFO] IPUIPlugin:80 - create IPUIPlugin
2025-10-11 19:18:19,532 [INFO] IPUIPlugin:80 - create IPUIPlugin
2025-10-11 19:18:19,532 [INFO] IPUIPlugin:80 - create IPUIPlugin
2025-10-11 19:18:19,532 [INFO] IPUIPlugin:80 - create IPUIPlugin
2025-10-11 19:18:19,532 [INFO] IPUIPlugin:80 - create IPUIPlugin
2025-10-11 19:18:19,532 [INFO] IPUIPlugin:80 - create IPUIPlugin
2025-10-11 19:18:19,533 [INFO] IPUIPlugin:80 - create IPUIPlugin
2025-10-11 19:18:19,533 [INFO] IPUIPlugin:80 - create IPUIPlugin
2025-10-11 19:18:19,533 [INFO] IPUIPlugin:80 - create IPUIPlugin
2025-10-11 19:18:19,533 [INFO] IPUIPlugin:80 - create IPUIPlugin
2025-10-11 19:18:19,536 [INFO] ApiDbMcu:532 - Load IP Config File for PDM2PCM
2025-10-11 19:18:19,540 [WARN] IP:2250 - I2C_Coeff_DF not found: check if there is a RefParameter without a condition.
2025-10-11 19:18:19,540 [WARN] IP:2250 - Analog_Filter not found: check if there is a RefParameter without a condition.
2025-10-11 19:18:19,544 [INFO] I2sManager:658 - 9.6E7
2025-10-11 19:18:19,545 [INFO] I2sManager:195 - I2S Clock Value : 9.6E7
2025-10-11 19:18:19,545 [INFO] I2sManager:553 - AudioClock : 93750Divider : 2Odd : 0
2025-10-11 19:18:19,662 [INFO] CADModel:165 - CPN selected for project levelSTM32F407VGT6
2025-10-11 19:18:19,662 [INFO] CADModel:114 - Register for checkConnection events
2025-10-11 19:18:19,699 [INFO] OpenFileManager:386 - Restore cursor
2025-10-11 19:18:19,822 [WARN] IP:2250 - I2C_Coeff_DF not found: check if there is a RefParameter without a condition.
2025-10-11 19:18:19,822 [WARN] IP:2250 - Analog_Filter not found: check if there is a RefParameter without a condition.
2025-10-11 19:18:19,822 [WARN] IP:2250 - I2C_Coeff_DF not found: check if there is a RefParameter without a condition.
2025-10-11 19:18:19,822 [WARN] IP:2250 - Analog_Filter not found: check if there is a RefParameter without a condition.
2025-10-11 19:18:46,033 [WARN] BspModel:444 - BSP dependency skipped because of component: name='IOExpander', api='Unknown'
2025-10-11 19:18:51,530 [INFO] UtilMem:75 - End SaveConfig() Used Memory: 722256744 Bytes (1073741824)
2025-10-11 19:18:58,951 [WARN] BspModel:444 - BSP dependency skipped because of component: name='IOExpander', api='Unknown'
2025-10-11 19:19:03,519 [INFO] UtilMem:75 - End SaveConfig() Used Memory: 718475864 Bytes (1073741824)
2025-10-11 19:19:05,020 [INFO] UtilMem:75 - End SaveConfig() Used Memory: 746261080 Bytes (1073741824)
2025-10-11 19:19:05,560 [INFO] UtilMem:75 - End SaveConfig() Used Memory: 915608128 Bytes (1073741824)
2025-10-11 19:19:05,812 [INFO] BlockDiagram:2775 - set Specific Code input for plugin: SPI
2025-10-11 19:19:05,812 [INFO] BlockDiagram:2775 - set Specific Code input for plugin: I2S
2025-10-11 19:19:05,812 [INFO] BlockDiagram:2775 - set Specific Code input for plugin: SYS
2025-10-11 19:19:05,812 [INFO] BlockDiagram:2775 - set Specific Code input for plugin: RCC
2025-10-11 19:19:05,812 [INFO] BlockDiagram:2775 - set Specific Code input for plugin: I2C
2025-10-11 19:19:05,812 [INFO] BlockDiagram:2775 - set Specific Code input for plugin: USB_OTG_FS
2025-10-11 19:19:05,813 [INFO] BlockDiagram:2775 - set Specific Code input for plugin: NVIC
2025-10-11 19:19:05,813 [INFO] BlockDiagram:2775 - set Specific Code input for plugin: USB_HOST
2025-10-11 19:19:05,813 [INFO] BlockDiagram:2775 - set Specific Code input for plugin: GPIO
2025-10-11 19:19:05,813 [INFO] CodeGenerator:892 - code generatio: config db path: /opt/st/stm32cubeide_1.19.0/plugins/com.st.stm32cube.common.mx_6.15.0.202507011659//db/
2025-10-11 19:19:05,817 [WARN] IP:2250 - I2C_Coeff_DF not found: check if there is a RefParameter without a condition.
2025-10-11 19:19:05,817 [WARN] IP:2250 - Analog_Filter not found: check if there is a RefParameter without a condition.
2025-10-11 19:19:05,950 [INFO] CodeEngine:265 - oldGeneratedFile, /home/oleksii/STM32CubeIDE/workspace_1.19.0/workspace_embedded/Lab2_driver/MXTmpFiles/license.tmp_save
2025-10-11 19:19:06,162 [INFO] CodeEngine:289 - Generated code: /home/oleksii/STM32CubeIDE/workspace_1.19.0/workspace_embedded/Lab2_driver/MXTmpFiles/license.tmp
2025-10-11 19:19:06,231 [INFO] CodeEngine:265 - oldGeneratedFile, /home/oleksii/STM32CubeIDE/workspace_1.19.0/workspace_embedded/Lab2_driver/MXTmpFiles/gpio.tmp_save
2025-10-11 19:19:06,332 [INFO] CodeEngine:289 - Generated code: /home/oleksii/STM32CubeIDE/workspace_1.19.0/workspace_embedded/Lab2_driver/MXTmpFiles/gpio.tmp
2025-10-11 19:19:06,397 [WARN] IPConfigManager:3238 - Warning: the RefConfig PWREx_EnableUSBVoltageDetector is not available in your config.xml file
2025-10-11 19:19:06,400 [INFO] CodeEngine:265 - oldGeneratedFile, /home/oleksii/STM32CubeIDE/workspace_1.19.0/workspace_embedded/Lab2_driver/MXTmpFiles/usb_otg_fs_vars.tmp_save
2025-10-11 19:19:06,448 [INFO] CodeEngine:289 - Generated code: /home/oleksii/STM32CubeIDE/workspace_1.19.0/workspace_embedded/Lab2_driver/MXTmpFiles/usb_otg_fs_vars.tmp
2025-10-11 19:19:06,448 [INFO] CodeEngine:265 - oldGeneratedFile, /home/oleksii/STM32CubeIDE/workspace_1.19.0/workspace_embedded/Lab2_driver/MXTmpFiles/usb_otg_fs_inc.tmp_save
2025-10-11 19:19:06,487 [INFO] CodeEngine:289 - Generated code: /home/oleksii/STM32CubeIDE/workspace_1.19.0/workspace_embedded/Lab2_driver/MXTmpFiles/usb_otg_fs_inc.tmp
2025-10-11 19:19:06,487 [INFO] CodeEngine:265 - oldGeneratedFile, /home/oleksii/STM32CubeIDE/workspace_1.19.0/workspace_embedded/Lab2_driver/MXTmpFiles/usb_otg_fs_HalInit.tmp_save
2025-10-11 19:19:06,537 [INFO] CodeEngine:289 - Generated code: /home/oleksii/STM32CubeIDE/workspace_1.19.0/workspace_embedded/Lab2_driver/MXTmpFiles/usb_otg_fs_HalInit.tmp
2025-10-11 19:19:06,538 [INFO] CodeEngine:265 - oldGeneratedFile, /home/oleksii/STM32CubeIDE/workspace_1.19.0/workspace_embedded/Lab2_driver/MXTmpFiles/usb_otg_fs_Msp.tmp_save
2025-10-11 19:19:06,592 [INFO] CodeEngine:289 - Generated code: /home/oleksii/STM32CubeIDE/workspace_1.19.0/workspace_embedded/Lab2_driver/MXTmpFiles/usb_otg_fs_Msp.tmp
2025-10-11 19:19:06,769 [INFO] CodeEngine:265 - oldGeneratedFile, /home/oleksii/STM32CubeIDE/workspace_1.19.0/workspace_embedded/Lab2_driver/USB_HOST/App/usb_host.c_save
2025-10-11 19:19:06,830 [INFO] CodeEngine:289 - Generated code: /home/oleksii/STM32CubeIDE/workspace_1.19.0/workspace_embedded/Lab2_driver/USB_HOST/App/usb_host.c
2025-10-11 19:19:06,831 [INFO] CodeEngine:265 - oldGeneratedFile, /home/oleksii/STM32CubeIDE/workspace_1.19.0/workspace_embedded/Lab2_driver/USB_HOST/App/usb_host.h_save
2025-10-11 19:19:06,870 [INFO] CodeEngine:289 - Generated code: /home/oleksii/STM32CubeIDE/workspace_1.19.0/workspace_embedded/Lab2_driver/USB_HOST/App/usb_host.h
2025-10-11 19:19:06,871 [INFO] CodeEngine:265 - oldGeneratedFile, /home/oleksii/STM32CubeIDE/workspace_1.19.0/workspace_embedded/Lab2_driver/USB_HOST/Target/usbh_conf.h_save
2025-10-11 19:19:06,920 [INFO] CodeEngine:289 - Generated code: /home/oleksii/STM32CubeIDE/workspace_1.19.0/workspace_embedded/Lab2_driver/USB_HOST/Target/usbh_conf.h
2025-10-11 19:19:06,920 [INFO] CodeEngine:265 - oldGeneratedFile, /home/oleksii/STM32CubeIDE/workspace_1.19.0/workspace_embedded/Lab2_driver/USB_HOST/Target/usbh_conf.c_save
2025-10-11 19:19:06,961 [INFO] CodeEngine:289 - Generated code: /home/oleksii/STM32CubeIDE/workspace_1.19.0/workspace_embedded/Lab2_driver/USB_HOST/Target/usbh_conf.c
2025-10-11 19:19:06,962 [INFO] CodeEngine:265 - oldGeneratedFile, /home/oleksii/STM32CubeIDE/workspace_1.19.0/workspace_embedded/Lab2_driver/USB_HOST/Target/usbh_platform.c_save
2025-10-11 19:19:06,999 [INFO] CodeEngine:289 - Generated code: /home/oleksii/STM32CubeIDE/workspace_1.19.0/workspace_embedded/Lab2_driver/USB_HOST/Target/usbh_platform.c
2025-10-11 19:19:07,000 [INFO] CodeEngine:265 - oldGeneratedFile, /home/oleksii/STM32CubeIDE/workspace_1.19.0/workspace_embedded/Lab2_driver/USB_HOST/Target/usbh_platform.h_save
2025-10-11 19:19:07,036 [INFO] CodeEngine:289 - Generated code: /home/oleksii/STM32CubeIDE/workspace_1.19.0/workspace_embedded/Lab2_driver/USB_HOST/Target/usbh_platform.h
2025-10-11 19:19:07,041 [INFO] CodeEngine:265 - oldGeneratedFile, /home/oleksii/STM32CubeIDE/workspace_1.19.0/workspace_embedded/Lab2_driver/Core/Src/stm32f4xx_it.c_save
2025-10-11 19:19:07,093 [INFO] CodeEngine:289 - Generated code: /home/oleksii/STM32CubeIDE/workspace_1.19.0/workspace_embedded/Lab2_driver/Core/Src/stm32f4xx_it.c
2025-10-11 19:19:07,094 [INFO] CodeEngine:265 - oldGeneratedFile, /home/oleksii/STM32CubeIDE/workspace_1.19.0/workspace_embedded/Lab2_driver/Core/Inc/stm32f4xx_it.h_save
2025-10-11 19:19:07,132 [INFO] CodeEngine:289 - Generated code: /home/oleksii/STM32CubeIDE/workspace_1.19.0/workspace_embedded/Lab2_driver/Core/Inc/stm32f4xx_it.h
2025-10-11 19:19:07,137 [INFO] CodeEngine:265 - oldGeneratedFile, /home/oleksii/STM32CubeIDE/workspace_1.19.0/workspace_embedded/Lab2_driver/Core/Src/stm32f4xx_hal_msp.c_save
2025-10-11 19:19:07,212 [INFO] CodeEngine:289 - Generated code: /home/oleksii/STM32CubeIDE/workspace_1.19.0/workspace_embedded/Lab2_driver/Core/Src/stm32f4xx_hal_msp.c
2025-10-11 19:19:07,213 [INFO] CodeEngine:265 - oldGeneratedFile, /home/oleksii/STM32CubeIDE/workspace_1.19.0/workspace_embedded/Lab2_driver/MXTmpFiles/system.tmp_save
2025-10-11 19:19:07,250 [INFO] CodeEngine:289 - Generated code: /home/oleksii/STM32CubeIDE/workspace_1.19.0/workspace_embedded/Lab2_driver/MXTmpFiles/system.tmp
2025-10-11 19:19:07,252 [INFO] CodeEngine:321 - oldGeneratedFile, /home/oleksii/STM32CubeIDE/workspace_1.19.0/workspace_embedded/Lab2_driver/Core/Inc/stm32f4xx_hal_conf.h_save
2025-10-11 19:19:07,295 [INFO] CodeEngine:345 - Generated code: /home/oleksii/STM32CubeIDE/workspace_1.19.0/workspace_embedded/Lab2_driver/Core/Inc/stm32f4xx_hal_conf.h
2025-10-11 19:19:07,310 [INFO] ApiDbMcu:532 - Load IP Config File for I2C1
2025-10-11 19:19:07,312 [INFO] ApiDbMcu:532 - Load IP Config File for I2S3
2025-10-11 19:19:07,314 [INFO] ApiDbMcu:532 - Load IP Config File for SPI1
2025-10-11 19:19:07,316 [INFO] ApiDbMcu:532 - Load IP Config File for RCC
2025-10-11 19:19:07,319 [INFO] CodeEngine:265 - oldGeneratedFile, /home/oleksii/STM32CubeIDE/workspace_1.19.0/workspace_embedded/Lab2_driver/Core/Inc/main.h_save
2025-10-11 19:19:07,373 [INFO] CodeEngine:289 - Generated code: /home/oleksii/STM32CubeIDE/workspace_1.19.0/workspace_embedded/Lab2_driver/Core/Inc/main.h
2025-10-11 19:19:07,374 [INFO] CodeEngine:265 - oldGeneratedFile, /home/oleksii/STM32CubeIDE/workspace_1.19.0/workspace_embedded/Lab2_driver/Core/Src/main.c_save
2025-10-11 19:19:07,453 [INFO] CodeEngine:289 - Generated code: /home/oleksii/STM32CubeIDE/workspace_1.19.0/workspace_embedded/Lab2_driver/Core/Src/main.c
2025-10-11 19:19:07,642 [INFO] ProjectBuilder:3606 - Time for Copy HAL[1] : 16mS.
2025-10-11 19:19:07,645 [INFO] ProjectBuilder:5216 - Project Generator version: 4.7.0-B52
2025-10-11 19:19:07,719 [INFO] ConfigFileManager:1595 - The Die is : DIE413
2025-10-11 19:19:07,721 [INFO] ApiDbMcu:532 - Load IP Config File for FATFS
2025-10-11 19:19:07,723 [INFO] ApiDbMcu:532 - Load IP Config File for FREERTOS
2025-10-11 19:19:07,724 [INFO] ApiDbMcu:532 - Load IP Config File for LIBJPEG
2025-10-11 19:19:07,727 [INFO] ApiDbMcu:532 - Load IP Config File for LWIP
2025-10-11 19:19:07,730 [INFO] ApiDbMcu:532 - Load IP Config File for MBEDTLS
2025-10-11 19:19:07,735 [INFO] ApiDbMcu:532 - Load IP Config File for USB_DEVICE
2025-10-11 19:19:07,955 [INFO] LogOutputStream:77 - [STDOUT_REDIRECT] 
2025-10-11 19:19:08,363 [INFO] ProjectBuilder:5496 - Time for Generating toolchain IDE Files: 717mS.
2025-10-11 19:19:08,363 [INFO] ProjectBuilder:3463 - Time for Copy CMSIS : 0mS.
2025-10-11 19:19:08,364 [INFO] ProjectBuilder:3463 - Time for Copy CMSIS : 0mS.
2025-10-11 20:20:16,727 [INFO] MainUpdater:2872 - connection check result : 10
2025-10-11 20:20:16,927 [INFO] McuFinderGlobals:76 - Set McuFinderConnectedMode to true
2025-10-11 20:20:16,938 [INFO] MultiScanPanel:200 - Auto-refresh data requested => check proxy status ongoing
2025-10-11 20:20:16,939 [INFO] FinderPluginLoader:96 - Searching for filters in installed packs
2025-10-11 20:20:17,806 [INFO] LoadUrlFilesThread:185 - End of LoadServerUrlFiles without Thread
2025-10-11 20:20:17,824 [INFO] DetailPanel:341 - Set advertising image to /home/oleksii/STM32Cube/Repository//en.mcu-finder-stm32n6dk.jpg
2025-10-11 20:20:18,468 [INFO] MultiScanPanel:200 - Auto-refresh data requested => check proxy status ongoing
2025-10-11 20:20:18,528 [INFO] LoadUrlFilesThread:185 - End of LoadServerUrlFiles without Thread
2025-10-11 20:20:18,528 [INFO] DetailPanel:341 - Set advertising image to /home/oleksii/STM32Cube/Repository//en.mcu-finder-stm32n6dk.jpg
2025-10-11 20:20:18,535 [INFO] DbBoards:642 - Loading board mini-images...
2025-10-11 20:20:19,884 [ERROR] DbBoards:659 - Image file not found for board STM32MP215F-DK: /home/oleksii/.stmcufinder/plugins/mcufinder//mcu//boards_images/STM32MP215F-DK.jpg
2025-10-11 20:20:19,959 [INFO] DbBoards:665 - Loaded 211 board mini-images
2025-10-11 20:20:19,977 [INFO] MultiScanPanel:200 - Auto-refresh data requested => check proxy status ongoing
2025-10-11 20:20:19,979 [INFO] ApiDb:668 - CubeFinder database Data Model version=2.1
2025-10-11 20:20:19,979 [INFO] ApiDb:669 - CubeFinder database Configuration version=3.0.39
2025-10-11 20:20:19,979 [INFO] ApiDb:670 - CubeFinder database generation date=2025-08-25 (1756130511)
2025-10-11 20:20:19,979 [INFO] ApiDb:671 - CubeFinder database FW Pack versions=[FP-ATR-ASTRA1_V2.0.0, FP-SNS-FLIGHT1_V5.1.0, FP-SNS-MOTENV1_V5.0.0, FP-SNS-MOTENVWB1_V1.4.0, FP-SNS-SMARTAG2_V1.2.0, FP-SNS-STBOX1_V2.1.0, STM32Cube_FW_C0_V1.4.0, STM32Cube_FW_F4_V1.28.3, STM32Cube_FW_F7_V1.17.4, STM32Cube_FW_G0_V1.6.2, STM32Cube_FW_G4_V1.6.1, STM32Cube_FW_H5_V1.5.0, STM32Cube_FW_H7RS_V1.2.0, STM32Cube_FW_H7_V1.12.1, STM32Cube_FW_L0_V1.12.2, STM32Cube_FW_L4_V1.18.1, STM32Cube_FW_L5_V1.5.1, STM32Cube_FW_N6_V1.2.0, STM32Cube_FW_U0_V1.3.0, STM32Cube_FW_U3_V1.2.0, STM32Cube_FW_U5_V1.8.0, STM32Cube_FW_WB0_V1.3.0, STM32Cube_FW_WBA_V1.7.0, STM32Cube_FW_WB_V1.23.0, STM32Cube_FW_WL3_V1.2.0, STM32Cube_FW_WL_V1.3.1, X-CUBE-ALGOBUILD_V1.4.0, X-CUBE-ALS_V1.0.2, X-CUBE-AZRTOS-F4_V1.1.0, X-CUBE-AZRTOS-F7_V1.1.0, X-CUBE-AZRTOS-G0_V1.1.0, X-CUBE-AZRTOS-G4_V2.0.0, X-CUBE-AZRTOS-H7RS_V1.1.0, X-CUBE-AZRTOS-H7_V3.4.0, X-CUBE-AZRTOS-L4_V2.0.0, X-CUBE-AZRTOS-L5_V2.0.0, X-CUBE-AZRTOS-WB_V2.0.0, X-CUBE-AZRTOS-WL_V2.0.0, X-CUBE-BLE1_V7.1.0, X-CUBE-BLE2_V3.3.0, X-CUBE-BLEMGR_V4.1.0, X-CUBE-EEPRMA1_V5.2.0, X-CUBE-FREERTOS_V1.3.1, X-CUBE-GNSS1_V6.0.0, X-CUBE-MEMS1_V11.3.0, X-CUBE-NFC4_V3.0.0, X-CUBE-NFC7_V2.0.0, X-CUBE-SFXS2LP1_V4.0.0, X-CUBE-ST67W61_V1.0.0, X-CUBE-SUBG2_V5.0.0, X-CUBE-TOF1_V3.4.3]
2025-10-11 20:20:20,447 [ERROR] DbExamplesSqlite:437 - Missing JSON key: board_cpn
2025-10-11 20:20:20,447 [ERROR] DbExamplesSqlite:437 - Missing JSON key: board_cpn
2025-10-11 20:20:20,447 [ERROR] DbExamplesSqlite:437 - Missing JSON key: board_cpn
2025-10-11 20:20:20,447 [ERROR] DbExamplesSqlite:437 - Missing JSON key: board_cpn
2025-10-11 20:20:20,631 [ERROR] DbExamplesSqlite:437 - Missing JSON key: board_cpn
2025-10-11 20:20:20,631 [ERROR] DbExamplesSqlite:437 - Missing JSON key: board_cpn
2025-10-11 20:20:20,633 [INFO] DbExamplesSqlite:395 - Ignored 33 examples not supported by CubeIDE
2025-10-11 20:20:20,633 [INFO] DbExamplesSqlite:396 - Found 10871 examples active
2025-10-11 20:20:20,633 [INFO] DbExamplesSqlite:397 - Found 0 examples obsolete
2025-10-11 20:20:20,634 [INFO] DbExamplesSqlite:398 - Found 0 examples under development
2025-10-11 20:20:20,634 [INFO] DbExamplesSqlite:399 - Found 65 examples not building
2025-10-11 20:20:20,635 [INFO] DbExamples:125 - Found 10903 examples
2025-10-11 20:20:20,647 [INFO] DbExamples:222 - Found 134 boards with related examples
2025-10-11 20:20:20,648 [INFO] DbExamples:235 - Found 111 MCUs with related examples
2025-10-11 20:20:20,665 [INFO] ApiDb:414 - User favorites file not found: /home/oleksii/.stm32cubeide/favorites.examples.txt
2025-10-11 20:20:20,665 [INFO] DbExamples:250 - Set 0 / 0 favorites Examples
2025-10-11 20:20:21,277 [INFO] SoftwarePacks:127 - Download is needed for SW pack 'FP-ATR-ASTRA1_V2.0.0'
2025-10-11 20:20:21,277 [INFO] SoftwarePacks:127 - Download is needed for SW pack 'FP-SNS-FLIGHT1_V5.1.0'
2025-10-11 20:20:21,277 [INFO] SoftwarePacks:127 - Download is needed for SW pack 'FP-SNS-MOTENV1_V5.0.0'
2025-10-11 20:20:21,277 [INFO] SoftwarePacks:127 - Download is needed for SW pack 'FP-SNS-MOTENVWB1_V1.4.0'
2025-10-11 20:20:21,277 [INFO] SoftwarePacks:127 - Download is needed for SW pack 'FP-SNS-SMARTAG2_V1.2.0'
2025-10-11 20:20:21,277 [INFO] SoftwarePacks:127 - Download is needed for SW pack 'FP-SNS-STBOX1_V2.1.0'
2025-10-11 20:20:21,280 [INFO] SoftwarePacks:127 - Download is needed for SW pack 'STM32Cube_FW_C0_V1.4.0'
2025-10-11 20:20:21,283 [INFO] SoftwarePacks:131 - Found SW pack 'STM32Cube_FW_F4_V1.28.3' up-to-date on disk.
2025-10-11 20:20:21,286 [INFO] SoftwarePacks:127 - Download is needed for SW pack 'STM32Cube_FW_F7_V1.17.4'
2025-10-11 20:20:21,289 [INFO] SoftwarePacks:127 - Download is needed for SW pack 'STM32Cube_FW_G0_V1.6.2'
2025-10-11 20:20:21,292 [INFO] SoftwarePacks:127 - Download is needed for SW pack 'STM32Cube_FW_G4_V1.6.1'
2025-10-11 20:20:21,294 [INFO] SoftwarePacks:127 - Download is needed for SW pack 'STM32Cube_FW_H5_V1.5.0'
2025-10-11 20:20:21,296 [INFO] SoftwarePacks:127 - Download is needed for SW pack 'STM32Cube_FW_H7RS_V1.2.0'
2025-10-11 20:20:21,298 [INFO] SoftwarePacks:127 - Download is needed for SW pack 'STM32Cube_FW_H7_V1.12.1'
2025-10-11 20:20:21,301 [INFO] SoftwarePacks:127 - Download is needed for SW pack 'STM32Cube_FW_L0_V1.12.2'
2025-10-11 20:20:21,303 [INFO] SoftwarePacks:127 - Download is needed for SW pack 'STM32Cube_FW_L4_V1.18.1'
2025-10-11 20:20:21,305 [INFO] SoftwarePacks:127 - Download is needed for SW pack 'STM32Cube_FW_L5_V1.5.1'
2025-10-11 20:20:21,307 [INFO] SoftwarePacks:127 - Download is needed for SW pack 'STM32Cube_FW_N6_V1.2.0'
2025-10-11 20:20:21,309 [INFO] SoftwarePacks:127 - Download is needed for SW pack 'STM32Cube_FW_U0_V1.3.0'
2025-10-11 20:20:21,310 [INFO] SoftwarePacks:127 - Download is needed for SW pack 'STM32Cube_FW_U3_V1.2.0'
2025-10-11 20:20:21,312 [INFO] SoftwarePacks:127 - Download is needed for SW pack 'STM32Cube_FW_U5_V1.8.0'
2025-10-11 20:20:21,314 [INFO] SoftwarePacks:127 - Download is needed for SW pack 'STM32Cube_FW_WB0_V1.3.0'
2025-10-11 20:20:21,315 [INFO] SoftwarePacks:127 - Download is needed for SW pack 'STM32Cube_FW_WBA_V1.7.0'
2025-10-11 20:20:21,317 [INFO] SoftwarePacks:127 - Download is needed for SW pack 'STM32Cube_FW_WB_V1.23.0'
2025-10-11 20:20:21,319 [INFO] SoftwarePacks:127 - Download is needed for SW pack 'STM32Cube_FW_WL3_V1.2.0'
2025-10-11 20:20:21,320 [INFO] SoftwarePacks:127 - Download is needed for SW pack 'STM32Cube_FW_WL_V1.3.1'
2025-10-11 20:20:21,321 [INFO] SoftwarePacks:127 - Download is needed for SW pack 'X-CUBE-ALGOBUILD_V1.4.0'
2025-10-11 20:20:21,321 [INFO] SoftwarePacks:127 - Download is needed for SW pack 'X-CUBE-ALS_V1.0.2'
2025-10-11 20:20:21,321 [INFO] SoftwarePacks:127 - Download is needed for SW pack 'X-CUBE-AZRTOS-F4_V1.1.0'
2025-10-11 20:20:21,321 [INFO] SoftwarePacks:127 - Download is needed for SW pack 'X-CUBE-AZRTOS-F7_V1.1.0'
2025-10-11 20:20:21,321 [INFO] SoftwarePacks:127 - Download is needed for SW pack 'X-CUBE-AZRTOS-G0_V1.1.0'
2025-10-11 20:20:21,321 [INFO] SoftwarePacks:127 - Download is needed for SW pack 'X-CUBE-AZRTOS-G4_V2.0.0'
2025-10-11 20:20:21,321 [INFO] SoftwarePacks:127 - Download is needed for SW pack 'X-CUBE-AZRTOS-H7RS_V1.1.0'
2025-10-11 20:20:21,321 [INFO] SoftwarePacks:127 - Download is needed for SW pack 'X-CUBE-AZRTOS-H7_V3.4.0'
2025-10-11 20:20:21,321 [INFO] SoftwarePacks:127 - Download is needed for SW pack 'X-CUBE-AZRTOS-L4_V2.0.0'
2025-10-11 20:20:21,321 [INFO] SoftwarePacks:127 - Download is needed for SW pack 'X-CUBE-AZRTOS-L5_V2.0.0'
2025-10-11 20:20:21,322 [INFO] SoftwarePacks:127 - Download is needed for SW pack 'X-CUBE-AZRTOS-WB_V2.0.0'
2025-10-11 20:20:21,322 [INFO] SoftwarePacks:127 - Download is needed for SW pack 'X-CUBE-AZRTOS-WL_V2.0.0'
2025-10-11 20:20:21,322 [INFO] SoftwarePacks:127 - Download is needed for SW pack 'X-CUBE-BLE1_V7.1.0'
2025-10-11 20:20:21,322 [INFO] SoftwarePacks:127 - Download is needed for SW pack 'X-CUBE-BLE2_V3.3.0'
2025-10-11 20:20:21,322 [INFO] SoftwarePacks:127 - Download is needed for SW pack 'X-CUBE-BLEMGR_V4.1.0'
2025-10-11 20:20:21,322 [INFO] SoftwarePacks:127 - Download is needed for SW pack 'X-CUBE-EEPRMA1_V5.2.0'
2025-10-11 20:20:21,322 [INFO] SoftwarePacks:127 - Download is needed for SW pack 'X-CUBE-FREERTOS_V1.3.1'
2025-10-11 20:20:21,322 [INFO] SoftwarePacks:127 - Download is needed for SW pack 'X-CUBE-GNSS1_V6.0.0'
2025-10-11 20:20:21,322 [INFO] SoftwarePacks:127 - Download is needed for SW pack 'X-CUBE-MEMS1_V11.3.0'
2025-10-11 20:20:21,322 [INFO] SoftwarePacks:127 - Download is needed for SW pack 'X-CUBE-NFC4_V3.0.0'
2025-10-11 20:20:21,322 [INFO] SoftwarePacks:127 - Download is needed for SW pack 'X-CUBE-NFC7_V2.0.0'
2025-10-11 20:20:21,322 [INFO] SoftwarePacks:127 - Download is needed for SW pack 'X-CUBE-SFXS2LP1_V4.0.0'
2025-10-11 20:20:21,322 [INFO] SoftwarePacks:127 - Download is needed for SW pack 'X-CUBE-ST67W61_V1.0.0'
2025-10-11 20:20:21,322 [INFO] SoftwarePacks:127 - Download is needed for SW pack 'X-CUBE-SUBG2_V5.0.0'
2025-10-11 20:20:21,322 [INFO] SoftwarePacks:127 - Download is needed for SW pack 'X-CUBE-TOF1_V3.4.3'
2025-10-11 20:20:22,616 [INFO] LoadUrlFilesThread:185 - End of LoadServerUrlFiles without Thread
2025-10-11 20:20:22,616 [INFO] DetailPanel:341 - Set advertising image to /home/oleksii/STM32Cube/Repository//en.mcu-finder-stm32n6dk.jpg
2025-10-11 20:20:23,245 [ERROR] AppliInfo:139 - Unknown STM32CubeMX version: 6.12.1
2025-10-11 20:20:28,176 [INFO] McuFinderGlobals:76 - Set McuFinderConnectedMode to true
2025-10-11 20:20:28,524 [INFO] ApiDb:448 - Save user favorites file /home/oleksii/.stm32cubeide/favorites.mcus.txt: 0 item(s)
2025-10-11 20:20:28,524 [INFO] ApiDb:452 - User favorites MCUs=[]
2025-10-11 20:20:28,525 [INFO] ApiDb:448 - Save user favorites file /home/oleksii/.stm32cubeide/favorites.boards.txt: 0 item(s)
2025-10-11 20:20:28,525 [INFO] ApiDb:452 - User favorites Boards=[]
2025-10-11 20:20:28,526 [INFO] ApiDb:448 - Save user favorites file /home/oleksii/.stm32cubeide/favorites.examples.txt: 0 item(s)
2025-10-11 20:20:28,526 [INFO] ApiDb:452 - User favorites Examples=[]
2025-10-11 20:21:18,242 [INFO] MainUpdater:2872 - connection check result : 10
2025-10-11 20:21:18,417 [INFO] McuFinderGlobals:76 - Set McuFinderConnectedMode to true
2025-10-11 20:21:18,417 [INFO] MultiScanPanel:200 - Auto-refresh data requested => check proxy status ongoing
2025-10-11 20:21:18,417 [INFO] FinderPluginLoader:96 - Searching for filters in installed packs
2025-10-11 20:21:18,972 [INFO] LoadUrlFilesThread:185 - End of LoadServerUrlFiles without Thread
2025-10-11 20:21:18,972 [INFO] DetailPanel:341 - Set advertising image to /home/oleksii/STM32Cube/Repository//en.mcu-finder-stm32n6dk.jpg
2025-10-11 20:21:19,392 [INFO] MultiScanPanel:728 - adjusting invalid saved split location: -0.08
2025-10-11 20:21:19,520 [INFO] MultiScanPanel:728 - adjusting invalid saved split location: -0.08
2025-10-11 20:21:22,852 [INFO] MultiScanPanel:200 - Auto-refresh data requested => check proxy status ongoing
2025-10-11 20:21:22,886 [INFO] LoadUrlFilesThread:185 - End of LoadServerUrlFiles without Thread
2025-10-11 20:21:22,887 [INFO] DetailPanel:341 - Set advertising image to /home/oleksii/STM32Cube/Repository//en.mcu-finder-stm32n6dk.jpg
2025-10-11 20:21:22,890 [INFO] MultiScanPanel:728 - adjusting invalid saved split location: -0.11
2025-10-11 20:21:22,907 [INFO] MultiScanPanel:728 - adjusting invalid saved split location: -0.11
2025-10-11 20:21:27,699 [INFO] ApiDb:581 - Connected to CubeFinder SQLite database (/home/oleksii/.stmcufinder/plugins/mcufinder/mcu/cube-finder-db.db)
2025-10-11 20:21:56,869 [INFO] MainUpdater:2872 - connection check result : 10
2025-10-11 20:21:56,869 [INFO] MainUpdater:2872 - connection check result : 10
2025-10-11 20:21:57,140 [INFO] I2sManager:658 - 9.6E7
2025-10-11 20:21:57,140 [INFO] I2sManager:195 - I2S Clock Value : 9.6E7
2025-10-11 20:21:57,140 [INFO] I2sManager:553 - AudioClock : 93750Divider : 2Odd : 0
2025-10-11 20:21:57,143 [INFO] MicroXplorer:468 - Change Database Path : 
2025-10-11 20:21:57,143 [INFO] MicroXplorer:498 - Change Database Version : DB.6.0.150
2025-10-11 20:21:57,159 [ERROR] ProjectManagerView:395 - 
java.lang.NullPointerException: Cannot invoke "javax.swing.JTextField.getText()" because the return value of "java.util.List.get(int)" is null
	at com.st.microxplorer.plugins.projectmanager.gui.ProjectChoiceTab$9.caretUpdate(ProjectChoiceTab.java:2706) ~[filemanager.jar:?]
	at javax.swing.text.JTextComponent.fireCaretUpdate(JTextComponent.java:408) ~[?:?]
	at javax.swing.text.JTextComponent$MutableCaretEvent.fire(JTextComponent.java:4484) ~[?:?]
	at javax.swing.text.JTextComponent$MutableCaretEvent.stateChanged(JTextComponent.java:4506) ~[?:?]
	at javax.swing.text.DefaultCaret.fireStateChanged(DefaultCaret.java:857) ~[?:?]
	at javax.swing.text.DefaultCaret.changeCaretPosition(DefaultCaret.java:1343) ~[?:?]
	at javax.swing.text.DefaultCaret.handleSetDot(DefaultCaret.java:1242) ~[?:?]
	at javax.swing.text.DefaultCaret.setDot(DefaultCaret.java:1223) ~[?:?]
	at javax.swing.text.DefaultCaret$Handler.insertUpdate(DefaultCaret.java:1819) ~[?:?]
	at javax.swing.text.AbstractDocument.fireInsertUpdate(AbstractDocument.java:227) ~[?:?]
	at javax.swing.text.AbstractDocument.handleInsertString(AbstractDocument.java:781) ~[?:?]
	at javax.swing.text.AbstractDocument.insertString(AbstractDocument.java:740) ~[?:?]
	at javax.swing.text.PlainDocument.insertString(PlainDocument.java:131) ~[?:?]
	at javax.swing.text.AbstractDocument.replace(AbstractDocument.java:699) ~[?:?]
	at javax.swing.text.JTextComponent.setText(JTextComponent.java:1725) ~[?:?]
	at com.st.microxplorer.plugins.projectmanager.gui.ProjectChoiceTab.createHeapStackFields(ProjectChoiceTab.java:993) ~[filemanager.jar:?]
	at com.st.microxplorer.plugins.projectmanager.gui.ProjectChoiceTab.buildLinkSettingsPanel(ProjectChoiceTab.java:3813) ~[filemanager.jar:?]
	at com.st.microxplorer.plugins.projectmanager.gui.ProjectChoiceTab.defineWindowsFields(ProjectChoiceTab.java:1987) ~[filemanager.jar:?]
	at com.st.microxplorer.plugins.projectmanager.gui.ProjectChoiceTab.updateSettings(ProjectChoiceTab.java:558) ~[filemanager.jar:?]
	at com.st.microxplorer.plugins.projectmanager.gui.ProjectSettingsPanel.UpdateDialog(ProjectSettingsPanel.java:247) ~[filemanager.jar:?]
	at com.st.microxplorer.plugins.projectmanager.ProjectManagerView.propertyChange(ProjectManagerView.java:392) ~[filemanager.jar:?]
	at java.beans.PropertyChangeSupport.fire(PropertyChangeSupport.java:343) ~[?:?]
	at java.beans.PropertyChangeSupport.firePropertyChange(PropertyChangeSupport.java:335) ~[?:?]
	at java.beans.PropertyChangeSupport.firePropertyChange(PropertyChangeSupport.java:268) ~[?:?]
	at com.st.microxplorer.util.MXPropertyChangeSupport.firePropertyChange(MXPropertyChangeSupport.java:54) ~[STM32CubeMX.jar:?]
	at com.st.microxplorer.mxsystem.MxSystem.closeConfig(MxSystem.java:899) ~[STM32CubeMX.jar:?]
	at com.st.microxplorer.maingui.MainPanel.closeConfig(MainPanel.java:792) ~[STM32CubeMX.jar:?]
	at com.st.microxplorer.plugins.filemanager.engine.OpenFileManager.loadConfigurationFile(OpenFileManager.java:288) ~[filemanager.jar:?]
	at com.st.microxplorer.plugins.filemanager.engine.MainFileManager.userLoadConfig(MainFileManager.java:364) ~[filemanager.jar:?]
	at com.st.microxplorer.plugins.filemanager.FileManagerView.getSpecificTask(FileManagerView.java:268) ~[filemanager.jar:?]
	at com.st.stm32cube.common.mx.editor.CubeMxEditor.getMxTabbedPaneInstance(CubeMxEditor.java:1191) ~[com.st.stm32cube.common.mx_6.15.0.202507011659/:?]
	at com.st.stm32cube.common.mx.editor.CubeMxEditor$12$1.createSwingComponent(CubeMxEditor.java:1068) ~[com.st.stm32cube.common.mx_6.15.0.202507011659/:?]
	at com.st.stm32cube.common.mx.oss.core.awtswtbridge.EmbeddedSwingComposite.doComponentCreation(EmbeddedSwingComposite.java:492) ~[com.st.stm32cube.common.mx.oss_6.15.0.202507011659/:?]
	at com.st.stm32cube.common.mx.oss.core.awtswtbridge.EmbeddedSwingComposite$4.run(EmbeddedSwingComposite.java:291) ~[com.st.stm32cube.common.mx.oss_6.15.0.202507011659/:?]
	at com.st.stm32cube.common.mx.oss.core.awtswtbridge.AwtEnvironment$2.run(AwtEnvironment.java:166) ~[com.st.stm32cube.common.mx.oss_6.15.0.202507011659/:?]
	at java.awt.event.InvocationEvent.dispatch(InvocationEvent.java:318) ~[?:?]
	at java.awt.EventQueue.dispatchEventImpl(EventQueue.java:773) ~[?:?]
	at java.awt.EventQueue$4.run(EventQueue.java:720) ~[?:?]
	at java.awt.EventQueue$4.run(EventQueue.java:714) ~[?:?]
	at java.security.AccessController.doPrivileged(AccessController.java:400) ~[?:?]
	at java.security.ProtectionDomain$JavaSecurityAccessImpl.doIntersectionPrivilege(ProtectionDomain.java:87) ~[?:?]
	at java.awt.EventQueue.dispatchEvent(EventQueue.java:742) ~[?:?]
	at java.awt.EventDispatchThread.pumpOneEventForFilters(EventDispatchThread.java:203) ~[?:?]
	at java.awt.EventDispatchThread.pumpEventsForFilter(EventDispatchThread.java:124) ~[?:?]
	at java.awt.EventDispatchThread.pumpEventsForHierarchy(EventDispatchThread.java:113) ~[?:?]
	at java.awt.EventDispatchThread.pumpEvents(EventDispatchThread.java:109) ~[?:?]
	at java.awt.EventDispatchThread.pumpEvents(EventDispatchThread.java:101) ~[?:?]
	at java.awt.EventDispatchThread.run(EventDispatchThread.java:90) ~[?:?]
2025-10-11 20:21:57,164 [WARN] ThirdParty:871 - waiting for thirdparty lock release [close project]
2025-10-11 20:21:57,164 [INFO] ThirdParty:873 - entering critical section [close project]
2025-10-11 20:21:57,164 [INFO] ThirdParty:883 - exiting critical section [close project]
2025-10-11 20:21:57,166 [INFO] PinOutPanel:1589 - setPackage(No Configuration,No Configuration)
2025-10-11 20:21:57,170 [WARN] IpParametersView:155 - Warning: This peripheral hasn't parameters
2025-10-11 20:21:57,176 [WARN] MainPanel:289 - <html><b><center>Warning: This peripheral has no parameters to be configured<br></b></html>
2025-10-11 20:21:57,181 [INFO] UtilMem:75 - Begin LoadConfig() Used Memory: 700942992 Bytes (1073741824)
2025-10-11 20:21:57,181 [INFO] OpenFileManager:355 - Change cursor
2025-10-11 20:21:57,203 [INFO] RulesReader:64 - Compatibility file has been processed (317 Rules)
2025-10-11 20:21:57,208 [INFO] ProjectFactory:514 - No CPN specified for board STM32F407G-DISC1 => set CPN to STM32F407VGT6
2025-10-11 20:21:57,209 [INFO] Mcu:2029 - Initializing MCU STM32F407V(E-G)Tx STM32F407VGTx STM32F407VGT6
2025-10-11 20:21:57,910 [INFO] Context:786 - Trying to add GPIOservice into a context  which must be forbidden
2025-10-11 20:21:58,365 [INFO] Rule:233 - rule 117617 - U5Cobra4M][GTZC] default value MPCBB3 and MPCBB5 - Not Secured memory - MPCBB1 is applicable
2025-10-11 20:21:58,366 [INFO] Rule:233 - rule 117617 - U5Cobra4M][GTZC] default value MPCBB3 and MPCBB5 - Not Secured memory - MPCBB1 is applicable
2025-10-11 20:21:58,366 [INFO] Rule:233 - rule 117617 - U5Cobra4M][GTZC] default value MPCBB3 and MPCBB5 - Not Secured memory - MPCBB2 is applicable
2025-10-11 20:21:58,366 [INFO] Rule:233 - rule 117617 - U5Cobra4M][GTZC] default value MPCBB3 and MPCBB5 - Not Secured memory - MPCBB2 is applicable
2025-10-11 20:21:58,366 [INFO] Rule:233 - rule 117617 - U5Cobra4M][GTZC] default value MPCBB3 and MPCBB5 - Not Secured memory - MPCBB3 is applicable
2025-10-11 20:21:58,366 [INFO] Rule:233 - rule 117617 - U5Cobra4M][GTZC] default value MPCBB3 and MPCBB5 - Not Secured memory - MPCBB3 is applicable
2025-10-11 20:21:58,366 [INFO] Rule:233 - rule 117617 - U5Cobra4M][GTZC] default value MPCBB3 and MPCBB5 - Not Secured memory - MPCBB4 is applicable
2025-10-11 20:21:58,366 [INFO] Rule:233 - rule 117617 - U5Cobra4M][GTZC] default value MPCBB3 and MPCBB5 - Not Secured memory - MPCBB4 is applicable
2025-10-11 20:21:58,366 [INFO] Rule:233 - rule 117617 - U5Cobra4M][GTZC] default value MPCBB3 and MPCBB5 - Secured memory - MPCBB1 is applicable
2025-10-11 20:21:58,366 [INFO] Rule:233 - rule 117617 - U5Cobra4M][GTZC] default value MPCBB3 and MPCBB5 - Secured memory - MPCBB2 is applicable
2025-10-11 20:21:58,366 [INFO] Rule:233 - rule 117617 - U5Cobra4M][GTZC] default value MPCBB3 and MPCBB5 - Secured memory - MPCBB3 is applicable
2025-10-11 20:21:58,366 [INFO] Rule:233 - rule 117617 - U5Cobra4M][GTZC] default value MPCBB3 and MPCBB5 - Secured memory - MPCBB4 is applicable
2025-10-11 20:21:58,366 [INFO] Rule:233 - rule 117617 - U5Cobra4M][GTZC] default value MPCBB3 and MPCBB5 - Privileged memory - MPCBB1 is applicable
2025-10-11 20:21:58,366 [INFO] Rule:233 - rule 117617 - U5Cobra4M][GTZC] default value MPCBB3 and MPCBB5 - Privileged memory - MPCBB2 is applicable
2025-10-11 20:21:58,366 [INFO] Rule:233 - rule 117617 - U5Cobra4M][GTZC] default value MPCBB3 and MPCBB5 - Privileged memory - MPCBB3 is applicable
2025-10-11 20:21:58,366 [INFO] Rule:233 - rule 117617 - U5Cobra4M][GTZC] default value MPCBB3 and MPCBB5 - Privileged memory - MPCBB4 is applicable
2025-10-11 20:21:58,366 [INFO] Rule:233 - rule 117617 - U5Cobra4M][GTZC] default value MPCBB3 and MPCBB5 - Not Privileged memory - MPCBB1 is applicable
2025-10-11 20:21:58,366 [INFO] Rule:233 - rule 117617 - U5Cobra4M][GTZC] default value MPCBB3 and MPCBB5 - Not Privileged memory - MPCBB2 is applicable
2025-10-11 20:21:58,366 [INFO] Rule:233 - rule 117617 - U5Cobra4M][GTZC] default value MPCBB3 and MPCBB5 - Not Privileged memory - MPCBB3 is applicable
2025-10-11 20:21:58,366 [INFO] Rule:233 - rule 117617 - U5Cobra4M][GTZC] default value MPCBB3 and MPCBB5 - Not Privileged memory - MPCBB4 is applicable
2025-10-11 20:21:58,366 [INFO] Rule:233 - rule 117617 - U5Cobra4M][GTZC] default value MPCBB3 and MPCBB5 - Privileged memory - MPCBB1 is applicable
2025-10-11 20:21:58,366 [INFO] Rule:233 - rule 117617 - U5Cobra4M][GTZC] default value MPCBB3 and MPCBB5 - Privileged memory - MPCBB2 is applicable
2025-10-11 20:21:58,366 [INFO] Rule:233 - rule 117617 - U5Cobra4M][GTZC] default value MPCBB3 and MPCBB5 - Privileged memory - MPCBB3 is applicable
2025-10-11 20:21:58,366 [INFO] Rule:233 - rule 117617 - U5Cobra4M][GTZC] default value MPCBB3 and MPCBB5 - Privileged memory - MPCBB4 is applicable
2025-10-11 20:21:58,366 [INFO] Rule:233 - rule 117617 - U5Cobra4M][GTZC] default value MPCBB3 and MPCBB5 - Privileged memory - MPCBB1 is applicable
2025-10-11 20:21:58,366 [INFO] Rule:233 - rule 117617 - U5Cobra4M][GTZC] default value MPCBB3 and MPCBB5 - Privileged memory - MPCBB2 is applicable
2025-10-11 20:21:58,366 [INFO] Rule:233 - rule 117617 - U5Cobra4M][GTZC] default value MPCBB3 and MPCBB5 - Privileged memory - MPCBB3 is applicable
2025-10-11 20:21:58,366 [INFO] Rule:233 - rule 117617 - U5Cobra4M][GTZC] default value MPCBB3 and MPCBB5 - Privileged memory - MPCBB4 is applicable
2025-10-11 20:21:58,366 [INFO] Rule:233 - rule 117617 - U5Cobra4M][GTZC] default value MPCBB3 and MPCBB5 - Not Privileged memory - MPCBB1 is applicable
2025-10-11 20:21:58,366 [INFO] Rule:233 - rule 117617 - U5Cobra4M][GTZC] default value MPCBB3 and MPCBB5 - Not Privileged memory - MPCBB2 is applicable
2025-10-11 20:21:58,366 [INFO] Rule:233 - rule 117617 - U5Cobra4M][GTZC] default value MPCBB3 and MPCBB5 - Not Privileged memory - MPCBB3 is applicable
2025-10-11 20:21:58,366 [INFO] Rule:233 - rule 117617 - U5Cobra4M][GTZC] default value MPCBB3 and MPCBB5 - Not Privileged memory - MPCBB4 is applicable
2025-10-11 20:21:58,366 [INFO] Rule:233 - rule 117617 - U5Cobra4M][GTZC] default value MPCBB3 and MPCBB5 - Privileged memory - MPCBB1 is applicable
2025-10-11 20:21:58,366 [INFO] Rule:233 - rule 117617 - U5Cobra4M][GTZC] default value MPCBB3 and MPCBB5 - Privileged memory - MPCBB2 is applicable
2025-10-11 20:21:58,366 [INFO] Rule:233 - rule 117617 - U5Cobra4M][GTZC] default value MPCBB3 and MPCBB5 - Privileged memory - MPCBB3 is applicable
2025-10-11 20:21:58,366 [INFO] Rule:233 - rule 117617 - U5Cobra4M][GTZC] default value MPCBB3 and MPCBB5 - Privileged memory - MPCBB4 is applicable
2025-10-11 20:21:58,366 [INFO] Rule:233 - rule Rename SubGHz_Phy SUBGHZ_APPLICATION SUBGHZ_PINGPONG to SUBGHZ_ADV_APPLICATION is applicable
2025-10-11 20:21:58,366 [INFO] Rule:233 - rule Rename Enabled to IBEACON is applicable
2025-10-11 20:21:58,366 [INFO] Rule:233 - rule GTZC_S instance for project manager is applicable
2025-10-11 20:21:58,366 [INFO] Rule:233 - rule GTZC_S instance for context M33S is applicable
2025-10-11 20:21:58,366 [INFO] Rule:233 - rule GTZC_S instance value for IP GTZC is applicable
2025-10-11 20:21:58,366 [INFO] Rule:233 - rule GTZC_S instance for mcu.IP is applicable
2025-10-11 20:21:58,366 [INFO] Rule:233 - rule GTZC_S instance for VP is applicable
2025-10-11 20:21:58,366 [INFO] Rule:233 - rule GTZC_S instance for signal is applicable
2025-10-11 20:21:58,366 [INFO] Rule:233 - rule GTZC_S instance for mcu.Pin is applicable
2025-10-11 20:21:58,367 [INFO] Rule:233 - rule GTZC_S instance for VP is applicable
2025-10-11 20:21:58,367 [INFO] Rule:233 - rule GTZC_S instance for signal is applicable
2025-10-11 20:21:58,367 [INFO] Rule:233 - rule GTZC_S instance for mcu is applicable
2025-10-11 20:21:58,367 [INFO] Rule:233 - rule GTZC_S instance for mcu.Pin is applicable
2025-10-11 20:21:58,367 [INFO] Rule:233 - rule GTZC_S instance value for IP GTZC is applicable
2025-10-11 20:21:58,367 [INFO] Rule:233 - rule GTZC_S instance for project manager is applicable
2025-10-11 20:21:58,367 [INFO] Rule:233 - rule GTZC_S instance for context M33S is applicable
2025-10-11 20:21:58,367 [INFO] Rule:233 - rule GTZC_S instance for VP is applicable
2025-10-11 20:21:58,367 [INFO] Rule:233 - rule GTZC_S instance for signal is applicable
2025-10-11 20:21:58,367 [INFO] Rule:233 - rule SPDIFRX instance for mcu is applicable
2025-10-11 20:21:58,367 [INFO] Rule:233 - rule Rename Tracer Mode is applicable
2025-10-11 20:21:58,367 [INFO] Rule:233 - rule SPDIFRX instance value for IP SPDIFRX is applicable
2025-10-11 20:21:58,367 [INFO] Rule:233 - rule SPDIFRX instance for signal is applicable
2025-10-11 20:21:58,367 [INFO] Rule:233 - rule SPDIFRX instance for project manager is applicable
2025-10-11 20:21:58,367 [INFO] Rule:233 - rule SPDIFRX instance for project manager is applicable
2025-10-11 20:21:58,367 [INFO] Rule:233 - rule ADC Scan  fix with FW F7 is applicable
2025-10-11 20:21:58,367 [INFO] Rule:233 - rule ADC Scan  fix with FW F7 is applicable
2025-10-11 20:21:58,367 [INFO] Rule:233 - rule WakeUp0 Mode is applicable
2025-10-11 20:21:58,367 [INFO] Rule:233 - rule WakeUp0 SIGNAL is applicable
2025-10-11 20:21:58,367 [INFO] Rule:233 - rule WakeUp1 Mode is applicable
2025-10-11 20:21:58,367 [INFO] Rule:233 - rule WakeUp1 SIGNAL is applicable
2025-10-11 20:21:58,367 [INFO] Rule:233 - rule WakeUp2 Mode is applicable
2025-10-11 20:21:58,367 [INFO] Rule:233 - rule WakeUp2 SIGNAL is applicable
2025-10-11 20:21:58,367 [INFO] Rule:233 - rule WakeUp4 Mode is applicable
2025-10-11 20:21:58,367 [INFO] Rule:233 - rule WakeUp4 SIGNAL is applicable
2025-10-11 20:21:58,367 [INFO] Rule:233 - rule WakeUp5 Mode is applicable
2025-10-11 20:21:58,367 [INFO] Rule:233 - rule WakeUp5 SIGNAL is applicable
2025-10-11 20:21:58,367 [INFO] Rule:233 - rule Add RTC Activate Clock Source is applicable
2025-10-11 20:21:58,367 [INFO] Rule:233 - rule Add RTC Activate Calendar 1 is applicable
2025-10-11 20:21:58,367 [INFO] Rule:233 - rule Add RTC Activate Calendar 2 is applicable
2025-10-11 20:21:58,367 [INFO] Rule:233 - rule Add RTC Activate Calendar 3 is applicable
2025-10-11 20:21:58,367 [INFO] Rule:233 - rule UART/USART TX Mode is applicable
2025-10-11 20:21:58,367 [INFO] Rule:233 - rule UART/USART RX Mode is applicable
2025-10-11 20:21:58,367 [INFO] Rule:233 - rule UART/USART RX TX Mode is applicable
2025-10-11 20:21:58,367 [INFO] Rule:233 - rule UART/USART PARITY NONE is applicable
2025-10-11 20:21:58,367 [INFO] Rule:233 - rule UART/USART PARITY EVEN is applicable
2025-10-11 20:21:58,367 [INFO] Rule:233 - rule UART/USART PARITY ODD is applicable
2025-10-11 20:21:58,367 [INFO] Rule:233 - rule USART StopBits 1 is applicable
2025-10-11 20:21:58,367 [INFO] Rule:233 - rule USART StopBits 2 is applicable
2025-10-11 20:21:58,367 [INFO] Rule:233 - rule USART StopBits 1.5 is applicable
2025-10-11 20:21:58,367 [INFO] Rule:233 - rule USART StopBits 0.5 is applicable
2025-10-11 20:21:58,367 [INFO] Rule:233 - rule UART/USART WORD LENGTH 7 is applicable
2025-10-11 20:21:58,367 [INFO] Rule:233 - rule UART/USART WORD LENGTH 8 is applicable
2025-10-11 20:21:58,367 [INFO] Rule:233 - rule UART/USART WORD LENGTH 9 is applicable
2025-10-11 20:21:58,367 [INFO] Rule:233 - rule Rename FMC NAND NCE signal is applicable
2025-10-11 20:21:58,367 [INFO] Rule:233 - rule Rename FMC NAND INT signal is applicable
2025-10-11 20:21:58,368 [INFO] Rule:233 - rule Change Default Value for LSE Drive Capability for WB family is applicable
2025-10-11 20:21:58,368 [INFO] Rule:233 - rule Change Default Value for ADC Clock Prescaler G0 family is applicable
2025-10-11 20:21:58,368 [INFO] Rule:233 - rule Change Default Value for ADC ExternalTrigConv L4 family is applicable
2025-10-11 20:21:58,368 [INFO] Rule:233 - rule Change Default Value for ADC ExternalTrigInjecConv L4 family is applicable
2025-10-11 20:21:58,368 [INFO] Rule:233 - rule Change Default Value for ADC ExternalTrigConv F3 family is applicable
2025-10-11 20:21:58,368 [INFO] Rule:233 - rule Change Default Value for ADC ExternalTrigInjecConv F3 family is applicable
2025-10-11 20:21:58,368 [INFO] Rule:233 - rule Change Default Value for ADC ExternalTrigConv Goldfish serie is applicable
2025-10-11 20:21:58,368 [INFO] Rule:233 - rule Change Default Value for ADC ExternalTrigInjecConv Goldfish serie is applicable
2025-10-11 20:21:58,368 [INFO] Rule:233 - rule Change Default Value for ADC ExternalTrigConv L0 family is applicable
2025-10-11 20:21:58,368 [INFO] Rule:233 - rule Change Default Value for ADC ExternalTrigConv F0 family is applicable
2025-10-11 20:21:58,368 [INFO] Rule:233 - rule Change Default Value for ADC ExternalTrigConvn L1 family is applicable
2025-10-11 20:21:58,368 [INFO] Rule:233 - rule Change Default Value for ADC ExternalTrigInjecConv L1 family is applicable
2025-10-11 20:21:58,368 [INFO] Rule:233 - rule Change Default Value for ADC ExternalTrigConv F1 family is applicable
2025-10-11 20:21:58,368 [INFO] Rule:233 - rule Change Default Value for ADC ExternalTrigInjecConv F1 family is applicable
2025-10-11 20:21:58,368 [INFO] Rule:233 - rule Change Default Value for ADC ExternalTrigConv F7 family is applicable
2025-10-11 20:21:58,368 [INFO] Rule:233 - rule Change Default Value for ADC ExternalTrigInjecConv F7 family is applicable
2025-10-11 20:21:58,368 [INFO] Rule:233 - rule Change Default Value for ADC ExternalTrigConv F4 and F2 family is applicable
2025-10-11 20:21:58,368 [INFO] Rule:233 - rule Change Default Value for ADC ExternalTrigInjecConv F4 and F2 family is applicable
2025-10-11 20:21:58,368 [INFO] Rule:233 - rule ADC SamplingTime fix with FW L0  is applicable
2025-10-11 20:21:58,368 [INFO] Rule:233 - rule ADC SamplingTime fix with FW L0  is applicable
2025-10-11 20:21:58,368 [INFO] Rule:233 - rule ADC SamplingTime fix with FW L0 is applicable
2025-10-11 20:21:58,368 [INFO] Rule:233 - rule ADC SamplingTime fix with FW L0 is applicable
2025-10-11 20:21:58,368 [INFO] Rule:233 - rule ADC SamplingTime fix with FW L0  is applicable
2025-10-11 20:21:58,368 [INFO] Rule:233 - rule ADC SamplingTime fix with FW L0 is applicable
2025-10-11 20:21:58,368 [INFO] Rule:233 - rule Rename USB_OE Signal is applicable
2025-10-11 20:21:58,368 [INFO] Rule:233 - rule Rename Activate_OE Mode is applicable
2025-10-11 20:21:58,368 [INFO] Rule:233 - rule Rename DIE462/DIE415 pin PC14/OSC32_IN -> PC14-OSC32_IN (PC14) is applicable
2025-10-11 20:21:58,368 [INFO] Rule:233 - rule Rename DIE462/DIE415 pin PC15/OSC32_OUT -> PC15-OSC32_OUT (PC15) is applicable
2025-10-11 20:21:58,368 [INFO] Rule:233 - rule Rename DIE462/DIE415 pin PH0/OSC_IN -> PH0-OSC_IN (PH0) is applicable
2025-10-11 20:21:58,368 [INFO] Rule:233 - rule Rename DIE462/DIE415 pin PH1/OSC_OUT -> PH1-OSC_OUT (PH1) is applicable
2025-10-11 20:21:58,368 [INFO] Rule:233 - rule Rename DIE462 pin PA13 -> PA13 (JTMS/SWDIO) is applicable
2025-10-11 20:21:58,368 [INFO] Rule:233 - rule Rename DIE415 pin PA13 -> PA13 (JTMS/SWDIO) is applicable
2025-10-11 20:21:58,368 [INFO] Rule:233 - rule Rename DIE462 pin PA14 -> PA14 (JTCK/SWCLK) is applicable
2025-10-11 20:21:58,368 [INFO] Rule:233 - rule Rename DIE415 pin PA14 -> PA14 (JTCK/SWCLK) is applicable
2025-10-11 20:21:58,368 [INFO] Rule:233 - rule Rename DIE462/DIE415 pin PA15 -> PA15 (JTDI) is applicable
2025-10-11 20:21:58,368 [INFO] Rule:233 - rule Rename DIE462 pin PB3 -> PB3 (JTD0/TRACESWO) is applicable
2025-10-11 20:21:58,368 [INFO] Rule:233 - rule Rename DIE415 pin PB3 -> PB3 (JTD0-TRACESWO) is applicable
2025-10-11 20:21:58,368 [INFO] Rule:233 - rule Rename DIE462/DIE415 pin PB4 -> PB4 (NJTRST) is applicable
2025-10-11 20:21:58,368 [INFO] Rule:233 - rule Rename DIE462 pin PH3/BOOT0 -> PH3-BOOT0 (BOOT0) is applicable
2025-10-11 20:21:58,368 [INFO] Rule:233 - rule Rename CRYP DataEncryptionTypesList to Algorithm is applicable
2025-10-11 20:21:58,368 [INFO] Rule:233 - rule Rename AES DataEncryptionTypesList to Algorithm is applicable
2025-10-11 20:21:58,368 [INFO] Rule:233 - rule Rename TDESECB to CRYP_TDES_ECB is applicable
2025-10-11 20:21:58,368 [INFO] Rule:233 - rule Rename TDESCBC to CRYP_TDES_CBC is applicable
2025-10-11 20:21:58,368 [INFO] Rule:233 - rule Rename DESECB to CRYP_DES_ECB is applicable
2025-10-11 20:21:58,368 [INFO] Rule:233 - rule Rename DESCBC to CRYP_DES_CBC is applicable
2025-10-11 20:21:58,368 [INFO] Rule:233 - rule Rename AESECB to CRYP_AES_ECB is applicable
2025-10-11 20:21:58,368 [INFO] Rule:233 - rule Rename AESCBC to CRYP_AES_CBC is applicable
2025-10-11 20:21:58,368 [INFO] Rule:233 - rule Rename AESCTR to CRYP_AES_CTR is applicable
2025-10-11 20:21:58,368 [INFO] Rule:233 - rule Rename AESGCM to CRYP_AES_GCM is applicable
2025-10-11 20:21:58,368 [INFO] Rule:233 - rule Rename AESCCM to CRYP_AES_CCM is applicable
2025-10-11 20:21:58,369 [INFO] Rule:233 - rule Rename CAN TimeSeg1 to BS1 is applicable
2025-10-11 20:21:58,369 [INFO] Rule:233 - rule Rename CAN TimeSeg2 to BS2 is applicable
2025-10-11 20:21:58,369 [INFO] Rule:233 - rule Rename CAN SyncJumpWidth to SJW is applicable
2025-10-11 20:21:58,369 [INFO] Rule:233 - rule TimeTriggeredMode to TTCM is applicable
2025-10-11 20:21:58,369 [INFO] Rule:233 - rule Rename CAN AutoBusOff to ABOM is applicable
2025-10-11 20:21:58,369 [INFO] Rule:233 - rule Rename CAN AutoWakeUp to AWUM is applicable
2025-10-11 20:21:58,369 [INFO] Rule:233 - rule Rename CAN AutoRetransmission to NART is applicable
2025-10-11 20:21:58,369 [INFO] Rule:233 - rule Rename CAN ReceiveFifoLocked to RFLM is applicable
2025-10-11 20:21:58,369 [INFO] Rule:233 - rule Rename CAN TransmitFifoPriority to TXFP is applicable
2025-10-11 20:21:58,369 [INFO] Rule:233 - rule Rename HRTIMER HRTIM_OUTPUTFAULTLEVEL_HIGH in HRTIMER HRTIM_OUTPUTFAULTLEVEL_HIGHZ is applicable
2025-10-11 20:21:58,369 [INFO] Rule:233 - rule Rename TIMER TIM_CLEARINPUTSOURCE_OCREFCLR in  TIMER TIM_CLEARINPUTSOURCE_NONE for F7 family is applicable
2025-10-11 20:21:58,369 [INFO] Rule:233 - rule FDCAN_R1 - Rename FDCAN mode Master into Classic is applicable
2025-10-11 20:21:58,369 [INFO] Rule:233 - rule FDCAN_R2 - Rename FDCAN mode Slave into Classic is applicable
2025-10-11 20:21:58,369 [INFO] Rule:233 - rule FDCAN1_R3 - if PA10.Mode=FullDuplex, add Pin PA12 is applicable
2025-10-11 20:21:58,369 [INFO] Rule:233 - rule FDCAN1_R3 - if PA9.Mode=FullDuplex, add Pin PA11 is applicable
2025-10-11 20:21:58,369 [INFO] Rule:233 - rule FDCAN1_R3 - Alternatepin_1 - if PE1.Mode=FullDuplex, add Pin PB9 is applicable
2025-10-11 20:21:58,369 [INFO] Rule:233 - rule FDCAN1_R3 - Alternatepin_1 - if PE0.Mode=FullDuplex, add Pin PB8 is applicable
2025-10-11 20:21:58,369 [INFO] Rule:233 - rule FDCAN1_R3 - Alternatepin_2 - if PD5.Mode=FullDuplex, add Pin PD1 is applicable
2025-10-11 20:21:58,369 [INFO] Rule:233 - rule FDCAN1_R3 - Alternatepin_2 - if PD4.Mode=FullDuplex, add Pin PD0 is applicable
2025-10-11 20:21:58,369 [INFO] Rule:233 - rule FDCAN1_R4 - Rename Mode FullDuplex into Enable FDCAN_TXFD for pin PA10 is applicable
2025-10-11 20:21:58,369 [INFO] Rule:233 - rule FDCAN1_R4 - Rename Mode FullDuplex into Enable FDCAN_TXFD for pin PA9 is applicable
2025-10-11 20:21:58,369 [INFO] Rule:233 - rule FDCAN1_R4 - Alternatepin_1 - Rename Mode FullDuplex into Enable FDCAN_TXFD for pin PE1 is applicable
2025-10-11 20:21:58,369 [INFO] Rule:233 - rule FDCAN1_R4 - Alternatepin_1 - Rename Mode FullDuplex into Enable FDCAN_TXFD for pin PE0 is applicable
2025-10-11 20:21:58,369 [INFO] Rule:233 - rule FDCAN1_R4 - Alternatepin_2 - Rename Mode FullDuplex into Enable FDCAN_TXFD for pin PD5 is applicable
2025-10-11 20:21:58,369 [INFO] Rule:233 - rule FDCAN1_R4 - Alternatepin_2 - Rename Mode FullDuplex into Enable FDCAN_TXFD for pin PD4 is applicable
2025-10-11 20:21:58,369 [INFO] Rule:233 - rule FDCAN2_R3 - if PD10.Mode=FullDuplex, add Pin PB13 is applicable
2025-10-11 20:21:58,369 [INFO] Rule:233 - rule FDCAN2_R3 - if PD9.Mode=FullDuplex, add Pin PB12 is applicable
2025-10-11 20:21:58,369 [INFO] Rule:233 - rule FDCAN2_R3 - Alternatepin_1 - if PB7.Mode=FullDuplex, add Pin PB6 is applicable
2025-10-11 20:21:58,369 [INFO] Rule:233 - rule FDCAN2_R3 - Alternatepin_1 - if PD9.Mode=FullDuplex, add Pin PB12 is applicable
2025-10-11 20:21:58,369 [INFO] Rule:233 - rule FDCAN2_R4 - Rename Mode FullDuplex into Enable FDCAN_TXFD for pin PD10 is applicable
2025-10-11 20:21:58,369 [INFO] Rule:233 - rule FDCAN2_R4 - Rename Mode FullDuplex into Enable FDCAN_TXFD for pin PD9 is applicable
2025-10-11 20:21:58,369 [INFO] Rule:233 - rule FDCAN2_R4 - Alternatepin_1 - Rename Mode FullDuplex into Enable FDCAN_TXFD for pin PB7 is applicable
2025-10-11 20:21:58,369 [INFO] Rule:233 - rule FDCAN2_R4 - Alternatepin_1 - Rename Mode FullDuplex into Enable FDCAN_TXFD for pin PD6 is applicable
2025-10-11 20:21:58,369 [INFO] Rule:233 - rule USART TxPinLevelInvertParam Mode is applicable
2025-10-11 20:21:58,369 [INFO] Rule:233 - rule USART RxPinLevelInvertParam Mode is applicable
2025-10-11 20:21:58,369 [INFO] Rule:233 - rule USART DataInvertParam Mode is applicable
2025-10-11 20:21:58,369 [INFO] Rule:233 - rule USART SwapParam Mode is applicable
2025-10-11 20:21:58,369 [INFO] Rule:233 - rule USART OverrunDisableParam Mode is applicable
2025-10-11 20:21:58,369 [INFO] Rule:233 - rule USART DMADisableonRxErrorParam Mode is applicable
2025-10-11 20:21:58,369 [INFO] Rule:233 - rule USART MSBFirstParam Mode is applicable
2025-10-11 20:21:58,369 [INFO] Rule:233 - rule Update MwName for USB_DEVICE is applicable
2025-10-11 20:21:58,369 [INFO] Rule:233 - rule Change PWR_Regulator_Voltage_Scale Default Value for RCC  H7 family is applicable
2025-10-11 20:21:58,369 [INFO] Rule:233 - rule UART/USART IPParameter rename Prescaler parameter to ClockPrescaler is applicable
2025-10-11 20:21:58,369 [INFO] Rule:233 - rule UART/USART Prescaler rename Prescaler parameter to ClockPrescaler is applicable
2025-10-11 20:21:58,369 [INFO] Rule:233 - rule TIM1CLockSelection is applicable
2025-10-11 20:21:58,369 [INFO] Rule:233 - rule TIM15CLockSelection is applicable
2025-10-11 20:21:58,369 [INFO] Rule:233 - rule align RCC SDMMC3CLockSelection default value on MP1 is applicable
2025-10-11 20:21:58,369 [INFO] Rule:233 - rule align RCC SDMMC12CLockSelection default value on MP1 is applicable
2025-10-11 20:21:58,369 [INFO] Rule:233 - rule align RCC QSPICLockSelection default value on MP1 is applicable
2025-10-11 20:21:58,369 [INFO] Rule:233 - rule align RCC QSPICLockSelection default value on MP1 is applicable
2025-10-11 20:21:58,369 [INFO] Rule:233 - rule align RCC SPI6CLockSelection default value on MP1 is applicable
2025-10-11 20:21:58,369 [INFO] Rule:233 - rule align RCC LPTIM23CLockSelection default value on MP1 is applicable
2025-10-11 20:21:58,369 [INFO] Rule:233 - rule align RCC LPTIM1CLockSelection default value on MP1 is applicable
2025-10-11 20:21:58,370 [INFO] Rule:233 - rule align RCC USART1CLockSelection default value on MP1 is applicable
2025-10-11 20:21:58,370 [INFO] Rule:233 - rule align RCC USART24CLockSelection default value on MP1 is applicable
2025-10-11 20:21:58,370 [INFO] Rule:233 - rule align RCC USART6CLockSelection default value on MP1 is applicable
2025-10-11 20:21:58,370 [INFO] Rule:233 - rule align RCC UART78CLockSelection default value on MP1 is applicable
2025-10-11 20:21:58,370 [INFO] Rule:233 - rule align RCC USART35CLockSelection default value on MP1 is applicable
2025-10-11 20:21:58,370 [INFO] Rule:233 - rule align RCC SPI45CLockSelection default value on MP1 is applicable
2025-10-11 20:21:58,370 [INFO] Rule:233 - rule align RCC I2C46CLockSelection BCLK value on MP1 is applicable
2025-10-11 20:21:58,370 [INFO] Rule:233 - rule align RCC SPI45CLockSelection default value on MP1 is applicable
2025-10-11 20:21:58,370 [INFO] Rule:233 - rule align RCC I2C12CLockSelection default value on MP1 is applicable
2025-10-11 20:21:58,370 [INFO] Rule:233 - rule align RCC I2C35CLockSelection default value on MP1 is applicable
2025-10-11 20:21:58,370 [INFO] Rule:233 - rule align RCC LPTIM45CLockSelection default value on MP1 is applicable
2025-10-11 20:21:58,370 [INFO] Rule:233 - rule Rename DCMI PIXCK signal is applicable
2025-10-11 20:21:58,370 [INFO] Rule:233 - rule Change Default Value for I2C46CLockSelection MP1 family is applicable
2025-10-11 20:21:58,370 [INFO] Rule:233 - rule Change Default Value for UART for G4, G0 and WB families is applicable
2025-10-11 20:21:58,370 [INFO] Rule:233 - rule Change Default Value for USART for G4, G0 and WB families is applicable
2025-10-11 20:21:58,370 [INFO] Rule:233 - rule Change Default Value for USART for G4 family is applicable
2025-10-11 20:21:58,370 [INFO] Rule:233 - rule Change USART1CLockSelection refparam name for MP1 is applicable
2025-10-11 20:21:58,370 [INFO] Rule:233 - rule Change USART2CLockSelection refparam name for MP1 is applicable
2025-10-11 20:21:58,370 [INFO] Rule:233 - rule Change USART3CLockSelection refparam name for MP1 is applicable
2025-10-11 20:21:58,370 [INFO] Rule:233 - rule Change UART4CLockSelection refparam name for MP1 is applicable
2025-10-11 20:21:58,370 [INFO] Rule:233 - rule Change UART5CLockSelection refparam name for MP1 is applicable
2025-10-11 20:21:58,370 [INFO] Rule:233 - rule Change LPUART1CLockSelection refparam name for MP1 is applicable
2025-10-11 20:21:58,370 [INFO] Rule:233 - rule Change LPTIM1CLockSelection refparam name for MP1 is applicable
2025-10-11 20:21:58,370 [INFO] Rule:233 - rule Change LPTIM2CLockSelection refparam name for MP1 is applicable
2025-10-11 20:21:58,370 [INFO] Rule:233 - rule Change RCC_MCO1Source refparam name for MP1 is applicable
2025-10-11 20:21:58,370 [INFO] Rule:233 - rule Change LSCOSource1 refparam name for MP1 is applicable
2025-10-11 20:21:58,370 [INFO] Rule:233 - rule Change SMPSCLockSelection refparam name for MP1 is applicable
2025-10-11 20:21:58,370 [INFO] Rule:233 - rule Change LPTIM3CLockSelection refparam name for MP1 is applicable
2025-10-11 20:21:58,370 [INFO] Rule:233 - rule Change MPCBB* Default Template Mode to Parameters is applicable
2025-10-11 20:21:58,370 [INFO] Rule:233 - rule Change MPCWM* or MPCBB* Secure Mode to Parameters is applicable
2025-10-11 20:21:58,370 [INFO] Rule:233 - rule Change MPCWM* or MPCBB* No Secure Mode to Parameters is applicable
2025-10-11 20:21:58,370 [INFO] Rule:233 - rule Change TZSC IP Secure Mode to Parameters is applicable
2025-10-11 20:21:58,370 [INFO] Rule:233 - rule Change TZSC IP No Secure Mode to Parameters is applicable
2025-10-11 20:21:58,370 [INFO] Rule:233 - rule Change TZSC IP Privilege Mode to Parameters is applicable
2025-10-11 20:21:58,370 [INFO] Rule:233 - rule Change TZSC IP No Privilege Mode to Parameters is applicable
2025-10-11 20:21:58,370 [INFO] Rule:233 - rule Change TZIC IT Secure Mode to Parameters is applicable
2025-10-11 20:21:58,370 [INFO] Rule:233 - rule Change TZIC IT No Secure Mode to Parameters is applicable
2025-10-11 20:21:58,370 [INFO] Rule:233 - rule Add MPCBB1_NonSecureArea_Start_Address value with referenced to MPCBB1_NonSecureArea_Start value is applicable
2025-10-11 20:21:58,370 [INFO] Rule:233 - rule Add MPCBB2_NonSecureArea_Start_Address value with referenced to MPCBB2_NonSecureArea_Start value is applicable
2025-10-11 20:21:58,370 [INFO] Rule:233 - rule Add MPCWM1_NonSecureArea*_Start_Address value with referenced to MPCWM1_NonSecureArea*_Start value is applicable
2025-10-11 20:21:58,370 [INFO] Rule:233 - rule Add MPCWM2_NonSecureArea*_Start_Address value with referenced to MPCWM2_NonSecureArea*_Start value is applicable
2025-10-11 20:21:58,370 [INFO] Rule:233 - rule Add MPCWM3_NonSecureArea_Start_Address value with referenced to MPCWM3_NonSecureArea_Start value is applicable
2025-10-11 20:21:58,370 [INFO] Rule:233 - rule Change Default Value for PLL1UserDefinedConfig is applicable
2025-10-11 20:21:58,370 [INFO] Rule:233 - rule Change GPIO_PuPd Default Value for USART in async mode is applicable
2025-10-11 20:21:58,370 [INFO] Rule:233 - rule Change SMPSDivider Default Value is applicable
2025-10-11 20:21:58,370 [INFO] Rule:233 - rule OPAMP is applicable
2025-10-11 20:21:58,370 [INFO] Rule:233 - rule LPUART IPParameter rename Prescaler parameter to ClockPrescaler for STM32H7 is applicable
2025-10-11 20:21:58,370 [INFO] Rule:233 - rule LPUART IPParameter rename Prescaler parameter to ClockPrescaler for STM32H7 is applicable
2025-10-11 20:21:58,370 [INFO] Rule:233 - rule LPUART IPParameter rename Prescaler parameter to ClockPrescaler for STM32WB is applicable
2025-10-11 20:21:58,370 [INFO] Rule:233 - rule LPUART IPParameter rename Prescaler parameter to ClockPrescaler for STM32WB is applicable
2025-10-11 20:21:58,370 [INFO] Rule:233 - rule LPUART IPParameter rename Prescaler parameter to ClockPrescaler for STM32G4 is applicable
2025-10-11 20:21:58,370 [INFO] Rule:233 - rule LPUART IPParameter rename Prescaler parameter to ClockPrescaler for STM32G4 is applicable
2025-10-11 20:21:58,370 [INFO] Rule:233 - rule LPUART IPParameter rename Prescaler parameter to ClockPrescaler for STM32L5 is applicable
2025-10-11 20:21:58,370 [INFO] Rule:233 - rule LPUART IPParameter rename Prescaler parameter to ClockPrescaler for STM32L5 is applicable
2025-10-11 20:21:58,370 [INFO] Rule:233 - rule LPUART IPParameter rename Prescaler parameter to ClockPrescaler for STM32G4 is applicable
2025-10-11 20:21:58,370 [INFO] Rule:233 - rule LPUART IPParameter rename Prescaler parameter to ClockPrescaler for STM32G4 is applicable
2025-10-11 20:21:58,371 [INFO] Rule:233 - rule USB device lib V2.5.3 for L0 rename USBD_SUPPORT_USER_STRING parameter to USBD_SUPPORT_USER_STRING_DESC4 is applicable
2025-10-11 20:21:58,371 [INFO] Rule:233 - rule I2SCLockSelection clock entry align is applicable
2025-10-11 20:21:58,371 [INFO] Rule:233 - rule Assign TIMx context if used as SYS timebase is applicable
2025-10-11 20:21:58,371 [INFO] Rule:233 - rule Change GPIO_Pu Default Value for I2C is applicable
2025-10-11 20:21:58,371 [INFO] Rule:233 - rule Change GPIO_Pu Default Value for SMBus is applicable
2025-10-11 20:21:58,371 [INFO] Rule:233 - rule change FDCAN default value is applicable
2025-10-11 20:21:58,371 [INFO] Rule:233 - rule Change mode sai is applicable
2025-10-11 20:21:58,371 [INFO] Rule:233 - rule **Change sai mode is applicable
2025-10-11 20:21:58,371 [INFO] Rule:233 - rule Rename STM32WPAN CFG_BLE_IRK to CFG_BLE_IR is applicable
2025-10-11 20:21:58,371 [INFO] Rule:233 - rule Rename STM32WPAN CFG_BLE_ERK to CFG_BLE_ER is applicable
2025-10-11 20:21:58,371 [INFO] Rule:233 - rule Rename STM32WPAN CFG_BLE_IRK_HEX to CFG_BLE_IR_HEX is applicable
2025-10-11 20:21:58,371 [INFO] Rule:233 - rule Rename STM32WPAN CFG_BLE_ERK_HEX to CFG_BLE_ER_HEX is applicable
2025-10-11 20:21:58,371 [INFO] Rule:233 - rule Adapt Old IOC before rework replace old CORTEX_M33/CORTEX_M55 attributes by the new one. is applicable
2025-10-11 20:21:58,371 [INFO] Rule:233 - rule Rename parametre of RCC RCC_APBDBG_DIV2 to RCC_TIMPRES_DIV2 is applicable
2025-10-11 20:21:58,371 [INFO] Rule:233 - rule Rename DIE493 pin PA10 [PA12] -> PA10 is applicable
2025-10-11 20:21:58,371 [INFO] Rule:233 - rule Rename DIE493 pin PA9 [PA11] -> PA9 is applicable
2025-10-11 20:21:58,371 [INFO] Rule:233 - rule Rename DIE492 PartNumber CPN STM32WBA5MJGHx -> STM32WBA5MMGHx is applicable
2025-10-11 20:21:58,371 [INFO] Rule:233 - rule Rename DIE492 PartNumber  Name STM32WBA5MJGHx -> STM32WBA5MMGHx is applicable
2025-10-11 20:21:58,371 [INFO] Rule:233 - rule Rename DIE492 PartNumber UserName STM32WBA5MJGHx -> STM32WBA5MMGHx is applicable
2025-10-11 20:21:58,371 [INFO] Rule:233 - rule Rename DIE492 PartNumber DeviceId STM32WBA5MJGHx -> STM32WBA5MMGHx is applicable
2025-10-11 20:21:58,371 [INFO] Rule:233 - rule Adapt Old IOC CSI. is applicable
2025-10-11 20:21:58,371 [INFO] Rule:233 - rule Adapt Old IOC DCMIPP. is applicable
2025-10-11 20:21:58,371 [INFO] Rule:233 - rule Adapt Old IOC DCMIPP Mode Parallel. is applicable
2025-10-11 20:21:58,371 [INFO] Rule:233 - rule Adapt Old IOC LTDC. is applicable
2025-10-11 20:21:58,371 [INFO] Rule:233 - rule Rename STM32MP2 RIF Peripheral LTDC RIF.RISUP.LTDC_L0L1.Privilege -> RIF.RISUP.LTDC_L1L2.Privilege is applicable
2025-10-11 20:21:58,371 [INFO] Rule:233 - rule Rename STM32MP2 RIF Peripheral LTDC RIF.RISUP.LTDC_L0L1.Privilege -> RIF.RISUP.LTDC_L1L2.Privilege is applicable
2025-10-11 20:21:58,371 [INFO] Rule:233 - rule Rename STM32MP2 RIF Peripheral LTDC RIF.RISUP.LTDC_L0L1.Lock -> RIF.RISUP.LTDC_L1L2.Lock is applicable
2025-10-11 20:21:58,371 [INFO] Rule:233 - rule Rename STM32MP2 RIF Peripheral LTDC RIF.RISUP.LTDC_L2.Lock -> RIF.RISUP.LTDC_L3.Lock is applicable
2025-10-11 20:21:58,371 [INFO] Rule:233 - rule Adapt the old IOC example for updating the SYS when it is misconfigured. is applicable
2025-10-11 20:21:58,371 [INFO] Rule:233 - rule Rename STM32C09 Mcu.Package LQFP64 -> LQFP48 is applicable
2025-10-11 20:21:58,371 [INFO] Rule:233 - rule Adapt the old IOC example for updating the SYS when it is misconfigured. is applicable
2025-10-11 20:21:58,371 [INFO] Rule:233 - rule Adapt the old IOC example for updating the SYS when it is misconfigured. is applicable
2025-10-11 20:21:58,396 [INFO] DbConfProperties:307 - Apply Compatibility (54/282 Rules)
2025-10-11 20:21:58,408 [INFO] ImportTextPane:234 - (OptionalMessage_ERROR) Unable to find key (Mcu.ThirdPartyNb) in loaded IOC file
2025-10-11 20:21:58,410 [INFO] ImportTextPane:234 - (OptionalMessage_ERROR) Pin35 (VP_RIF_VS_RIF1) cannot be retrieved for this MCU
2025-10-11 20:21:58,441 [INFO] RtosManager:558 - Registered RTOS mode: class=CMSIS, group=RTOS, mode=CMSIS_V1, owner=FREERTOS
2025-10-11 20:21:58,441 [INFO] RtosManager:558 - Registered RTOS mode: class=CMSIS, group=RTOS2, mode=CMSIS_V2, owner=FREERTOS
2025-10-11 20:21:58,441 [INFO] RtosManager:558 - Registered RTOS mode: class=RTOS, group=Core, mode=CMSIS_V1, owner=FREERTOS
2025-10-11 20:21:58,441 [INFO] RtosManager:558 - Registered RTOS mode: class=RTOS, group=Core, mode=CMSIS_V2, owner=FREERTOS
2025-10-11 20:21:58,441 [WARN] ModelIntegratedComponent:184 - Missing modes for component STMicroelectronics:FreeRTOS:0.0.1:STMicroelectronics:RTOS:FreeRTOS:Core:::10.2.0:
2025-10-11 20:21:58,452 [WARN] ModelIntegratedComponent:63 - No mode defined for component null
2025-10-11 20:21:58,453 [WARN] ModelIntegratedComponent:63 - No mode defined for component null
2025-10-11 20:21:58,453 [WARN] ModelIntegratedComponent:63 - No mode defined for component null
2025-10-11 20:21:58,453 [WARN] ModelIntegratedComponent:63 - No mode defined for component null
2025-10-11 20:21:58,453 [WARN] ModelIntegratedComponent:63 - No mode defined for component null
2025-10-11 20:21:58,453 [WARN] ModelIntegratedComponent:63 - No mode defined for component null
2025-10-11 20:21:58,453 [WARN] ModelIntegratedComponent:63 - No mode defined for component null
2025-10-11 20:21:58,453 [WARN] ModelIntegratedComponent:63 - No mode defined for component null
2025-10-11 20:21:58,453 [WARN] ModelIntegratedComponent:63 - No mode defined for component null
2025-10-11 20:21:58,453 [WARN] ModelIntegratedComponent:63 - No mode defined for component null
2025-10-11 20:21:58,453 [WARN] ModelIntegratedComponent:63 - No mode defined for component null
2025-10-11 20:21:58,453 [WARN] ModelIntegratedComponent:63 - No mode defined for component null
2025-10-11 20:21:58,453 [WARN] ModelIntegratedComponent:63 - No mode defined for component null
2025-10-11 20:21:58,453 [WARN] ModelIntegratedComponent:63 - No mode defined for component null
2025-10-11 20:21:58,453 [WARN] ModelIntegratedComponent:63 - No mode defined for component null
2025-10-11 20:21:58,453 [WARN] ModelIntegratedComponent:63 - No mode defined for component null
2025-10-11 20:21:58,453 [WARN] ModelIntegratedComponent:63 - No mode defined for component null
2025-10-11 20:21:58,453 [WARN] ModelIntegratedComponent:63 - No mode defined for component null
2025-10-11 20:21:58,453 [WARN] ModelIntegratedComponent:63 - No mode defined for component null
2025-10-11 20:21:58,453 [WARN] ModelIntegratedComponent:63 - No mode defined for component null
2025-10-11 20:21:58,453 [WARN] ModelIntegratedComponent:63 - No mode defined for component null
2025-10-11 20:21:58,453 [WARN] ModelIntegratedComponent:63 - No mode defined for component null
2025-10-11 20:21:58,453 [WARN] ModelIntegratedComponent:63 - No mode defined for component null
2025-10-11 20:21:58,453 [WARN] ModelIntegratedComponent:63 - No mode defined for component null
2025-10-11 20:21:58,453 [WARN] ModelIntegratedComponent:63 - No mode defined for component null
2025-10-11 20:21:58,453 [WARN] ModelIntegratedComponent:63 - No mode defined for component null
2025-10-11 20:21:58,453 [WARN] ModelIntegratedComponent:63 - No mode defined for component null
2025-10-11 20:21:58,453 [WARN] ModelIntegratedComponent:63 - No mode defined for component null
2025-10-11 20:21:58,453 [WARN] ModelIntegratedComponent:63 - No mode defined for component null
2025-10-11 20:21:58,453 [WARN] ModelIntegratedComponent:63 - No mode defined for component null
2025-10-11 20:21:58,453 [WARN] ModelIntegratedComponent:63 - No mode defined for component null
2025-10-11 20:21:58,453 [WARN] ModelIntegratedComponent:63 - No mode defined for component null
2025-10-11 20:21:58,453 [WARN] ModelIntegratedComponent:63 - No mode defined for component null
2025-10-11 20:21:58,453 [WARN] ModelIntegratedComponent:63 - No mode defined for component null
2025-10-11 20:21:58,454 [WARN] ModelIntegratedComponent:63 - No mode defined for component null
2025-10-11 20:21:58,454 [WARN] ModelPack:524 - Component already loaded: STMicroelectronics:HAL Drivers:0.0.0:STMicroelectronics:Device:STMicro_Driver:XSPI:HAL::0.0.1:HAL_XSPI
2025-10-11 20:21:58,529 [INFO] ThirdPartyModel:298 - Start build external matchings
2025-10-11 20:21:58,946 [INFO] ThirdPartyModel:316 - End build external matchings
2025-10-11 20:21:58,956 [INFO] ImportTextPane:234 - (OptionalMessage_ERROR) IP (RCC) : Parameter (RTCHSEDivFreq_Value) has invalid value (4000000)
2025-10-11 20:21:59,082 [INFO] UtilMem:75 - End LoadConfig() Used Memory: 705367184 Bytes (1073741824)
2025-10-11 20:21:59,100 [WARN] ThirdParty:833 - waiting for thirdparty lock release [change project]
2025-10-11 20:21:59,100 [INFO] ThirdParty:835 - entering critical section [change project]
2025-10-11 20:21:59,100 [INFO] ThirdParty:1030 - CMSIS Pack Vendor :STMicroelectronics X-CUBE-PM33A1 1.0.0
2025-10-11 20:21:59,100 [INFO] ThirdParty:1030 - CMSIS Pack Vendor :STMicroelectronics USBPD 4.1
2025-10-11 20:21:59,100 [INFO] ThirdParty:1030 - CMSIS Pack Vendor :STMicroelectronics X-CUBE-NFC9 1.0.0
2025-10-11 20:21:59,100 [INFO] ThirdParty:1030 - CMSIS Pack Vendor :STMicroelectronics USB_HOST 2.0.0
2025-10-11 20:21:59,100 [INFO] ThirdParty:1030 - CMSIS Pack Vendor :STMicroelectronics FP-SNS-MOTENVWB1 1.4.0
2025-10-11 20:21:59,100 [INFO] ThirdParty:1030 - CMSIS Pack Vendor :STMicroelectronics X-CUBE-AZRTOS-F4 1.1.0
2025-10-11 20:21:59,100 [INFO] ThirdParty:1030 - CMSIS Pack Vendor :STMicroelectronics LIBJPEG 8.0.0
2025-10-11 20:21:59,100 [INFO] ThirdParty:1030 - CMSIS Pack Vendor :STMicroelectronics FP-ATR-ASTRA1 2.0.2
2025-10-11 20:21:59,100 [INFO] ThirdParty:1030 - CMSIS Pack Vendor :wolfSSL I-CUBE-wolfSSL 5.8.2
2025-10-11 20:21:59,100 [INFO] ThirdParty:1030 - CMSIS Pack Vendor :STMicroelectronics X-CUBE-BLE1 7.1.0
2025-10-11 20:21:59,100 [INFO] ThirdParty:1030 - CMSIS Pack Vendor :Avnet-IotConnect X-CUBE-IoTC-DA16k-PMOD 1.0.0
2025-10-11 20:21:59,100 [INFO] ThirdParty:1030 - CMSIS Pack Vendor :STMicroelectronics X-CUBE-SMBUS 2.1.0
2025-10-11 20:21:59,100 [INFO] ThirdParty:1030 - CMSIS Pack Vendor :wolfSSL I-CUBE-wolfMQTT 1.19.2
2025-10-11 20:21:59,100 [INFO] ThirdParty:1030 - CMSIS Pack Vendor :STMicroelectronics USB_DEVICE 3.0.0
2025-10-11 20:21:59,100 [INFO] ThirdParty:1030 - CMSIS Pack Vendor :STMicroelectronics X-CUBE-ISPU 2.1.0
2025-10-11 20:21:59,100 [INFO] ThirdParty:1030 - CMSIS Pack Vendor :STMicroelectronics X-CUBE-EEPRMA1 5.2.0
2025-10-11 20:21:59,100 [INFO] ThirdParty:1030 - CMSIS Pack Vendor :STMicroelectronics X-CUBE-BLEMGR 4.1.0
2025-10-11 20:21:59,100 [INFO] ThirdParty:1030 - CMSIS Pack Vendor :STMicroelectronics X-CUBE-AZRTOS-WB 2.0.0
2025-10-11 20:21:59,101 [INFO] ThirdParty:1030 - CMSIS Pack Vendor :STMicroelectronics X-CUBE-ST60 1.0.0
2025-10-11 20:21:59,101 [INFO] ThirdParty:1030 - CMSIS Pack Vendor :STMicroelectronics X-CUBE-GNSS1 7.0.1
2025-10-11 20:21:59,101 [INFO] ThirdParty:1030 - CMSIS Pack Vendor :STMicroelectronics X-CUBE-NFC12 1.0.0
2025-10-11 20:21:59,101 [INFO] ThirdParty:1030 - CMSIS Pack Vendor :STMicroelectronics X-CUBE-AZRTOS-F7 1.1.0
2025-10-11 20:21:59,101 [INFO] ThirdParty:1030 - CMSIS Pack Vendor :STMicroelectronics X-CUBE-AZRTOS-L5 2.0.0
2025-10-11 20:21:59,101 [INFO] ThirdParty:1030 - CMSIS Pack Vendor :STMicroelectronics X-CUBE-TOUCHGFX 4.25.0
2025-10-11 20:21:59,101 [INFO] ThirdParty:1030 - CMSIS Pack Vendor :STMicroelectronics USB_DEVICE 2.0.0
2025-10-11 20:21:59,101 [INFO] ThirdParty:1030 - CMSIS Pack Vendor :STMicroelectronics X-CUBE-NFC6 3.1.0
2025-10-11 20:21:59,101 [INFO] ThirdParty:1030 - CMSIS Pack Vendor :quantropi X-CUBE-qispace-sdk-base 2.1.0
2025-10-11 20:21:59,101 [INFO] ThirdParty:1030 - CMSIS Pack Vendor :STMicroelectronics FreeRTOS 0.0.1
2025-10-11 20:21:59,101 [INFO] ThirdParty:1030 - CMSIS Pack Vendor :STMicroelectronics X-CUBE-AZRTOS-G0 1.1.0
2025-10-11 20:21:59,101 [INFO] ThirdParty:1030 - CMSIS Pack Vendor :STMicroelectronics X-CUBE-SAFEA1 1.2.2
2025-10-11 20:21:59,101 [INFO] ThirdParty:1030 - CMSIS Pack Vendor :STMicroelectronics X-CUBE-NFC4 3.0.0
2025-10-11 20:21:59,101 [INFO] ThirdParty:1030 - CMSIS Pack Vendor :STMicroelectronics X-CUBE-SUBG2 5.0.0
2025-10-11 20:21:59,101 [INFO] ThirdParty:1030 - CMSIS Pack Vendor :STMicroelectronics X-CUBE-AZRTOS-H7RS 1.1.0
2025-10-11 20:21:59,101 [INFO] ThirdParty:1030 - CMSIS Pack Vendor :STMicroelectronics STM32_WPAN 1.0.0
2025-10-11 20:21:59,101 [INFO] ThirdParty:1030 - CMSIS Pack Vendor :EmbeddedOffice I-CUBE-FS-RTOS 1.0.1
2025-10-11 20:21:59,101 [INFO] ThirdParty:1030 - CMSIS Pack Vendor :STMicroelectronics lwIP 2.0.3
2025-10-11 20:21:59,101 [INFO] ThirdParty:1030 - CMSIS Pack Vendor :WES I-CUBE-Cesium 1.4.0
2025-10-11 20:21:59,101 [INFO] ThirdParty:1030 - CMSIS Pack Vendor :Cesanta I-CUBE-Mongoose 7.13.0
2025-10-11 20:21:59,101 [INFO] ThirdParty:1030 - CMSIS Pack Vendor :STMicroelectronics USB_HOST 1.0.0
2025-10-11 20:21:59,101 [INFO] ThirdParty:1030 - CMSIS Pack Vendor :Infineon AIROC-Wi-Fi-Bluetooth-STM32 1.7.1
2025-10-11 20:21:59,101 [INFO] ThirdParty:1030 - CMSIS Pack Vendor :STMicroelectronics X-CUBE-AZRTOS-G4 2.0.0
2025-10-11 20:21:59,101 [INFO] ThirdParty:1030 - CMSIS Pack Vendor :STMicroelectronics X-CUBE-WB05N 2.0.0
2025-10-11 20:21:59,101 [INFO] ThirdParty:1030 - CMSIS Pack Vendor :STMicroelectronics PDM2PCM 3.1.0
2025-10-11 20:21:59,101 [INFO] ThirdParty:1030 - CMSIS Pack Vendor :STMicroelectronics PDM2PCM 3.3.0
2025-10-11 20:21:59,101 [INFO] ThirdParty:1030 - CMSIS Pack Vendor :wolfSSL I-CUBE-wolfTPM 3.8.0
2025-10-11 20:21:59,101 [INFO] ThirdParty:1030 - CMSIS Pack Vendor :STMicroelectronics X-CUBE-AZRTOS-H7 3.4.0
2025-10-11 20:21:59,101 [INFO] ThirdParty:1030 - CMSIS Pack Vendor :STMicroelectronics X-CUBE-DISPLAY 3.0.0
2025-10-11 20:21:59,101 [INFO] ThirdParty:1030 - CMSIS Pack Vendor :wolfSSL I-CUBE-wolfSSH 1.4.20
2025-10-11 20:21:59,101 [INFO] ThirdParty:1030 - CMSIS Pack Vendor :STMicroelectronics X-CUBE-NFC7 2.0.0
2025-10-11 20:21:59,101 [INFO] ThirdParty:1030 - CMSIS Pack Vendor :STMicroelectronics X-CUBE-TCPP 4.2.0
2025-10-11 20:21:59,101 [INFO] ThirdParty:1030 - CMSIS Pack Vendor :RealThread X-CUBE-RT-Thread_Nano 4.1.1
2025-10-11 20:21:59,101 [INFO] ThirdParty:1030 - CMSIS Pack Vendor :STMicroelectronics FP-ATR-SIGFOX1 3.2.0
2025-10-11 20:21:59,101 [INFO] ThirdParty:1030 - CMSIS Pack Vendor :STMicroelectronics X-CUBE-NFC10 1.0.0
2025-10-11 20:21:59,101 [INFO] ThirdParty:1030 - CMSIS Pack Vendor :STMicroelectronics X-CUBE-FREERTOS 1.3.1
2025-10-11 20:21:59,101 [INFO] ThirdParty:1030 - CMSIS Pack Vendor :STMicroelectronics HAL Drivers 0.0.0
2025-10-11 20:21:59,101 [INFO] ThirdParty:1030 - CMSIS Pack Vendor :STMicroelectronics MBEDTLS 2.16.2
2025-10-11 20:21:59,101 [INFO] ThirdParty:1030 - CMSIS Pack Vendor :STMicroelectronics X-CUBE-IPS 3.1.0
2025-10-11 20:21:59,101 [INFO] ThirdParty:1030 - CMSIS Pack Vendor :STMicroelectronics X-CUBE-ALS 1.0.2
2025-10-11 20:21:59,101 [INFO] ThirdParty:1030 - CMSIS Pack Vendor :emotas I-CUBE-CANOPEN 1.3.0
2025-10-11 20:21:59,101 [INFO] ThirdParty:1030 - CMSIS Pack Vendor :STMicroelectronics MBEDTLS 2.14.1
2025-10-11 20:21:59,101 [INFO] ThirdParty:1030 - CMSIS Pack Vendor :ITTIA_DB I-CUBE-ITTIADB 8.9.0
2025-10-11 20:21:59,101 [INFO] ThirdParty:1030 - CMSIS Pack Vendor :STMicroelectronics X-CUBE-TOUCHGFX 4.26.0
2025-10-11 20:21:59,101 [INFO] ThirdParty:1030 - CMSIS Pack Vendor :STMicroelectronics X-CUBE-STSE01 1.0.0
2025-10-11 20:21:59,101 [INFO] ThirdParty:1030 - CMSIS Pack Vendor :STMicroelectronics X-CUBE-ST67W61 1.0.0
2025-10-11 20:21:59,101 [INFO] ThirdParty:1030 - CMSIS Pack Vendor :STMicroelectronics FP-SNS-STBOX1 2.1.0
2025-10-11 20:21:59,101 [INFO] ThirdParty:1030 - CMSIS Pack Vendor :STMicroelectronics X-CUBE-AI 10.2.0
2025-10-11 20:21:59,101 [INFO] ThirdParty:1030 - CMSIS Pack Vendor :STMicroelectronics FP-SNS-STAIOTCFT 1.0.0
2025-10-11 20:21:59,101 [INFO] ThirdParty:1030 - CMSIS Pack Vendor :STMicroelectronics ThreadX 1.0.0
2025-10-11 20:21:59,101 [INFO] ThirdParty:1030 - CMSIS Pack Vendor :STMicroelectronics FP-SNS-SMARTAG2 1.2.0
2025-10-11 20:21:59,101 [INFO] ThirdParty:1030 - CMSIS Pack Vendor :STMicroelectronics FP-SNS-FLIGHT1 5.1.0
2025-10-11 20:21:59,101 [INFO] ThirdParty:1030 - CMSIS Pack Vendor :STMicroelectronics X-CUBE-AZRTOS-WL 2.0.0
2025-10-11 20:21:59,101 [INFO] ThirdParty:1030 - CMSIS Pack Vendor :SEGGER I-CUBE-embOS 1.3.1
2025-10-11 20:21:59,101 [INFO] ThirdParty:1030 - CMSIS Pack Vendor :STMicroelectronics X-CUBE-ALGOBUILD 1.4.0
2025-10-11 20:21:59,101 [INFO] ThirdParty:1030 - CMSIS Pack Vendor :STMicroelectronics X-CUBE-DPower 1.3.0
2025-10-11 20:21:59,101 [INFO] ThirdParty:1030 - CMSIS Pack Vendor :STMicroelectronics X-CUBE-MEMS1 11.3.0
2025-10-11 20:21:59,101 [INFO] ThirdParty:1030 - CMSIS Pack Vendor :STMicroelectronics FP-SNS-MOTENV1 5.0.0
2025-10-11 20:21:59,101 [INFO] ThirdParty:1030 - CMSIS Pack Vendor :STMicroelectronics USB_DEVICE 1.0.0
2025-10-11 20:21:59,101 [INFO] ThirdParty:1030 - CMSIS Pack Vendor :STMicroelectronics X-CUBE-AZRTOS-L4 2.0.0
2025-10-11 20:21:59,101 [INFO] ThirdParty:1030 - CMSIS Pack Vendor :STMicroelectronics ThreadX 0.0.2
2025-10-11 20:21:59,101 [INFO] ThirdParty:1030 - CMSIS Pack Vendor :STMicroelectronics lwIP 2.1.2
2025-10-11 20:21:59,101 [INFO] ThirdParty:1030 - CMSIS Pack Vendor :STMicroelectronics X-CUBE-SFXS2LP1 4.0.0
2025-10-11 20:21:59,101 [INFO] ThirdParty:1030 - CMSIS Pack Vendor :STMicroelectronics X-CUBE-BLE2 3.3.0
2025-10-11 20:21:59,102 [INFO] ThirdParty:1030 - CMSIS Pack Vendor :STMicroelectronics X-CUBE-TOF1 3.4.3
2025-10-11 20:21:59,102 [INFO] ThirdParty:1030 - CMSIS Pack Vendor :STMicroelectronics PDM2PCM 3.2.0
2025-10-11 20:21:59,102 [INFO] ThirdParty:841 - exiting critical section [change project]
2025-10-11 20:21:59,350 [INFO] PinOutPanel:1589 - setPackage(No Configuration,No Configuration)
2025-10-11 20:21:59,350 [INFO] PinOutPanel:1589 - setPackage(STM32F407VGTx,LQFP100)
2025-10-11 20:21:59,522 [INFO] UtilMem:75 - Before build in PCC Used Memory: 602767176 Bytes (1073741824)
2025-10-11 20:21:59,686 [INFO] UtilMem:75 - After build in PCC Used Memory: 648904520 Bytes (1073741824)
2025-10-11 20:21:59,694 [INFO] ApiDbMcu:532 - Load IP Config File for USB_HOST
2025-10-11 20:21:59,694 [WARN] BspModel:444 - BSP dependency skipped because of component: name='IOExpander', api='Unknown'
2025-10-11 20:21:59,721 [INFO] IPUIPlugin:80 - create IPUIPlugin
2025-10-11 20:21:59,721 [INFO] IPUIPlugin:80 - create IPUIPlugin
2025-10-11 20:21:59,721 [INFO] IPUIPlugin:80 - create IPUIPlugin
2025-10-11 20:21:59,721 [INFO] IPUIPlugin:80 - create IPUIPlugin
2025-10-11 20:21:59,722 [INFO] IPUIPlugin:80 - create IPUIPlugin
2025-10-11 20:21:59,722 [INFO] IPUIPlugin:80 - create IPUIPlugin
2025-10-11 20:21:59,722 [INFO] IPUIPlugin:80 - create IPUIPlugin
2025-10-11 20:21:59,722 [INFO] IPUIPlugin:80 - create IPUIPlugin
2025-10-11 20:21:59,722 [INFO] IPUIPlugin:80 - create IPUIPlugin
2025-10-11 20:21:59,722 [INFO] IPUIPlugin:80 - create IPUIPlugin
2025-10-11 20:21:59,722 [INFO] IPUIPlugin:80 - create IPUIPlugin
2025-10-11 20:21:59,722 [INFO] IPUIPlugin:80 - create IPUIPlugin
2025-10-11 20:21:59,722 [INFO] IPUIPlugin:80 - create IPUIPlugin
2025-10-11 20:21:59,723 [INFO] IPUIPlugin:80 - create IPUIPlugin
2025-10-11 20:21:59,723 [INFO] IPUIPlugin:80 - create IPUIPlugin
2025-10-11 20:21:59,723 [INFO] IPUIPlugin:80 - create IPUIPlugin
2025-10-11 20:21:59,723 [INFO] IPUIPlugin:80 - create IPUIPlugin
2025-10-11 20:21:59,723 [INFO] IPUIPlugin:80 - create IPUIPlugin
2025-10-11 20:21:59,723 [INFO] IPUIPlugin:80 - create IPUIPlugin
2025-10-11 20:21:59,724 [INFO] IPUIPlugin:80 - create IPUIPlugin
2025-10-11 20:21:59,724 [INFO] IPUIPlugin:80 - create IPUIPlugin
2025-10-11 20:21:59,724 [INFO] IPUIPlugin:80 - create IPUIPlugin
2025-10-11 20:21:59,724 [INFO] IPUIPlugin:80 - create IPUIPlugin
2025-10-11 20:21:59,724 [INFO] IPUIPlugin:80 - create IPUIPlugin
2025-10-11 20:21:59,724 [INFO] IPUIPlugin:80 - create IPUIPlugin
2025-10-11 20:21:59,725 [INFO] IPUIPlugin:80 - create IPUIPlugin
2025-10-11 20:21:59,725 [INFO] IPUIPlugin:80 - create IPUIPlugin
2025-10-11 20:21:59,725 [INFO] IPUIPlugin:80 - create IPUIPlugin
2025-10-11 20:21:59,725 [INFO] IPUIPlugin:80 - create IPUIPlugin
2025-10-11 20:21:59,725 [INFO] IPUIPlugin:80 - create IPUIPlugin
2025-10-11 20:21:59,725 [INFO] IPUIPlugin:80 - create IPUIPlugin
2025-10-11 20:21:59,725 [INFO] IPUIPlugin:80 - create IPUIPlugin
2025-10-11 20:21:59,726 [INFO] IPUIPlugin:80 - create IPUIPlugin
2025-10-11 20:21:59,726 [INFO] IPUIPlugin:80 - create IPUIPlugin
2025-10-11 20:21:59,726 [INFO] IPUIPlugin:80 - create IPUIPlugin
2025-10-11 20:21:59,726 [INFO] IPUIPlugin:80 - create IPUIPlugin
2025-10-11 20:21:59,726 [INFO] IPUIPlugin:80 - create IPUIPlugin
2025-10-11 20:21:59,726 [INFO] IPUIPlugin:80 - create IPUIPlugin
2025-10-11 20:21:59,726 [INFO] IPUIPlugin:80 - create IPUIPlugin
2025-10-11 20:21:59,726 [INFO] IPUIPlugin:80 - create IPUIPlugin
2025-10-11 20:21:59,726 [INFO] IPUIPlugin:80 - create IPUIPlugin
2025-10-11 20:21:59,726 [INFO] IPUIPlugin:80 - create IPUIPlugin
2025-10-11 20:21:59,726 [INFO] IPUIPlugin:80 - create IPUIPlugin
2025-10-11 20:21:59,726 [INFO] IPUIPlugin:80 - create IPUIPlugin
2025-10-11 20:21:59,726 [INFO] IPUIPlugin:80 - create IPUIPlugin
2025-10-11 20:21:59,726 [INFO] IPUIPlugin:80 - create IPUIPlugin
2025-10-11 20:21:59,726 [INFO] IPUIPlugin:80 - create IPUIPlugin
2025-10-11 20:21:59,727 [INFO] IPUIPlugin:80 - create IPUIPlugin
2025-10-11 20:21:59,727 [INFO] IPUIPlugin:80 - create IPUIPlugin
2025-10-11 20:21:59,727 [INFO] IPUIPlugin:80 - create IPUIPlugin
2025-10-11 20:21:59,727 [INFO] IPUIPlugin:80 - create IPUIPlugin
2025-10-11 20:21:59,727 [INFO] IPUIPlugin:80 - create IPUIPlugin
2025-10-11 20:21:59,727 [INFO] IPUIPlugin:80 - create IPUIPlugin
2025-10-11 20:21:59,728 [INFO] IPUIPlugin:80 - create IPUIPlugin
2025-10-11 20:21:59,728 [INFO] IPUIPlugin:80 - create IPUIPlugin
2025-10-11 20:21:59,728 [INFO] IPUIPlugin:80 - create IPUIPlugin
2025-10-11 20:21:59,729 [INFO] IPUIPlugin:80 - create IPUIPlugin
2025-10-11 20:21:59,729 [INFO] IPUIPlugin:80 - create IPUIPlugin
2025-10-11 20:21:59,731 [INFO] ApiDbMcu:532 - Load IP Config File for PDM2PCM
2025-10-11 20:21:59,732 [WARN] IP:2250 - I2C_Coeff_DF not found: check if there is a RefParameter without a condition.
2025-10-11 20:21:59,732 [WARN] IP:2250 - Analog_Filter not found: check if there is a RefParameter without a condition.
2025-10-11 20:21:59,736 [INFO] I2sManager:658 - 9.6E7
2025-10-11 20:21:59,736 [INFO] I2sManager:195 - I2S Clock Value : 9.6E7
2025-10-11 20:21:59,736 [INFO] I2sManager:553 - AudioClock : 93750Divider : 2Odd : 0
2025-10-11 20:21:59,776 [INFO] CADModel:165 - CPN selected for project levelSTM32F407VGT6
2025-10-11 20:21:59,776 [INFO] CADModel:114 - Register for checkConnection events
2025-10-11 20:21:59,830 [INFO] OpenFileManager:386 - Restore cursor
2025-10-11 20:21:59,944 [WARN] IP:2250 - I2C_Coeff_DF not found: check if there is a RefParameter without a condition.
2025-10-11 20:21:59,944 [WARN] IP:2250 - Analog_Filter not found: check if there is a RefParameter without a condition.
2025-10-11 20:21:59,944 [WARN] IP:2250 - I2C_Coeff_DF not found: check if there is a RefParameter without a condition.
2025-10-11 20:21:59,944 [WARN] IP:2250 - Analog_Filter not found: check if there is a RefParameter without a condition.
2025-10-11 20:22:00,110 [INFO] UtilMem:75 - End SaveConfig() Used Memory: 778927944 Bytes (1073741824)
2025-10-11 20:22:00,144 [INFO] UtilMem:75 - End SaveConfig() Used Memory: 799899464 Bytes (1073741824)
2025-10-11 20:22:00,311 [INFO] BlockDiagram:2775 - set Specific Code input for plugin: SPI
2025-10-11 20:22:00,311 [INFO] BlockDiagram:2775 - set Specific Code input for plugin: I2S
2025-10-11 20:22:00,311 [INFO] BlockDiagram:2775 - set Specific Code input for plugin: SYS
2025-10-11 20:22:00,311 [INFO] BlockDiagram:2775 - set Specific Code input for plugin: RCC
2025-10-11 20:22:00,311 [INFO] BlockDiagram:2775 - set Specific Code input for plugin: I2C
2025-10-11 20:22:00,311 [INFO] BlockDiagram:2775 - set Specific Code input for plugin: USB_OTG_FS
2025-10-11 20:22:00,311 [INFO] BlockDiagram:2775 - set Specific Code input for plugin: NVIC
2025-10-11 20:22:00,312 [INFO] BlockDiagram:2775 - set Specific Code input for plugin: USB_HOST
2025-10-11 20:22:00,312 [INFO] BlockDiagram:2775 - set Specific Code input for plugin: GPIO
2025-10-11 20:22:00,312 [INFO] CodeGenerator:892 - code generatio: config db path: /opt/st/stm32cubeide_1.19.0/plugins/com.st.stm32cube.common.mx_6.15.0.202507011659//db/
2025-10-11 20:22:00,313 [WARN] IP:2250 - I2C_Coeff_DF not found: check if there is a RefParameter without a condition.
2025-10-11 20:22:00,313 [WARN] IP:2250 - Analog_Filter not found: check if there is a RefParameter without a condition.
2025-10-11 20:22:00,396 [INFO] CodeEngine:265 - oldGeneratedFile, /home/oleksii/STM32CubeIDE/workspace_1.19.0/workspace_embedded/Lab2_driver2/MXTmpFiles/license.tmp_save
2025-10-11 20:22:00,545 [INFO] CodeEngine:289 - Generated code: /home/oleksii/STM32CubeIDE/workspace_1.19.0/workspace_embedded/Lab2_driver2/MXTmpFiles/license.tmp
2025-10-11 20:22:00,582 [INFO] CodeEngine:265 - oldGeneratedFile, /home/oleksii/STM32CubeIDE/workspace_1.19.0/workspace_embedded/Lab2_driver2/MXTmpFiles/gpio.tmp_save
2025-10-11 20:22:00,667 [INFO] CodeEngine:289 - Generated code: /home/oleksii/STM32CubeIDE/workspace_1.19.0/workspace_embedded/Lab2_driver2/MXTmpFiles/gpio.tmp
2025-10-11 20:22:00,743 [WARN] IPConfigManager:3238 - Warning: the RefConfig PWREx_EnableUSBVoltageDetector is not available in your config.xml file
2025-10-11 20:22:00,745 [INFO] CodeEngine:265 - oldGeneratedFile, /home/oleksii/STM32CubeIDE/workspace_1.19.0/workspace_embedded/Lab2_driver2/MXTmpFiles/usb_otg_fs_vars.tmp_save
2025-10-11 20:22:00,802 [INFO] CodeEngine:289 - Generated code: /home/oleksii/STM32CubeIDE/workspace_1.19.0/workspace_embedded/Lab2_driver2/MXTmpFiles/usb_otg_fs_vars.tmp
2025-10-11 20:22:00,803 [INFO] CodeEngine:265 - oldGeneratedFile, /home/oleksii/STM32CubeIDE/workspace_1.19.0/workspace_embedded/Lab2_driver2/MXTmpFiles/usb_otg_fs_inc.tmp_save
2025-10-11 20:22:00,845 [INFO] CodeEngine:289 - Generated code: /home/oleksii/STM32CubeIDE/workspace_1.19.0/workspace_embedded/Lab2_driver2/MXTmpFiles/usb_otg_fs_inc.tmp
2025-10-11 20:22:00,846 [INFO] CodeEngine:265 - oldGeneratedFile, /home/oleksii/STM32CubeIDE/workspace_1.19.0/workspace_embedded/Lab2_driver2/MXTmpFiles/usb_otg_fs_HalInit.tmp_save
2025-10-11 20:22:00,901 [INFO] CodeEngine:289 - Generated code: /home/oleksii/STM32CubeIDE/workspace_1.19.0/workspace_embedded/Lab2_driver2/MXTmpFiles/usb_otg_fs_HalInit.tmp
2025-10-11 20:22:00,902 [INFO] CodeEngine:265 - oldGeneratedFile, /home/oleksii/STM32CubeIDE/workspace_1.19.0/workspace_embedded/Lab2_driver2/MXTmpFiles/usb_otg_fs_Msp.tmp_save
2025-10-11 20:22:00,958 [INFO] CodeEngine:289 - Generated code: /home/oleksii/STM32CubeIDE/workspace_1.19.0/workspace_embedded/Lab2_driver2/MXTmpFiles/usb_otg_fs_Msp.tmp
2025-10-11 20:22:01,076 [INFO] CodeEngine:265 - oldGeneratedFile, /home/oleksii/STM32CubeIDE/workspace_1.19.0/workspace_embedded/Lab2_driver2/USB_HOST/App/usb_host.c_save
2025-10-11 20:22:01,119 [INFO] CodeEngine:289 - Generated code: /home/oleksii/STM32CubeIDE/workspace_1.19.0/workspace_embedded/Lab2_driver2/USB_HOST/App/usb_host.c
2025-10-11 20:22:01,119 [INFO] CodeEngine:265 - oldGeneratedFile, /home/oleksii/STM32CubeIDE/workspace_1.19.0/workspace_embedded/Lab2_driver2/USB_HOST/App/usb_host.h_save
2025-10-11 20:22:01,159 [INFO] CodeEngine:289 - Generated code: /home/oleksii/STM32CubeIDE/workspace_1.19.0/workspace_embedded/Lab2_driver2/USB_HOST/App/usb_host.h
2025-10-11 20:22:01,160 [INFO] CodeEngine:265 - oldGeneratedFile, /home/oleksii/STM32CubeIDE/workspace_1.19.0/workspace_embedded/Lab2_driver2/USB_HOST/Target/usbh_conf.h_save
2025-10-11 20:22:01,199 [INFO] CodeEngine:289 - Generated code: /home/oleksii/STM32CubeIDE/workspace_1.19.0/workspace_embedded/Lab2_driver2/USB_HOST/Target/usbh_conf.h
2025-10-11 20:22:01,200 [INFO] CodeEngine:265 - oldGeneratedFile, /home/oleksii/STM32CubeIDE/workspace_1.19.0/workspace_embedded/Lab2_driver2/USB_HOST/Target/usbh_conf.c_save
2025-10-11 20:22:01,242 [INFO] CodeEngine:289 - Generated code: /home/oleksii/STM32CubeIDE/workspace_1.19.0/workspace_embedded/Lab2_driver2/USB_HOST/Target/usbh_conf.c
2025-10-11 20:22:01,243 [INFO] CodeEngine:265 - oldGeneratedFile, /home/oleksii/STM32CubeIDE/workspace_1.19.0/workspace_embedded/Lab2_driver2/USB_HOST/Target/usbh_platform.c_save
2025-10-11 20:22:01,281 [INFO] CodeEngine:289 - Generated code: /home/oleksii/STM32CubeIDE/workspace_1.19.0/workspace_embedded/Lab2_driver2/USB_HOST/Target/usbh_platform.c
2025-10-11 20:22:01,282 [INFO] CodeEngine:265 - oldGeneratedFile, /home/oleksii/STM32CubeIDE/workspace_1.19.0/workspace_embedded/Lab2_driver2/USB_HOST/Target/usbh_platform.h_save
2025-10-11 20:22:01,321 [INFO] CodeEngine:289 - Generated code: /home/oleksii/STM32CubeIDE/workspace_1.19.0/workspace_embedded/Lab2_driver2/USB_HOST/Target/usbh_platform.h
2025-10-11 20:22:01,325 [INFO] CodeEngine:265 - oldGeneratedFile, /home/oleksii/STM32CubeIDE/workspace_1.19.0/workspace_embedded/Lab2_driver2/Core/Src/stm32f4xx_it.c_save
2025-10-11 20:22:01,421 [INFO] CodeEngine:289 - Generated code: /home/oleksii/STM32CubeIDE/workspace_1.19.0/workspace_embedded/Lab2_driver2/Core/Src/stm32f4xx_it.c
2025-10-11 20:22:01,421 [INFO] CodeEngine:265 - oldGeneratedFile, /home/oleksii/STM32CubeIDE/workspace_1.19.0/workspace_embedded/Lab2_driver2/Core/Inc/stm32f4xx_it.h_save
2025-10-11 20:22:01,457 [INFO] CodeEngine:289 - Generated code: /home/oleksii/STM32CubeIDE/workspace_1.19.0/workspace_embedded/Lab2_driver2/Core/Inc/stm32f4xx_it.h
2025-10-11 20:22:01,463 [INFO] CodeEngine:265 - oldGeneratedFile, /home/oleksii/STM32CubeIDE/workspace_1.19.0/workspace_embedded/Lab2_driver2/Core/Src/stm32f4xx_hal_msp.c_save
2025-10-11 20:22:01,522 [INFO] CodeEngine:289 - Generated code: /home/oleksii/STM32CubeIDE/workspace_1.19.0/workspace_embedded/Lab2_driver2/Core/Src/stm32f4xx_hal_msp.c
2025-10-11 20:22:01,523 [INFO] CodeEngine:265 - oldGeneratedFile, /home/oleksii/STM32CubeIDE/workspace_1.19.0/workspace_embedded/Lab2_driver2/MXTmpFiles/system.tmp_save
2025-10-11 20:22:01,559 [INFO] CodeEngine:289 - Generated code: /home/oleksii/STM32CubeIDE/workspace_1.19.0/workspace_embedded/Lab2_driver2/MXTmpFiles/system.tmp
2025-10-11 20:22:01,561 [INFO] CodeEngine:321 - oldGeneratedFile, /home/oleksii/STM32CubeIDE/workspace_1.19.0/workspace_embedded/Lab2_driver2/Core/Inc/stm32f4xx_hal_conf.h_save
2025-10-11 20:22:01,602 [INFO] CodeEngine:345 - Generated code: /home/oleksii/STM32CubeIDE/workspace_1.19.0/workspace_embedded/Lab2_driver2/Core/Inc/stm32f4xx_hal_conf.h
2025-10-11 20:22:01,615 [INFO] ApiDbMcu:532 - Load IP Config File for I2C1
2025-10-11 20:22:01,617 [INFO] ApiDbMcu:532 - Load IP Config File for I2S3
2025-10-11 20:22:01,618 [INFO] ApiDbMcu:532 - Load IP Config File for SPI1
2025-10-11 20:22:01,620 [INFO] ApiDbMcu:532 - Load IP Config File for RCC
2025-10-11 20:22:01,630 [INFO] CodeEngine:265 - oldGeneratedFile, /home/oleksii/STM32CubeIDE/workspace_1.19.0/workspace_embedded/Lab2_driver2/Core/Inc/main.h_save
2025-10-11 20:22:01,684 [INFO] CodeEngine:289 - Generated code: /home/oleksii/STM32CubeIDE/workspace_1.19.0/workspace_embedded/Lab2_driver2/Core/Inc/main.h
2025-10-11 20:22:01,684 [INFO] CodeEngine:265 - oldGeneratedFile, /home/oleksii/STM32CubeIDE/workspace_1.19.0/workspace_embedded/Lab2_driver2/Core/Src/main.c_save
2025-10-11 20:22:01,739 [INFO] CodeEngine:289 - Generated code: /home/oleksii/STM32CubeIDE/workspace_1.19.0/workspace_embedded/Lab2_driver2/Core/Src/main.c
2025-10-11 20:22:01,897 [INFO] ProjectBuilder:3606 - Time for Copy HAL[1] : 13mS.
2025-10-11 20:22:01,899 [INFO] ProjectBuilder:5216 - Project Generator version: 4.7.0-B52
2025-10-11 20:22:01,957 [INFO] ConfigFileManager:1595 - The Die is : DIE413
2025-10-11 20:22:01,959 [INFO] ApiDbMcu:532 - Load IP Config File for FATFS
2025-10-11 20:22:01,962 [INFO] ApiDbMcu:532 - Load IP Config File for FREERTOS
2025-10-11 20:22:01,964 [INFO] ApiDbMcu:532 - Load IP Config File for LIBJPEG
2025-10-11 20:22:01,968 [INFO] ApiDbMcu:532 - Load IP Config File for LWIP
2025-10-11 20:22:01,970 [INFO] ApiDbMcu:532 - Load IP Config File for MBEDTLS
2025-10-11 20:22:01,975 [INFO] ApiDbMcu:532 - Load IP Config File for USB_DEVICE
2025-10-11 20:22:02,992 [INFO] ProjectBuilder:5496 - Time for Generating toolchain IDE Files: 1092mS.
2025-10-11 20:22:02,992 [INFO] ProjectBuilder:3463 - Time for Copy CMSIS : 0mS.
2025-10-11 20:22:02,993 [INFO] ProjectBuilder:3463 - Time for Copy CMSIS : 0mS.
2025-10-11 20:22:03,552 [INFO] McuFinderGlobals:76 - Set McuFinderConnectedMode to true
2025-10-11 20:22:03,553 [INFO] ApiDb:448 - Save user favorites file /home/oleksii/.stm32cubeide/favorites.mcus.txt: 0 item(s)
2025-10-11 20:22:03,553 [INFO] ApiDb:452 - User favorites MCUs=[]
2025-10-11 20:22:03,554 [INFO] ApiDb:448 - Save user favorites file /home/oleksii/.stm32cubeide/favorites.boards.txt: 0 item(s)
2025-10-11 20:22:03,554 [INFO] ApiDb:452 - User favorites Boards=[]
2025-10-11 20:27:52,270 [ERROR] LogOutputStream:75 - [STDERR_REDIRECT] 
2025-10-11 20:29:26,141 [INFO] Activator:176 - 


2025-10-11 20:29:26,142 [INFO] Activator:177 - !SESSION log4j initialized
2025-10-11 20:29:28,839 [INFO] LogOutputStream:77 - [STDOUT_REDIRECT] 
2025-10-11 20:29:29,675 [INFO] ApplicationProperties:184 - Using Application install path: /opt/st/stm32cubeide_1.19.0/plugins/com.st.stm32cube.common.mx_6.15.0.202507011659
2025-10-11 20:29:29,684 [INFO] DbMcusXml:78 - Set database path to: /opt/st/stm32cubeide_1.19.0/plugins/com.st.stm32cube.common.mx_6.15.0.202507011659//db//mcu/
2025-10-11 20:29:29,684 [INFO] ApiDb:274 - Set plugin database path to: /opt/st/stm32cubeide_1.19.0/plugins/com.st.stm32cube.common.mx_6.15.0.202507011659//db//plugins/boardmanager/
2025-10-11 20:29:29,684 [WARN] ApiDb:259 - Overriding images path with different value:  => /opt/st/stm32cubeide_1.19.0/plugins/com.st.stm32cube.common.mx_6.15.0.202507011659//db//plugins/mcufinder/images/
2025-10-11 20:29:29,686 [INFO] ApiDb:250 - Set database path to: /home/oleksii/.stmcufinder/plugins/mcufinder//mcu/
2025-10-11 20:29:29,687 [INFO] DbMcusAds:125 - Set database path to: /home/oleksii/.stmcufinder/plugins/mcufinder//mcu/
2025-10-11 20:29:29,688 [INFO] CrossReferenceDbSqlite:203 - Set database path to: /home/oleksii/.stmcufinder/plugins/mcufinder//mcu/cs/
2025-10-11 20:29:29,757 [INFO] RulesReader:64 - Compatibility file has been processed (317 Rules)
2025-10-11 20:29:29,788 [INFO] DbMcusXml:78 - Set database path to: /opt/st/stm32cubeide_1.19.0/plugins/com.st.stm32cube.common.mx_6.15.0.202507011659//db//mcu/
2025-10-11 20:29:29,788 [INFO] ApiDb:274 - Set plugin database path to: /opt/st/stm32cubeide_1.19.0/plugins/com.st.stm32cube.common.mx_6.15.0.202507011659//db//plugins/boardmanager/
2025-10-11 20:29:29,789 [INFO] ApiDb:261 - Set plugin images path to: /opt/st/stm32cubeide_1.19.0/plugins/com.st.stm32cube.common.mx_6.15.0.202507011659//db//plugins/mcufinder/images/
2025-10-11 20:29:29,789 [WARN] DbFile:41 - Overriding database path with different value: /home/oleksii/.stmcufinder/plugins/mcufinder/ => /home/oleksii/.stmcufinder/plugins/mcufinder
2025-10-11 20:29:29,789 [INFO] ApiDb:250 - Set database path to: /home/oleksii/.stmcufinder/plugins/mcufinder//mcu/
2025-10-11 20:29:29,789 [WARN] DbFile:41 - Overriding database path with different value: /home/oleksii/.stmcufinder/plugins/mcufinder/ => /home/oleksii/.stmcufinder/plugins/mcufinder
2025-10-11 20:29:29,789 [INFO] DbMcusAds:125 - Set database path to: /home/oleksii/.stmcufinder/plugins/mcufinder//mcu/
2025-10-11 20:29:29,789 [WARN] DbFile:41 - Overriding database path with different value: /home/oleksii/.stmcufinder/plugins/mcufinder/ => /home/oleksii/.stmcufinder/plugins/mcufinder
2025-10-11 20:29:29,789 [WARN] DbFile:41 - Overriding database path with different value: /home/oleksii/.stmcufinder/plugins/mcufinder/ => /home/oleksii/.stmcufinder/plugins/mcufinder
2025-10-11 20:29:29,789 [INFO] CrossReferenceDbSqlite:203 - Set database path to: /home/oleksii/.stmcufinder/plugins/mcufinder//mcu/cs/
2025-10-11 20:29:29,819 [INFO] MainPanel:274 - HeapMemory: 268435456
2025-10-11 20:29:29,878 [INFO] DbMcusXml:78 - Set database path to: /opt/st/stm32cubeide_1.19.0/plugins/com.st.stm32cube.common.mx_6.15.0.202507011659//db//mcu/
2025-10-11 20:29:29,878 [INFO] ApiDb:274 - Set plugin database path to: /opt/st/stm32cubeide_1.19.0/plugins/com.st.stm32cube.common.mx_6.15.0.202507011659//db//plugins/boardmanager/
2025-10-11 20:29:29,878 [INFO] ApiDb:261 - Set plugin images path to: /opt/st/stm32cubeide_1.19.0/plugins/com.st.stm32cube.common.mx_6.15.0.202507011659//db//plugins/mcufinder/images/
2025-10-11 20:29:29,878 [WARN] DbFile:41 - Overriding database path with different value: /home/oleksii/.stmcufinder/plugins/mcufinder/ => /home/oleksii/.stmcufinder/plugins/mcufinder
2025-10-11 20:29:29,878 [INFO] ApiDb:250 - Set database path to: /home/oleksii/.stmcufinder/plugins/mcufinder//mcu/
2025-10-11 20:29:29,878 [WARN] DbFile:41 - Overriding database path with different value: /home/oleksii/.stmcufinder/plugins/mcufinder/ => /home/oleksii/.stmcufinder/plugins/mcufinder
2025-10-11 20:29:29,878 [INFO] DbMcusAds:125 - Set database path to: /home/oleksii/.stmcufinder/plugins/mcufinder//mcu/
2025-10-11 20:29:29,879 [WARN] DbFile:41 - Overriding database path with different value: /home/oleksii/.stmcufinder/plugins/mcufinder/ => /home/oleksii/.stmcufinder/plugins/mcufinder
2025-10-11 20:29:29,879 [WARN] DbFile:41 - Overriding database path with different value: /home/oleksii/.stmcufinder/plugins/mcufinder/ => /home/oleksii/.stmcufinder/plugins/mcufinder
2025-10-11 20:29:29,879 [INFO] CrossReferenceDbSqlite:203 - Set database path to: /home/oleksii/.stmcufinder/plugins/mcufinder//mcu/cs/
2025-10-11 20:29:29,887 [INFO] ApplicationProperties:184 - Using Application install path: /opt/st/stm32cubeide_1.19.0/plugins/com.st.stm32cube.common.mx_6.15.0.202507011659
2025-10-11 20:29:29,887 [INFO] PluginManage:196 - Search for loadable plugins [exclusion list=, ]
2025-10-11 20:29:29,888 [INFO] PluginManage:310 - Check plugin analytics
2025-10-11 20:29:29,965 [INFO] AnalyticsPlugin:253 - Accepted Software Licenses: 
2025-10-11 20:29:29,965 [INFO] AnalyticsPlugin:255 - Accepted CMSIS Pack Licenses: 
2025-10-11 20:29:29,966 [INFO] AnalyticsPlugin:257 - Accepted Firmware Licenses: FW.F4.1.28.0
2025-10-11 20:29:29,967 [INFO] PluginManage:359 - Loaded plugin analytics (category:tool,tabindex:-1)
2025-10-11 20:29:29,967 [INFO] PluginManage:310 - Check plugin cadmodel
2025-10-11 20:29:29,969 [INFO] CADModel:105 - Init CAD model plugin
2025-10-11 20:29:29,969 [INFO] PluginManage:359 - Loaded plugin cadmodel (category:power,tabindex:5)
2025-10-11 20:29:29,969 [INFO] PluginManage:310 - Check plugin clock
2025-10-11 20:29:29,973 [INFO] PluginManage:359 - Loaded plugin clock (category:base,tabindex:2)
2025-10-11 20:29:29,973 [INFO] PluginManage:310 - Check plugin ddr
2025-10-11 20:29:29,973 [INFO] PluginManage:359 - Loaded plugin ddr (category:tool,tabindex:6)
2025-10-11 20:29:29,974 [INFO] PluginManage:310 - Check plugin filemanager
2025-10-11 20:29:30,046 [INFO] PluginManage:359 - Loaded plugin filemanager (category:base,tabindex:10)
2025-10-11 20:29:30,046 [INFO] PluginManage:310 - Check plugin ipmanager
2025-10-11 20:29:30,049 [INFO] PluginManage:359 - Loaded plugin ipmanager (category:base,tabindex:5)
2025-10-11 20:29:30,049 [INFO] PluginManage:310 - Check plugin lpbam
2025-10-11 20:29:30,053 [INFO] PluginManage:359 - Loaded plugin lpbam (category:base,tabindex:0)
2025-10-11 20:29:30,053 [INFO] PluginManage:310 - Check plugin memorymap
2025-10-11 20:29:30,058 [INFO] PluginManage:359 - Loaded plugin memorymap (category:base,tabindex:4)
2025-10-11 20:29:30,059 [INFO] PluginManage:310 - Check plugin pinoutandconfiguration
2025-10-11 20:29:30,062 [INFO] PluginManage:359 - Loaded plugin pinoutandconfiguration (category:base,tabindex:1)
2025-10-11 20:29:30,062 [INFO] PluginManage:310 - Check plugin pinoutconfig
2025-10-11 20:29:30,106 [WARN] SupportedApi:132 - Cannot load RTOS API schema: s4s-elt-must-match.1: The content of 'definitions' must match (annotation?, (simpleType | complexType)?, (unique | key | keyref)*)). A problem was found starting at: attribute.
2025-10-11 20:29:30,172 [INFO] PluginManage:359 - Loaded plugin pinoutconfig (category:base,tabindex:0)
2025-10-11 20:29:30,172 [INFO] PluginManage:310 - Check plugin power
2025-10-11 20:29:30,176 [INFO] PluginManage:359 - Loaded plugin power (category:power,tabindex:4)
2025-10-11 20:29:30,176 [INFO] PluginManage:310 - Check plugin projectmanager
2025-10-11 20:29:30,184 [INFO] PluginManage:359 - Loaded plugin projectmanager (category:projectmanager,tabindex:4)
2025-10-11 20:29:30,184 [INFO] PluginManage:310 - Check plugin rif
2025-10-11 20:29:30,188 [INFO] PluginManage:359 - Loaded plugin rif (category:base,tabindex:3)
2025-10-11 20:29:30,189 [INFO] PluginManage:310 - Check plugin thirdparty
2025-10-11 20:29:30,246 [INFO] PluginManage:359 - Loaded plugin thirdparty (category:base,tabindex:-1)
2025-10-11 20:29:30,246 [WARN] IntegrityCheckThread:84 - waiting for thirdparty lock release [integrity check]
2025-10-11 20:29:30,246 [INFO] PluginManage:310 - Check plugin tools
2025-10-11 20:29:30,246 [INFO] IntegrityCheckThread:86 - entering critical section [integrity check]
2025-10-11 20:29:30,247 [INFO] ThirdPartyUpdaterWithRetryManager:70 - Updater plugin not ready yet. [1/15]
2025-10-11 20:29:30,248 [INFO] PluginManage:359 - Loaded plugin tools (category:base,tabindex:7)
2025-10-11 20:29:30,248 [INFO] PluginManage:310 - Check plugin tutovideos
2025-10-11 20:29:30,351 [INFO] PluginManage:359 - Loaded plugin tutovideos (category:base,tabindex:-1)
2025-10-11 20:29:30,351 [INFO] PluginManage:310 - Check plugin updater
2025-10-11 20:29:30,363 [INFO] PluginManage:359 - Loaded plugin updater (category:base,tabindex:12)
2025-10-11 20:29:30,363 [INFO] PluginManage:310 - Check plugin userauth
2025-10-11 20:29:30,365 [INFO] UserAuth:118 - Init User Auth plugin
2025-10-11 20:29:30,365 [INFO] PluginManage:359 - Loaded plugin userauth (category:base,tabindex:14)
2025-10-11 20:29:30,365 [INFO] PluginManage:283 - PluginManage : Loaded plugins [18]
2025-10-11 20:29:30,452 [INFO] PinOutPanel:1589 - setPackage(No Configuration,No Configuration)
2025-10-11 20:29:30,488 [INFO] CADModel:165 - CPN selected for project level
2025-10-11 20:29:30,488 [INFO] CADModel:114 - Register for checkConnection events
2025-10-11 20:29:30,492 [INFO] IPUIPlugin:80 - create IPUIPlugin
2025-10-11 20:29:30,492 [INFO] PluginManager:220 - loadIPPluginJar : add radio
2025-10-11 20:29:30,495 [INFO] IPUIPlugin:80 - create IPUIPlugin
2025-10-11 20:29:30,495 [INFO] PluginManager:220 - loadIPPluginJar : add spi
2025-10-11 20:29:30,496 [INFO] IPUIPlugin:80 - create IPUIPlugin
2025-10-11 20:29:30,496 [INFO] PluginManager:220 - loadIPPluginJar : add tsc
2025-10-11 20:29:30,499 [INFO] IPUIPlugin:80 - create IPUIPlugin
2025-10-11 20:29:30,499 [INFO] PluginManager:220 - loadIPPluginJar : add fmc
2025-10-11 20:29:30,500 [INFO] IPUIPlugin:80 - create IPUIPlugin
2025-10-11 20:29:30,500 [INFO] PluginManager:220 - loadIPPluginJar : add hash
2025-10-11 20:29:30,501 [INFO] IPUIPlugin:80 - create IPUIPlugin
2025-10-11 20:29:30,501 [INFO] PluginManager:220 - loadIPPluginJar : add extmemmanager
2025-10-11 20:29:30,501 [INFO] IPUIPlugin:80 - create IPUIPlugin
2025-10-11 20:29:30,501 [INFO] PluginManager:220 - loadIPPluginJar : add tim
2025-10-11 20:29:30,502 [INFO] IPUIPlugin:80 - create IPUIPlugin
2025-10-11 20:29:30,502 [INFO] PluginManager:220 - loadIPPluginJar : add ltdc
2025-10-11 20:29:30,502 [INFO] IPUIPlugin:80 - create IPUIPlugin
2025-10-11 20:29:30,503 [INFO] PluginManager:220 - loadIPPluginJar : add quadspi
2025-10-11 20:29:30,505 [INFO] IPUIPlugin:80 - create IPUIPlugin
2025-10-11 20:29:30,505 [INFO] PluginManager:220 - loadIPPluginJar : add gic
2025-10-11 20:29:30,506 [INFO] IPUIPlugin:80 - create IPUIPlugin
2025-10-11 20:29:30,506 [INFO] PluginManager:220 - loadIPPluginJar : add comp
2025-10-11 20:29:30,506 [INFO] IPUIPlugin:80 - create IPUIPlugin
2025-10-11 20:29:30,506 [INFO] PluginManager:220 - loadIPPluginJar : add fatfs
2025-10-11 20:29:30,510 [INFO] IPUIPlugin:80 - create IPUIPlugin
2025-10-11 20:29:30,510 [INFO] PluginManager:220 - loadIPPluginJar : add linkedlist
2025-10-11 20:29:30,511 [INFO] IPUIPlugin:80 - create IPUIPlugin
2025-10-11 20:29:30,511 [INFO] PluginManager:220 - loadIPPluginJar : add ucpd
2025-10-11 20:29:30,512 [INFO] IPUIPlugin:80 - create IPUIPlugin
2025-10-11 20:29:30,512 [INFO] PluginManager:220 - loadIPPluginJar : add ddr_ctrl_phy
2025-10-11 20:29:30,513 [INFO] IPUIPlugin:80 - create IPUIPlugin
2025-10-11 20:29:30,513 [INFO] PluginManager:220 - loadIPPluginJar : add gfxmmu
2025-10-11 20:29:30,514 [INFO] IPUIPlugin:80 - create IPUIPlugin
2025-10-11 20:29:30,514 [INFO] PluginManager:220 - loadIPPluginJar : add usart
2025-10-11 20:29:30,517 [INFO] IPUIPlugin:80 - create IPUIPlugin
2025-10-11 20:29:30,517 [INFO] PluginManager:220 - loadIPPluginJar : add dma
2025-10-11 20:29:30,518 [INFO] IPUIPlugin:80 - create IPUIPlugin
2025-10-11 20:29:30,518 [INFO] PluginManager:220 - loadIPPluginJar : add aes
2025-10-11 20:29:30,520 [INFO] IPUIPlugin:80 - create IPUIPlugin
2025-10-11 20:29:30,522 [INFO] PluginManager:220 - loadIPPluginJar : add plateformsettings
2025-10-11 20:29:30,522 [INFO] IPUIPlugin:80 - create IPUIPlugin
2025-10-11 20:29:30,523 [INFO] PluginManager:220 - loadIPPluginJar : add genericplugin
2025-10-11 20:29:30,524 [INFO] IPUIPlugin:80 - create IPUIPlugin
2025-10-11 20:29:30,524 [INFO] PluginManager:220 - loadIPPluginJar : add pdm2pcm
2025-10-11 20:29:30,525 [INFO] IPUIPlugin:80 - create IPUIPlugin
2025-10-11 20:29:30,525 [INFO] PluginManager:220 - loadIPPluginJar : add ipddr
2025-10-11 20:29:30,526 [INFO] IPUIPlugin:80 - create IPUIPlugin
2025-10-11 20:29:30,527 [INFO] PluginManager:220 - loadIPPluginJar : add opamp
2025-10-11 20:29:30,528 [INFO] IPUIPlugin:80 - create IPUIPlugin
2025-10-11 20:29:30,528 [INFO] PluginManager:220 - loadIPPluginJar : add dma3
2025-10-11 20:29:30,529 [INFO] IPUIPlugin:80 - create IPUIPlugin
2025-10-11 20:29:30,529 [INFO] PluginManager:220 - loadIPPluginJar : add dfsdm
2025-10-11 20:29:30,529 [INFO] IPUIPlugin:80 - create IPUIPlugin
2025-10-11 20:29:30,530 [INFO] PluginManager:220 - loadIPPluginJar : add ts
2025-10-11 20:29:30,531 [INFO] IPUIPlugin:80 - create IPUIPlugin
2025-10-11 20:29:30,531 [INFO] PluginManager:220 - loadIPPluginJar : add nvic
2025-10-11 20:29:30,532 [INFO] IPUIPlugin:80 - create IPUIPlugin
2025-10-11 20:29:30,532 [INFO] PluginManager:220 - loadIPPluginJar : add cryp
2025-10-11 20:29:30,534 [INFO] IPUIPlugin:80 - create IPUIPlugin
2025-10-11 20:29:30,535 [INFO] PluginManager:220 - loadIPPluginJar : add freertos
2025-10-11 20:29:30,536 [INFO] IPUIPlugin:80 - create IPUIPlugin
2025-10-11 20:29:30,536 [INFO] PluginManager:220 - loadIPPluginJar : add resmgrutility
2025-10-11 20:29:30,541 [INFO] IPUIPlugin:80 - create IPUIPlugin
2025-10-11 20:29:30,541 [INFO] PluginManager:220 - loadIPPluginJar : add gtzc
2025-10-11 20:29:30,543 [INFO] IPUIPlugin:80 - create IPUIPlugin
2025-10-11 20:29:30,543 [INFO] PluginManager:220 - loadIPPluginJar : add tracer_emb
2025-10-11 20:29:30,546 [INFO] IPUIPlugin:80 - create IPUIPlugin
2025-10-11 20:29:30,546 [INFO] PluginManager:220 - loadIPPluginJar : add stm32_wpan
2025-10-11 20:29:30,548 [INFO] IPUIPlugin:80 - create IPUIPlugin
2025-10-11 20:29:30,548 [INFO] PluginManager:220 - loadIPPluginJar : add gpio
2025-10-11 20:29:30,549 [INFO] IPUIPlugin:80 - create IPUIPlugin
2025-10-11 20:29:30,549 [INFO] PluginManager:220 - loadIPPluginJar : add sai
2025-10-11 20:29:30,551 [INFO] IPUIPlugin:80 - create IPUIPlugin
2025-10-11 20:29:30,551 [INFO] PluginManager:220 - loadIPPluginJar : add usbx
2025-10-11 20:29:30,552 [INFO] IPUIPlugin:80 - create IPUIPlugin
2025-10-11 20:29:30,552 [INFO] PluginManager:220 - loadIPPluginJar : add touchsensing
2025-10-11 20:29:30,553 [INFO] IPUIPlugin:80 - create IPUIPlugin
2025-10-11 20:29:30,553 [INFO] PluginManager:220 - loadIPPluginJar : add openamp
2025-10-11 20:29:30,554 [INFO] IPUIPlugin:80 - create IPUIPlugin
2025-10-11 20:29:30,554 [INFO] PluginManager:220 - loadIPPluginJar : add i3c
2025-10-11 20:29:30,555 [INFO] IPUIPlugin:80 - create IPUIPlugin
2025-10-11 20:29:30,555 [INFO] PluginManager:220 - loadIPPluginJar : add i2s
2025-10-11 20:29:30,556 [INFO] IPUIPlugin:80 - create IPUIPlugin
2025-10-11 20:29:30,556 [INFO] PluginManager:220 - loadIPPluginJar : add can
2025-10-11 20:29:30,557 [INFO] IPUIPlugin:80 - create IPUIPlugin
2025-10-11 20:29:30,557 [INFO] PluginManager:220 - loadIPPluginJar : add lorawan
2025-10-11 20:29:30,560 [INFO] IPUIPlugin:80 - create IPUIPlugin
2025-10-11 20:29:30,561 [INFO] PluginManager:220 - loadIPPluginJar : add adc
2025-10-11 20:29:30,562 [INFO] IPUIPlugin:80 - create IPUIPlugin
2025-10-11 20:29:30,562 [INFO] PluginManager:220 - loadIPPluginJar : add i2c
2025-10-11 20:29:30,565 [INFO] IPUIPlugin:80 - create IPUIPlugin
2025-10-11 20:29:30,565 [INFO] PluginManager:220 - loadIPPluginJar : add mdma
2025-10-11 20:29:30,652 [FATAL] Updater:351 - Updater called before beeing initialized
2025-10-11 20:29:30,666 [INFO] RulesReader:64 - Compatibility file has been processed (317 Rules)
2025-10-11 20:29:30,672 [INFO] RulesReader:64 - Compatibility file has been processed (317 Rules)
2025-10-11 20:29:30,676 [INFO] CADModel:165 - CPN selected for project level
2025-10-11 20:29:30,676 [INFO] CADModel:114 - Register for checkConnection events
2025-10-11 20:29:30,676 [FATAL] Updater:351 - Updater called before beeing initialized
2025-10-11 20:29:30,676 [ERROR] CADModel:125 - Updater not yet initialized, retry later 
2025-10-11 20:29:30,739 [FATAL] Updater:351 - Updater called before beeing initialized
2025-10-11 20:29:30,740 [INFO] CADModel:165 - CPN selected for project level
2025-10-11 20:29:30,740 [INFO] CADModel:114 - Register for checkConnection events
2025-10-11 20:29:30,740 [FATAL] Updater:351 - Updater called before beeing initialized
2025-10-11 20:29:30,740 [ERROR] CADModel:125 - Updater not yet initialized, retry later 
2025-10-11 20:29:30,742 [FATAL] Updater:351 - Updater called before beeing initialized
2025-10-11 20:29:30,789 [FATAL] Updater:351 - Updater called before beeing initialized
2025-10-11 20:29:30,791 [INFO] DbMcusAds:53 - JSON generation date=Thu Oct 02 12:36:05 EEST 2025 (1759397765645)
2025-10-11 20:29:30,791 [FATAL] Updater:351 - Updater called before beeing initialized
2025-10-11 20:29:30,812 [WARN] DetailPanel:346 - Failed to get advertising image, set to default
2025-10-11 20:29:30,856 [FATAL] Updater:351 - Updater called before beeing initialized
2025-10-11 20:29:30,857 [FATAL] Updater:351 - Updater called before beeing initialized
2025-10-11 20:29:30,857 [FATAL] Updater:351 - Updater called before beeing initialized
2025-10-11 20:29:30,857 [WARN] DetailPanel:346 - Failed to get advertising image, set to default
2025-10-11 20:29:30,857 [FATAL] Updater:351 - Updater called before beeing initialized
2025-10-11 20:29:30,876 [ERROR] Updater:1198 - MainUpdater not yet initialized. External WinMGr cannot be set.
2025-10-11 20:29:30,877 [INFO] Updater:1134 - Updater Version found : 6.15.0
2025-10-11 20:29:30,887 [INFO] ApplicationProperties:184 - Using Application install path: /opt/st/stm32cubeide_1.19.0/plugins/com.st.stm32cube.common.mx_6.15.0.202507011659
2025-10-11 20:29:31,162 [INFO] MainUpdater:2872 - connection check result : 10
2025-10-11 20:29:31,162 [INFO] MainUpdater:289 - Updater Check For Update Now.
2025-10-11 20:29:31,162 [INFO] MicroXplorer:498 - Change Database Version : DB.6.0.150
2025-10-11 20:29:31,164 [INFO] McuFinderGlobals:63 - Set McuFinder mode to 2 (CubeIDE integrated)
2025-10-11 20:29:31,165 [INFO] UserAuth:487 - Internet connection configuration mode: 1
2025-10-11 20:29:31,173 [INFO] JxBrowserEngine:152 - Initiate JxBrowser Engine with user profile folder
2025-10-11 20:29:31,307 [INFO] CheckServerUpdateThread:120 - End of CheckServer Thread
2025-10-11 20:29:31,539 [INFO] WebApp:169 - Instantiating new browser for Auth
2025-10-11 20:29:31,897 [INFO] WebApp:463 - Apply proxy settings
2025-10-11 20:29:31,897 [INFO] WebApp:548 - Chromium requires no authentication
2025-10-11 20:29:31,900 [INFO] WebApp:491 - Direct internet connection detected
2025-10-11 20:29:31,910 [INFO] WebApp:900 - Register for checkConnection events
2025-10-11 20:29:31,910 [INFO] WebApp:463 - Apply proxy settings
2025-10-11 20:29:31,910 [INFO] WebApp:548 - Chromium requires no authentication
2025-10-11 20:29:31,911 [INFO] WebApp:491 - Direct internet connection detected
2025-10-11 20:29:31,987 [INFO] WebApp:225 - Starting web application
2025-10-11 20:29:31,987 [INFO] WebApp:593 - Web application path used /opt/st/stm32cubeide_1.19.0/plugins/com.st.stm32cube.common.mx_6.15.0.202507011659/db/plugins/mcufinder/reactClient1/index.html
2025-10-11 20:29:32,037 [INFO] UserAuth:487 - Internet connection configuration mode: 1
2025-10-11 20:29:32,134 [INFO] WebApp:191 - Connection restablished
2025-10-11 20:29:33,356 [WARN] PackLoader:240 - Cannot read IP mode file for STMicroelectronics.FP-SNS-MOTENVWB1.1.4.0
2025-10-11 20:29:33,361 [WARN] PackLoader:240 - Cannot read IP mode file for STMicroelectronics.FP-ATR-ASTRA1.2.0.2
2025-10-11 20:29:33,364 [WARN] PackLoader:240 - Cannot read IP mode file for STMicroelectronics.X-CUBE-SMBUS.2.1.0
2025-10-11 20:29:33,366 [WARN] PackLoader:240 - Cannot read IP mode file for STMicroelectronics.X-CUBE-ST60.1.0.0
2025-10-11 20:29:33,382 [WARN] PackLoader:240 - Cannot read IP mode file for STMicroelectronics.X-CUBE-AZRTOS-F7.1.1.0
2025-10-11 20:29:33,389 [WARN] PackLoader:240 - Cannot read IP mode file for WES.I-CUBE-Cesium.1.4.0
2025-10-11 20:29:33,402 [WARN] PackLoader:240 - Cannot read IP mode file for Infineon.AIROC-Wi-Fi-Bluetooth-STM32.1.7.1
2025-10-11 20:29:33,421 [WARN] PackLoader:240 - Cannot read IP mode file for STMicroelectronics.X-CUBE-AZRTOS-H7.3.4.0
2025-10-11 20:29:33,428 [WARN] PackLoader:240 - Cannot read IP mode file for STMicroelectronics.X-CUBE-DISPLAY.3.0.0
2025-10-11 20:29:33,435 [WARN] PackLoader:240 - Cannot read IP mode file for STMicroelectronics.X-CUBE-NFC10.1.0.0
2025-10-11 20:29:33,438 [WARN] PackLoader:240 - Cannot read IP mode file for emotas.I-CUBE-CANOPEN.1.3.0
2025-10-11 20:29:33,441 [WARN] PackLoader:240 - Cannot read IP mode file for STMicroelectronics.FP-SNS-STBOX1.2.1.0
2025-10-11 20:29:33,445 [WARN] PackLoader:240 - Cannot read IP mode file for STMicroelectronics.FP-SNS-SMARTAG2.1.2.0
2025-10-11 20:29:33,446 [WARN] PackLoader:240 - Cannot read IP mode file for STMicroelectronics.FP-SNS-FLIGHT1.5.1.0
2025-10-11 20:29:33,451 [INFO] LogOutputStream:77 - [STDOUT_REDIRECT] 1 : Invalid condition id : UX_CORESTACK_Condition cause : null
2025-10-11 20:29:33,451 [INFO] LogOutputStream:77 - [STDOUT_REDIRECT] 1 : Invalid condition id : UX_CORESTACK_Condition cause : null
2025-10-11 20:29:33,451 [INFO] LogOutputStream:77 - [STDOUT_REDIRECT] 1 : Invalid condition id : UX_CORESTACK_Condition cause : null
2025-10-11 20:29:33,452 [INFO] LogOutputStream:77 - [STDOUT_REDIRECT] 1 : Invalid condition id : UX_CORESTACK_Condition cause : null
2025-10-11 20:29:33,452 [INFO] LogOutputStream:77 - [STDOUT_REDIRECT] 1 : Invalid condition id : UX_CORESTACK_Condition cause : null
2025-10-11 20:29:33,454 [WARN] PackLoader:240 - Cannot read IP mode file for STMicroelectronics.X-CUBE-AZRTOS-WL.2.0.0
2025-10-11 20:29:33,458 [WARN] PackLoader:240 - Cannot read IP mode file for STMicroelectronics.FP-SNS-MOTENV1.5.0.0
2025-10-11 20:29:33,463 [WARN] PackLoader:240 - Cannot read IP mode file for STMicroelectronics.X-CUBE-BLE2.3.3.0
2025-10-11 20:29:33,468 [WARN] PackLoader:240 - Cannot read IP mode file for STMicroelectronics.X-CUBE-NFC9.1.0.0
2025-10-11 20:29:33,472 [WARN] PackLoader:240 - Cannot read IP mode file for wolfSSL.I-CUBE-wolfSSL.5.8.2
2025-10-11 20:29:33,475 [WARN] PackLoader:240 - Cannot read IP mode file for STMicroelectronics.X-CUBE-BLE1.7.1.0
2025-10-11 20:29:33,477 [WARN] PackLoader:240 - Cannot read IP mode file for wolfSSL.I-CUBE-wolfMQTT.1.19.2
2025-10-11 20:29:33,481 [WARN] PackLoader:240 - Cannot read IP mode file for STMicroelectronics.X-CUBE-EEPRMA1.5.2.0
2025-10-11 20:29:33,495 [WARN] PackLoader:240 - Cannot read IP mode file for STMicroelectronics.X-CUBE-AZRTOS-G0.1.1.0
2025-10-11 20:29:33,500 [WARN] PackLoader:240 - Cannot read IP mode file for STMicroelectronics.X-CUBE-SAFEA1.1.2.2
2025-10-11 20:29:33,503 [WARN] PackLoader:240 - Cannot read IP mode file for STMicroelectronics.X-CUBE-NFC4.3.0.0
2025-10-11 20:29:33,508 [WARN] PackLoader:240 - Cannot read IP mode file for EmbeddedOffice.I-CUBE-FS-RTOS.1.0.1
2025-10-11 20:29:33,510 [WARN] PackLoader:240 - Cannot read IP mode file for STMicroelectronics.X-CUBE-WB05N.2.0.0
2025-10-11 20:29:33,513 [WARN] PackLoader:240 - Cannot read IP mode file for wolfSSL.I-CUBE-wolfTPM.3.8.0
2025-10-11 20:29:33,515 [WARN] PackLoader:240 - Cannot read IP mode file for STMicroelectronics.X-CUBE-TCPP.4.2.0
2025-10-11 20:29:33,518 [WARN] PackLoader:240 - Cannot read IP mode file for RealThread.X-CUBE-RT-Thread_Nano.4.1.1
2025-10-11 20:29:33,519 [WARN] PackLoader:240 - Cannot read IP mode file for STMicroelectronics.FP-ATR-SIGFOX1.3.2.0
2025-10-11 20:29:33,522 [WARN] PackLoader:240 - Cannot read IP mode file for ITTIA_DB.I-CUBE-ITTIADB.8.9.0
2025-10-11 20:29:33,525 [WARN] PackLoader:240 - Cannot read IP mode file for STMicroelectronics.X-CUBE-ST67W61.1.0.0
2025-10-11 20:29:33,527 [WARN] PackLoader:240 - Cannot read IP mode file for STMicroelectronics.X-CUBE-AI.10.2.0
2025-10-11 20:29:33,550 [WARN] PackLoader:240 - Cannot read IP mode file for SEGGER.I-CUBE-embOS.1.3.1
2025-10-11 20:29:33,605 [WARN] PackLoader:240 - Cannot read IP mode file for STMicroelectronics.X-CUBE-ALGOBUILD.1.4.0
2025-10-11 20:29:33,645 [WARN] PackLoader:240 - Cannot read IP mode file for STMicroelectronics.X-CUBE-MEMS1.11.3.0
2025-10-11 20:29:33,738 [WARN] PackLoader:240 - Cannot read IP mode file for STMicroelectronics.X-CUBE-PM33A1.1.0.0
2025-10-11 20:29:33,746 [WARN] PackLoader:240 - Cannot read IP mode file for STMicroelectronics.X-CUBE-AZRTOS-F4.1.1.0
2025-10-11 20:29:33,749 [WARN] PackLoader:240 - Cannot read IP mode file for Avnet-IotConnect.X-CUBE-IoTC-DA16k-PMOD.1.0.0
2025-10-11 20:29:33,751 [WARN] PackLoader:240 - Cannot read IP mode file for STMicroelectronics.X-CUBE-ISPU.2.1.0
2025-10-11 20:29:33,753 [WARN] PackLoader:240 - Cannot read IP mode file for STMicroelectronics.X-CUBE-NFC12.1.0.0
2025-10-11 20:29:33,762 [WARN] PackLoader:240 - Cannot read IP mode file for STMicroelectronics.X-CUBE-AZRTOS-L5.2.0.0
2025-10-11 20:29:33,766 [WARN] PackLoader:240 - Cannot read IP mode file for STMicroelectronics.X-CUBE-NFC6.3.1.0
2025-10-11 20:29:33,769 [WARN] PackLoader:240 - Cannot read IP mode file for STMicroelectronics.X-CUBE-FREERTOS.1.3.1
2025-10-11 20:29:33,771 [WARN] PackLoader:240 - Cannot read IP mode file for STMicroelectronics.X-CUBE-TOUCHGFX.4.26.0
2025-10-11 20:29:33,773 [WARN] PackLoader:240 - Cannot read IP mode file for STMicroelectronics.FP-SNS-STAIOTCFT.1.0.0
2025-10-11 20:29:33,776 [WARN] PackLoader:240 - Cannot read IP mode file for STMicroelectronics.X-CUBE-DPower.1.3.0
2025-10-11 20:29:33,785 [WARN] ConditionMgr:438 - getConditionDescription Invalid condition id : LAN8742 Phy interface Condition cause : null
2025-10-11 20:29:33,785 [WARN] PackLoader:240 - Cannot read IP mode file for STMicroelectronics.X-CUBE-AZRTOS-L4.2.0.0
2025-10-11 20:29:33,786 [WARN] ConditionMgr:1044 - genDependencies : Invalid condition id : LAN8742 Phy interface Condition cause : null
2025-10-11 20:29:33,786 [WARN] ConditionMgr:1044 - genDependencies : Invalid condition id : LAN8742 Phy interface Condition cause : null
2025-10-11 20:29:33,787 [WARN] ConditionMgr:1044 - genDependencies : Invalid condition id : LAN8742 Phy interface Condition cause : null
2025-10-11 20:29:33,790 [WARN] PackLoader:240 - Cannot read IP mode file for STMicroelectronics.X-CUBE-SFXS2LP1.4.0.0
2025-10-11 20:29:33,795 [WARN] PackLoader:240 - Cannot read IP mode file for STMicroelectronics.X-CUBE-BLEMGR.4.1.0
2025-10-11 20:29:33,803 [WARN] ConditionMgr:438 - getConditionDescription Invalid condition id : UX DEVICE CLASS RTOS Condition cause : null
2025-10-11 20:29:33,803 [WARN] ConditionMgr:438 - getConditionDescription Invalid condition id : UX DEVICE CLASS RTOS Condition cause : null
2025-10-11 20:29:33,804 [WARN] PackLoader:240 - Cannot read IP mode file for STMicroelectronics.X-CUBE-AZRTOS-WB.2.0.0
2025-10-11 20:29:33,804 [WARN] ConditionMgr:1044 - genDependencies : Invalid condition id : UX DEVICE CLASS RTOS Condition cause : null
2025-10-11 20:29:33,804 [WARN] ConditionMgr:1044 - genDependencies : Invalid condition id : UX DEVICE CLASS RTOS Condition cause : null
2025-10-11 20:29:33,804 [WARN] ConditionMgr:1044 - genDependencies : Invalid condition id : UX DEVICE CLASS RTOS Condition cause : null
2025-10-11 20:29:33,804 [WARN] ConditionMgr:1044 - genDependencies : Invalid condition id : UX DEVICE CLASS RTOS Condition cause : null
2025-10-11 20:29:33,804 [WARN] ConditionMgr:1044 - genDependencies : Invalid condition id : UX DEVICE CLASS RTOS Condition cause : null
2025-10-11 20:29:33,807 [WARN] PackLoader:240 - Cannot read IP mode file for STMicroelectronics.X-CUBE-GNSS1.7.0.1
2025-10-11 20:29:33,808 [WARN] PackLoader:240 - Cannot read IP mode file for STMicroelectronics.X-CUBE-TOUCHGFX.4.25.0
2025-10-11 20:29:33,810 [WARN] ConditionMgr:438 - getConditionDescription Invalid condition id : Cortex-A Device cause : null
2025-10-11 20:29:33,816 [WARN] ConditionMgr:1044 - genDependencies : Invalid condition id : Cortex-A Device cause : null
2025-10-11 20:29:33,816 [WARN] ConditionMgr:1044 - genDependencies : Invalid condition id : Cortex-A Device cause : null
2025-10-11 20:29:33,816 [WARN] ConditionMgr:1044 - genDependencies : Invalid condition id : Cortex-A Device cause : null
2025-10-11 20:29:33,820 [WARN] PackLoader:240 - Cannot read IP mode file for STMicroelectronics.X-CUBE-SUBG2.5.0.0
2025-10-11 20:29:33,830 [WARN] PackLoader:240 - Cannot read IP mode file for STMicroelectronics.X-CUBE-AZRTOS-H7RS.1.1.0
2025-10-11 20:29:33,832 [WARN] PackLoader:240 - Cannot read IP mode file for Cesanta.I-CUBE-Mongoose.7.13.0
2025-10-11 20:29:33,841 [WARN] PackLoader:240 - Cannot read IP mode file for STMicroelectronics.X-CUBE-AZRTOS-G4.2.0.0
2025-10-11 20:29:33,843 [WARN] PackLoader:240 - Cannot read IP mode file for wolfSSL.I-CUBE-wolfSSH.1.4.20
2025-10-11 20:29:33,845 [WARN] PackLoader:240 - Cannot read IP mode file for STMicroelectronics.X-CUBE-NFC7.2.0.0
2025-10-11 20:29:33,850 [WARN] PackLoader:240 - Cannot read IP mode file for STMicroelectronics.X-CUBE-IPS.3.1.0
2025-10-11 20:29:33,854 [WARN] PackLoader:240 - Cannot read IP mode file for STMicroelectronics.X-CUBE-ALS.1.0.2
2025-10-11 20:29:33,856 [WARN] PackLoader:240 - Cannot read IP mode file for STMicroelectronics.X-CUBE-STSE01.1.0.0
2025-10-11 20:29:33,861 [WARN] PackLoader:240 - Cannot read IP mode file for STMicroelectronics.X-CUBE-TOF1.3.4.3
2025-10-11 20:29:33,866 [INFO] ThirdParty:978 - Integrity check success = true
2025-10-11 20:29:33,866 [INFO] IntegrityCheckThread:100 - exiting critical section [integrity check]
2025-10-11 20:29:33,866 [INFO] IntegrityCheckThread:103 - End integrity checks thread
2025-10-11 20:32:50,904 [INFO] McuFinderGlobals:63 - Set McuFinder mode to 2 (CubeIDE integrated)
2025-10-11 20:32:50,906 [INFO] MainUpdater:2872 - connection check result : 10
2025-10-11 20:32:50,906 [INFO] MainUpdater:2872 - connection check result : 10
2025-10-11 20:32:50,918 [INFO] MicroXplorer:468 - Change Database Path : 
2025-10-11 20:32:50,918 [INFO] MicroXplorer:498 - Change Database Version : DB.6.0.150
2025-10-11 20:32:50,921 [WARN] ThirdParty:871 - waiting for thirdparty lock release [close project]
2025-10-11 20:32:50,921 [INFO] ThirdParty:873 - entering critical section [close project]
2025-10-11 20:32:50,922 [INFO] ThirdParty:883 - exiting critical section [close project]
2025-10-11 20:32:50,923 [INFO] PinOutPanel:1589 - setPackage(No Configuration,No Configuration)
2025-10-11 20:32:50,924 [INFO] UtilMem:75 - Begin LoadConfig() Used Memory: 666618880 Bytes (808452096)
2025-10-11 20:32:50,925 [INFO] MicroXplorer:468 - Change Database Path : 
2025-10-11 20:32:50,925 [INFO] MicroXplorer:498 - Change Database Version : DB.6.0.150
2025-10-11 20:32:50,925 [INFO] OpenFileManager:355 - Change cursor
2025-10-11 20:32:50,952 [INFO] Mcu:2029 - Initializing MCU STM32F407V(E-G)Tx STM32F407VGTx STM32F407VGT6
2025-10-11 20:32:51,873 [INFO] Context:786 - Trying to add GPIOservice into a context  which must be forbidden
2025-10-11 20:32:52,240 [INFO] ImportTextPane:234 - (OptionalMessage_ERROR) Pin42 (VP_RIF_VS_RIF1) cannot be retrieved for this MCU
2025-10-11 20:32:52,293 [INFO] RtosManager:558 - Registered RTOS mode: class=CMSIS, group=RTOS, mode=CMSIS_V1, owner=FREERTOS
2025-10-11 20:32:52,293 [INFO] RtosManager:558 - Registered RTOS mode: class=CMSIS, group=RTOS2, mode=CMSIS_V2, owner=FREERTOS
2025-10-11 20:32:52,293 [INFO] RtosManager:558 - Registered RTOS mode: class=RTOS, group=Core, mode=CMSIS_V1, owner=FREERTOS
2025-10-11 20:32:52,294 [INFO] RtosManager:558 - Registered RTOS mode: class=RTOS, group=Core, mode=CMSIS_V2, owner=FREERTOS
2025-10-11 20:32:52,294 [WARN] ModelIntegratedComponent:184 - Missing modes for component STMicroelectronics:FreeRTOS:0.0.1:STMicroelectronics:RTOS:FreeRTOS:Core:::10.2.0:
2025-10-11 20:32:52,308 [WARN] ModelIntegratedComponent:63 - No mode defined for component null
2025-10-11 20:32:52,308 [WARN] ModelIntegratedComponent:63 - No mode defined for component null
2025-10-11 20:32:52,308 [WARN] ModelIntegratedComponent:63 - No mode defined for component null
2025-10-11 20:32:52,308 [WARN] ModelIntegratedComponent:63 - No mode defined for component null
2025-10-11 20:32:52,308 [WARN] ModelIntegratedComponent:63 - No mode defined for component null
2025-10-11 20:32:52,309 [WARN] ModelIntegratedComponent:63 - No mode defined for component null
2025-10-11 20:32:52,309 [WARN] ModelIntegratedComponent:63 - No mode defined for component null
2025-10-11 20:32:52,309 [WARN] ModelIntegratedComponent:63 - No mode defined for component null
2025-10-11 20:32:52,309 [WARN] ModelIntegratedComponent:63 - No mode defined for component null
2025-10-11 20:32:52,309 [WARN] ModelIntegratedComponent:63 - No mode defined for component null
2025-10-11 20:32:52,309 [WARN] ModelIntegratedComponent:63 - No mode defined for component null
2025-10-11 20:32:52,309 [WARN] ModelIntegratedComponent:63 - No mode defined for component null
2025-10-11 20:32:52,309 [WARN] ModelIntegratedComponent:63 - No mode defined for component null
2025-10-11 20:32:52,309 [WARN] ModelIntegratedComponent:63 - No mode defined for component null
2025-10-11 20:32:52,309 [WARN] ModelIntegratedComponent:63 - No mode defined for component null
2025-10-11 20:32:52,309 [WARN] ModelIntegratedComponent:63 - No mode defined for component null
2025-10-11 20:32:52,309 [WARN] ModelIntegratedComponent:63 - No mode defined for component null
2025-10-11 20:32:52,309 [WARN] ModelIntegratedComponent:63 - No mode defined for component null
2025-10-11 20:32:52,309 [WARN] ModelIntegratedComponent:63 - No mode defined for component null
2025-10-11 20:32:52,309 [WARN] ModelIntegratedComponent:63 - No mode defined for component null
2025-10-11 20:32:52,309 [WARN] ModelIntegratedComponent:63 - No mode defined for component null
2025-10-11 20:32:52,309 [WARN] ModelIntegratedComponent:63 - No mode defined for component null
2025-10-11 20:32:52,309 [WARN] ModelIntegratedComponent:63 - No mode defined for component null
2025-10-11 20:32:52,309 [WARN] ModelIntegratedComponent:63 - No mode defined for component null
2025-10-11 20:32:52,310 [WARN] ModelIntegratedComponent:63 - No mode defined for component null
2025-10-11 20:32:52,310 [WARN] ModelIntegratedComponent:63 - No mode defined for component null
2025-10-11 20:32:52,310 [WARN] ModelIntegratedComponent:63 - No mode defined for component null
2025-10-11 20:32:52,310 [WARN] ModelIntegratedComponent:63 - No mode defined for component null
2025-10-11 20:32:52,310 [WARN] ModelIntegratedComponent:63 - No mode defined for component null
2025-10-11 20:32:52,310 [WARN] ModelIntegratedComponent:63 - No mode defined for component null
2025-10-11 20:32:52,310 [WARN] ModelIntegratedComponent:63 - No mode defined for component null
2025-10-11 20:32:52,310 [WARN] ModelIntegratedComponent:63 - No mode defined for component null
2025-10-11 20:32:52,310 [WARN] ModelIntegratedComponent:63 - No mode defined for component null
2025-10-11 20:32:52,310 [WARN] ModelIntegratedComponent:63 - No mode defined for component null
2025-10-11 20:32:52,310 [WARN] ModelIntegratedComponent:63 - No mode defined for component null
2025-10-11 20:32:52,310 [WARN] ModelPack:524 - Component already loaded: STMicroelectronics:HAL Drivers:0.0.0:STMicroelectronics:Device:STMicro_Driver:XSPI:HAL::0.0.1:HAL_XSPI
2025-10-11 20:32:52,406 [INFO] ThirdPartyModel:298 - Start build external matchings
2025-10-11 20:32:52,764 [INFO] ThirdPartyModel:316 - End build external matchings
2025-10-11 20:32:52,779 [INFO] ImportTextPane:234 - (OptionalMessage_ERROR) IP (RCC) : Parameter (RTCHSEDivFreq_Value) has invalid value (4000000)
2025-10-11 20:32:52,955 [INFO] ApiDb:581 - Connected to CubeFinder SQLite database (/home/oleksii/.stmcufinder/plugins/mcufinder/mcu/cube-finder-db.db)
2025-10-11 20:32:52,983 [INFO] ApiDb:668 - CubeFinder database Data Model version=2.1
2025-10-11 20:32:52,984 [INFO] ApiDb:669 - CubeFinder database Configuration version=3.0.39
2025-10-11 20:32:52,984 [INFO] ApiDb:670 - CubeFinder database generation date=2025-08-25 (1756130511)
2025-10-11 20:32:52,984 [INFO] ApiDb:671 - CubeFinder database FW Pack versions=[FP-ATR-ASTRA1_V2.0.0, FP-SNS-FLIGHT1_V5.1.0, FP-SNS-MOTENV1_V5.0.0, FP-SNS-MOTENVWB1_V1.4.0, FP-SNS-SMARTAG2_V1.2.0, FP-SNS-STBOX1_V2.1.0, STM32Cube_FW_C0_V1.4.0, STM32Cube_FW_F4_V1.28.3, STM32Cube_FW_F7_V1.17.4, STM32Cube_FW_G0_V1.6.2, STM32Cube_FW_G4_V1.6.1, STM32Cube_FW_H5_V1.5.0, STM32Cube_FW_H7RS_V1.2.0, STM32Cube_FW_H7_V1.12.1, STM32Cube_FW_L0_V1.12.2, STM32Cube_FW_L4_V1.18.1, STM32Cube_FW_L5_V1.5.1, STM32Cube_FW_N6_V1.2.0, STM32Cube_FW_U0_V1.3.0, STM32Cube_FW_U3_V1.2.0, STM32Cube_FW_U5_V1.8.0, STM32Cube_FW_WB0_V1.3.0, STM32Cube_FW_WBA_V1.7.0, STM32Cube_FW_WB_V1.23.0, STM32Cube_FW_WL3_V1.2.0, STM32Cube_FW_WL_V1.3.1, X-CUBE-ALGOBUILD_V1.4.0, X-CUBE-ALS_V1.0.2, X-CUBE-AZRTOS-F4_V1.1.0, X-CUBE-AZRTOS-F7_V1.1.0, X-CUBE-AZRTOS-G0_V1.1.0, X-CUBE-AZRTOS-G4_V2.0.0, X-CUBE-AZRTOS-H7RS_V1.1.0, X-CUBE-AZRTOS-H7_V3.4.0, X-CUBE-AZRTOS-L4_V2.0.0, X-CUBE-AZRTOS-L5_V2.0.0, X-CUBE-AZRTOS-WB_V2.0.0, X-CUBE-AZRTOS-WL_V2.0.0, X-CUBE-BLE1_V7.1.0, X-CUBE-BLE2_V3.3.0, X-CUBE-BLEMGR_V4.1.0, X-CUBE-EEPRMA1_V5.2.0, X-CUBE-FREERTOS_V1.3.1, X-CUBE-GNSS1_V6.0.0, X-CUBE-MEMS1_V11.3.0, X-CUBE-NFC4_V3.0.0, X-CUBE-NFC7_V2.0.0, X-CUBE-SFXS2LP1_V4.0.0, X-CUBE-ST67W61_V1.0.0, X-CUBE-SUBG2_V5.0.0, X-CUBE-TOF1_V3.4.3]
2025-10-11 20:32:53,016 [INFO] DbBoardsSqlite:226 - include board P-NUCLEO-WB55-NUCLEO as a kit item of type 'Nucleo-64'
2025-10-11 20:32:53,017 [INFO] DbBoardsSqlite:226 - include board P-NUCLEO-WB55-USBDONGLE as a kit item of type 'Nucleo USB Dongle'
2025-10-11 20:32:53,017 [INFO] DbBoardsSqlite:226 - include board STEVAL-IDP005V1 as a kit item of type 'Evaluation Board'
2025-10-11 20:32:53,017 [INFO] DbBoardsSqlite:226 - include board STEVAL-IDP005V2 as a kit item of type 'Evaluation Board'
2025-10-11 20:32:53,040 [INFO] ApiDb:240 - Found 880 in-development CPN: [B-G473E-ZEST1S, B-WB1M-WPAN1, B-WBA5M-WPAN, B-WL5M-SUBG1, NUCLEO-C031C6, NUCLEO-C051C8, NUCLEO-C071RB, NUCLEO-C092RC, NUCLEO-H503RB, NUCLEO-H533RE, NUCLEO-H563ZI, NUCLEO-H7S3L8, NUCLEO-N657X0-Q, NUCLEO-U031R8, NUCLEO-U083RC, NUCLEO-U385RG-Q, NUCLEO-U545RE-Q, NUCLEO-U5A5ZJ-Q, NUCLEO-WB05KZ, NUCLEO-WB07CC, NUCLEO-WB09KE, NUCLEO-WBA52CG, NUCLEO-WBA55CG, NUCLEO-WL33CC1, NUCLEO-WL33CC2, STEVAL-PROTEUS1, STEVAL-SMARTAG2, STEVAL-STWINBX1, STM320518-EVAL, STM32C0116-DK, STM32C011D6Y3TR, STM32C011D6Y6TR, STM32C011F4P3, STM32C011F4P6, STM32C011F4U3, STM32C011F4U6TR, STM32C011F6P3, STM32C011F6P6, STM32C011F6U3, STM32C011F6U6TR, STM32C011J4M3, STM32C011J4M6, STM32C011J6M3, STM32C011J6M6, STM32C0316-DK, STM32C031C4T3, STM32C031C4T6, STM32C031C4U3, STM32C031C4U6, STM32C031C6T3, STM32C031C6T6, STM32C031C6U3, STM32C031C6U6, STM32C031F4P3, STM32C031F4P6, STM32C031F6P3, STM32C031F6P6, STM32C031G4U3, STM32C031G4U6, STM32C031G6U3, STM32C031G6U6, STM32C031K4T3, STM32C031K4T6, STM32C031K4U3, STM32C031K4U6, STM32C031K6T3, STM32C031K6T6, STM32C031K6U3, STM32C031K6U6, STM32C051C6T6, STM32C051C6U6, STM32C051C8T6, STM32C051C8U6, STM32C051D8Y6TR, STM32C051F6P6, STM32C051F8P6, STM32C051G6U6, STM32C051G8U6, STM32C051K6T6, STM32C051K6U6, STM32C051K8T6, STM32C071C8T6, STM32C071C8T6N, STM32C071C8U6, STM32C071C8U6N, STM32C071CBT6, STM32C071CBT6N, STM32C071CBU6, STM32C071CBU6N, STM32C071F8P6, STM32C071F8P6N, STM32C071FBP6, STM32C071FBP6N, STM32C071FBY6TR, STM32C071G8U6, STM32C071G8U6N, STM32C071GBU6, STM32C071GBU6N, STM32C071K8T6, STM32C071K8T6N, STM32C071K8U6, STM32C071K8U6N, STM32C071KBT6, STM32C071KBT6N, STM32C071KBU6, STM32C071KBU6N, STM32C071R8T6, STM32C071R8T6N, STM32C071RBI6N, STM32C071RBT6, STM32C071RBT6N, STM32C091CBT6, STM32C091CBU6, STM32C091CCT6, STM32C091CCU6, STM32C091ECY6TR, STM32C091FBP6, STM32C091FCP6, STM32C091GBU6, STM32C091GCU6, STM32C091KBT6, STM32C091KBU6, STM32C091KCT6, STM32C091KCU6, STM32C091RBT6, STM32C091RCI6, STM32C091RCT6, STM32C092CBT6, STM32C092CBU6, STM32C092CCT6, STM32C092CCU6, STM32C092ECY6TR, STM32C092FBP6, STM32C092FCP6, STM32C092GBU6, STM32C092GCU6, STM32C092KBT6, STM32C092KBU6, STM32C092KCT6, STM32C092KCU6, STM32C092RBT6, STM32C092RCI6, STM32C092RCT6, STM32G071K8TXN, STM32G071K8UXN, STM32G081GBU6N, STM32G081KBT6N, STM32G081KBUXN, STM32G0B1CCT6N, STM32G0B1KCT6, STM32G0B1NEY6TR, STM32G0B1RCT6N, STM32G0C1CCT6, STM32G0C1CCT6N, STM32G0C1CCU6N, STM32G0C1CET6N, STM32G0C1CEU6N, STM32G0C1KCT6, STM32G0C1NEY6TR, STM32G0C1RCI6N, STM32G0C1RCT6N, STM32G0C1REI6N, STM32G0C1RET6N, STM32G0C1VCI6, STM32G0C1VEI6, STM32G411C6T3, STM32G411C6T6, STM32G411C6U3, STM32G411C6U6, STM32G411C8T3, STM32G411C8T6, STM32G411C8U3, STM32G411C8U6, STM32G411CBT3, STM32G411CBT6, STM32G411CBU3, STM32G411CBU6, STM32G411K6T3, STM32G411K6T6, STM32G411K6U3, STM32G411K6U6, STM32G411K8T3, STM32G411K8T6, STM32G411K8U3, STM32G411K8U6, STM32G411KBT3, STM32G411KBT6, STM32G411KBU3, STM32G411KBU6, STM32G411M6T3, STM32G411M6T6, STM32G411M8T3, STM32G411M8T6, STM32G411MBT3, STM32G411MBT6, STM32G411R6T3, STM32G411R6T6, STM32G411R8T3, STM32G411R8T6, STM32G411RBT3, STM32G411RBT6, STM32G414CBT3, STM32G414CBT6, STM32G414CBU3, STM32G414CBU6, STM32G414CCT3, STM32G414CCT6, STM32G414CCU3, STM32G414CCU6, STM32G414MBT3, STM32G414MBT6, STM32G414MCT3, STM32G414MCT6, STM32G414RBT3, STM32G414RBT6, STM32G414RCT3, STM32G414RCT6, STM32G414VBT3, STM32G414VBT6, STM32G414VCT3, STM32G414VCT6, STM32G431CBT3Z, STM32G431RBT3Z, STM32G471CCT6, STM32G471CCU6, STM32G471CET3, STM32G471CET6, STM32G471CEU3, STM32G471CEU6, STM32G471MCT6, STM32G471MET3, STM32G471MET6, STM32G471MEY6TR, STM32G471QCT6, STM32G471QET3, STM32G471RCT6, STM32G471RET3, STM32G471RET6, STM32G471VCH6, STM32G471VCI6, STM32G471VCT6, STM32G471VEH3, STM32G471VEH6, STM32G471VEI3, STM32G471VEI6, STM32G471VET3, STM32G471VET6, STM32G473QET3Z, STM32G473RET3Z, STM32G474CCT6, STM32G491RET3Z, STM32H503CBT6, STM32H503CBU6, STM32H503EBY6TR, STM32H503KBU6, STM32H503RBT6, STM32H523CCT6, STM32H523CCU6, STM32H523CET6, STM32H523CEU6, STM32H523HEY6TR, STM32H523RCT6, STM32H523RET6, STM32H523VCI6, STM32H523VCT6, STM32H523VEI6, STM32H523VET6, STM32H523ZCJ6, STM32H523ZCT6, STM32H523ZEJ6, STM32H523ZET6, STM32H533CET6, STM32H533CEU6, STM32H533HEY6TR, STM32H533RET6, STM32H533VEI6, STM32H533VET6, STM32H533ZEJ6, STM32H533ZET6, STM32H562AGI6, STM32H562AII6, STM32H562IGK6, STM32H562IGT6, STM32H562IIK6, STM32H562IIT6, STM32H562RGT6, STM32H562RGV6, STM32H562RIT6, STM32H562RIV6, STM32H562VGT6, STM32H562VIT6, STM32H562ZGT6, STM32H562ZIT6, STM32H563AGI6, STM32H563AII3Q, STM32H563AII6, STM32H563IGK6, STM32H563IGT6, STM32H563IIK3Q, STM32H563IIK6, STM32H563IIT3Q, STM32H563IIT6, STM32H563MIY3QTR, STM32H563RGT6, STM32H563RGV6, STM32H563RIT6, STM32H563RIV6, STM32H563VGT6, STM32H563VIT3Q, STM32H563VIT6, STM32H563ZGT6, STM32H563ZIT3Q, STM32H563ZIT6, STM32H573AII3Q, STM32H573AII6, STM32H573I-DK, STM32H573IIK3Q, STM32H573IIK6, STM32H573IIT3Q, STM32H573IIT6, STM32H573MIY3QTR, STM32H573RIT6, STM32H573RIV6, STM32H573VIT3Q, STM32H573VIT6, STM32H573ZIT3Q, STM32H573ZIT6, STM32H7R3A8I6, STM32H7R3I8K6, STM32H7R3I8T6, STM32H7R3L8H6, STM32H7R3L8H6H, STM32H7R3R8V6, STM32H7R3V8H6, STM32H7R3V8T6, STM32H7R3V8Y6TR, STM32H7R3Z8J6, STM32H7R3Z8T6, STM32H7R7A8I6, STM32H7R7I8K6, STM32H7R7I8T6, STM32H7R7L8H6, STM32H7R7L8H6H, STM32H7R7Z8J6, STM32H7S3A8I6, STM32H7S3I8K6, STM32H7S3I8T6, STM32H7S3L8H6, STM32H7S3L8H6H, STM32H7S3R8V6, STM32H7S3V8H6, STM32H7S3V8T6, STM32H7S3V8Y6TR, STM32H7S3Z8J6, STM32H7S3Z8T6, STM32H7S78-DK, STM32H7S7A8I6, STM32H7S7I8K6, STM32H7S7I8T6, STM32H7S7L8H6, STM32H7S7L8H6H, STM32H7S7Z8J6, STM32L4R5QGI6STR, STM32MP131AAE3, STM32MP131AAF3, STM32MP131AAG3, STM32MP131CAE3, STM32MP131CAF3, STM32MP131CAG3, STM32MP131DAE7, STM32MP131DAF7, STM32MP131DAG7, STM32MP131FAE7, STM32MP131FAF7, STM32MP131FAG7, STM32MP133AAE3, STM32MP133AAF3, STM32MP133AAG3, STM32MP133CAE3, STM32MP133CAF3, STM32MP133CAG3, STM32MP133DAE7, STM32MP133DAF7, STM32MP133DAG7, STM32MP133FAE7, STM32MP133FAF7, STM32MP133FAG7, STM32MP135AAE3, STM32MP135AAF3, STM32MP135AAG3, STM32MP135CAE3, STM32MP135CAF3, STM32MP135CAG3, STM32MP135DAE7, STM32MP135DAF7, STM32MP135DAG7, STM32MP135F-DK, STM32MP135FAE7, STM32MP135FAF7, STM32MP135FAF7T, STM32MP135FAF7U, STM32MP135FAG7, STM32MP211AAL3, STM32MP211AAM3, STM32MP211AAN3, STM32MP211AAO3, STM32MP211CAL3, STM32MP211CAM3, STM32MP211CAN3, STM32MP211CAO3, STM32MP211DAL3, STM32MP211DAM3, STM32MP211DAN3, STM32MP211DAO3, STM32MP211FAL3, STM32MP211FAM3, STM32MP211FAN3, STM32MP211FAO3, STM32MP213AAL3, STM32MP213AAM3, STM32MP213AAN3, STM32MP213AAO3, STM32MP213CAL3, STM32MP213CAM3, STM32MP213CAN3, STM32MP213CAO3, STM32MP213DAL3, STM32MP213DAM3, STM32MP213DAN3, STM32MP213DAO3, STM32MP213FAL3, STM32MP213FAM3, STM32MP213FAN3, STM32MP213FAO3, STM32MP215AAL3, STM32MP215AAM3, STM32MP215AAN3, STM32MP215AAO3, STM32MP215CAL3, STM32MP215CAM3, STM32MP215CAN3, STM32MP215CAO3, STM32MP215DAL3, STM32MP215DAM3, STM32MP215DAN3, STM32MP215DAO3, STM32MP215F-DK, STM32MP215FAL3, STM32MP215FAM3, STM32MP215FAN3, STM32MP215FAO3, STM32MP231AAJ3, STM32MP231AAK3, STM32MP231AAL3, STM32MP231CAJ3, STM32MP231CAK3, STM32MP231CAL3, STM32MP231DAJ3, STM32MP231DAK3, STM32MP231DAL3, STM32MP231FAJ3, STM32MP231FAK3, STM32MP231FAL3, STM32MP233AAJ3, STM32MP233AAK3, STM32MP233AAL3, STM32MP233CAJ3, STM32MP233CAK3, STM32MP233CAL3, STM32MP233DAJ3, STM32MP233DAK3, STM32MP233DAL3, STM32MP233FAJ3, STM32MP233FAK3, STM32MP233FAL3, STM32MP235AAJ3, STM32MP235AAK3, STM32MP235AAL3, STM32MP235CAJ3, STM32MP235CAK3, STM32MP235CAL3, STM32MP235DAJ3, STM32MP235DAK3, STM32MP235DAL3, STM32MP235FAJ3, STM32MP235FAK3, STM32MP235FAL3, STM32MP251AAI3, STM32MP251AAK3, STM32MP251AAL3, STM32MP251CAI3, STM32MP251CAK3, STM32MP251CAL3, STM32MP251DAI3, STM32MP251DAK3, STM32MP251DAL3, STM32MP251FAI3, STM32MP251FAK3, STM32MP251FAL3, STM32MP253AAI3, STM32MP253AAK3, STM32MP253AAL3, STM32MP253CAI3, STM32MP253CAK3, STM32MP253CAL3, STM32MP253DAI3, STM32MP253DAK3, STM32MP253DAL3, STM32MP253FAI3, STM32MP253FAK3, STM32MP253FAL3, STM32MP255AAI3, STM32MP255AAK3, STM32MP255AAL3, STM32MP255CAI3, STM32MP255CAK3, STM32MP255CAL3, STM32MP255DAI3, STM32MP255DAK3, STM32MP255DAL3, STM32MP255FAI3, STM32MP255FAK3, STM32MP255FAL3, STM32MP257AAI3, STM32MP257AAK3, STM32MP257AAL3, STM32MP257CAI3, STM32MP257CAK3, STM32MP257CAL3, STM32MP257DAI3, STM32MP257DAK3, STM32MP257DAL3, STM32MP257F-DK, STM32MP257F-EV1, STM32MP257FAI3, STM32MP257FAK3, STM32MP257FAL3, STM32N645A0H3Q, STM32N645B0H3Q, STM32N645I0H3Q, STM32N645L0H3Q, STM32N645X0H3Q, STM32N645Z0H3Q, STM32N647A0H3Q, STM32N647B0H3Q, STM32N647I0H3Q, STM32N647L0H3Q, STM32N647X0H3Q, STM32N647Z0H3Q, STM32N655A0H3Q, STM32N655B0H3Q, STM32N655I0H3Q, STM32N655L0H3Q, STM32N655X0H3Q, STM32N655Z0H3Q, STM32N6570-DK, STM32N657A0H3Q, STM32N657B0H3Q, STM32N657I0H3Q, STM32N657L0H3Q, STM32N657X0H3Q, STM32N657Z0H3Q, STM32U031C6T6, STM32U031C6U6, STM32U031C8T6, STM32U031C8U6, STM32U031F4P6, STM32U031F6P6, STM32U031F8P6, STM32U031G6Y6TR, STM32U031G8Y6TR, STM32U031K4U6, STM32U031K6U6, STM32U031K8U6, STM32U031R6I6, STM32U031R6T6, STM32U031R8I6, STM32U031R8T6, STM32U073C8T6, STM32U073C8U6, STM32U073CBT6, STM32U073CBU6, STM32U073CCT6, STM32U073CCU6, STM32U073H8Y6TR, STM32U073HBY6TR, STM32U073HCY6TR, STM32U073K8U6, STM32U073KBU6, STM32U073KCU6, STM32U073M8I6, STM32U073M8T6, STM32U073MBI6, STM32U073MBT6, STM32U073MCI6, STM32U073MCT6, STM32U073R8I6, STM32U073R8T6, STM32U073RBI6, STM32U073RBT6, STM32U073RCI6, STM32U073RCT6, STM32U083C-DK, STM32U083CCT6, STM32U083CCU6, STM32U083HCY6TR, STM32U083KCU6, STM32U083MCI6, STM32U083MCT6, STM32U083RCI6, STM32U083RCT6, STM32U375CET6, STM32U375CET6Q, STM32U375CEU6, STM32U375CEU6Q, STM32U375CEY6QTR, STM32U375CGT6, STM32U375CGT6Q, STM32U375CGU6, STM32U375CGU6Q, STM32U375CGY6QTR, STM32U375KEU6, STM32U375KGU6, STM32U375REI6, STM32U375REI6Q, STM32U375RET6, STM32U375RET6Q, STM32U375REY6GTR, STM32U375REY6QTR, STM32U375RGI6, STM32U375RGI6Q, STM32U375RGT6, STM32U375RGT6Q, STM32U375RGY6GTR, STM32U375RGY6QTR, STM32U375VEI6, STM32U375VEI6Q, STM32U375VET6, STM32U375VET6Q, STM32U375VGI6, STM32U375VGI6Q, STM32U375VGT6, STM32U375VGT6Q, STM32U385CGT6, STM32U385CGT6Q, STM32U385CGU6, STM32U385CGU6Q, STM32U385CGY6QTR, STM32U385KGU6, STM32U385RGI6, STM32U385RGI6Q, STM32U385RGT6, STM32U385RGT6Q, STM32U385RGY6GTR, STM32U385RGY6QTR, STM32U385VGI6, STM32U385VGI6Q, STM32U385VGT6, STM32U385VGT6Q, STM32U535CBT6, STM32U535CBT6Q, STM32U535CBU6, STM32U535CBU6Q, STM32U535CCT6, STM32U535CCT6Q, STM32U535CCU6, STM32U535CCU6Q, STM32U535CET6, STM32U535CET6Q, STM32U535CEU6, STM32U535CEU6Q, STM32U535JEY6QTR, STM32U535NCY6QTR, STM32U535NEY6QTR, STM32U535RBI6, STM32U535RBI6Q, STM32U535RBT6, STM32U535RBT6Q, STM32U535RCI6, STM32U535RCI6Q, STM32U535RCT6, STM32U535RCT6Q, STM32U535REI6, STM32U535REI6Q, STM32U535RET6, STM32U535RET6Q, STM32U535VCI6, STM32U535VCI6Q, STM32U535VCT6, STM32U535VCT6Q, STM32U535VEI6, STM32U535VEI6Q, STM32U535VET6, STM32U535VET6Q, STM32U545CET6, STM32U545CET6Q, STM32U545CEU6, STM32U545CEU6Q, STM32U545JEY6QTR, STM32U545NEY6QTR, STM32U545REI6, STM32U545REI6Q, STM32U545RET6, STM32U545RET6Q, STM32U545VEI6, STM32U545VEI6Q, STM32U545VET6, STM32U545VET6Q, STM32U595AIH6, STM32U595AIH6Q, STM32U595AJH6, STM32U595AJH6Q, STM32U595QII6, STM32U595QII6Q, STM32U595QJI6, STM32U595QJI6Q, STM32U595RIT6, STM32U595RIT6Q, STM32U595RJT6, STM32U595RJT6Q, STM32U595VIT6, STM32U595VIT6Q, STM32U595VJT6, STM32U595VJT6Q, STM32U595ZIT6, STM32U595ZIT6Q, STM32U595ZIY6QTR, STM32U595ZJT6, STM32U595ZJT6Q, STM32U595ZJY6QTR, STM32U599BJY6QTR, STM32U599NIH6Q, STM32U599NJH6Q, STM32U599VIT6Q, STM32U599VJT6, STM32U599VJT6Q, STM32U599ZIT6Q, STM32U599ZIY6QTR, STM32U599ZJT6Q, STM32U599ZJY6QTR, STM32U5A5AJH6, STM32U5A5AJH6Q, STM32U5A5QII3Q , STM32U5A5QJI6, STM32U5A5QJI6Q, STM32U5A5RJT6, STM32U5A5RJT6Q, STM32U5A5VJT6, STM32U5A5VJT6Q, STM32U5A5ZJT6, STM32U5A5ZJT6Q, STM32U5A5ZJY6QTR, STM32U5A9BJY6QTR, STM32U5A9J-DK, STM32U5A9NJH6Q, STM32U5A9VJT6Q, STM32U5A9ZJT6Q, STM32U5A9ZJY6QTR, STM32U5F7VIT6, STM32U5F7VIT6Q, STM32U5F7VJT6, STM32U5F7VJT6Q, STM32U5F9BJY6QTR, STM32U5F9NJH6Q, STM32U5F9VIT6Q, STM32U5F9VJT6Q, STM32U5F9ZIJ6QTR, STM32U5F9ZIT6Q, STM32U5F9ZJJ6QTR, STM32U5F9ZJT6Q, STM32U5G7VJT6, STM32U5G7VJT6Q, STM32U5G9BJY6QTR, STM32U5G9J-DK1, STM32U5G9J-DK2, STM32U5G9NJH6Q, STM32U5G9VJT6Q, STM32U5G9ZJJ6QTR, STM32U5G9ZJT6Q, STM32WB05KZV6TR, STM32WB05KZV7TR, STM32WB05TZF6TR, STM32WB05TZF7TR, STM32WB06CCF6TR, STM32WB06CCF7TR, STM32WB06CCV6TR, STM32WB06CCV7TR, STM32WB06KCV6TR, STM32WB06KCV7TR, STM32WB07CCF6TR, STM32WB07CCF7TR, STM32WB07CCV6TR, STM32WB07CCV7TR, STM32WB07KCV6TR, STM32WB07KCV7TR, STM32WB09KEV6TR, STM32WB09KEV7TR, STM32WB09TEF6TR, STM32WB09TEF7TR, STM32WB1MMCH6, STM32WBA50KGU6, STM32WBA50KGU6TR, STM32WBA52CEU6, STM32WBA52CEU6TR, STM32WBA52CEU7, STM32WBA52CEU7TR, STM32WBA52CGU6, STM32WBA52CGU6TR, STM32WBA52CGU6U, STM32WBA52CGU7, STM32WBA52CGU7TR, STM32WBA52KEU6, STM32WBA52KEU6TR, STM32WBA52KGU6, STM32WBA52KGU6TR, STM32WBA54CEU6, STM32WBA54CEU6TR, STM32WBA54CEU7, STM32WBA54CEU7TR, STM32WBA54CGU6, STM32WBA54CGU6TR, STM32WBA54CGU7, STM32WBA54CGU7TR, STM32WBA54KEU6, STM32WBA54KEU6TR, STM32WBA54KEU7, STM32WBA54KEU7TR, STM32WBA54KGU6, STM32WBA54KGU6TR, STM32WBA54KGU7, STM32WBA54KGU7TR, STM32WBA55CEU6, STM32WBA55CEU6TR, STM32WBA55CEU7, STM32WBA55CEU7TR, STM32WBA55CGU6, STM32WBA55CGU6TR, STM32WBA55CGU6U, STM32WBA55CGU7, STM32WBA55CGU7TR, STM32WBA55G-DK1, STM32WBA55HEF6, STM32WBA55HEF7, STM32WBA55HGF6, STM32WBA55HGF7, STM32WBA55UEI6, STM32WBA55UEI6TR, STM32WBA55UEI7, STM32WBA55UEI7TR, STM32WBA55UGI6, STM32WBA55UGI6TR, STM32WBA55UGI7, STM32WBA55UGI7TR, STM32WBA5MMGH6TR, STM32WBA62MGF6, STM32WBA62MIF6, STM32WBA65MGF7, STM32WBA65MIF6, STM32WBA65MIF7, STM32WL30K8V6, STM32WL30KBV6, STM32WL31C8V6, STM32WL31CBV6, STM32WL31K8V6, STM32WL31KBV6, STM32WL33C8V6, STM32WL33C8V6X, STM32WL33CBV6, STM32WL33CBV6X, STM32WL33CCV6, STM32WL33CCV6A, STM32WL33CCV6X, STM32WL33K8V7, STM32WL33K8V7X, STM32WL33KBV7 , STM32WL33KBV7X, STM32WL33KCV7, STM32WL33KCV7X, STM32WL5MOCH6, STM32WL5MOCH6TR]
2025-10-11 20:32:53,108 [INFO] BoardInfo:889 - No configuration file found for board P-NUCLEO-WB55
2025-10-11 20:32:53,108 [INFO] DbBoards:161 - Kit is not supported: P-NUCLEO-WB55
2025-10-11 20:32:53,118 [INFO] BoardInfo:889 - No configuration file found for board STEVAL-BFA001V1B
2025-10-11 20:32:53,118 [INFO] DbBoards:161 - Kit is not supported: STEVAL-BFA001V1B
2025-10-11 20:32:53,119 [INFO] BoardInfo:889 - No configuration file found for board STEVAL-BFA001V2B
2025-10-11 20:32:53,119 [INFO] DbBoards:161 - Kit is not supported: STEVAL-BFA001V2B
2025-10-11 20:32:53,191 [INFO] DbBoards:168 - Found 212 boards, 209 are supported
2025-10-11 20:32:53,191 [INFO] DbBoards:169 - Found 212 boards, 43 of them is supported for  Bsp
2025-10-11 20:32:53,194 [INFO] ApiDb:668 - CubeFinder database Data Model version=2.1
2025-10-11 20:32:53,194 [INFO] ApiDb:669 - CubeFinder database Configuration version=3.0.39
2025-10-11 20:32:53,194 [INFO] ApiDb:670 - CubeFinder database generation date=2025-08-25 (1756130511)
2025-10-11 20:32:53,194 [INFO] ApiDb:671 - CubeFinder database FW Pack versions=[FP-ATR-ASTRA1_V2.0.0, FP-SNS-FLIGHT1_V5.1.0, FP-SNS-MOTENV1_V5.0.0, FP-SNS-MOTENVWB1_V1.4.0, FP-SNS-SMARTAG2_V1.2.0, FP-SNS-STBOX1_V2.1.0, STM32Cube_FW_C0_V1.4.0, STM32Cube_FW_F4_V1.28.3, STM32Cube_FW_F7_V1.17.4, STM32Cube_FW_G0_V1.6.2, STM32Cube_FW_G4_V1.6.1, STM32Cube_FW_H5_V1.5.0, STM32Cube_FW_H7RS_V1.2.0, STM32Cube_FW_H7_V1.12.1, STM32Cube_FW_L0_V1.12.2, STM32Cube_FW_L4_V1.18.1, STM32Cube_FW_L5_V1.5.1, STM32Cube_FW_N6_V1.2.0, STM32Cube_FW_U0_V1.3.0, STM32Cube_FW_U3_V1.2.0, STM32Cube_FW_U5_V1.8.0, STM32Cube_FW_WB0_V1.3.0, STM32Cube_FW_WBA_V1.7.0, STM32Cube_FW_WB_V1.23.0, STM32Cube_FW_WL3_V1.2.0, STM32Cube_FW_WL_V1.3.1, X-CUBE-ALGOBUILD_V1.4.0, X-CUBE-ALS_V1.0.2, X-CUBE-AZRTOS-F4_V1.1.0, X-CUBE-AZRTOS-F7_V1.1.0, X-CUBE-AZRTOS-G0_V1.1.0, X-CUBE-AZRTOS-G4_V2.0.0, X-CUBE-AZRTOS-H7RS_V1.1.0, X-CUBE-AZRTOS-H7_V3.4.0, X-CUBE-AZRTOS-L4_V2.0.0, X-CUBE-AZRTOS-L5_V2.0.0, X-CUBE-AZRTOS-WB_V2.0.0, X-CUBE-AZRTOS-WL_V2.0.0, X-CUBE-BLE1_V7.1.0, X-CUBE-BLE2_V3.3.0, X-CUBE-BLEMGR_V4.1.0, X-CUBE-EEPRMA1_V5.2.0, X-CUBE-FREERTOS_V1.3.1, X-CUBE-GNSS1_V6.0.0, X-CUBE-MEMS1_V11.3.0, X-CUBE-NFC4_V3.0.0, X-CUBE-NFC7_V2.0.0, X-CUBE-SFXS2LP1_V4.0.0, X-CUBE-ST67W61_V1.0.0, X-CUBE-SUBG2_V5.0.0, X-CUBE-TOF1_V3.4.3]
2025-10-11 20:32:54,927 [INFO] ApiDb:240 - Found 880 in-development CPN: [B-G473E-ZEST1S, B-WB1M-WPAN1, B-WBA5M-WPAN, B-WL5M-SUBG1, NUCLEO-C031C6, NUCLEO-C051C8, NUCLEO-C071RB, NUCLEO-C092RC, NUCLEO-H503RB, NUCLEO-H533RE, NUCLEO-H563ZI, NUCLEO-H7S3L8, NUCLEO-N657X0-Q, NUCLEO-U031R8, NUCLEO-U083RC, NUCLEO-U385RG-Q, NUCLEO-U545RE-Q, NUCLEO-U5A5ZJ-Q, NUCLEO-WB05KZ, NUCLEO-WB07CC, NUCLEO-WB09KE, NUCLEO-WBA52CG, NUCLEO-WBA55CG, NUCLEO-WL33CC1, NUCLEO-WL33CC2, STEVAL-PROTEUS1, STEVAL-SMARTAG2, STEVAL-STWINBX1, STM320518-EVAL, STM32C0116-DK, STM32C011D6Y3TR, STM32C011D6Y6TR, STM32C011F4P3, STM32C011F4P6, STM32C011F4U3, STM32C011F4U6TR, STM32C011F6P3, STM32C011F6P6, STM32C011F6U3, STM32C011F6U6TR, STM32C011J4M3, STM32C011J4M6, STM32C011J6M3, STM32C011J6M6, STM32C0316-DK, STM32C031C4T3, STM32C031C4T6, STM32C031C4U3, STM32C031C4U6, STM32C031C6T3, STM32C031C6T6, STM32C031C6U3, STM32C031C6U6, STM32C031F4P3, STM32C031F4P6, STM32C031F6P3, STM32C031F6P6, STM32C031G4U3, STM32C031G4U6, STM32C031G6U3, STM32C031G6U6, STM32C031K4T3, STM32C031K4T6, STM32C031K4U3, STM32C031K4U6, STM32C031K6T3, STM32C031K6T6, STM32C031K6U3, STM32C031K6U6, STM32C051C6T6, STM32C051C6U6, STM32C051C8T6, STM32C051C8U6, STM32C051D8Y6TR, STM32C051F6P6, STM32C051F8P6, STM32C051G6U6, STM32C051G8U6, STM32C051K6T6, STM32C051K6U6, STM32C051K8T6, STM32C071C8T6, STM32C071C8T6N, STM32C071C8U6, STM32C071C8U6N, STM32C071CBT6, STM32C071CBT6N, STM32C071CBU6, STM32C071CBU6N, STM32C071F8P6, STM32C071F8P6N, STM32C071FBP6, STM32C071FBP6N, STM32C071FBY6TR, STM32C071G8U6, STM32C071G8U6N, STM32C071GBU6, STM32C071GBU6N, STM32C071K8T6, STM32C071K8T6N, STM32C071K8U6, STM32C071K8U6N, STM32C071KBT6, STM32C071KBT6N, STM32C071KBU6, STM32C071KBU6N, STM32C071R8T6, STM32C071R8T6N, STM32C071RBI6N, STM32C071RBT6, STM32C071RBT6N, STM32C091CBT6, STM32C091CBU6, STM32C091CCT6, STM32C091CCU6, STM32C091ECY6TR, STM32C091FBP6, STM32C091FCP6, STM32C091GBU6, STM32C091GCU6, STM32C091KBT6, STM32C091KBU6, STM32C091KCT6, STM32C091KCU6, STM32C091RBT6, STM32C091RCI6, STM32C091RCT6, STM32C092CBT6, STM32C092CBU6, STM32C092CCT6, STM32C092CCU6, STM32C092ECY6TR, STM32C092FBP6, STM32C092FCP6, STM32C092GBU6, STM32C092GCU6, STM32C092KBT6, STM32C092KBU6, STM32C092KCT6, STM32C092KCU6, STM32C092RBT6, STM32C092RCI6, STM32C092RCT6, STM32G071K8TXN, STM32G071K8UXN, STM32G081GBU6N, STM32G081KBT6N, STM32G081KBUXN, STM32G0B1CCT6N, STM32G0B1KCT6, STM32G0B1NEY6TR, STM32G0B1RCT6N, STM32G0C1CCT6, STM32G0C1CCT6N, STM32G0C1CCU6N, STM32G0C1CET6N, STM32G0C1CEU6N, STM32G0C1KCT6, STM32G0C1NEY6TR, STM32G0C1RCI6N, STM32G0C1RCT6N, STM32G0C1REI6N, STM32G0C1RET6N, STM32G0C1VCI6, STM32G0C1VEI6, STM32G411C6T3, STM32G411C6T6, STM32G411C6U3, STM32G411C6U6, STM32G411C8T3, STM32G411C8T6, STM32G411C8U3, STM32G411C8U6, STM32G411CBT3, STM32G411CBT6, STM32G411CBU3, STM32G411CBU6, STM32G411K6T3, STM32G411K6T6, STM32G411K6U3, STM32G411K6U6, STM32G411K8T3, STM32G411K8T6, STM32G411K8U3, STM32G411K8U6, STM32G411KBT3, STM32G411KBT6, STM32G411KBU3, STM32G411KBU6, STM32G411M6T3, STM32G411M6T6, STM32G411M8T3, STM32G411M8T6, STM32G411MBT3, STM32G411MBT6, STM32G411R6T3, STM32G411R6T6, STM32G411R8T3, STM32G411R8T6, STM32G411RBT3, STM32G411RBT6, STM32G414CBT3, STM32G414CBT6, STM32G414CBU3, STM32G414CBU6, STM32G414CCT3, STM32G414CCT6, STM32G414CCU3, STM32G414CCU6, STM32G414MBT3, STM32G414MBT6, STM32G414MCT3, STM32G414MCT6, STM32G414RBT3, STM32G414RBT6, STM32G414RCT3, STM32G414RCT6, STM32G414VBT3, STM32G414VBT6, STM32G414VCT3, STM32G414VCT6, STM32G431CBT3Z, STM32G431RBT3Z, STM32G471CCT6, STM32G471CCU6, STM32G471CET3, STM32G471CET6, STM32G471CEU3, STM32G471CEU6, STM32G471MCT6, STM32G471MET3, STM32G471MET6, STM32G471MEY6TR, STM32G471QCT6, STM32G471QET3, STM32G471RCT6, STM32G471RET3, STM32G471RET6, STM32G471VCH6, STM32G471VCI6, STM32G471VCT6, STM32G471VEH3, STM32G471VEH6, STM32G471VEI3, STM32G471VEI6, STM32G471VET3, STM32G471VET6, STM32G473QET3Z, STM32G473RET3Z, STM32G474CCT6, STM32G491RET3Z, STM32H503CBT6, STM32H503CBU6, STM32H503EBY6TR, STM32H503KBU6, STM32H503RBT6, STM32H523CCT6, STM32H523CCU6, STM32H523CET6, STM32H523CEU6, STM32H523HEY6TR, STM32H523RCT6, STM32H523RET6, STM32H523VCI6, STM32H523VCT6, STM32H523VEI6, STM32H523VET6, STM32H523ZCJ6, STM32H523ZCT6, STM32H523ZEJ6, STM32H523ZET6, STM32H533CET6, STM32H533CEU6, STM32H533HEY6TR, STM32H533RET6, STM32H533VEI6, STM32H533VET6, STM32H533ZEJ6, STM32H533ZET6, STM32H562AGI6, STM32H562AII6, STM32H562IGK6, STM32H562IGT6, STM32H562IIK6, STM32H562IIT6, STM32H562RGT6, STM32H562RGV6, STM32H562RIT6, STM32H562RIV6, STM32H562VGT6, STM32H562VIT6, STM32H562ZGT6, STM32H562ZIT6, STM32H563AGI6, STM32H563AII3Q, STM32H563AII6, STM32H563IGK6, STM32H563IGT6, STM32H563IIK3Q, STM32H563IIK6, STM32H563IIT3Q, STM32H563IIT6, STM32H563MIY3QTR, STM32H563RGT6, STM32H563RGV6, STM32H563RIT6, STM32H563RIV6, STM32H563VGT6, STM32H563VIT3Q, STM32H563VIT6, STM32H563ZGT6, STM32H563ZIT3Q, STM32H563ZIT6, STM32H573AII3Q, STM32H573AII6, STM32H573I-DK, STM32H573IIK3Q, STM32H573IIK6, STM32H573IIT3Q, STM32H573IIT6, STM32H573MIY3QTR, STM32H573RIT6, STM32H573RIV6, STM32H573VIT3Q, STM32H573VIT6, STM32H573ZIT3Q, STM32H573ZIT6, STM32H7R3A8I6, STM32H7R3I8K6, STM32H7R3I8T6, STM32H7R3L8H6, STM32H7R3L8H6H, STM32H7R3R8V6, STM32H7R3V8H6, STM32H7R3V8T6, STM32H7R3V8Y6TR, STM32H7R3Z8J6, STM32H7R3Z8T6, STM32H7R7A8I6, STM32H7R7I8K6, STM32H7R7I8T6, STM32H7R7L8H6, STM32H7R7L8H6H, STM32H7R7Z8J6, STM32H7S3A8I6, STM32H7S3I8K6, STM32H7S3I8T6, STM32H7S3L8H6, STM32H7S3L8H6H, STM32H7S3R8V6, STM32H7S3V8H6, STM32H7S3V8T6, STM32H7S3V8Y6TR, STM32H7S3Z8J6, STM32H7S3Z8T6, STM32H7S78-DK, STM32H7S7A8I6, STM32H7S7I8K6, STM32H7S7I8T6, STM32H7S7L8H6, STM32H7S7L8H6H, STM32H7S7Z8J6, STM32L4R5QGI6STR, STM32MP131AAE3, STM32MP131AAF3, STM32MP131AAG3, STM32MP131CAE3, STM32MP131CAF3, STM32MP131CAG3, STM32MP131DAE7, STM32MP131DAF7, STM32MP131DAG7, STM32MP131FAE7, STM32MP131FAF7, STM32MP131FAG7, STM32MP133AAE3, STM32MP133AAF3, STM32MP133AAG3, STM32MP133CAE3, STM32MP133CAF3, STM32MP133CAG3, STM32MP133DAE7, STM32MP133DAF7, STM32MP133DAG7, STM32MP133FAE7, STM32MP133FAF7, STM32MP133FAG7, STM32MP135AAE3, STM32MP135AAF3, STM32MP135AAG3, STM32MP135CAE3, STM32MP135CAF3, STM32MP135CAG3, STM32MP135DAE7, STM32MP135DAF7, STM32MP135DAG7, STM32MP135F-DK, STM32MP135FAE7, STM32MP135FAF7, STM32MP135FAF7T, STM32MP135FAF7U, STM32MP135FAG7, STM32MP211AAL3, STM32MP211AAM3, STM32MP211AAN3, STM32MP211AAO3, STM32MP211CAL3, STM32MP211CAM3, STM32MP211CAN3, STM32MP211CAO3, STM32MP211DAL3, STM32MP211DAM3, STM32MP211DAN3, STM32MP211DAO3, STM32MP211FAL3, STM32MP211FAM3, STM32MP211FAN3, STM32MP211FAO3, STM32MP213AAL3, STM32MP213AAM3, STM32MP213AAN3, STM32MP213AAO3, STM32MP213CAL3, STM32MP213CAM3, STM32MP213CAN3, STM32MP213CAO3, STM32MP213DAL3, STM32MP213DAM3, STM32MP213DAN3, STM32MP213DAO3, STM32MP213FAL3, STM32MP213FAM3, STM32MP213FAN3, STM32MP213FAO3, STM32MP215AAL3, STM32MP215AAM3, STM32MP215AAN3, STM32MP215AAO3, STM32MP215CAL3, STM32MP215CAM3, STM32MP215CAN3, STM32MP215CAO3, STM32MP215DAL3, STM32MP215DAM3, STM32MP215DAN3, STM32MP215DAO3, STM32MP215F-DK, STM32MP215FAL3, STM32MP215FAM3, STM32MP215FAN3, STM32MP215FAO3, STM32MP231AAJ3, STM32MP231AAK3, STM32MP231AAL3, STM32MP231CAJ3, STM32MP231CAK3, STM32MP231CAL3, STM32MP231DAJ3, STM32MP231DAK3, STM32MP231DAL3, STM32MP231FAJ3, STM32MP231FAK3, STM32MP231FAL3, STM32MP233AAJ3, STM32MP233AAK3, STM32MP233AAL3, STM32MP233CAJ3, STM32MP233CAK3, STM32MP233CAL3, STM32MP233DAJ3, STM32MP233DAK3, STM32MP233DAL3, STM32MP233FAJ3, STM32MP233FAK3, STM32MP233FAL3, STM32MP235AAJ3, STM32MP235AAK3, STM32MP235AAL3, STM32MP235CAJ3, STM32MP235CAK3, STM32MP235CAL3, STM32MP235DAJ3, STM32MP235DAK3, STM32MP235DAL3, STM32MP235FAJ3, STM32MP235FAK3, STM32MP235FAL3, STM32MP251AAI3, STM32MP251AAK3, STM32MP251AAL3, STM32MP251CAI3, STM32MP251CAK3, STM32MP251CAL3, STM32MP251DAI3, STM32MP251DAK3, STM32MP251DAL3, STM32MP251FAI3, STM32MP251FAK3, STM32MP251FAL3, STM32MP253AAI3, STM32MP253AAK3, STM32MP253AAL3, STM32MP253CAI3, STM32MP253CAK3, STM32MP253CAL3, STM32MP253DAI3, STM32MP253DAK3, STM32MP253DAL3, STM32MP253FAI3, STM32MP253FAK3, STM32MP253FAL3, STM32MP255AAI3, STM32MP255AAK3, STM32MP255AAL3, STM32MP255CAI3, STM32MP255CAK3, STM32MP255CAL3, STM32MP255DAI3, STM32MP255DAK3, STM32MP255DAL3, STM32MP255FAI3, STM32MP255FAK3, STM32MP255FAL3, STM32MP257AAI3, STM32MP257AAK3, STM32MP257AAL3, STM32MP257CAI3, STM32MP257CAK3, STM32MP257CAL3, STM32MP257DAI3, STM32MP257DAK3, STM32MP257DAL3, STM32MP257F-DK, STM32MP257F-EV1, STM32MP257FAI3, STM32MP257FAK3, STM32MP257FAL3, STM32N645A0H3Q, STM32N645B0H3Q, STM32N645I0H3Q, STM32N645L0H3Q, STM32N645X0H3Q, STM32N645Z0H3Q, STM32N647A0H3Q, STM32N647B0H3Q, STM32N647I0H3Q, STM32N647L0H3Q, STM32N647X0H3Q, STM32N647Z0H3Q, STM32N655A0H3Q, STM32N655B0H3Q, STM32N655I0H3Q, STM32N655L0H3Q, STM32N655X0H3Q, STM32N655Z0H3Q, STM32N6570-DK, STM32N657A0H3Q, STM32N657B0H3Q, STM32N657I0H3Q, STM32N657L0H3Q, STM32N657X0H3Q, STM32N657Z0H3Q, STM32U031C6T6, STM32U031C6U6, STM32U031C8T6, STM32U031C8U6, STM32U031F4P6, STM32U031F6P6, STM32U031F8P6, STM32U031G6Y6TR, STM32U031G8Y6TR, STM32U031K4U6, STM32U031K6U6, STM32U031K8U6, STM32U031R6I6, STM32U031R6T6, STM32U031R8I6, STM32U031R8T6, STM32U073C8T6, STM32U073C8U6, STM32U073CBT6, STM32U073CBU6, STM32U073CCT6, STM32U073CCU6, STM32U073H8Y6TR, STM32U073HBY6TR, STM32U073HCY6TR, STM32U073K8U6, STM32U073KBU6, STM32U073KCU6, STM32U073M8I6, STM32U073M8T6, STM32U073MBI6, STM32U073MBT6, STM32U073MCI6, STM32U073MCT6, STM32U073R8I6, STM32U073R8T6, STM32U073RBI6, STM32U073RBT6, STM32U073RCI6, STM32U073RCT6, STM32U083C-DK, STM32U083CCT6, STM32U083CCU6, STM32U083HCY6TR, STM32U083KCU6, STM32U083MCI6, STM32U083MCT6, STM32U083RCI6, STM32U083RCT6, STM32U375CET6, STM32U375CET6Q, STM32U375CEU6, STM32U375CEU6Q, STM32U375CEY6QTR, STM32U375CGT6, STM32U375CGT6Q, STM32U375CGU6, STM32U375CGU6Q, STM32U375CGY6QTR, STM32U375KEU6, STM32U375KGU6, STM32U375REI6, STM32U375REI6Q, STM32U375RET6, STM32U375RET6Q, STM32U375REY6GTR, STM32U375REY6QTR, STM32U375RGI6, STM32U375RGI6Q, STM32U375RGT6, STM32U375RGT6Q, STM32U375RGY6GTR, STM32U375RGY6QTR, STM32U375VEI6, STM32U375VEI6Q, STM32U375VET6, STM32U375VET6Q, STM32U375VGI6, STM32U375VGI6Q, STM32U375VGT6, STM32U375VGT6Q, STM32U385CGT6, STM32U385CGT6Q, STM32U385CGU6, STM32U385CGU6Q, STM32U385CGY6QTR, STM32U385KGU6, STM32U385RGI6, STM32U385RGI6Q, STM32U385RGT6, STM32U385RGT6Q, STM32U385RGY6GTR, STM32U385RGY6QTR, STM32U385VGI6, STM32U385VGI6Q, STM32U385VGT6, STM32U385VGT6Q, STM32U535CBT6, STM32U535CBT6Q, STM32U535CBU6, STM32U535CBU6Q, STM32U535CCT6, STM32U535CCT6Q, STM32U535CCU6, STM32U535CCU6Q, STM32U535CET6, STM32U535CET6Q, STM32U535CEU6, STM32U535CEU6Q, STM32U535JEY6QTR, STM32U535NCY6QTR, STM32U535NEY6QTR, STM32U535RBI6, STM32U535RBI6Q, STM32U535RBT6, STM32U535RBT6Q, STM32U535RCI6, STM32U535RCI6Q, STM32U535RCT6, STM32U535RCT6Q, STM32U535REI6, STM32U535REI6Q, STM32U535RET6, STM32U535RET6Q, STM32U535VCI6, STM32U535VCI6Q, STM32U535VCT6, STM32U535VCT6Q, STM32U535VEI6, STM32U535VEI6Q, STM32U535VET6, STM32U535VET6Q, STM32U545CET6, STM32U545CET6Q, STM32U545CEU6, STM32U545CEU6Q, STM32U545JEY6QTR, STM32U545NEY6QTR, STM32U545REI6, STM32U545REI6Q, STM32U545RET6, STM32U545RET6Q, STM32U545VEI6, STM32U545VEI6Q, STM32U545VET6, STM32U545VET6Q, STM32U595AIH6, STM32U595AIH6Q, STM32U595AJH6, STM32U595AJH6Q, STM32U595QII6, STM32U595QII6Q, STM32U595QJI6, STM32U595QJI6Q, STM32U595RIT6, STM32U595RIT6Q, STM32U595RJT6, STM32U595RJT6Q, STM32U595VIT6, STM32U595VIT6Q, STM32U595VJT6, STM32U595VJT6Q, STM32U595ZIT6, STM32U595ZIT6Q, STM32U595ZIY6QTR, STM32U595ZJT6, STM32U595ZJT6Q, STM32U595ZJY6QTR, STM32U599BJY6QTR, STM32U599NIH6Q, STM32U599NJH6Q, STM32U599VIT6Q, STM32U599VJT6, STM32U599VJT6Q, STM32U599ZIT6Q, STM32U599ZIY6QTR, STM32U599ZJT6Q, STM32U599ZJY6QTR, STM32U5A5AJH6, STM32U5A5AJH6Q, STM32U5A5QII3Q , STM32U5A5QJI6, STM32U5A5QJI6Q, STM32U5A5RJT6, STM32U5A5RJT6Q, STM32U5A5VJT6, STM32U5A5VJT6Q, STM32U5A5ZJT6, STM32U5A5ZJT6Q, STM32U5A5ZJY6QTR, STM32U5A9BJY6QTR, STM32U5A9J-DK, STM32U5A9NJH6Q, STM32U5A9VJT6Q, STM32U5A9ZJT6Q, STM32U5A9ZJY6QTR, STM32U5F7VIT6, STM32U5F7VIT6Q, STM32U5F7VJT6, STM32U5F7VJT6Q, STM32U5F9BJY6QTR, STM32U5F9NJH6Q, STM32U5F9VIT6Q, STM32U5F9VJT6Q, STM32U5F9ZIJ6QTR, STM32U5F9ZIT6Q, STM32U5F9ZJJ6QTR, STM32U5F9ZJT6Q, STM32U5G7VJT6, STM32U5G7VJT6Q, STM32U5G9BJY6QTR, STM32U5G9J-DK1, STM32U5G9J-DK2, STM32U5G9NJH6Q, STM32U5G9VJT6Q, STM32U5G9ZJJ6QTR, STM32U5G9ZJT6Q, STM32WB05KZV6TR, STM32WB05KZV7TR, STM32WB05TZF6TR, STM32WB05TZF7TR, STM32WB06CCF6TR, STM32WB06CCF7TR, STM32WB06CCV6TR, STM32WB06CCV7TR, STM32WB06KCV6TR, STM32WB06KCV7TR, STM32WB07CCF6TR, STM32WB07CCF7TR, STM32WB07CCV6TR, STM32WB07CCV7TR, STM32WB07KCV6TR, STM32WB07KCV7TR, STM32WB09KEV6TR, STM32WB09KEV7TR, STM32WB09TEF6TR, STM32WB09TEF7TR, STM32WB1MMCH6, STM32WBA50KGU6, STM32WBA50KGU6TR, STM32WBA52CEU6, STM32WBA52CEU6TR, STM32WBA52CEU7, STM32WBA52CEU7TR, STM32WBA52CGU6, STM32WBA52CGU6TR, STM32WBA52CGU6U, STM32WBA52CGU7, STM32WBA52CGU7TR, STM32WBA52KEU6, STM32WBA52KEU6TR, STM32WBA52KGU6, STM32WBA52KGU6TR, STM32WBA54CEU6, STM32WBA54CEU6TR, STM32WBA54CEU7, STM32WBA54CEU7TR, STM32WBA54CGU6, STM32WBA54CGU6TR, STM32WBA54CGU7, STM32WBA54CGU7TR, STM32WBA54KEU6, STM32WBA54KEU6TR, STM32WBA54KEU7, STM32WBA54KEU7TR, STM32WBA54KGU6, STM32WBA54KGU6TR, STM32WBA54KGU7, STM32WBA54KGU7TR, STM32WBA55CEU6, STM32WBA55CEU6TR, STM32WBA55CEU7, STM32WBA55CEU7TR, STM32WBA55CGU6, STM32WBA55CGU6TR, STM32WBA55CGU6U, STM32WBA55CGU7, STM32WBA55CGU7TR, STM32WBA55G-DK1, STM32WBA55HEF6, STM32WBA55HEF7, STM32WBA55HGF6, STM32WBA55HGF7, STM32WBA55UEI6, STM32WBA55UEI6TR, STM32WBA55UEI7, STM32WBA55UEI7TR, STM32WBA55UGI6, STM32WBA55UGI6TR, STM32WBA55UGI7, STM32WBA55UGI7TR, STM32WBA5MMGH6TR, STM32WBA62MGF6, STM32WBA62MIF6, STM32WBA65MGF7, STM32WBA65MIF6, STM32WBA65MIF7, STM32WL30K8V6, STM32WL30KBV6, STM32WL31C8V6, STM32WL31CBV6, STM32WL31K8V6, STM32WL31KBV6, STM32WL33C8V6, STM32WL33C8V6X, STM32WL33CBV6, STM32WL33CBV6X, STM32WL33CCV6, STM32WL33CCV6A, STM32WL33CCV6X, STM32WL33K8V7, STM32WL33K8V7X, STM32WL33KBV7 , STM32WL33KBV7X, STM32WL33KCV7, STM32WL33KCV7X, STM32WL5MOCH6, STM32WL5MOCH6TR]
2025-10-11 20:32:54,931 [INFO] DbMcus:218 - Found 4801 MCUs, 4801 are supported
2025-10-11 20:32:54,931 [INFO] ApiDb:423 - Load user favorites file /home/oleksii/.stm32cubeide/favorites.mcus.txt: 0 item(s)
2025-10-11 20:32:54,931 [INFO] ApiDb:427 - User favorites MCUs=[]
2025-10-11 20:32:54,931 [INFO] DbMcus:224 - Set 0 / 0 favorites MCUs
2025-10-11 20:32:55,269 [INFO] ApiDb:423 - Load user favorites file /home/oleksii/.stm32cubeide/favorites.boards.txt: 0 item(s)
2025-10-11 20:32:55,269 [INFO] ApiDb:427 - User favorites Boards=[]
2025-10-11 20:32:55,269 [INFO] DbBoards:198 - Set 0 / 0 favorites Boards
2025-10-11 20:32:55,338 [INFO] UtilMem:75 - End LoadConfig() Used Memory: 783850456 Bytes (1073741824)
2025-10-11 20:32:55,457 [WARN] ThirdParty:833 - waiting for thirdparty lock release [change project]
2025-10-11 20:32:55,457 [INFO] ThirdParty:835 - entering critical section [change project]
2025-10-11 20:32:55,457 [INFO] ThirdParty:1030 - CMSIS Pack Vendor :STMicroelectronics X-CUBE-PM33A1 1.0.0
2025-10-11 20:32:55,457 [INFO] ThirdParty:1030 - CMSIS Pack Vendor :STMicroelectronics USBPD 4.1
2025-10-11 20:32:55,457 [INFO] ThirdParty:1030 - CMSIS Pack Vendor :STMicroelectronics X-CUBE-NFC9 1.0.0
2025-10-11 20:32:55,457 [INFO] ThirdParty:1030 - CMSIS Pack Vendor :STMicroelectronics USB_HOST 2.0.0
2025-10-11 20:32:55,457 [INFO] ThirdParty:1030 - CMSIS Pack Vendor :STMicroelectronics FP-SNS-MOTENVWB1 1.4.0
2025-10-11 20:32:55,457 [INFO] ThirdParty:1030 - CMSIS Pack Vendor :STMicroelectronics X-CUBE-AZRTOS-F4 1.1.0
2025-10-11 20:32:55,457 [INFO] ThirdParty:1030 - CMSIS Pack Vendor :STMicroelectronics LIBJPEG 8.0.0
2025-10-11 20:32:55,457 [INFO] ThirdParty:1030 - CMSIS Pack Vendor :STMicroelectronics FP-ATR-ASTRA1 2.0.2
2025-10-11 20:32:55,457 [INFO] ThirdParty:1030 - CMSIS Pack Vendor :wolfSSL I-CUBE-wolfSSL 5.8.2
2025-10-11 20:32:55,458 [INFO] ThirdParty:1030 - CMSIS Pack Vendor :STMicroelectronics X-CUBE-BLE1 7.1.0
2025-10-11 20:32:55,458 [INFO] ThirdParty:1030 - CMSIS Pack Vendor :Avnet-IotConnect X-CUBE-IoTC-DA16k-PMOD 1.0.0
2025-10-11 20:32:55,458 [INFO] ThirdParty:1030 - CMSIS Pack Vendor :STMicroelectronics X-CUBE-SMBUS 2.1.0
2025-10-11 20:32:55,458 [INFO] ThirdParty:1030 - CMSIS Pack Vendor :wolfSSL I-CUBE-wolfMQTT 1.19.2
2025-10-11 20:32:55,458 [INFO] ThirdParty:1030 - CMSIS Pack Vendor :STMicroelectronics USB_DEVICE 3.0.0
2025-10-11 20:32:55,458 [INFO] ThirdParty:1030 - CMSIS Pack Vendor :STMicroelectronics X-CUBE-ISPU 2.1.0
2025-10-11 20:32:55,458 [INFO] ThirdParty:1030 - CMSIS Pack Vendor :STMicroelectronics X-CUBE-EEPRMA1 5.2.0
2025-10-11 20:32:55,458 [INFO] ThirdParty:1030 - CMSIS Pack Vendor :STMicroelectronics X-CUBE-BLEMGR 4.1.0
2025-10-11 20:32:55,458 [INFO] ThirdParty:1030 - CMSIS Pack Vendor :STMicroelectronics X-CUBE-AZRTOS-WB 2.0.0
2025-10-11 20:32:55,458 [INFO] ThirdParty:1030 - CMSIS Pack Vendor :STMicroelectronics X-CUBE-ST60 1.0.0
2025-10-11 20:32:55,458 [INFO] ThirdParty:1030 - CMSIS Pack Vendor :STMicroelectronics X-CUBE-GNSS1 7.0.1
2025-10-11 20:32:55,458 [INFO] ThirdParty:1030 - CMSIS Pack Vendor :STMicroelectronics X-CUBE-NFC12 1.0.0
2025-10-11 20:32:55,458 [INFO] ThirdParty:1030 - CMSIS Pack Vendor :STMicroelectronics X-CUBE-AZRTOS-F7 1.1.0
2025-10-11 20:32:55,458 [INFO] ThirdParty:1030 - CMSIS Pack Vendor :STMicroelectronics X-CUBE-AZRTOS-L5 2.0.0
2025-10-11 20:32:55,458 [INFO] ThirdParty:1030 - CMSIS Pack Vendor :STMicroelectronics X-CUBE-TOUCHGFX 4.25.0
2025-10-11 20:32:55,458 [INFO] ThirdParty:1030 - CMSIS Pack Vendor :STMicroelectronics USB_DEVICE 2.0.0
2025-10-11 20:32:55,458 [INFO] ThirdParty:1030 - CMSIS Pack Vendor :STMicroelectronics X-CUBE-NFC6 3.1.0
2025-10-11 20:32:55,458 [INFO] ThirdParty:1030 - CMSIS Pack Vendor :quantropi X-CUBE-qispace-sdk-base 2.1.0
2025-10-11 20:32:55,458 [INFO] ThirdParty:1030 - CMSIS Pack Vendor :STMicroelectronics FreeRTOS 0.0.1
2025-10-11 20:32:55,459 [INFO] ThirdParty:1030 - CMSIS Pack Vendor :STMicroelectronics X-CUBE-AZRTOS-G0 1.1.0
2025-10-11 20:32:55,459 [INFO] ThirdParty:1030 - CMSIS Pack Vendor :STMicroelectronics X-CUBE-SAFEA1 1.2.2
2025-10-11 20:32:55,459 [INFO] ThirdParty:1030 - CMSIS Pack Vendor :STMicroelectronics X-CUBE-NFC4 3.0.0
2025-10-11 20:32:55,459 [INFO] ThirdParty:1030 - CMSIS Pack Vendor :STMicroelectronics X-CUBE-SUBG2 5.0.0
2025-10-11 20:32:55,459 [INFO] ThirdParty:1030 - CMSIS Pack Vendor :STMicroelectronics X-CUBE-AZRTOS-H7RS 1.1.0
2025-10-11 20:32:55,459 [INFO] ThirdParty:1030 - CMSIS Pack Vendor :STMicroelectronics STM32_WPAN 1.0.0
2025-10-11 20:32:55,459 [INFO] ThirdParty:1030 - CMSIS Pack Vendor :EmbeddedOffice I-CUBE-FS-RTOS 1.0.1
2025-10-11 20:32:55,459 [INFO] ThirdParty:1030 - CMSIS Pack Vendor :STMicroelectronics lwIP 2.0.3
2025-10-11 20:32:55,459 [INFO] ThirdParty:1030 - CMSIS Pack Vendor :WES I-CUBE-Cesium 1.4.0
2025-10-11 20:32:55,459 [INFO] ThirdParty:1030 - CMSIS Pack Vendor :Cesanta I-CUBE-Mongoose 7.13.0
2025-10-11 20:32:55,459 [INFO] ThirdParty:1030 - CMSIS Pack Vendor :STMicroelectronics USB_HOST 1.0.0
2025-10-11 20:32:55,459 [INFO] ThirdParty:1030 - CMSIS Pack Vendor :Infineon AIROC-Wi-Fi-Bluetooth-STM32 1.7.1
2025-10-11 20:32:55,460 [INFO] ThirdParty:1030 - CMSIS Pack Vendor :STMicroelectronics X-CUBE-AZRTOS-G4 2.0.0
2025-10-11 20:32:55,460 [INFO] ThirdParty:1030 - CMSIS Pack Vendor :STMicroelectronics X-CUBE-WB05N 2.0.0
2025-10-11 20:32:55,460 [INFO] ThirdParty:1030 - CMSIS Pack Vendor :STMicroelectronics PDM2PCM 3.1.0
2025-10-11 20:32:55,460 [INFO] ThirdParty:1030 - CMSIS Pack Vendor :STMicroelectronics PDM2PCM 3.3.0
2025-10-11 20:32:55,460 [INFO] ThirdParty:1030 - CMSIS Pack Vendor :wolfSSL I-CUBE-wolfTPM 3.8.0
2025-10-11 20:32:55,460 [INFO] ThirdParty:1030 - CMSIS Pack Vendor :STMicroelectronics X-CUBE-AZRTOS-H7 3.4.0
2025-10-11 20:32:55,460 [INFO] ThirdParty:1030 - CMSIS Pack Vendor :STMicroelectronics X-CUBE-DISPLAY 3.0.0
2025-10-11 20:32:55,460 [INFO] ThirdParty:1030 - CMSIS Pack Vendor :wolfSSL I-CUBE-wolfSSH 1.4.20
2025-10-11 20:32:55,460 [INFO] ThirdParty:1030 - CMSIS Pack Vendor :STMicroelectronics X-CUBE-NFC7 2.0.0
2025-10-11 20:32:55,460 [INFO] ThirdParty:1030 - CMSIS Pack Vendor :STMicroelectronics X-CUBE-TCPP 4.2.0
2025-10-11 20:32:55,460 [INFO] ThirdParty:1030 - CMSIS Pack Vendor :RealThread X-CUBE-RT-Thread_Nano 4.1.1
2025-10-11 20:32:55,460 [INFO] ThirdParty:1030 - CMSIS Pack Vendor :STMicroelectronics FP-ATR-SIGFOX1 3.2.0
2025-10-11 20:32:55,460 [INFO] ThirdParty:1030 - CMSIS Pack Vendor :STMicroelectronics X-CUBE-NFC10 1.0.0
2025-10-11 20:32:55,460 [INFO] ThirdParty:1030 - CMSIS Pack Vendor :STMicroelectronics X-CUBE-FREERTOS 1.3.1
2025-10-11 20:32:55,460 [INFO] ThirdParty:1030 - CMSIS Pack Vendor :STMicroelectronics HAL Drivers 0.0.0
2025-10-11 20:32:55,460 [INFO] ThirdParty:1030 - CMSIS Pack Vendor :STMicroelectronics MBEDTLS 2.16.2
2025-10-11 20:32:55,460 [INFO] ThirdParty:1030 - CMSIS Pack Vendor :STMicroelectronics X-CUBE-IPS 3.1.0
2025-10-11 20:32:55,460 [INFO] ThirdParty:1030 - CMSIS Pack Vendor :STMicroelectronics X-CUBE-ALS 1.0.2
2025-10-11 20:32:55,460 [INFO] ThirdParty:1030 - CMSIS Pack Vendor :emotas I-CUBE-CANOPEN 1.3.0
2025-10-11 20:32:55,460 [INFO] ThirdParty:1030 - CMSIS Pack Vendor :STMicroelectronics MBEDTLS 2.14.1
2025-10-11 20:32:55,460 [INFO] ThirdParty:1030 - CMSIS Pack Vendor :ITTIA_DB I-CUBE-ITTIADB 8.9.0
2025-10-11 20:32:55,460 [INFO] ThirdParty:1030 - CMSIS Pack Vendor :STMicroelectronics X-CUBE-TOUCHGFX 4.26.0
2025-10-11 20:32:55,461 [INFO] ThirdParty:1030 - CMSIS Pack Vendor :STMicroelectronics X-CUBE-STSE01 1.0.0
2025-10-11 20:32:55,461 [INFO] ThirdParty:1030 - CMSIS Pack Vendor :STMicroelectronics X-CUBE-ST67W61 1.0.0
2025-10-11 20:32:55,461 [INFO] ThirdParty:1030 - CMSIS Pack Vendor :STMicroelectronics FP-SNS-STBOX1 2.1.0
2025-10-11 20:32:55,461 [INFO] ThirdParty:1030 - CMSIS Pack Vendor :STMicroelectronics X-CUBE-AI 10.2.0
2025-10-11 20:32:55,461 [INFO] ThirdParty:1030 - CMSIS Pack Vendor :STMicroelectronics FP-SNS-STAIOTCFT 1.0.0
2025-10-11 20:32:55,461 [INFO] ThirdParty:1030 - CMSIS Pack Vendor :STMicroelectronics ThreadX 1.0.0
2025-10-11 20:32:55,461 [INFO] ThirdParty:1030 - CMSIS Pack Vendor :STMicroelectronics FP-SNS-SMARTAG2 1.2.0
2025-10-11 20:32:55,461 [INFO] ThirdParty:1030 - CMSIS Pack Vendor :STMicroelectronics FP-SNS-FLIGHT1 5.1.0
2025-10-11 20:32:55,461 [INFO] ThirdParty:1030 - CMSIS Pack Vendor :STMicroelectronics X-CUBE-AZRTOS-WL 2.0.0
2025-10-11 20:32:55,461 [INFO] ThirdParty:1030 - CMSIS Pack Vendor :SEGGER I-CUBE-embOS 1.3.1
2025-10-11 20:32:55,461 [INFO] ThirdParty:1030 - CMSIS Pack Vendor :STMicroelectronics X-CUBE-ALGOBUILD 1.4.0
2025-10-11 20:32:55,461 [INFO] ThirdParty:1030 - CMSIS Pack Vendor :STMicroelectronics X-CUBE-DPower 1.3.0
2025-10-11 20:32:55,461 [INFO] ThirdParty:1030 - CMSIS Pack Vendor :STMicroelectronics X-CUBE-MEMS1 11.3.0
2025-10-11 20:32:55,461 [INFO] ThirdParty:1030 - CMSIS Pack Vendor :STMicroelectronics FP-SNS-MOTENV1 5.0.0
2025-10-11 20:32:55,461 [INFO] ThirdParty:1030 - CMSIS Pack Vendor :STMicroelectronics USB_DEVICE 1.0.0
2025-10-11 20:32:55,461 [INFO] ThirdParty:1030 - CMSIS Pack Vendor :STMicroelectronics X-CUBE-AZRTOS-L4 2.0.0
2025-10-11 20:32:55,461 [INFO] ThirdParty:1030 - CMSIS Pack Vendor :STMicroelectronics ThreadX 0.0.2
2025-10-11 20:32:55,461 [INFO] ThirdParty:1030 - CMSIS Pack Vendor :STMicroelectronics lwIP 2.1.2
2025-10-11 20:32:55,461 [INFO] ThirdParty:1030 - CMSIS Pack Vendor :STMicroelectronics X-CUBE-SFXS2LP1 4.0.0
2025-10-11 20:32:55,461 [INFO] ThirdParty:1030 - CMSIS Pack Vendor :STMicroelectronics X-CUBE-BLE2 3.3.0
2025-10-11 20:32:55,461 [INFO] ThirdParty:1030 - CMSIS Pack Vendor :STMicroelectronics X-CUBE-TOF1 3.4.3
2025-10-11 20:32:55,461 [INFO] ThirdParty:1030 - CMSIS Pack Vendor :STMicroelectronics PDM2PCM 3.2.0
2025-10-11 20:32:55,462 [INFO] ThirdParty:841 - exiting critical section [change project]
2025-10-11 20:32:55,781 [INFO] PinOutPanel:1589 - setPackage(No Configuration,No Configuration)
2025-10-11 20:32:55,782 [INFO] PinOutPanel:1589 - setPackage(STM32F407VGTx,LQFP100)
2025-10-11 20:32:56,024 [INFO] UtilMem:75 - Before build in PCC Used Memory: 628102968 Bytes (1073741824)
2025-10-11 20:32:56,381 [INFO] UtilMem:75 - After build in PCC Used Memory: 743617112 Bytes (1073741824)
2025-10-11 20:32:56,410 [INFO] ApiDbMcu:532 - Load IP Config File for USB_HOST
2025-10-11 20:32:56,411 [WARN] BspModel:444 - BSP dependency skipped because of component: name='IOExpander', api='Unknown'
2025-10-11 20:32:56,432 [INFO] IPUIPlugin:80 - create IPUIPlugin
2025-10-11 20:32:56,433 [INFO] IPUIPlugin:80 - create IPUIPlugin
2025-10-11 20:32:56,433 [INFO] IPUIPlugin:80 - create IPUIPlugin
2025-10-11 20:32:56,433 [INFO] IPUIPlugin:80 - create IPUIPlugin
2025-10-11 20:32:56,433 [INFO] IPUIPlugin:80 - create IPUIPlugin
2025-10-11 20:32:56,433 [INFO] IPUIPlugin:80 - create IPUIPlugin
2025-10-11 20:32:56,433 [INFO] IPUIPlugin:80 - create IPUIPlugin
2025-10-11 20:32:56,433 [INFO] IPUIPlugin:80 - create IPUIPlugin
2025-10-11 20:32:56,433 [INFO] IPUIPlugin:80 - create IPUIPlugin
2025-10-11 20:32:56,434 [INFO] IPUIPlugin:80 - create IPUIPlugin
2025-10-11 20:32:56,434 [INFO] IPUIPlugin:80 - create IPUIPlugin
2025-10-11 20:32:56,434 [INFO] IPUIPlugin:80 - create IPUIPlugin
2025-10-11 20:32:56,434 [INFO] IPUIPlugin:80 - create IPUIPlugin
2025-10-11 20:32:56,434 [INFO] IPUIPlugin:80 - create IPUIPlugin
2025-10-11 20:32:56,434 [INFO] IPUIPlugin:80 - create IPUIPlugin
2025-10-11 20:32:56,434 [INFO] IPUIPlugin:80 - create IPUIPlugin
2025-10-11 20:32:56,434 [INFO] IPUIPlugin:80 - create IPUIPlugin
2025-10-11 20:32:56,434 [INFO] IPUIPlugin:80 - create IPUIPlugin
2025-10-11 20:32:56,434 [INFO] IPUIPlugin:80 - create IPUIPlugin
2025-10-11 20:32:56,435 [INFO] IPUIPlugin:80 - create IPUIPlugin
2025-10-11 20:32:56,435 [INFO] IPUIPlugin:80 - create IPUIPlugin
2025-10-11 20:32:56,435 [INFO] IPUIPlugin:80 - create IPUIPlugin
2025-10-11 20:32:56,435 [INFO] IPUIPlugin:80 - create IPUIPlugin
2025-10-11 20:32:56,435 [INFO] IPUIPlugin:80 - create IPUIPlugin
2025-10-11 20:32:56,435 [INFO] IPUIPlugin:80 - create IPUIPlugin
2025-10-11 20:32:56,435 [INFO] IPUIPlugin:80 - create IPUIPlugin
2025-10-11 20:32:56,436 [INFO] IPUIPlugin:80 - create IPUIPlugin
2025-10-11 20:32:56,436 [INFO] IPUIPlugin:80 - create IPUIPlugin
2025-10-11 20:32:56,436 [INFO] IPUIPlugin:80 - create IPUIPlugin
2025-10-11 20:32:56,436 [INFO] IPUIPlugin:80 - create IPUIPlugin
2025-10-11 20:32:56,437 [INFO] IPUIPlugin:80 - create IPUIPlugin
2025-10-11 20:32:56,437 [INFO] IPUIPlugin:80 - create IPUIPlugin
2025-10-11 20:32:56,437 [INFO] IPUIPlugin:80 - create IPUIPlugin
2025-10-11 20:32:56,437 [INFO] IPUIPlugin:80 - create IPUIPlugin
2025-10-11 20:32:56,437 [INFO] IPUIPlugin:80 - create IPUIPlugin
2025-10-11 20:32:56,438 [INFO] IPUIPlugin:80 - create IPUIPlugin
2025-10-11 20:32:56,438 [INFO] IPUIPlugin:80 - create IPUIPlugin
2025-10-11 20:32:56,438 [INFO] IPUIPlugin:80 - create IPUIPlugin
2025-10-11 20:32:56,438 [INFO] IPUIPlugin:80 - create IPUIPlugin
2025-10-11 20:32:56,438 [INFO] IPUIPlugin:80 - create IPUIPlugin
2025-10-11 20:32:56,438 [INFO] IPUIPlugin:80 - create IPUIPlugin
2025-10-11 20:32:56,438 [INFO] IPUIPlugin:80 - create IPUIPlugin
2025-10-11 20:32:56,438 [INFO] IPUIPlugin:80 - create IPUIPlugin
2025-10-11 20:32:56,438 [INFO] IPUIPlugin:80 - create IPUIPlugin
2025-10-11 20:32:56,438 [INFO] IPUIPlugin:80 - create IPUIPlugin
2025-10-11 20:32:56,439 [INFO] IPUIPlugin:80 - create IPUIPlugin
2025-10-11 20:32:56,439 [INFO] IPUIPlugin:80 - create IPUIPlugin
2025-10-11 20:32:56,439 [INFO] IPUIPlugin:80 - create IPUIPlugin
2025-10-11 20:32:56,439 [INFO] IPUIPlugin:80 - create IPUIPlugin
2025-10-11 20:32:56,439 [INFO] IPUIPlugin:80 - create IPUIPlugin
2025-10-11 20:32:56,439 [INFO] IPUIPlugin:80 - create IPUIPlugin
2025-10-11 20:32:56,439 [INFO] IPUIPlugin:80 - create IPUIPlugin
2025-10-11 20:32:56,439 [INFO] IPUIPlugin:80 - create IPUIPlugin
2025-10-11 20:32:56,439 [INFO] IPUIPlugin:80 - create IPUIPlugin
2025-10-11 20:32:56,440 [INFO] IPUIPlugin:80 - create IPUIPlugin
2025-10-11 20:32:56,440 [INFO] IPUIPlugin:80 - create IPUIPlugin
2025-10-11 20:32:56,440 [INFO] IPUIPlugin:80 - create IPUIPlugin
2025-10-11 20:32:56,440 [INFO] IPUIPlugin:80 - create IPUIPlugin
2025-10-11 20:32:56,443 [INFO] ApiDbMcu:532 - Load IP Config File for PDM2PCM
2025-10-11 20:32:56,447 [WARN] IP:2250 - I2C_Coeff_DF not found: check if there is a RefParameter without a condition.
2025-10-11 20:32:56,447 [WARN] IP:2250 - Analog_Filter not found: check if there is a RefParameter without a condition.
2025-10-11 20:32:56,452 [INFO] I2sManager:658 - 9.6E7
2025-10-11 20:32:56,452 [INFO] I2sManager:195 - I2S Clock Value : 9.6E7
2025-10-11 20:32:56,452 [INFO] I2sManager:553 - AudioClock : 93750Divider : 2Odd : 0
2025-10-11 20:32:56,547 [INFO] CADModel:165 - CPN selected for project levelSTM32F407VGT6
2025-10-11 20:32:56,547 [INFO] CADModel:114 - Register for checkConnection events
2025-10-11 20:32:56,602 [INFO] OpenFileManager:386 - Restore cursor
2025-10-11 20:32:56,724 [WARN] IP:2250 - I2C_Coeff_DF not found: check if there is a RefParameter without a condition.
2025-10-11 20:32:56,725 [WARN] IP:2250 - Analog_Filter not found: check if there is a RefParameter without a condition.
2025-10-11 20:32:56,725 [WARN] IP:2250 - I2C_Coeff_DF not found: check if there is a RefParameter without a condition.
2025-10-11 20:32:56,725 [WARN] IP:2250 - Analog_Filter not found: check if there is a RefParameter without a condition.
2025-10-11 20:33:05,292 [WARN] BspModel:444 - BSP dependency skipped because of component: name='IOExpander', api='Unknown'
2025-10-11 20:33:11,778 [INFO] UtilMem:75 - End SaveConfig() Used Memory: 923795456 Bytes (1073741824)
2025-10-11 20:33:19,312 [WARN] BspModel:444 - BSP dependency skipped because of component: name='IOExpander', api='Unknown'
2025-10-11 20:33:21,556 [INFO] UtilMem:75 - End SaveConfig() Used Memory: 955668928 Bytes (1073741824)
2025-10-11 20:33:23,347 [INFO] UtilMem:75 - End SaveConfig() Used Memory: 985555392 Bytes (1073741824)
2025-10-11 20:33:23,926 [INFO] UtilMem:75 - End SaveConfig() Used Memory: 710797464 Bytes (1073741824)
2025-10-11 20:33:24,186 [INFO] BlockDiagram:2775 - set Specific Code input for plugin: SPI
2025-10-11 20:33:24,186 [INFO] BlockDiagram:2775 - set Specific Code input for plugin: I2S
2025-10-11 20:33:24,186 [INFO] BlockDiagram:2775 - set Specific Code input for plugin: SYS
2025-10-11 20:33:24,186 [INFO] BlockDiagram:2775 - set Specific Code input for plugin: RCC
2025-10-11 20:33:24,186 [INFO] BlockDiagram:2775 - set Specific Code input for plugin: I2C
2025-10-11 20:33:24,186 [INFO] BlockDiagram:2775 - set Specific Code input for plugin: USB_OTG_FS
2025-10-11 20:33:24,186 [INFO] BlockDiagram:2775 - set Specific Code input for plugin: NVIC
2025-10-11 20:33:24,186 [INFO] BlockDiagram:2775 - set Specific Code input for plugin: USB_HOST
2025-10-11 20:33:24,187 [INFO] BlockDiagram:2775 - set Specific Code input for plugin: GPIO
2025-10-11 20:33:24,188 [INFO] CodeGenerator:892 - code generatio: config db path: /opt/st/stm32cubeide_1.19.0/plugins/com.st.stm32cube.common.mx_6.15.0.202507011659//db/
2025-10-11 20:33:24,193 [WARN] IP:2250 - I2C_Coeff_DF not found: check if there is a RefParameter without a condition.
2025-10-11 20:33:24,193 [WARN] IP:2250 - Analog_Filter not found: check if there is a RefParameter without a condition.
2025-10-11 20:33:24,342 [INFO] CodeEngine:265 - oldGeneratedFile, /home/oleksii/STM32CubeIDE/workspace_1.19.0/workspace_embedded/Lab2_driver2/MXTmpFiles/license.tmp_save
2025-10-11 20:33:24,528 [INFO] CodeEngine:289 - Generated code: /home/oleksii/STM32CubeIDE/workspace_1.19.0/workspace_embedded/Lab2_driver2/MXTmpFiles/license.tmp
2025-10-11 20:33:24,587 [INFO] CodeEngine:265 - oldGeneratedFile, /home/oleksii/STM32CubeIDE/workspace_1.19.0/workspace_embedded/Lab2_driver2/MXTmpFiles/gpio.tmp_save
2025-10-11 20:33:24,686 [INFO] CodeEngine:289 - Generated code: /home/oleksii/STM32CubeIDE/workspace_1.19.0/workspace_embedded/Lab2_driver2/MXTmpFiles/gpio.tmp
2025-10-11 20:33:24,772 [WARN] IPConfigManager:3238 - Warning: the RefConfig PWREx_EnableUSBVoltageDetector is not available in your config.xml file
2025-10-11 20:33:24,776 [INFO] CodeEngine:265 - oldGeneratedFile, /home/oleksii/STM32CubeIDE/workspace_1.19.0/workspace_embedded/Lab2_driver2/MXTmpFiles/usb_otg_fs_vars.tmp_save
2025-10-11 20:33:24,827 [INFO] CodeEngine:289 - Generated code: /home/oleksii/STM32CubeIDE/workspace_1.19.0/workspace_embedded/Lab2_driver2/MXTmpFiles/usb_otg_fs_vars.tmp
2025-10-11 20:33:24,828 [INFO] CodeEngine:265 - oldGeneratedFile, /home/oleksii/STM32CubeIDE/workspace_1.19.0/workspace_embedded/Lab2_driver2/MXTmpFiles/usb_otg_fs_inc.tmp_save
2025-10-11 20:33:24,868 [INFO] CodeEngine:289 - Generated code: /home/oleksii/STM32CubeIDE/workspace_1.19.0/workspace_embedded/Lab2_driver2/MXTmpFiles/usb_otg_fs_inc.tmp
2025-10-11 20:33:24,869 [INFO] CodeEngine:265 - oldGeneratedFile, /home/oleksii/STM32CubeIDE/workspace_1.19.0/workspace_embedded/Lab2_driver2/MXTmpFiles/usb_otg_fs_HalInit.tmp_save
2025-10-11 20:33:24,921 [INFO] CodeEngine:289 - Generated code: /home/oleksii/STM32CubeIDE/workspace_1.19.0/workspace_embedded/Lab2_driver2/MXTmpFiles/usb_otg_fs_HalInit.tmp
2025-10-11 20:33:24,922 [INFO] CodeEngine:265 - oldGeneratedFile, /home/oleksii/STM32CubeIDE/workspace_1.19.0/workspace_embedded/Lab2_driver2/MXTmpFiles/usb_otg_fs_Msp.tmp_save
2025-10-11 20:33:24,985 [INFO] CodeEngine:289 - Generated code: /home/oleksii/STM32CubeIDE/workspace_1.19.0/workspace_embedded/Lab2_driver2/MXTmpFiles/usb_otg_fs_Msp.tmp
2025-10-11 20:33:25,140 [INFO] CodeEngine:265 - oldGeneratedFile, /home/oleksii/STM32CubeIDE/workspace_1.19.0/workspace_embedded/Lab2_driver2/USB_HOST/App/usb_host.c_save
2025-10-11 20:33:25,199 [INFO] CodeEngine:289 - Generated code: /home/oleksii/STM32CubeIDE/workspace_1.19.0/workspace_embedded/Lab2_driver2/USB_HOST/App/usb_host.c
2025-10-11 20:33:25,199 [INFO] CodeEngine:265 - oldGeneratedFile, /home/oleksii/STM32CubeIDE/workspace_1.19.0/workspace_embedded/Lab2_driver2/USB_HOST/App/usb_host.h_save
2025-10-11 20:33:25,239 [INFO] CodeEngine:289 - Generated code: /home/oleksii/STM32CubeIDE/workspace_1.19.0/workspace_embedded/Lab2_driver2/USB_HOST/App/usb_host.h
2025-10-11 20:33:25,240 [INFO] CodeEngine:265 - oldGeneratedFile, /home/oleksii/STM32CubeIDE/workspace_1.19.0/workspace_embedded/Lab2_driver2/USB_HOST/Target/usbh_conf.h_save
2025-10-11 20:33:25,280 [INFO] CodeEngine:289 - Generated code: /home/oleksii/STM32CubeIDE/workspace_1.19.0/workspace_embedded/Lab2_driver2/USB_HOST/Target/usbh_conf.h
2025-10-11 20:33:25,281 [INFO] CodeEngine:265 - oldGeneratedFile, /home/oleksii/STM32CubeIDE/workspace_1.19.0/workspace_embedded/Lab2_driver2/USB_HOST/Target/usbh_conf.c_save
2025-10-11 20:33:25,322 [INFO] CodeEngine:289 - Generated code: /home/oleksii/STM32CubeIDE/workspace_1.19.0/workspace_embedded/Lab2_driver2/USB_HOST/Target/usbh_conf.c
2025-10-11 20:33:25,322 [INFO] CodeEngine:265 - oldGeneratedFile, /home/oleksii/STM32CubeIDE/workspace_1.19.0/workspace_embedded/Lab2_driver2/USB_HOST/Target/usbh_platform.c_save
2025-10-11 20:33:25,360 [INFO] CodeEngine:289 - Generated code: /home/oleksii/STM32CubeIDE/workspace_1.19.0/workspace_embedded/Lab2_driver2/USB_HOST/Target/usbh_platform.c
2025-10-11 20:33:25,361 [INFO] CodeEngine:265 - oldGeneratedFile, /home/oleksii/STM32CubeIDE/workspace_1.19.0/workspace_embedded/Lab2_driver2/USB_HOST/Target/usbh_platform.h_save
2025-10-11 20:33:25,397 [INFO] CodeEngine:289 - Generated code: /home/oleksii/STM32CubeIDE/workspace_1.19.0/workspace_embedded/Lab2_driver2/USB_HOST/Target/usbh_platform.h
2025-10-11 20:33:25,402 [INFO] CodeEngine:265 - oldGeneratedFile, /home/oleksii/STM32CubeIDE/workspace_1.19.0/workspace_embedded/Lab2_driver2/Core/Src/stm32f4xx_it.c_save
2025-10-11 20:33:25,454 [INFO] CodeEngine:289 - Generated code: /home/oleksii/STM32CubeIDE/workspace_1.19.0/workspace_embedded/Lab2_driver2/Core/Src/stm32f4xx_it.c
2025-10-11 20:33:25,455 [INFO] CodeEngine:265 - oldGeneratedFile, /home/oleksii/STM32CubeIDE/workspace_1.19.0/workspace_embedded/Lab2_driver2/Core/Inc/stm32f4xx_it.h_save
2025-10-11 20:33:25,493 [INFO] CodeEngine:289 - Generated code: /home/oleksii/STM32CubeIDE/workspace_1.19.0/workspace_embedded/Lab2_driver2/Core/Inc/stm32f4xx_it.h
2025-10-11 20:33:25,500 [INFO] CodeEngine:265 - oldGeneratedFile, /home/oleksii/STM32CubeIDE/workspace_1.19.0/workspace_embedded/Lab2_driver2/Core/Src/stm32f4xx_hal_msp.c_save
2025-10-11 20:33:25,598 [INFO] CodeEngine:289 - Generated code: /home/oleksii/STM32CubeIDE/workspace_1.19.0/workspace_embedded/Lab2_driver2/Core/Src/stm32f4xx_hal_msp.c
2025-10-11 20:33:25,599 [INFO] CodeEngine:265 - oldGeneratedFile, /home/oleksii/STM32CubeIDE/workspace_1.19.0/workspace_embedded/Lab2_driver2/MXTmpFiles/system.tmp_save
2025-10-11 20:33:25,635 [INFO] CodeEngine:289 - Generated code: /home/oleksii/STM32CubeIDE/workspace_1.19.0/workspace_embedded/Lab2_driver2/MXTmpFiles/system.tmp
2025-10-11 20:33:25,637 [INFO] CodeEngine:321 - oldGeneratedFile, /home/oleksii/STM32CubeIDE/workspace_1.19.0/workspace_embedded/Lab2_driver2/Core/Inc/stm32f4xx_hal_conf.h_save
2025-10-11 20:33:25,680 [INFO] CodeEngine:345 - Generated code: /home/oleksii/STM32CubeIDE/workspace_1.19.0/workspace_embedded/Lab2_driver2/Core/Inc/stm32f4xx_hal_conf.h
2025-10-11 20:33:25,698 [INFO] ApiDbMcu:532 - Load IP Config File for I2C1
2025-10-11 20:33:25,699 [INFO] ApiDbMcu:532 - Load IP Config File for I2S3
2025-10-11 20:33:25,701 [INFO] ApiDbMcu:532 - Load IP Config File for SPI1
2025-10-11 20:33:25,703 [INFO] ApiDbMcu:532 - Load IP Config File for RCC
2025-10-11 20:33:25,707 [INFO] CodeEngine:265 - oldGeneratedFile, /home/oleksii/STM32CubeIDE/workspace_1.19.0/workspace_embedded/Lab2_driver2/Core/Inc/main.h_save
2025-10-11 20:33:25,762 [INFO] CodeEngine:289 - Generated code: /home/oleksii/STM32CubeIDE/workspace_1.19.0/workspace_embedded/Lab2_driver2/Core/Inc/main.h
2025-10-11 20:33:25,763 [INFO] CodeEngine:265 - oldGeneratedFile, /home/oleksii/STM32CubeIDE/workspace_1.19.0/workspace_embedded/Lab2_driver2/Core/Src/main.c_save
2025-10-11 20:33:25,844 [INFO] CodeEngine:289 - Generated code: /home/oleksii/STM32CubeIDE/workspace_1.19.0/workspace_embedded/Lab2_driver2/Core/Src/main.c
2025-10-11 20:33:26,031 [INFO] ProjectBuilder:3606 - Time for Copy HAL[1] : 19mS.
2025-10-11 20:33:26,035 [INFO] ProjectBuilder:5216 - Project Generator version: 4.7.0-B52
2025-10-11 20:33:26,118 [INFO] ConfigFileManager:1595 - The Die is : DIE413
2025-10-11 20:33:26,120 [INFO] ApiDbMcu:532 - Load IP Config File for FATFS
2025-10-11 20:33:26,124 [INFO] ApiDbMcu:532 - Load IP Config File for FREERTOS
2025-10-11 20:33:26,125 [INFO] ApiDbMcu:532 - Load IP Config File for LIBJPEG
2025-10-11 20:33:26,128 [INFO] ApiDbMcu:532 - Load IP Config File for LWIP
2025-10-11 20:33:26,131 [INFO] ApiDbMcu:532 - Load IP Config File for MBEDTLS
2025-10-11 20:33:26,136 [INFO] ApiDbMcu:532 - Load IP Config File for USB_DEVICE
2025-10-11 20:33:26,360 [INFO] LogOutputStream:77 - [STDOUT_REDIRECT] 
2025-10-11 20:33:26,739 [INFO] ProjectBuilder:5496 - Time for Generating toolchain IDE Files: 704mS.
2025-10-11 20:33:26,739 [INFO] ProjectBuilder:3463 - Time for Copy CMSIS : 0mS.
2025-10-11 20:33:26,740 [INFO] ProjectBuilder:3463 - Time for Copy CMSIS : 0mS.
2025-10-11 20:35:58,145 [ERROR] LogOutputStream:75 - [STDERR_REDIRECT] 
2025-10-11 20:36:27,380 [INFO] Activator:176 - 


2025-10-11 20:36:27,381 [INFO] Activator:177 - !SESSION log4j initialized
2025-10-11 20:36:30,155 [INFO] LogOutputStream:77 - [STDOUT_REDIRECT] 
2025-10-11 20:36:30,481 [INFO] ApplicationProperties:184 - Using Application install path: /opt/st/stm32cubeide_1.19.0/plugins/com.st.stm32cube.common.mx_6.15.0.202507011659
2025-10-11 20:36:30,492 [INFO] DbMcusXml:78 - Set database path to: /opt/st/stm32cubeide_1.19.0/plugins/com.st.stm32cube.common.mx_6.15.0.202507011659//db//mcu/
2025-10-11 20:36:30,492 [INFO] ApiDb:274 - Set plugin database path to: /opt/st/stm32cubeide_1.19.0/plugins/com.st.stm32cube.common.mx_6.15.0.202507011659//db//plugins/boardmanager/
2025-10-11 20:36:30,492 [WARN] ApiDb:259 - Overriding images path with different value:  => /opt/st/stm32cubeide_1.19.0/plugins/com.st.stm32cube.common.mx_6.15.0.202507011659//db//plugins/mcufinder/images/
2025-10-11 20:36:30,495 [INFO] ApiDb:250 - Set database path to: /home/oleksii/.stmcufinder/plugins/mcufinder//mcu/
2025-10-11 20:36:30,496 [INFO] DbMcusAds:125 - Set database path to: /home/oleksii/.stmcufinder/plugins/mcufinder//mcu/
2025-10-11 20:36:30,497 [INFO] CrossReferenceDbSqlite:203 - Set database path to: /home/oleksii/.stmcufinder/plugins/mcufinder//mcu/cs/
2025-10-11 20:36:30,574 [INFO] RulesReader:64 - Compatibility file has been processed (317 Rules)
2025-10-11 20:36:30,614 [INFO] DbMcusXml:78 - Set database path to: /opt/st/stm32cubeide_1.19.0/plugins/com.st.stm32cube.common.mx_6.15.0.202507011659//db//mcu/
2025-10-11 20:36:30,614 [INFO] ApiDb:274 - Set plugin database path to: /opt/st/stm32cubeide_1.19.0/plugins/com.st.stm32cube.common.mx_6.15.0.202507011659//db//plugins/boardmanager/
2025-10-11 20:36:30,614 [INFO] ApiDb:261 - Set plugin images path to: /opt/st/stm32cubeide_1.19.0/plugins/com.st.stm32cube.common.mx_6.15.0.202507011659//db//plugins/mcufinder/images/
2025-10-11 20:36:30,614 [WARN] DbFile:41 - Overriding database path with different value: /home/oleksii/.stmcufinder/plugins/mcufinder/ => /home/oleksii/.stmcufinder/plugins/mcufinder
2025-10-11 20:36:30,614 [INFO] ApiDb:250 - Set database path to: /home/oleksii/.stmcufinder/plugins/mcufinder//mcu/
2025-10-11 20:36:30,614 [WARN] DbFile:41 - Overriding database path with different value: /home/oleksii/.stmcufinder/plugins/mcufinder/ => /home/oleksii/.stmcufinder/plugins/mcufinder
2025-10-11 20:36:30,614 [INFO] DbMcusAds:125 - Set database path to: /home/oleksii/.stmcufinder/plugins/mcufinder//mcu/
2025-10-11 20:36:30,615 [WARN] DbFile:41 - Overriding database path with different value: /home/oleksii/.stmcufinder/plugins/mcufinder/ => /home/oleksii/.stmcufinder/plugins/mcufinder
2025-10-11 20:36:30,615 [WARN] DbFile:41 - Overriding database path with different value: /home/oleksii/.stmcufinder/plugins/mcufinder/ => /home/oleksii/.stmcufinder/plugins/mcufinder
2025-10-11 20:36:30,615 [INFO] CrossReferenceDbSqlite:203 - Set database path to: /home/oleksii/.stmcufinder/plugins/mcufinder//mcu/cs/
2025-10-11 20:36:30,650 [INFO] MainPanel:274 - HeapMemory: 268435456
2025-10-11 20:36:30,720 [INFO] DbMcusXml:78 - Set database path to: /opt/st/stm32cubeide_1.19.0/plugins/com.st.stm32cube.common.mx_6.15.0.202507011659//db//mcu/
2025-10-11 20:36:30,720 [INFO] ApiDb:274 - Set plugin database path to: /opt/st/stm32cubeide_1.19.0/plugins/com.st.stm32cube.common.mx_6.15.0.202507011659//db//plugins/boardmanager/
2025-10-11 20:36:30,720 [INFO] ApiDb:261 - Set plugin images path to: /opt/st/stm32cubeide_1.19.0/plugins/com.st.stm32cube.common.mx_6.15.0.202507011659//db//plugins/mcufinder/images/
2025-10-11 20:36:30,720 [WARN] DbFile:41 - Overriding database path with different value: /home/oleksii/.stmcufinder/plugins/mcufinder/ => /home/oleksii/.stmcufinder/plugins/mcufinder
2025-10-11 20:36:30,720 [INFO] ApiDb:250 - Set database path to: /home/oleksii/.stmcufinder/plugins/mcufinder//mcu/
2025-10-11 20:36:30,720 [WARN] DbFile:41 - Overriding database path with different value: /home/oleksii/.stmcufinder/plugins/mcufinder/ => /home/oleksii/.stmcufinder/plugins/mcufinder
2025-10-11 20:36:30,720 [INFO] DbMcusAds:125 - Set database path to: /home/oleksii/.stmcufinder/plugins/mcufinder//mcu/
2025-10-11 20:36:30,721 [WARN] DbFile:41 - Overriding database path with different value: /home/oleksii/.stmcufinder/plugins/mcufinder/ => /home/oleksii/.stmcufinder/plugins/mcufinder
2025-10-11 20:36:30,721 [WARN] DbFile:41 - Overriding database path with different value: /home/oleksii/.stmcufinder/plugins/mcufinder/ => /home/oleksii/.stmcufinder/plugins/mcufinder
2025-10-11 20:36:30,721 [INFO] CrossReferenceDbSqlite:203 - Set database path to: /home/oleksii/.stmcufinder/plugins/mcufinder//mcu/cs/
2025-10-11 20:36:30,729 [INFO] ApplicationProperties:184 - Using Application install path: /opt/st/stm32cubeide_1.19.0/plugins/com.st.stm32cube.common.mx_6.15.0.202507011659
2025-10-11 20:36:30,730 [INFO] PluginManage:196 - Search for loadable plugins [exclusion list=, ]
2025-10-11 20:36:30,731 [INFO] PluginManage:310 - Check plugin analytics
2025-10-11 20:36:30,810 [INFO] AnalyticsPlugin:253 - Accepted Software Licenses: 
2025-10-11 20:36:30,810 [INFO] AnalyticsPlugin:255 - Accepted CMSIS Pack Licenses: 
2025-10-11 20:36:30,810 [INFO] AnalyticsPlugin:257 - Accepted Firmware Licenses: FW.F4.1.28.0
2025-10-11 20:36:30,811 [INFO] PluginManage:359 - Loaded plugin analytics (category:tool,tabindex:-1)
2025-10-11 20:36:30,812 [INFO] PluginManage:310 - Check plugin cadmodel
2025-10-11 20:36:30,813 [INFO] CADModel:105 - Init CAD model plugin
2025-10-11 20:36:30,813 [INFO] PluginManage:359 - Loaded plugin cadmodel (category:power,tabindex:5)
2025-10-11 20:36:30,813 [INFO] PluginManage:310 - Check plugin clock
2025-10-11 20:36:30,817 [INFO] PluginManage:359 - Loaded plugin clock (category:base,tabindex:2)
2025-10-11 20:36:30,817 [INFO] PluginManage:310 - Check plugin ddr
2025-10-11 20:36:30,818 [INFO] PluginManage:359 - Loaded plugin ddr (category:tool,tabindex:6)
2025-10-11 20:36:30,818 [INFO] PluginManage:310 - Check plugin filemanager
2025-10-11 20:36:30,901 [INFO] PluginManage:359 - Loaded plugin filemanager (category:base,tabindex:10)
2025-10-11 20:36:30,902 [INFO] PluginManage:310 - Check plugin ipmanager
2025-10-11 20:36:30,904 [INFO] PluginManage:359 - Loaded plugin ipmanager (category:base,tabindex:5)
2025-10-11 20:36:30,904 [INFO] PluginManage:310 - Check plugin lpbam
2025-10-11 20:36:30,910 [INFO] PluginManage:359 - Loaded plugin lpbam (category:base,tabindex:0)
2025-10-11 20:36:30,910 [INFO] PluginManage:310 - Check plugin memorymap
2025-10-11 20:36:30,916 [INFO] PluginManage:359 - Loaded plugin memorymap (category:base,tabindex:4)
2025-10-11 20:36:30,917 [INFO] PluginManage:310 - Check plugin pinoutandconfiguration
2025-10-11 20:36:30,920 [INFO] PluginManage:359 - Loaded plugin pinoutandconfiguration (category:base,tabindex:1)
2025-10-11 20:36:30,920 [INFO] PluginManage:310 - Check plugin pinoutconfig
2025-10-11 20:36:30,968 [WARN] SupportedApi:132 - Cannot load RTOS API schema: s4s-elt-must-match.1: The content of 'definitions' must match (annotation?, (simpleType | complexType)?, (unique | key | keyref)*)). A problem was found starting at: attribute.
2025-10-11 20:36:31,034 [INFO] PluginManage:359 - Loaded plugin pinoutconfig (category:base,tabindex:0)
2025-10-11 20:36:31,035 [INFO] PluginManage:310 - Check plugin power
2025-10-11 20:36:31,038 [INFO] PluginManage:359 - Loaded plugin power (category:power,tabindex:4)
2025-10-11 20:36:31,038 [INFO] PluginManage:310 - Check plugin projectmanager
2025-10-11 20:36:31,047 [INFO] PluginManage:359 - Loaded plugin projectmanager (category:projectmanager,tabindex:4)
2025-10-11 20:36:31,047 [INFO] PluginManage:310 - Check plugin rif
2025-10-11 20:36:31,051 [INFO] PluginManage:359 - Loaded plugin rif (category:base,tabindex:3)
2025-10-11 20:36:31,051 [INFO] PluginManage:310 - Check plugin thirdparty
2025-10-11 20:36:31,112 [INFO] PluginManage:359 - Loaded plugin thirdparty (category:base,tabindex:-1)
2025-10-11 20:36:31,112 [WARN] IntegrityCheckThread:84 - waiting for thirdparty lock release [integrity check]
2025-10-11 20:36:31,112 [INFO] PluginManage:310 - Check plugin tools
2025-10-11 20:36:31,112 [INFO] IntegrityCheckThread:86 - entering critical section [integrity check]
2025-10-11 20:36:31,112 [INFO] ThirdPartyUpdaterWithRetryManager:70 - Updater plugin not ready yet. [1/15]
2025-10-11 20:36:31,113 [INFO] PluginManage:359 - Loaded plugin tools (category:base,tabindex:7)
2025-10-11 20:36:31,113 [INFO] PluginManage:310 - Check plugin tutovideos
2025-10-11 20:36:31,226 [INFO] PluginManage:359 - Loaded plugin tutovideos (category:base,tabindex:-1)
2025-10-11 20:36:31,226 [INFO] PluginManage:310 - Check plugin updater
2025-10-11 20:36:31,239 [INFO] PluginManage:359 - Loaded plugin updater (category:base,tabindex:12)
2025-10-11 20:36:31,240 [INFO] PluginManage:310 - Check plugin userauth
2025-10-11 20:36:31,241 [INFO] UserAuth:118 - Init User Auth plugin
2025-10-11 20:36:31,242 [INFO] PluginManage:359 - Loaded plugin userauth (category:base,tabindex:14)
2025-10-11 20:36:31,242 [INFO] PluginManage:283 - PluginManage : Loaded plugins [18]
2025-10-11 20:36:31,352 [INFO] PinOutPanel:1589 - setPackage(No Configuration,No Configuration)
2025-10-11 20:36:31,393 [INFO] CADModel:165 - CPN selected for project level
2025-10-11 20:36:31,394 [INFO] CADModel:114 - Register for checkConnection events
2025-10-11 20:36:31,399 [INFO] IPUIPlugin:80 - create IPUIPlugin
2025-10-11 20:36:31,400 [INFO] PluginManager:220 - loadIPPluginJar : add radio
2025-10-11 20:36:31,403 [INFO] IPUIPlugin:80 - create IPUIPlugin
2025-10-11 20:36:31,403 [INFO] PluginManager:220 - loadIPPluginJar : add spi
2025-10-11 20:36:31,404 [INFO] IPUIPlugin:80 - create IPUIPlugin
2025-10-11 20:36:31,404 [INFO] PluginManager:220 - loadIPPluginJar : add tsc
2025-10-11 20:36:31,407 [INFO] IPUIPlugin:80 - create IPUIPlugin
2025-10-11 20:36:31,407 [INFO] PluginManager:220 - loadIPPluginJar : add fmc
2025-10-11 20:36:31,408 [INFO] IPUIPlugin:80 - create IPUIPlugin
2025-10-11 20:36:31,408 [INFO] PluginManager:220 - loadIPPluginJar : add hash
2025-10-11 20:36:31,410 [INFO] IPUIPlugin:80 - create IPUIPlugin
2025-10-11 20:36:31,410 [INFO] PluginManager:220 - loadIPPluginJar : add extmemmanager
2025-10-11 20:36:31,411 [INFO] IPUIPlugin:80 - create IPUIPlugin
2025-10-11 20:36:31,411 [INFO] PluginManager:220 - loadIPPluginJar : add tim
2025-10-11 20:36:31,411 [INFO] IPUIPlugin:80 - create IPUIPlugin
2025-10-11 20:36:31,411 [INFO] PluginManager:220 - loadIPPluginJar : add ltdc
2025-10-11 20:36:31,412 [INFO] IPUIPlugin:80 - create IPUIPlugin
2025-10-11 20:36:31,412 [INFO] PluginManager:220 - loadIPPluginJar : add quadspi
2025-10-11 20:36:31,415 [INFO] IPUIPlugin:80 - create IPUIPlugin
2025-10-11 20:36:31,416 [INFO] PluginManager:220 - loadIPPluginJar : add gic
2025-10-11 20:36:31,417 [INFO] IPUIPlugin:80 - create IPUIPlugin
2025-10-11 20:36:31,417 [INFO] PluginManager:220 - loadIPPluginJar : add comp
2025-10-11 20:36:31,418 [INFO] IPUIPlugin:80 - create IPUIPlugin
2025-10-11 20:36:31,418 [INFO] PluginManager:220 - loadIPPluginJar : add fatfs
2025-10-11 20:36:31,422 [INFO] IPUIPlugin:80 - create IPUIPlugin
2025-10-11 20:36:31,422 [INFO] PluginManager:220 - loadIPPluginJar : add linkedlist
2025-10-11 20:36:31,423 [INFO] IPUIPlugin:80 - create IPUIPlugin
2025-10-11 20:36:31,423 [INFO] PluginManager:220 - loadIPPluginJar : add ucpd
2025-10-11 20:36:31,424 [INFO] IPUIPlugin:80 - create IPUIPlugin
2025-10-11 20:36:31,424 [INFO] PluginManager:220 - loadIPPluginJar : add ddr_ctrl_phy
2025-10-11 20:36:31,425 [INFO] IPUIPlugin:80 - create IPUIPlugin
2025-10-11 20:36:31,425 [INFO] PluginManager:220 - loadIPPluginJar : add gfxmmu
2025-10-11 20:36:31,426 [INFO] IPUIPlugin:80 - create IPUIPlugin
2025-10-11 20:36:31,426 [INFO] PluginManager:220 - loadIPPluginJar : add usart
2025-10-11 20:36:31,429 [INFO] IPUIPlugin:80 - create IPUIPlugin
2025-10-11 20:36:31,429 [INFO] PluginManager:220 - loadIPPluginJar : add dma
2025-10-11 20:36:31,430 [INFO] IPUIPlugin:80 - create IPUIPlugin
2025-10-11 20:36:31,430 [INFO] PluginManager:220 - loadIPPluginJar : add aes
2025-10-11 20:36:31,433 [INFO] IPUIPlugin:80 - create IPUIPlugin
2025-10-11 20:36:31,434 [INFO] PluginManager:220 - loadIPPluginJar : add plateformsettings
2025-10-11 20:36:31,435 [INFO] IPUIPlugin:80 - create IPUIPlugin
2025-10-11 20:36:31,435 [INFO] PluginManager:220 - loadIPPluginJar : add genericplugin
2025-10-11 20:36:31,436 [INFO] IPUIPlugin:80 - create IPUIPlugin
2025-10-11 20:36:31,436 [INFO] PluginManager:220 - loadIPPluginJar : add pdm2pcm
2025-10-11 20:36:31,438 [INFO] IPUIPlugin:80 - create IPUIPlugin
2025-10-11 20:36:31,438 [INFO] PluginManager:220 - loadIPPluginJar : add ipddr
2025-10-11 20:36:31,439 [INFO] IPUIPlugin:80 - create IPUIPlugin
2025-10-11 20:36:31,439 [INFO] PluginManager:220 - loadIPPluginJar : add opamp
2025-10-11 20:36:31,441 [INFO] IPUIPlugin:80 - create IPUIPlugin
2025-10-11 20:36:31,441 [INFO] PluginManager:220 - loadIPPluginJar : add dma3
2025-10-11 20:36:31,442 [INFO] IPUIPlugin:80 - create IPUIPlugin
2025-10-11 20:36:31,442 [INFO] PluginManager:220 - loadIPPluginJar : add dfsdm
2025-10-11 20:36:31,443 [INFO] IPUIPlugin:80 - create IPUIPlugin
2025-10-11 20:36:31,443 [INFO] PluginManager:220 - loadIPPluginJar : add ts
2025-10-11 20:36:31,445 [INFO] IPUIPlugin:80 - create IPUIPlugin
2025-10-11 20:36:31,445 [INFO] PluginManager:220 - loadIPPluginJar : add nvic
2025-10-11 20:36:31,446 [INFO] IPUIPlugin:80 - create IPUIPlugin
2025-10-11 20:36:31,446 [INFO] PluginManager:220 - loadIPPluginJar : add cryp
2025-10-11 20:36:31,449 [INFO] IPUIPlugin:80 - create IPUIPlugin
2025-10-11 20:36:31,449 [INFO] PluginManager:220 - loadIPPluginJar : add freertos
2025-10-11 20:36:31,451 [INFO] IPUIPlugin:80 - create IPUIPlugin
2025-10-11 20:36:31,451 [INFO] PluginManager:220 - loadIPPluginJar : add resmgrutility
2025-10-11 20:36:31,452 [INFO] IPUIPlugin:80 - create IPUIPlugin
2025-10-11 20:36:31,452 [INFO] PluginManager:220 - loadIPPluginJar : add gtzc
2025-10-11 20:36:31,452 [INFO] IPUIPlugin:80 - create IPUIPlugin
2025-10-11 20:36:31,452 [INFO] PluginManager:220 - loadIPPluginJar : add tracer_emb
2025-10-11 20:36:31,455 [INFO] IPUIPlugin:80 - create IPUIPlugin
2025-10-11 20:36:31,455 [INFO] PluginManager:220 - loadIPPluginJar : add stm32_wpan
2025-10-11 20:36:31,457 [INFO] IPUIPlugin:80 - create IPUIPlugin
2025-10-11 20:36:31,457 [INFO] PluginManager:220 - loadIPPluginJar : add gpio
2025-10-11 20:36:31,458 [INFO] IPUIPlugin:80 - create IPUIPlugin
2025-10-11 20:36:31,458 [INFO] PluginManager:220 - loadIPPluginJar : add sai
2025-10-11 20:36:31,460 [INFO] IPUIPlugin:80 - create IPUIPlugin
2025-10-11 20:36:31,460 [INFO] PluginManager:220 - loadIPPluginJar : add usbx
2025-10-11 20:36:31,461 [INFO] IPUIPlugin:80 - create IPUIPlugin
2025-10-11 20:36:31,461 [INFO] PluginManager:220 - loadIPPluginJar : add touchsensing
2025-10-11 20:36:31,462 [INFO] IPUIPlugin:80 - create IPUIPlugin
2025-10-11 20:36:31,462 [INFO] PluginManager:220 - loadIPPluginJar : add openamp
2025-10-11 20:36:31,463 [INFO] IPUIPlugin:80 - create IPUIPlugin
2025-10-11 20:36:31,463 [INFO] PluginManager:220 - loadIPPluginJar : add i3c
2025-10-11 20:36:31,464 [INFO] IPUIPlugin:80 - create IPUIPlugin
2025-10-11 20:36:31,464 [INFO] PluginManager:220 - loadIPPluginJar : add i2s
2025-10-11 20:36:31,465 [INFO] IPUIPlugin:80 - create IPUIPlugin
2025-10-11 20:36:31,465 [INFO] PluginManager:220 - loadIPPluginJar : add can
2025-10-11 20:36:31,466 [INFO] IPUIPlugin:80 - create IPUIPlugin
2025-10-11 20:36:31,466 [INFO] PluginManager:220 - loadIPPluginJar : add lorawan
2025-10-11 20:36:31,469 [INFO] IPUIPlugin:80 - create IPUIPlugin
2025-10-11 20:36:31,469 [INFO] PluginManager:220 - loadIPPluginJar : add adc
2025-10-11 20:36:31,470 [INFO] IPUIPlugin:80 - create IPUIPlugin
2025-10-11 20:36:31,471 [INFO] PluginManager:220 - loadIPPluginJar : add i2c
2025-10-11 20:36:31,473 [INFO] IPUIPlugin:80 - create IPUIPlugin
2025-10-11 20:36:31,473 [INFO] PluginManager:220 - loadIPPluginJar : add mdma
2025-10-11 20:36:31,562 [FATAL] Updater:351 - Updater called before beeing initialized
2025-10-11 20:36:31,578 [INFO] RulesReader:64 - Compatibility file has been processed (317 Rules)
2025-10-11 20:36:31,586 [INFO] RulesReader:64 - Compatibility file has been processed (317 Rules)
2025-10-11 20:36:31,590 [INFO] CADModel:165 - CPN selected for project level
2025-10-11 20:36:31,590 [INFO] CADModel:114 - Register for checkConnection events
2025-10-11 20:36:31,590 [FATAL] Updater:351 - Updater called before beeing initialized
2025-10-11 20:36:31,590 [ERROR] CADModel:125 - Updater not yet initialized, retry later 
2025-10-11 20:36:31,700 [FATAL] Updater:351 - Updater called before beeing initialized
2025-10-11 20:36:31,701 [INFO] CADModel:165 - CPN selected for project level
2025-10-11 20:36:31,701 [INFO] CADModel:114 - Register for checkConnection events
2025-10-11 20:36:31,701 [FATAL] Updater:351 - Updater called before beeing initialized
2025-10-11 20:36:31,701 [ERROR] CADModel:125 - Updater not yet initialized, retry later 
2025-10-11 20:36:31,703 [FATAL] Updater:351 - Updater called before beeing initialized
2025-10-11 20:36:31,767 [FATAL] Updater:351 - Updater called before beeing initialized
2025-10-11 20:36:31,769 [INFO] DbMcusAds:53 - JSON generation date=Thu Oct 02 12:36:05 EEST 2025 (1759397765645)
2025-10-11 20:36:31,770 [FATAL] Updater:351 - Updater called before beeing initialized
2025-10-11 20:36:31,790 [WARN] DetailPanel:346 - Failed to get advertising image, set to default
2025-10-11 20:36:31,835 [FATAL] Updater:351 - Updater called before beeing initialized
2025-10-11 20:36:31,836 [FATAL] Updater:351 - Updater called before beeing initialized
2025-10-11 20:36:31,836 [FATAL] Updater:351 - Updater called before beeing initialized
2025-10-11 20:36:31,836 [WARN] DetailPanel:346 - Failed to get advertising image, set to default
2025-10-11 20:36:31,837 [FATAL] Updater:351 - Updater called before beeing initialized
2025-10-11 20:36:31,856 [ERROR] Updater:1198 - MainUpdater not yet initialized. External WinMGr cannot be set.
2025-10-11 20:36:31,857 [INFO] Updater:1134 - Updater Version found : 6.15.0
2025-10-11 20:36:31,865 [INFO] ApplicationProperties:184 - Using Application install path: /opt/st/stm32cubeide_1.19.0/plugins/com.st.stm32cube.common.mx_6.15.0.202507011659
2025-10-11 20:36:32,127 [INFO] MainUpdater:2872 - connection check result : 10
2025-10-11 20:36:32,129 [INFO] MainUpdater:289 - Updater Check For Update Now.
2025-10-11 20:36:32,130 [INFO] MicroXplorer:498 - Change Database Version : DB.6.0.150
2025-10-11 20:36:32,139 [INFO] McuFinderGlobals:63 - Set McuFinder mode to 2 (CubeIDE integrated)
2025-10-11 20:36:32,140 [INFO] UserAuth:487 - Internet connection configuration mode: 1
2025-10-11 20:36:32,156 [INFO] JxBrowserEngine:152 - Initiate JxBrowser Engine with user profile folder
2025-10-11 20:36:32,288 [INFO] CheckServerUpdateThread:120 - End of CheckServer Thread
2025-10-11 20:36:32,510 [INFO] WebApp:169 - Instantiating new browser for Auth
2025-10-11 20:36:32,853 [INFO] WebApp:463 - Apply proxy settings
2025-10-11 20:36:32,854 [INFO] WebApp:548 - Chromium requires no authentication
2025-10-11 20:36:32,857 [INFO] WebApp:491 - Direct internet connection detected
2025-10-11 20:36:32,867 [INFO] WebApp:900 - Register for checkConnection events
2025-10-11 20:36:32,867 [INFO] WebApp:463 - Apply proxy settings
2025-10-11 20:36:32,867 [INFO] WebApp:548 - Chromium requires no authentication
2025-10-11 20:36:32,867 [INFO] WebApp:491 - Direct internet connection detected
2025-10-11 20:36:32,936 [INFO] WebApp:225 - Starting web application
2025-10-11 20:36:32,936 [INFO] WebApp:593 - Web application path used /opt/st/stm32cubeide_1.19.0/plugins/com.st.stm32cube.common.mx_6.15.0.202507011659/db/plugins/mcufinder/reactClient1/index.html
2025-10-11 20:36:32,985 [INFO] UserAuth:487 - Internet connection configuration mode: 1
2025-10-11 20:36:33,109 [INFO] WebApp:191 - Connection restablished
2025-10-11 20:36:34,220 [WARN] PackLoader:240 - Cannot read IP mode file for STMicroelectronics.FP-SNS-MOTENVWB1.1.4.0
2025-10-11 20:36:34,225 [WARN] PackLoader:240 - Cannot read IP mode file for STMicroelectronics.FP-ATR-ASTRA1.2.0.2
2025-10-11 20:36:34,228 [WARN] PackLoader:240 - Cannot read IP mode file for STMicroelectronics.X-CUBE-SMBUS.2.1.0
2025-10-11 20:36:34,230 [WARN] PackLoader:240 - Cannot read IP mode file for STMicroelectronics.X-CUBE-ST60.1.0.0
2025-10-11 20:36:34,255 [WARN] PackLoader:240 - Cannot read IP mode file for STMicroelectronics.X-CUBE-AZRTOS-F7.1.1.0
2025-10-11 20:36:34,266 [WARN] PackLoader:240 - Cannot read IP mode file for WES.I-CUBE-Cesium.1.4.0
2025-10-11 20:36:34,285 [WARN] PackLoader:240 - Cannot read IP mode file for Infineon.AIROC-Wi-Fi-Bluetooth-STM32.1.7.1
2025-10-11 20:36:34,300 [WARN] PackLoader:240 - Cannot read IP mode file for STMicroelectronics.X-CUBE-AZRTOS-H7.3.4.0
2025-10-11 20:36:34,312 [WARN] PackLoader:240 - Cannot read IP mode file for STMicroelectronics.X-CUBE-DISPLAY.3.0.0
2025-10-11 20:36:34,320 [WARN] PackLoader:240 - Cannot read IP mode file for STMicroelectronics.X-CUBE-NFC10.1.0.0
2025-10-11 20:36:34,323 [WARN] PackLoader:240 - Cannot read IP mode file for emotas.I-CUBE-CANOPEN.1.3.0
2025-10-11 20:36:34,326 [WARN] PackLoader:240 - Cannot read IP mode file for STMicroelectronics.FP-SNS-STBOX1.2.1.0
2025-10-11 20:36:34,330 [WARN] PackLoader:240 - Cannot read IP mode file for STMicroelectronics.FP-SNS-SMARTAG2.1.2.0
2025-10-11 20:36:34,331 [WARN] PackLoader:240 - Cannot read IP mode file for STMicroelectronics.FP-SNS-FLIGHT1.5.1.0
2025-10-11 20:36:34,335 [INFO] LogOutputStream:77 - [STDOUT_REDIRECT] 1 : Invalid condition id : UX_CORESTACK_Condition cause : null
2025-10-11 20:36:34,336 [INFO] LogOutputStream:77 - [STDOUT_REDIRECT] 1 : Invalid condition id : UX_CORESTACK_Condition cause : null
2025-10-11 20:36:34,336 [INFO] LogOutputStream:77 - [STDOUT_REDIRECT] 1 : Invalid condition id : UX_CORESTACK_Condition cause : null
2025-10-11 20:36:34,336 [INFO] LogOutputStream:77 - [STDOUT_REDIRECT] 1 : Invalid condition id : UX_CORESTACK_Condition cause : null
2025-10-11 20:36:34,336 [INFO] LogOutputStream:77 - [STDOUT_REDIRECT] 1 : Invalid condition id : UX_CORESTACK_Condition cause : null
2025-10-11 20:36:34,338 [WARN] PackLoader:240 - Cannot read IP mode file for STMicroelectronics.X-CUBE-AZRTOS-WL.2.0.0
2025-10-11 20:36:34,340 [WARN] PackLoader:240 - Cannot read IP mode file for STMicroelectronics.FP-SNS-MOTENV1.5.0.0
2025-10-11 20:36:34,343 [WARN] PackLoader:240 - Cannot read IP mode file for STMicroelectronics.X-CUBE-BLE2.3.3.0
2025-10-11 20:36:34,346 [WARN] PackLoader:240 - Cannot read IP mode file for STMicroelectronics.X-CUBE-NFC9.1.0.0
2025-10-11 20:36:34,349 [WARN] PackLoader:240 - Cannot read IP mode file for wolfSSL.I-CUBE-wolfSSL.5.8.2
2025-10-11 20:36:34,351 [WARN] PackLoader:240 - Cannot read IP mode file for STMicroelectronics.X-CUBE-BLE1.7.1.0
2025-10-11 20:36:34,352 [WARN] PackLoader:240 - Cannot read IP mode file for wolfSSL.I-CUBE-wolfMQTT.1.19.2
2025-10-11 20:36:34,355 [WARN] PackLoader:240 - Cannot read IP mode file for STMicroelectronics.X-CUBE-EEPRMA1.5.2.0
2025-10-11 20:36:34,363 [WARN] PackLoader:240 - Cannot read IP mode file for STMicroelectronics.X-CUBE-AZRTOS-G0.1.1.0
2025-10-11 20:36:34,367 [WARN] PackLoader:240 - Cannot read IP mode file for STMicroelectronics.X-CUBE-SAFEA1.1.2.2
2025-10-11 20:36:34,369 [WARN] PackLoader:240 - Cannot read IP mode file for STMicroelectronics.X-CUBE-NFC4.3.0.0
2025-10-11 20:36:34,374 [WARN] PackLoader:240 - Cannot read IP mode file for EmbeddedOffice.I-CUBE-FS-RTOS.1.0.1
2025-10-11 20:36:34,376 [WARN] PackLoader:240 - Cannot read IP mode file for STMicroelectronics.X-CUBE-WB05N.2.0.0
2025-10-11 20:36:34,379 [WARN] PackLoader:240 - Cannot read IP mode file for wolfSSL.I-CUBE-wolfTPM.3.8.0
2025-10-11 20:36:34,381 [WARN] PackLoader:240 - Cannot read IP mode file for STMicroelectronics.X-CUBE-TCPP.4.2.0
2025-10-11 20:36:34,384 [WARN] PackLoader:240 - Cannot read IP mode file for RealThread.X-CUBE-RT-Thread_Nano.4.1.1
2025-10-11 20:36:34,385 [WARN] PackLoader:240 - Cannot read IP mode file for STMicroelectronics.FP-ATR-SIGFOX1.3.2.0
2025-10-11 20:36:34,387 [WARN] PackLoader:240 - Cannot read IP mode file for ITTIA_DB.I-CUBE-ITTIADB.8.9.0
2025-10-11 20:36:34,390 [WARN] PackLoader:240 - Cannot read IP mode file for STMicroelectronics.X-CUBE-ST67W61.1.0.0
2025-10-11 20:36:34,391 [WARN] PackLoader:240 - Cannot read IP mode file for STMicroelectronics.X-CUBE-AI.10.2.0
2025-10-11 20:36:34,403 [WARN] PackLoader:240 - Cannot read IP mode file for SEGGER.I-CUBE-embOS.1.3.1
2025-10-11 20:36:34,438 [WARN] PackLoader:240 - Cannot read IP mode file for STMicroelectronics.X-CUBE-ALGOBUILD.1.4.0
2025-10-11 20:36:34,494 [WARN] PackLoader:240 - Cannot read IP mode file for STMicroelectronics.X-CUBE-MEMS1.11.3.0
2025-10-11 20:36:34,607 [WARN] PackLoader:240 - Cannot read IP mode file for STMicroelectronics.X-CUBE-PM33A1.1.0.0
2025-10-11 20:36:34,619 [WARN] PackLoader:240 - Cannot read IP mode file for STMicroelectronics.X-CUBE-AZRTOS-F4.1.1.0
2025-10-11 20:36:34,624 [WARN] PackLoader:240 - Cannot read IP mode file for Avnet-IotConnect.X-CUBE-IoTC-DA16k-PMOD.1.0.0
2025-10-11 20:36:34,627 [WARN] PackLoader:240 - Cannot read IP mode file for STMicroelectronics.X-CUBE-ISPU.2.1.0
2025-10-11 20:36:34,632 [WARN] PackLoader:240 - Cannot read IP mode file for STMicroelectronics.X-CUBE-NFC12.1.0.0
2025-10-11 20:36:34,646 [WARN] PackLoader:240 - Cannot read IP mode file for STMicroelectronics.X-CUBE-AZRTOS-L5.2.0.0
2025-10-11 20:36:34,653 [WARN] PackLoader:240 - Cannot read IP mode file for STMicroelectronics.X-CUBE-NFC6.3.1.0
2025-10-11 20:36:34,658 [WARN] PackLoader:240 - Cannot read IP mode file for STMicroelectronics.X-CUBE-FREERTOS.1.3.1
2025-10-11 20:36:34,662 [WARN] PackLoader:240 - Cannot read IP mode file for STMicroelectronics.X-CUBE-TOUCHGFX.4.26.0
2025-10-11 20:36:34,665 [WARN] PackLoader:240 - Cannot read IP mode file for STMicroelectronics.FP-SNS-STAIOTCFT.1.0.0
2025-10-11 20:36:34,669 [WARN] PackLoader:240 - Cannot read IP mode file for STMicroelectronics.X-CUBE-DPower.1.3.0
2025-10-11 20:36:34,683 [WARN] ConditionMgr:438 - getConditionDescription Invalid condition id : LAN8742 Phy interface Condition cause : null
2025-10-11 20:36:34,683 [WARN] PackLoader:240 - Cannot read IP mode file for STMicroelectronics.X-CUBE-AZRTOS-L4.2.0.0
2025-10-11 20:36:34,685 [WARN] ConditionMgr:1044 - genDependencies : Invalid condition id : LAN8742 Phy interface Condition cause : null
2025-10-11 20:36:34,685 [WARN] ConditionMgr:1044 - genDependencies : Invalid condition id : LAN8742 Phy interface Condition cause : null
2025-10-11 20:36:34,685 [WARN] ConditionMgr:1044 - genDependencies : Invalid condition id : LAN8742 Phy interface Condition cause : null
2025-10-11 20:36:34,690 [WARN] PackLoader:240 - Cannot read IP mode file for STMicroelectronics.X-CUBE-SFXS2LP1.4.0.0
2025-10-11 20:36:34,699 [WARN] PackLoader:240 - Cannot read IP mode file for STMicroelectronics.X-CUBE-BLEMGR.4.1.0
2025-10-11 20:36:34,711 [WARN] ConditionMgr:438 - getConditionDescription Invalid condition id : UX DEVICE CLASS RTOS Condition cause : null
2025-10-11 20:36:34,711 [WARN] ConditionMgr:438 - getConditionDescription Invalid condition id : UX DEVICE CLASS RTOS Condition cause : null
2025-10-11 20:36:34,713 [WARN] PackLoader:240 - Cannot read IP mode file for STMicroelectronics.X-CUBE-AZRTOS-WB.2.0.0
2025-10-11 20:36:34,714 [WARN] ConditionMgr:1044 - genDependencies : Invalid condition id : UX DEVICE CLASS RTOS Condition cause : null
2025-10-11 20:36:34,714 [WARN] ConditionMgr:1044 - genDependencies : Invalid condition id : UX DEVICE CLASS RTOS Condition cause : null
2025-10-11 20:36:34,714 [WARN] ConditionMgr:1044 - genDependencies : Invalid condition id : UX DEVICE CLASS RTOS Condition cause : null
2025-10-11 20:36:34,715 [WARN] ConditionMgr:1044 - genDependencies : Invalid condition id : UX DEVICE CLASS RTOS Condition cause : null
2025-10-11 20:36:34,715 [WARN] ConditionMgr:1044 - genDependencies : Invalid condition id : UX DEVICE CLASS RTOS Condition cause : null
2025-10-11 20:36:34,722 [WARN] PackLoader:240 - Cannot read IP mode file for STMicroelectronics.X-CUBE-GNSS1.7.0.1
2025-10-11 20:36:34,724 [WARN] PackLoader:240 - Cannot read IP mode file for STMicroelectronics.X-CUBE-TOUCHGFX.4.25.0
2025-10-11 20:36:34,726 [WARN] ConditionMgr:438 - getConditionDescription Invalid condition id : Cortex-A Device cause : null
2025-10-11 20:36:34,752 [WARN] ConditionMgr:1044 - genDependencies : Invalid condition id : Cortex-A Device cause : null
2025-10-11 20:36:34,753 [WARN] ConditionMgr:1044 - genDependencies : Invalid condition id : Cortex-A Device cause : null
2025-10-11 20:36:34,753 [WARN] ConditionMgr:1044 - genDependencies : Invalid condition id : Cortex-A Device cause : null
2025-10-11 20:36:34,760 [WARN] PackLoader:240 - Cannot read IP mode file for STMicroelectronics.X-CUBE-SUBG2.5.0.0
2025-10-11 20:36:34,774 [WARN] PackLoader:240 - Cannot read IP mode file for STMicroelectronics.X-CUBE-AZRTOS-H7RS.1.1.0
2025-10-11 20:36:34,778 [WARN] PackLoader:240 - Cannot read IP mode file for Cesanta.I-CUBE-Mongoose.7.13.0
2025-10-11 20:36:34,786 [WARN] PackLoader:240 - Cannot read IP mode file for STMicroelectronics.X-CUBE-AZRTOS-G4.2.0.0
2025-10-11 20:36:34,788 [WARN] PackLoader:240 - Cannot read IP mode file for wolfSSL.I-CUBE-wolfSSH.1.4.20
2025-10-11 20:36:34,791 [WARN] PackLoader:240 - Cannot read IP mode file for STMicroelectronics.X-CUBE-NFC7.2.0.0
2025-10-11 20:36:34,798 [WARN] PackLoader:240 - Cannot read IP mode file for STMicroelectronics.X-CUBE-IPS.3.1.0
2025-10-11 20:36:34,804 [WARN] PackLoader:240 - Cannot read IP mode file for STMicroelectronics.X-CUBE-ALS.1.0.2
2025-10-11 20:36:34,807 [WARN] PackLoader:240 - Cannot read IP mode file for STMicroelectronics.X-CUBE-STSE01.1.0.0
2025-10-11 20:36:34,815 [WARN] PackLoader:240 - Cannot read IP mode file for STMicroelectronics.X-CUBE-TOF1.3.4.3
2025-10-11 20:36:34,823 [INFO] ThirdParty:978 - Integrity check success = true
2025-10-11 20:36:34,823 [INFO] IntegrityCheckThread:100 - exiting critical section [integrity check]
2025-10-11 20:36:34,823 [INFO] IntegrityCheckThread:103 - End integrity checks thread
2025-10-11 20:55:47,939 [ERROR] LogOutputStream:75 - [STDERR_REDIRECT] 
2025-10-11 20:57:04,365 [INFO] Activator:176 - 


2025-10-11 20:57:04,366 [INFO] Activator:177 - !SESSION log4j initialized
2025-10-11 20:57:05,768 [INFO] LogOutputStream:77 - [STDOUT_REDIRECT] 
2025-10-11 20:57:06,394 [INFO] ApplicationProperties:184 - Using Application install path: /opt/st/stm32cubeide_1.19.0/plugins/com.st.stm32cube.common.mx_6.15.0.202507011659
2025-10-11 20:57:06,403 [INFO] DbMcusXml:78 - Set database path to: /opt/st/stm32cubeide_1.19.0/plugins/com.st.stm32cube.common.mx_6.15.0.202507011659//db//mcu/
2025-10-11 20:57:06,403 [INFO] ApiDb:274 - Set plugin database path to: /opt/st/stm32cubeide_1.19.0/plugins/com.st.stm32cube.common.mx_6.15.0.202507011659//db//plugins/boardmanager/
2025-10-11 20:57:06,404 [WARN] ApiDb:259 - Overriding images path with different value:  => /opt/st/stm32cubeide_1.19.0/plugins/com.st.stm32cube.common.mx_6.15.0.202507011659//db//plugins/mcufinder/images/
2025-10-11 20:57:06,415 [INFO] ApiDb:250 - Set database path to: /home/oleksii/.stmcufinder/plugins/mcufinder//mcu/
2025-10-11 20:57:06,416 [INFO] DbMcusAds:125 - Set database path to: /home/oleksii/.stmcufinder/plugins/mcufinder//mcu/
2025-10-11 20:57:06,417 [INFO] CrossReferenceDbSqlite:203 - Set database path to: /home/oleksii/.stmcufinder/plugins/mcufinder//mcu/cs/
2025-10-11 20:57:06,493 [INFO] RulesReader:64 - Compatibility file has been processed (317 Rules)
2025-10-11 20:57:06,527 [INFO] DbMcusXml:78 - Set database path to: /opt/st/stm32cubeide_1.19.0/plugins/com.st.stm32cube.common.mx_6.15.0.202507011659//db//mcu/
2025-10-11 20:57:06,527 [INFO] ApiDb:274 - Set plugin database path to: /opt/st/stm32cubeide_1.19.0/plugins/com.st.stm32cube.common.mx_6.15.0.202507011659//db//plugins/boardmanager/
2025-10-11 20:57:06,527 [INFO] ApiDb:261 - Set plugin images path to: /opt/st/stm32cubeide_1.19.0/plugins/com.st.stm32cube.common.mx_6.15.0.202507011659//db//plugins/mcufinder/images/
2025-10-11 20:57:06,527 [WARN] DbFile:41 - Overriding database path with different value: /home/oleksii/.stmcufinder/plugins/mcufinder/ => /home/oleksii/.stmcufinder/plugins/mcufinder
2025-10-11 20:57:06,527 [INFO] ApiDb:250 - Set database path to: /home/oleksii/.stmcufinder/plugins/mcufinder//mcu/
2025-10-11 20:57:06,527 [WARN] DbFile:41 - Overriding database path with different value: /home/oleksii/.stmcufinder/plugins/mcufinder/ => /home/oleksii/.stmcufinder/plugins/mcufinder
2025-10-11 20:57:06,528 [INFO] DbMcusAds:125 - Set database path to: /home/oleksii/.stmcufinder/plugins/mcufinder//mcu/
2025-10-11 20:57:06,528 [WARN] DbFile:41 - Overriding database path with different value: /home/oleksii/.stmcufinder/plugins/mcufinder/ => /home/oleksii/.stmcufinder/plugins/mcufinder
2025-10-11 20:57:06,528 [WARN] DbFile:41 - Overriding database path with different value: /home/oleksii/.stmcufinder/plugins/mcufinder/ => /home/oleksii/.stmcufinder/plugins/mcufinder
2025-10-11 20:57:06,528 [INFO] CrossReferenceDbSqlite:203 - Set database path to: /home/oleksii/.stmcufinder/plugins/mcufinder//mcu/cs/
2025-10-11 20:57:06,559 [INFO] MainPanel:274 - HeapMemory: 268435456
2025-10-11 20:57:06,624 [INFO] DbMcusXml:78 - Set database path to: /opt/st/stm32cubeide_1.19.0/plugins/com.st.stm32cube.common.mx_6.15.0.202507011659//db//mcu/
2025-10-11 20:57:06,624 [INFO] ApiDb:274 - Set plugin database path to: /opt/st/stm32cubeide_1.19.0/plugins/com.st.stm32cube.common.mx_6.15.0.202507011659//db//plugins/boardmanager/
2025-10-11 20:57:06,624 [INFO] ApiDb:261 - Set plugin images path to: /opt/st/stm32cubeide_1.19.0/plugins/com.st.stm32cube.common.mx_6.15.0.202507011659//db//plugins/mcufinder/images/
2025-10-11 20:57:06,624 [WARN] DbFile:41 - Overriding database path with different value: /home/oleksii/.stmcufinder/plugins/mcufinder/ => /home/oleksii/.stmcufinder/plugins/mcufinder
2025-10-11 20:57:06,625 [INFO] ApiDb:250 - Set database path to: /home/oleksii/.stmcufinder/plugins/mcufinder//mcu/
2025-10-11 20:57:06,625 [WARN] DbFile:41 - Overriding database path with different value: /home/oleksii/.stmcufinder/plugins/mcufinder/ => /home/oleksii/.stmcufinder/plugins/mcufinder
2025-10-11 20:57:06,625 [INFO] DbMcusAds:125 - Set database path to: /home/oleksii/.stmcufinder/plugins/mcufinder//mcu/
2025-10-11 20:57:06,625 [WARN] DbFile:41 - Overriding database path with different value: /home/oleksii/.stmcufinder/plugins/mcufinder/ => /home/oleksii/.stmcufinder/plugins/mcufinder
2025-10-11 20:57:06,625 [WARN] DbFile:41 - Overriding database path with different value: /home/oleksii/.stmcufinder/plugins/mcufinder/ => /home/oleksii/.stmcufinder/plugins/mcufinder
2025-10-11 20:57:06,625 [INFO] CrossReferenceDbSqlite:203 - Set database path to: /home/oleksii/.stmcufinder/plugins/mcufinder//mcu/cs/
2025-10-11 20:57:06,635 [INFO] ApplicationProperties:184 - Using Application install path: /opt/st/stm32cubeide_1.19.0/plugins/com.st.stm32cube.common.mx_6.15.0.202507011659
2025-10-11 20:57:06,636 [INFO] PluginManage:196 - Search for loadable plugins [exclusion list=, ]
2025-10-11 20:57:06,636 [INFO] PluginManage:310 - Check plugin analytics
2025-10-11 20:57:06,739 [INFO] AnalyticsPlugin:253 - Accepted Software Licenses: 
2025-10-11 20:57:06,739 [INFO] AnalyticsPlugin:255 - Accepted CMSIS Pack Licenses: 
2025-10-11 20:57:06,739 [INFO] AnalyticsPlugin:257 - Accepted Firmware Licenses: FW.F4.1.28.0
2025-10-11 20:57:06,740 [INFO] PluginManage:359 - Loaded plugin analytics (category:tool,tabindex:-1)
2025-10-11 20:57:06,741 [INFO] PluginManage:310 - Check plugin cadmodel
2025-10-11 20:57:06,742 [INFO] CADModel:105 - Init CAD model plugin
2025-10-11 20:57:06,742 [INFO] PluginManage:359 - Loaded plugin cadmodel (category:power,tabindex:5)
2025-10-11 20:57:06,742 [INFO] PluginManage:310 - Check plugin clock
2025-10-11 20:57:06,746 [INFO] PluginManage:359 - Loaded plugin clock (category:base,tabindex:2)
2025-10-11 20:57:06,746 [INFO] PluginManage:310 - Check plugin ddr
2025-10-11 20:57:06,748 [INFO] PluginManage:359 - Loaded plugin ddr (category:tool,tabindex:6)
2025-10-11 20:57:06,748 [INFO] PluginManage:310 - Check plugin filemanager
2025-10-11 20:57:06,835 [INFO] PluginManage:359 - Loaded plugin filemanager (category:base,tabindex:10)
2025-10-11 20:57:06,835 [INFO] PluginManage:310 - Check plugin ipmanager
2025-10-11 20:57:06,838 [INFO] PluginManage:359 - Loaded plugin ipmanager (category:base,tabindex:5)
2025-10-11 20:57:06,838 [INFO] PluginManage:310 - Check plugin lpbam
2025-10-11 20:57:06,842 [INFO] PluginManage:359 - Loaded plugin lpbam (category:base,tabindex:0)
2025-10-11 20:57:06,842 [INFO] PluginManage:310 - Check plugin memorymap
2025-10-11 20:57:06,850 [INFO] PluginManage:359 - Loaded plugin memorymap (category:base,tabindex:4)
2025-10-11 20:57:06,850 [INFO] PluginManage:310 - Check plugin pinoutandconfiguration
2025-10-11 20:57:06,855 [INFO] PluginManage:359 - Loaded plugin pinoutandconfiguration (category:base,tabindex:1)
2025-10-11 20:57:06,855 [INFO] PluginManage:310 - Check plugin pinoutconfig
2025-10-11 20:57:06,907 [WARN] SupportedApi:132 - Cannot load RTOS API schema: s4s-elt-must-match.1: The content of 'definitions' must match (annotation?, (simpleType | complexType)?, (unique | key | keyref)*)). A problem was found starting at: attribute.
2025-10-11 20:57:06,976 [INFO] PluginManage:359 - Loaded plugin pinoutconfig (category:base,tabindex:0)
2025-10-11 20:57:06,976 [INFO] PluginManage:310 - Check plugin power
2025-10-11 20:57:06,980 [INFO] PluginManage:359 - Loaded plugin power (category:power,tabindex:4)
2025-10-11 20:57:06,980 [INFO] PluginManage:310 - Check plugin projectmanager
2025-10-11 20:57:06,989 [INFO] PluginManage:359 - Loaded plugin projectmanager (category:projectmanager,tabindex:4)
2025-10-11 20:57:06,989 [INFO] PluginManage:310 - Check plugin rif
2025-10-11 20:57:06,994 [INFO] PluginManage:359 - Loaded plugin rif (category:base,tabindex:3)
2025-10-11 20:57:06,994 [INFO] PluginManage:310 - Check plugin thirdparty
2025-10-11 20:57:07,054 [INFO] PluginManage:359 - Loaded plugin thirdparty (category:base,tabindex:-1)
2025-10-11 20:57:07,054 [WARN] IntegrityCheckThread:84 - waiting for thirdparty lock release [integrity check]
2025-10-11 20:57:07,055 [INFO] PluginManage:310 - Check plugin tools
2025-10-11 20:57:07,055 [INFO] IntegrityCheckThread:86 - entering critical section [integrity check]
2025-10-11 20:57:07,055 [INFO] ThirdPartyUpdaterWithRetryManager:70 - Updater plugin not ready yet. [1/15]
2025-10-11 20:57:07,056 [INFO] PluginManage:359 - Loaded plugin tools (category:base,tabindex:7)
2025-10-11 20:57:07,056 [INFO] PluginManage:310 - Check plugin tutovideos
2025-10-11 20:57:07,158 [INFO] PluginManage:359 - Loaded plugin tutovideos (category:base,tabindex:-1)
2025-10-11 20:57:07,158 [INFO] PluginManage:310 - Check plugin updater
2025-10-11 20:57:07,169 [INFO] PluginManage:359 - Loaded plugin updater (category:base,tabindex:12)
2025-10-11 20:57:07,169 [INFO] PluginManage:310 - Check plugin userauth
2025-10-11 20:57:07,170 [INFO] UserAuth:118 - Init User Auth plugin
2025-10-11 20:57:07,171 [INFO] PluginManage:359 - Loaded plugin userauth (category:base,tabindex:14)
2025-10-11 20:57:07,171 [INFO] PluginManage:283 - PluginManage : Loaded plugins [18]
2025-10-11 20:57:07,255 [INFO] PinOutPanel:1589 - setPackage(No Configuration,No Configuration)
2025-10-11 20:57:07,290 [INFO] CADModel:165 - CPN selected for project level
2025-10-11 20:57:07,290 [INFO] CADModel:114 - Register for checkConnection events
2025-10-11 20:57:07,295 [INFO] IPUIPlugin:80 - create IPUIPlugin
2025-10-11 20:57:07,295 [INFO] PluginManager:220 - loadIPPluginJar : add radio
2025-10-11 20:57:07,298 [INFO] IPUIPlugin:80 - create IPUIPlugin
2025-10-11 20:57:07,298 [INFO] PluginManager:220 - loadIPPluginJar : add spi
2025-10-11 20:57:07,298 [INFO] IPUIPlugin:80 - create IPUIPlugin
2025-10-11 20:57:07,298 [INFO] PluginManager:220 - loadIPPluginJar : add tsc
2025-10-11 20:57:07,301 [INFO] IPUIPlugin:80 - create IPUIPlugin
2025-10-11 20:57:07,301 [INFO] PluginManager:220 - loadIPPluginJar : add fmc
2025-10-11 20:57:07,302 [INFO] IPUIPlugin:80 - create IPUIPlugin
2025-10-11 20:57:07,302 [INFO] PluginManager:220 - loadIPPluginJar : add hash
2025-10-11 20:57:07,304 [INFO] IPUIPlugin:80 - create IPUIPlugin
2025-10-11 20:57:07,304 [INFO] PluginManager:220 - loadIPPluginJar : add extmemmanager
2025-10-11 20:57:07,304 [INFO] IPUIPlugin:80 - create IPUIPlugin
2025-10-11 20:57:07,304 [INFO] PluginManager:220 - loadIPPluginJar : add tim
2025-10-11 20:57:07,305 [INFO] IPUIPlugin:80 - create IPUIPlugin
2025-10-11 20:57:07,305 [INFO] PluginManager:220 - loadIPPluginJar : add ltdc
2025-10-11 20:57:07,306 [INFO] IPUIPlugin:80 - create IPUIPlugin
2025-10-11 20:57:07,306 [INFO] PluginManager:220 - loadIPPluginJar : add quadspi
2025-10-11 20:57:07,308 [INFO] IPUIPlugin:80 - create IPUIPlugin
2025-10-11 20:57:07,308 [INFO] PluginManager:220 - loadIPPluginJar : add gic
2025-10-11 20:57:07,309 [INFO] IPUIPlugin:80 - create IPUIPlugin
2025-10-11 20:57:07,309 [INFO] PluginManager:220 - loadIPPluginJar : add comp
2025-10-11 20:57:07,310 [INFO] IPUIPlugin:80 - create IPUIPlugin
2025-10-11 20:57:07,310 [INFO] PluginManager:220 - loadIPPluginJar : add fatfs
2025-10-11 20:57:07,314 [INFO] IPUIPlugin:80 - create IPUIPlugin
2025-10-11 20:57:07,314 [INFO] PluginManager:220 - loadIPPluginJar : add linkedlist
2025-10-11 20:57:07,315 [INFO] IPUIPlugin:80 - create IPUIPlugin
2025-10-11 20:57:07,315 [INFO] PluginManager:220 - loadIPPluginJar : add ucpd
2025-10-11 20:57:07,316 [INFO] IPUIPlugin:80 - create IPUIPlugin
2025-10-11 20:57:07,316 [INFO] PluginManager:220 - loadIPPluginJar : add ddr_ctrl_phy
2025-10-11 20:57:07,317 [INFO] IPUIPlugin:80 - create IPUIPlugin
2025-10-11 20:57:07,317 [INFO] PluginManager:220 - loadIPPluginJar : add gfxmmu
2025-10-11 20:57:07,318 [INFO] IPUIPlugin:80 - create IPUIPlugin
2025-10-11 20:57:07,318 [INFO] PluginManager:220 - loadIPPluginJar : add usart
2025-10-11 20:57:07,321 [INFO] IPUIPlugin:80 - create IPUIPlugin
2025-10-11 20:57:07,321 [INFO] PluginManager:220 - loadIPPluginJar : add dma
2025-10-11 20:57:07,322 [INFO] IPUIPlugin:80 - create IPUIPlugin
2025-10-11 20:57:07,322 [INFO] PluginManager:220 - loadIPPluginJar : add aes
2025-10-11 20:57:07,325 [INFO] IPUIPlugin:80 - create IPUIPlugin
2025-10-11 20:57:07,327 [INFO] PluginManager:220 - loadIPPluginJar : add plateformsettings
2025-10-11 20:57:07,328 [INFO] IPUIPlugin:80 - create IPUIPlugin
2025-10-11 20:57:07,328 [INFO] PluginManager:220 - loadIPPluginJar : add genericplugin
2025-10-11 20:57:07,329 [INFO] IPUIPlugin:80 - create IPUIPlugin
2025-10-11 20:57:07,329 [INFO] PluginManager:220 - loadIPPluginJar : add pdm2pcm
2025-10-11 20:57:07,331 [INFO] IPUIPlugin:80 - create IPUIPlugin
2025-10-11 20:57:07,331 [INFO] PluginManager:220 - loadIPPluginJar : add ipddr
2025-10-11 20:57:07,333 [INFO] IPUIPlugin:80 - create IPUIPlugin
2025-10-11 20:57:07,333 [INFO] PluginManager:220 - loadIPPluginJar : add opamp
2025-10-11 20:57:07,334 [INFO] IPUIPlugin:80 - create IPUIPlugin
2025-10-11 20:57:07,334 [INFO] PluginManager:220 - loadIPPluginJar : add dma3
2025-10-11 20:57:07,335 [INFO] IPUIPlugin:80 - create IPUIPlugin
2025-10-11 20:57:07,335 [INFO] PluginManager:220 - loadIPPluginJar : add dfsdm
2025-10-11 20:57:07,336 [INFO] IPUIPlugin:80 - create IPUIPlugin
2025-10-11 20:57:07,336 [INFO] PluginManager:220 - loadIPPluginJar : add ts
2025-10-11 20:57:07,338 [INFO] IPUIPlugin:80 - create IPUIPlugin
2025-10-11 20:57:07,338 [INFO] PluginManager:220 - loadIPPluginJar : add nvic
2025-10-11 20:57:07,339 [INFO] IPUIPlugin:80 - create IPUIPlugin
2025-10-11 20:57:07,339 [INFO] PluginManager:220 - loadIPPluginJar : add cryp
2025-10-11 20:57:07,342 [INFO] IPUIPlugin:80 - create IPUIPlugin
2025-10-11 20:57:07,342 [INFO] PluginManager:220 - loadIPPluginJar : add freertos
2025-10-11 20:57:07,343 [INFO] IPUIPlugin:80 - create IPUIPlugin
2025-10-11 20:57:07,343 [INFO] PluginManager:220 - loadIPPluginJar : add resmgrutility
2025-10-11 20:57:07,345 [INFO] IPUIPlugin:80 - create IPUIPlugin
2025-10-11 20:57:07,345 [INFO] PluginManager:220 - loadIPPluginJar : add gtzc
2025-10-11 20:57:07,345 [INFO] IPUIPlugin:80 - create IPUIPlugin
2025-10-11 20:57:07,346 [INFO] PluginManager:220 - loadIPPluginJar : add tracer_emb
2025-10-11 20:57:07,349 [INFO] IPUIPlugin:80 - create IPUIPlugin
2025-10-11 20:57:07,349 [INFO] PluginManager:220 - loadIPPluginJar : add stm32_wpan
2025-10-11 20:57:07,350 [INFO] IPUIPlugin:80 - create IPUIPlugin
2025-10-11 20:57:07,351 [INFO] PluginManager:220 - loadIPPluginJar : add gpio
2025-10-11 20:57:07,352 [INFO] IPUIPlugin:80 - create IPUIPlugin
2025-10-11 20:57:07,352 [INFO] PluginManager:220 - loadIPPluginJar : add sai
2025-10-11 20:57:07,353 [INFO] IPUIPlugin:80 - create IPUIPlugin
2025-10-11 20:57:07,353 [INFO] PluginManager:220 - loadIPPluginJar : add usbx
2025-10-11 20:57:07,355 [INFO] IPUIPlugin:80 - create IPUIPlugin
2025-10-11 20:57:07,355 [INFO] PluginManager:220 - loadIPPluginJar : add touchsensing
2025-10-11 20:57:07,356 [INFO] IPUIPlugin:80 - create IPUIPlugin
2025-10-11 20:57:07,356 [INFO] PluginManager:220 - loadIPPluginJar : add openamp
2025-10-11 20:57:07,357 [INFO] IPUIPlugin:80 - create IPUIPlugin
2025-10-11 20:57:07,357 [INFO] PluginManager:220 - loadIPPluginJar : add i3c
2025-10-11 20:57:07,358 [INFO] IPUIPlugin:80 - create IPUIPlugin
2025-10-11 20:57:07,359 [INFO] PluginManager:220 - loadIPPluginJar : add i2s
2025-10-11 20:57:07,360 [INFO] IPUIPlugin:80 - create IPUIPlugin
2025-10-11 20:57:07,360 [INFO] PluginManager:220 - loadIPPluginJar : add can
2025-10-11 20:57:07,361 [INFO] IPUIPlugin:80 - create IPUIPlugin
2025-10-11 20:57:07,361 [INFO] PluginManager:220 - loadIPPluginJar : add lorawan
2025-10-11 20:57:07,365 [INFO] IPUIPlugin:80 - create IPUIPlugin
2025-10-11 20:57:07,365 [INFO] PluginManager:220 - loadIPPluginJar : add adc
2025-10-11 20:57:07,366 [INFO] IPUIPlugin:80 - create IPUIPlugin
2025-10-11 20:57:07,366 [INFO] PluginManager:220 - loadIPPluginJar : add i2c
2025-10-11 20:57:07,369 [INFO] IPUIPlugin:80 - create IPUIPlugin
2025-10-11 20:57:07,369 [INFO] PluginManager:220 - loadIPPluginJar : add mdma
2025-10-11 20:57:07,458 [FATAL] Updater:351 - Updater called before beeing initialized
2025-10-11 20:57:07,473 [INFO] RulesReader:64 - Compatibility file has been processed (317 Rules)
2025-10-11 20:57:07,480 [INFO] RulesReader:64 - Compatibility file has been processed (317 Rules)
2025-10-11 20:57:07,484 [INFO] CADModel:165 - CPN selected for project level
2025-10-11 20:57:07,484 [INFO] CADModel:114 - Register for checkConnection events
2025-10-11 20:57:07,484 [FATAL] Updater:351 - Updater called before beeing initialized
2025-10-11 20:57:07,484 [ERROR] CADModel:125 - Updater not yet initialized, retry later 
2025-10-11 20:57:07,552 [FATAL] Updater:351 - Updater called before beeing initialized
2025-10-11 20:57:07,553 [INFO] CADModel:165 - CPN selected for project level
2025-10-11 20:57:07,553 [INFO] CADModel:114 - Register for checkConnection events
2025-10-11 20:57:07,553 [FATAL] Updater:351 - Updater called before beeing initialized
2025-10-11 20:57:07,553 [ERROR] CADModel:125 - Updater not yet initialized, retry later 
2025-10-11 20:57:07,555 [FATAL] Updater:351 - Updater called before beeing initialized
2025-10-11 20:57:07,608 [FATAL] Updater:351 - Updater called before beeing initialized
2025-10-11 20:57:07,610 [INFO] DbMcusAds:53 - JSON generation date=Thu Oct 02 12:36:05 EEST 2025 (1759397765645)
2025-10-11 20:57:07,610 [FATAL] Updater:351 - Updater called before beeing initialized
2025-10-11 20:57:07,631 [WARN] DetailPanel:346 - Failed to get advertising image, set to default
2025-10-11 20:57:07,675 [FATAL] Updater:351 - Updater called before beeing initialized
2025-10-11 20:57:07,677 [FATAL] Updater:351 - Updater called before beeing initialized
2025-10-11 20:57:07,677 [FATAL] Updater:351 - Updater called before beeing initialized
2025-10-11 20:57:07,677 [WARN] DetailPanel:346 - Failed to get advertising image, set to default
2025-10-11 20:57:07,678 [FATAL] Updater:351 - Updater called before beeing initialized
2025-10-11 20:57:07,698 [ERROR] Updater:1198 - MainUpdater not yet initialized. External WinMGr cannot be set.
2025-10-11 20:57:07,699 [INFO] Updater:1134 - Updater Version found : 6.15.0
2025-10-11 20:57:07,709 [INFO] ApplicationProperties:184 - Using Application install path: /opt/st/stm32cubeide_1.19.0/plugins/com.st.stm32cube.common.mx_6.15.0.202507011659
2025-10-11 20:57:07,986 [INFO] MainUpdater:2872 - connection check result : 10
2025-10-11 20:57:07,988 [INFO] MainUpdater:289 - Updater Check For Update Now.
2025-10-11 20:57:07,989 [INFO] MicroXplorer:498 - Change Database Version : DB.6.0.150
2025-10-11 20:57:07,998 [INFO] McuFinderGlobals:63 - Set McuFinder mode to 2 (CubeIDE integrated)
2025-10-11 20:57:07,998 [INFO] UserAuth:487 - Internet connection configuration mode: 1
2025-10-11 20:57:08,013 [INFO] JxBrowserEngine:152 - Initiate JxBrowser Engine with user profile folder
2025-10-11 20:57:08,151 [INFO] CheckServerUpdateThread:120 - End of CheckServer Thread
2025-10-11 20:57:08,389 [INFO] WebApp:169 - Instantiating new browser for Auth
2025-10-11 20:57:08,735 [INFO] WebApp:463 - Apply proxy settings
2025-10-11 20:57:08,735 [INFO] WebApp:548 - Chromium requires no authentication
2025-10-11 20:57:08,739 [INFO] WebApp:491 - Direct internet connection detected
2025-10-11 20:57:08,749 [INFO] WebApp:900 - Register for checkConnection events
2025-10-11 20:57:08,749 [INFO] WebApp:463 - Apply proxy settings
2025-10-11 20:57:08,749 [INFO] WebApp:548 - Chromium requires no authentication
2025-10-11 20:57:08,750 [INFO] WebApp:491 - Direct internet connection detected
2025-10-11 20:57:08,823 [INFO] WebApp:225 - Starting web application
2025-10-11 20:57:08,823 [INFO] WebApp:593 - Web application path used /opt/st/stm32cubeide_1.19.0/plugins/com.st.stm32cube.common.mx_6.15.0.202507011659/db/plugins/mcufinder/reactClient1/index.html
2025-10-11 20:57:08,872 [INFO] UserAuth:487 - Internet connection configuration mode: 1
2025-10-11 20:57:09,029 [INFO] WebApp:191 - Connection restablished
2025-10-11 20:57:10,128 [WARN] PackLoader:240 - Cannot read IP mode file for STMicroelectronics.FP-SNS-MOTENVWB1.1.4.0
2025-10-11 20:57:10,131 [WARN] PackLoader:240 - Cannot read IP mode file for STMicroelectronics.FP-ATR-ASTRA1.2.0.2
2025-10-11 20:57:10,134 [WARN] PackLoader:240 - Cannot read IP mode file for STMicroelectronics.X-CUBE-SMBUS.2.1.0
2025-10-11 20:57:10,136 [WARN] PackLoader:240 - Cannot read IP mode file for STMicroelectronics.X-CUBE-ST60.1.0.0
2025-10-11 20:57:10,161 [WARN] PackLoader:240 - Cannot read IP mode file for STMicroelectronics.X-CUBE-AZRTOS-F7.1.1.0
2025-10-11 20:57:10,172 [WARN] PackLoader:240 - Cannot read IP mode file for WES.I-CUBE-Cesium.1.4.0
2025-10-11 20:57:10,194 [WARN] PackLoader:240 - Cannot read IP mode file for Infineon.AIROC-Wi-Fi-Bluetooth-STM32.1.7.1
2025-10-11 20:57:10,215 [WARN] PackLoader:240 - Cannot read IP mode file for STMicroelectronics.X-CUBE-AZRTOS-H7.3.4.0
2025-10-11 20:57:10,221 [WARN] PackLoader:240 - Cannot read IP mode file for STMicroelectronics.X-CUBE-DISPLAY.3.0.0
2025-10-11 20:57:10,228 [WARN] PackLoader:240 - Cannot read IP mode file for STMicroelectronics.X-CUBE-NFC10.1.0.0
2025-10-11 20:57:10,231 [WARN] PackLoader:240 - Cannot read IP mode file for emotas.I-CUBE-CANOPEN.1.3.0
2025-10-11 20:57:10,234 [WARN] PackLoader:240 - Cannot read IP mode file for STMicroelectronics.FP-SNS-STBOX1.2.1.0
2025-10-11 20:57:10,237 [WARN] PackLoader:240 - Cannot read IP mode file for STMicroelectronics.FP-SNS-SMARTAG2.1.2.0
2025-10-11 20:57:10,239 [WARN] PackLoader:240 - Cannot read IP mode file for STMicroelectronics.FP-SNS-FLIGHT1.5.1.0
2025-10-11 20:57:10,244 [INFO] LogOutputStream:77 - [STDOUT_REDIRECT] 1 : Invalid condition id : UX_CORESTACK_Condition cause : null
2025-10-11 20:57:10,244 [INFO] LogOutputStream:77 - [STDOUT_REDIRECT] 1 : Invalid condition id : UX_CORESTACK_Condition cause : null
2025-10-11 20:57:10,245 [INFO] LogOutputStream:77 - [STDOUT_REDIRECT] 1 : Invalid condition id : UX_CORESTACK_Condition cause : null
2025-10-11 20:57:10,245 [INFO] LogOutputStream:77 - [STDOUT_REDIRECT] 1 : Invalid condition id : UX_CORESTACK_Condition cause : null
2025-10-11 20:57:10,245 [INFO] LogOutputStream:77 - [STDOUT_REDIRECT] 1 : Invalid condition id : UX_CORESTACK_Condition cause : null
2025-10-11 20:57:10,247 [WARN] PackLoader:240 - Cannot read IP mode file for STMicroelectronics.X-CUBE-AZRTOS-WL.2.0.0
2025-10-11 20:57:10,249 [WARN] PackLoader:240 - Cannot read IP mode file for STMicroelectronics.FP-SNS-MOTENV1.5.0.0
2025-10-11 20:57:10,252 [WARN] PackLoader:240 - Cannot read IP mode file for STMicroelectronics.X-CUBE-BLE2.3.3.0
2025-10-11 20:57:10,255 [WARN] PackLoader:240 - Cannot read IP mode file for STMicroelectronics.X-CUBE-NFC9.1.0.0
2025-10-11 20:57:10,258 [WARN] PackLoader:240 - Cannot read IP mode file for wolfSSL.I-CUBE-wolfSSL.5.8.2
2025-10-11 20:57:10,260 [WARN] PackLoader:240 - Cannot read IP mode file for STMicroelectronics.X-CUBE-BLE1.7.1.0
2025-10-11 20:57:10,261 [WARN] PackLoader:240 - Cannot read IP mode file for wolfSSL.I-CUBE-wolfMQTT.1.19.2
2025-10-11 20:57:10,264 [WARN] PackLoader:240 - Cannot read IP mode file for STMicroelectronics.X-CUBE-EEPRMA1.5.2.0
2025-10-11 20:57:10,272 [WARN] PackLoader:240 - Cannot read IP mode file for STMicroelectronics.X-CUBE-AZRTOS-G0.1.1.0
2025-10-11 20:57:10,276 [WARN] PackLoader:240 - Cannot read IP mode file for STMicroelectronics.X-CUBE-SAFEA1.1.2.2
2025-10-11 20:57:10,279 [WARN] PackLoader:240 - Cannot read IP mode file for STMicroelectronics.X-CUBE-NFC4.3.0.0
2025-10-11 20:57:10,284 [WARN] PackLoader:240 - Cannot read IP mode file for EmbeddedOffice.I-CUBE-FS-RTOS.1.0.1
2025-10-11 20:57:10,286 [WARN] PackLoader:240 - Cannot read IP mode file for STMicroelectronics.X-CUBE-WB05N.2.0.0
2025-10-11 20:57:10,288 [WARN] PackLoader:240 - Cannot read IP mode file for wolfSSL.I-CUBE-wolfTPM.3.8.0
2025-10-11 20:57:10,291 [WARN] PackLoader:240 - Cannot read IP mode file for STMicroelectronics.X-CUBE-TCPP.4.2.0
2025-10-11 20:57:10,294 [WARN] PackLoader:240 - Cannot read IP mode file for RealThread.X-CUBE-RT-Thread_Nano.4.1.1
2025-10-11 20:57:10,296 [WARN] PackLoader:240 - Cannot read IP mode file for STMicroelectronics.FP-ATR-SIGFOX1.3.2.0
2025-10-11 20:57:10,298 [WARN] PackLoader:240 - Cannot read IP mode file for ITTIA_DB.I-CUBE-ITTIADB.8.9.0
2025-10-11 20:57:10,301 [WARN] PackLoader:240 - Cannot read IP mode file for STMicroelectronics.X-CUBE-ST67W61.1.0.0
2025-10-11 20:57:10,303 [WARN] PackLoader:240 - Cannot read IP mode file for STMicroelectronics.X-CUBE-AI.10.2.0
2025-10-11 20:57:10,325 [WARN] PackLoader:240 - Cannot read IP mode file for SEGGER.I-CUBE-embOS.1.3.1
2025-10-11 20:57:10,381 [WARN] PackLoader:240 - Cannot read IP mode file for STMicroelectronics.X-CUBE-ALGOBUILD.1.4.0
2025-10-11 20:57:10,408 [WARN] PackLoader:240 - Cannot read IP mode file for STMicroelectronics.X-CUBE-MEMS1.11.3.0
2025-10-11 20:57:10,486 [WARN] PackLoader:240 - Cannot read IP mode file for STMicroelectronics.X-CUBE-PM33A1.1.0.0
2025-10-11 20:57:10,494 [WARN] PackLoader:240 - Cannot read IP mode file for STMicroelectronics.X-CUBE-AZRTOS-F4.1.1.0
2025-10-11 20:57:10,497 [WARN] PackLoader:240 - Cannot read IP mode file for Avnet-IotConnect.X-CUBE-IoTC-DA16k-PMOD.1.0.0
2025-10-11 20:57:10,499 [WARN] PackLoader:240 - Cannot read IP mode file for STMicroelectronics.X-CUBE-ISPU.2.1.0
2025-10-11 20:57:10,503 [WARN] PackLoader:240 - Cannot read IP mode file for STMicroelectronics.X-CUBE-NFC12.1.0.0
2025-10-11 20:57:10,517 [WARN] PackLoader:240 - Cannot read IP mode file for STMicroelectronics.X-CUBE-AZRTOS-L5.2.0.0
2025-10-11 20:57:10,524 [WARN] PackLoader:240 - Cannot read IP mode file for STMicroelectronics.X-CUBE-NFC6.3.1.0
2025-10-11 20:57:10,529 [WARN] PackLoader:240 - Cannot read IP mode file for STMicroelectronics.X-CUBE-FREERTOS.1.3.1
2025-10-11 20:57:10,532 [WARN] PackLoader:240 - Cannot read IP mode file for STMicroelectronics.X-CUBE-TOUCHGFX.4.26.0
2025-10-11 20:57:10,534 [WARN] PackLoader:240 - Cannot read IP mode file for STMicroelectronics.FP-SNS-STAIOTCFT.1.0.0
2025-10-11 20:57:10,538 [WARN] PackLoader:240 - Cannot read IP mode file for STMicroelectronics.X-CUBE-DPower.1.3.0
2025-10-11 20:57:10,548 [WARN] ConditionMgr:438 - getConditionDescription Invalid condition id : LAN8742 Phy interface Condition cause : null
2025-10-11 20:57:10,549 [WARN] PackLoader:240 - Cannot read IP mode file for STMicroelectronics.X-CUBE-AZRTOS-L4.2.0.0
2025-10-11 20:57:10,550 [WARN] ConditionMgr:1044 - genDependencies : Invalid condition id : LAN8742 Phy interface Condition cause : null
2025-10-11 20:57:10,550 [WARN] ConditionMgr:1044 - genDependencies : Invalid condition id : LAN8742 Phy interface Condition cause : null
2025-10-11 20:57:10,550 [WARN] ConditionMgr:1044 - genDependencies : Invalid condition id : LAN8742 Phy interface Condition cause : null
2025-10-11 20:57:10,555 [WARN] PackLoader:240 - Cannot read IP mode file for STMicroelectronics.X-CUBE-SFXS2LP1.4.0.0
2025-10-11 20:57:10,564 [WARN] PackLoader:240 - Cannot read IP mode file for STMicroelectronics.X-CUBE-BLEMGR.4.1.0
2025-10-11 20:57:10,576 [WARN] ConditionMgr:438 - getConditionDescription Invalid condition id : UX DEVICE CLASS RTOS Condition cause : null
2025-10-11 20:57:10,577 [WARN] ConditionMgr:438 - getConditionDescription Invalid condition id : UX DEVICE CLASS RTOS Condition cause : null
2025-10-11 20:57:10,578 [WARN] PackLoader:240 - Cannot read IP mode file for STMicroelectronics.X-CUBE-AZRTOS-WB.2.0.0
2025-10-11 20:57:10,579 [WARN] ConditionMgr:1044 - genDependencies : Invalid condition id : UX DEVICE CLASS RTOS Condition cause : null
2025-10-11 20:57:10,579 [WARN] ConditionMgr:1044 - genDependencies : Invalid condition id : UX DEVICE CLASS RTOS Condition cause : null
2025-10-11 20:57:10,583 [WARN] ConditionMgr:1044 - genDependencies : Invalid condition id : UX DEVICE CLASS RTOS Condition cause : null
2025-10-11 20:57:10,583 [WARN] ConditionMgr:1044 - genDependencies : Invalid condition id : UX DEVICE CLASS RTOS Condition cause : null
2025-10-11 20:57:10,583 [WARN] ConditionMgr:1044 - genDependencies : Invalid condition id : UX DEVICE CLASS RTOS Condition cause : null
2025-10-11 20:57:10,586 [WARN] PackLoader:240 - Cannot read IP mode file for STMicroelectronics.X-CUBE-GNSS1.7.0.1
2025-10-11 20:57:10,588 [WARN] PackLoader:240 - Cannot read IP mode file for STMicroelectronics.X-CUBE-TOUCHGFX.4.25.0
2025-10-11 20:57:10,589 [WARN] ConditionMgr:438 - getConditionDescription Invalid condition id : Cortex-A Device cause : null
2025-10-11 20:57:10,596 [WARN] ConditionMgr:1044 - genDependencies : Invalid condition id : Cortex-A Device cause : null
2025-10-11 20:57:10,596 [WARN] ConditionMgr:1044 - genDependencies : Invalid condition id : Cortex-A Device cause : null
2025-10-11 20:57:10,596 [WARN] ConditionMgr:1044 - genDependencies : Invalid condition id : Cortex-A Device cause : null
2025-10-11 20:57:10,600 [WARN] PackLoader:240 - Cannot read IP mode file for STMicroelectronics.X-CUBE-SUBG2.5.0.0
2025-10-11 20:57:10,609 [WARN] PackLoader:240 - Cannot read IP mode file for STMicroelectronics.X-CUBE-AZRTOS-H7RS.1.1.0
2025-10-11 20:57:10,612 [WARN] PackLoader:240 - Cannot read IP mode file for Cesanta.I-CUBE-Mongoose.7.13.0
2025-10-11 20:57:10,617 [WARN] PackLoader:240 - Cannot read IP mode file for STMicroelectronics.X-CUBE-AZRTOS-G4.2.0.0
2025-10-11 20:57:10,619 [WARN] PackLoader:240 - Cannot read IP mode file for wolfSSL.I-CUBE-wolfSSH.1.4.20
2025-10-11 20:57:10,621 [WARN] PackLoader:240 - Cannot read IP mode file for STMicroelectronics.X-CUBE-NFC7.2.0.0
2025-10-11 20:57:10,626 [WARN] PackLoader:240 - Cannot read IP mode file for STMicroelectronics.X-CUBE-IPS.3.1.0
2025-10-11 20:57:10,630 [WARN] PackLoader:240 - Cannot read IP mode file for STMicroelectronics.X-CUBE-ALS.1.0.2
2025-10-11 20:57:10,633 [WARN] PackLoader:240 - Cannot read IP mode file for STMicroelectronics.X-CUBE-STSE01.1.0.0
2025-10-11 20:57:10,637 [WARN] PackLoader:240 - Cannot read IP mode file for STMicroelectronics.X-CUBE-TOF1.3.4.3
2025-10-11 20:57:10,642 [INFO] ThirdParty:978 - Integrity check success = true
2025-10-11 20:57:10,643 [INFO] IntegrityCheckThread:100 - exiting critical section [integrity check]
2025-10-11 20:57:10,643 [INFO] IntegrityCheckThread:103 - End integrity checks thread
2025-10-11 21:03:43,957 [INFO] McuFinderGlobals:63 - Set McuFinder mode to 2 (CubeIDE integrated)
2025-10-11 21:03:43,958 [INFO] MainUpdater:2872 - connection check result : 10
2025-10-11 21:03:44,266 [INFO] ApiDb:581 - Connected to CubeFinder SQLite database (/home/oleksii/.stmcufinder/plugins/mcufinder/mcu/cube-finder-db.db)
2025-10-11 21:03:44,296 [INFO] ApiDb:668 - CubeFinder database Data Model version=2.1
2025-10-11 21:03:44,296 [INFO] ApiDb:669 - CubeFinder database Configuration version=3.0.39
2025-10-11 21:03:44,297 [INFO] ApiDb:670 - CubeFinder database generation date=2025-08-25 (1756130511)
2025-10-11 21:03:44,297 [INFO] ApiDb:671 - CubeFinder database FW Pack versions=[FP-ATR-ASTRA1_V2.0.0, FP-SNS-FLIGHT1_V5.1.0, FP-SNS-MOTENV1_V5.0.0, FP-SNS-MOTENVWB1_V1.4.0, FP-SNS-SMARTAG2_V1.2.0, FP-SNS-STBOX1_V2.1.0, STM32Cube_FW_C0_V1.4.0, STM32Cube_FW_F4_V1.28.3, STM32Cube_FW_F7_V1.17.4, STM32Cube_FW_G0_V1.6.2, STM32Cube_FW_G4_V1.6.1, STM32Cube_FW_H5_V1.5.0, STM32Cube_FW_H7RS_V1.2.0, STM32Cube_FW_H7_V1.12.1, STM32Cube_FW_L0_V1.12.2, STM32Cube_FW_L4_V1.18.1, STM32Cube_FW_L5_V1.5.1, STM32Cube_FW_N6_V1.2.0, STM32Cube_FW_U0_V1.3.0, STM32Cube_FW_U3_V1.2.0, STM32Cube_FW_U5_V1.8.0, STM32Cube_FW_WB0_V1.3.0, STM32Cube_FW_WBA_V1.7.0, STM32Cube_FW_WB_V1.23.0, STM32Cube_FW_WL3_V1.2.0, STM32Cube_FW_WL_V1.3.1, X-CUBE-ALGOBUILD_V1.4.0, X-CUBE-ALS_V1.0.2, X-CUBE-AZRTOS-F4_V1.1.0, X-CUBE-AZRTOS-F7_V1.1.0, X-CUBE-AZRTOS-G0_V1.1.0, X-CUBE-AZRTOS-G4_V2.0.0, X-CUBE-AZRTOS-H7RS_V1.1.0, X-CUBE-AZRTOS-H7_V3.4.0, X-CUBE-AZRTOS-L4_V2.0.0, X-CUBE-AZRTOS-L5_V2.0.0, X-CUBE-AZRTOS-WB_V2.0.0, X-CUBE-AZRTOS-WL_V2.0.0, X-CUBE-BLE1_V7.1.0, X-CUBE-BLE2_V3.3.0, X-CUBE-BLEMGR_V4.1.0, X-CUBE-EEPRMA1_V5.2.0, X-CUBE-FREERTOS_V1.3.1, X-CUBE-GNSS1_V6.0.0, X-CUBE-MEMS1_V11.3.0, X-CUBE-NFC4_V3.0.0, X-CUBE-NFC7_V2.0.0, X-CUBE-SFXS2LP1_V4.0.0, X-CUBE-ST67W61_V1.0.0, X-CUBE-SUBG2_V5.0.0, X-CUBE-TOF1_V3.4.3]
2025-10-11 21:03:45,980 [INFO] ApiDb:240 - Found 880 in-development CPN: [B-G473E-ZEST1S, B-WB1M-WPAN1, B-WBA5M-WPAN, B-WL5M-SUBG1, NUCLEO-C031C6, NUCLEO-C051C8, NUCLEO-C071RB, NUCLEO-C092RC, NUCLEO-H503RB, NUCLEO-H533RE, NUCLEO-H563ZI, NUCLEO-H7S3L8, NUCLEO-N657X0-Q, NUCLEO-U031R8, NUCLEO-U083RC, NUCLEO-U385RG-Q, NUCLEO-U545RE-Q, NUCLEO-U5A5ZJ-Q, NUCLEO-WB05KZ, NUCLEO-WB07CC, NUCLEO-WB09KE, NUCLEO-WBA52CG, NUCLEO-WBA55CG, NUCLEO-WL33CC1, NUCLEO-WL33CC2, STEVAL-PROTEUS1, STEVAL-SMARTAG2, STEVAL-STWINBX1, STM320518-EVAL, STM32C0116-DK, STM32C011D6Y3TR, STM32C011D6Y6TR, STM32C011F4P3, STM32C011F4P6, STM32C011F4U3, STM32C011F4U6TR, STM32C011F6P3, STM32C011F6P6, STM32C011F6U3, STM32C011F6U6TR, STM32C011J4M3, STM32C011J4M6, STM32C011J6M3, STM32C011J6M6, STM32C0316-DK, STM32C031C4T3, STM32C031C4T6, STM32C031C4U3, STM32C031C4U6, STM32C031C6T3, STM32C031C6T6, STM32C031C6U3, STM32C031C6U6, STM32C031F4P3, STM32C031F4P6, STM32C031F6P3, STM32C031F6P6, STM32C031G4U3, STM32C031G4U6, STM32C031G6U3, STM32C031G6U6, STM32C031K4T3, STM32C031K4T6, STM32C031K4U3, STM32C031K4U6, STM32C031K6T3, STM32C031K6T6, STM32C031K6U3, STM32C031K6U6, STM32C051C6T6, STM32C051C6U6, STM32C051C8T6, STM32C051C8U6, STM32C051D8Y6TR, STM32C051F6P6, STM32C051F8P6, STM32C051G6U6, STM32C051G8U6, STM32C051K6T6, STM32C051K6U6, STM32C051K8T6, STM32C071C8T6, STM32C071C8T6N, STM32C071C8U6, STM32C071C8U6N, STM32C071CBT6, STM32C071CBT6N, STM32C071CBU6, STM32C071CBU6N, STM32C071F8P6, STM32C071F8P6N, STM32C071FBP6, STM32C071FBP6N, STM32C071FBY6TR, STM32C071G8U6, STM32C071G8U6N, STM32C071GBU6, STM32C071GBU6N, STM32C071K8T6, STM32C071K8T6N, STM32C071K8U6, STM32C071K8U6N, STM32C071KBT6, STM32C071KBT6N, STM32C071KBU6, STM32C071KBU6N, STM32C071R8T6, STM32C071R8T6N, STM32C071RBI6N, STM32C071RBT6, STM32C071RBT6N, STM32C091CBT6, STM32C091CBU6, STM32C091CCT6, STM32C091CCU6, STM32C091ECY6TR, STM32C091FBP6, STM32C091FCP6, STM32C091GBU6, STM32C091GCU6, STM32C091KBT6, STM32C091KBU6, STM32C091KCT6, STM32C091KCU6, STM32C091RBT6, STM32C091RCI6, STM32C091RCT6, STM32C092CBT6, STM32C092CBU6, STM32C092CCT6, STM32C092CCU6, STM32C092ECY6TR, STM32C092FBP6, STM32C092FCP6, STM32C092GBU6, STM32C092GCU6, STM32C092KBT6, STM32C092KBU6, STM32C092KCT6, STM32C092KCU6, STM32C092RBT6, STM32C092RCI6, STM32C092RCT6, STM32G071K8TXN, STM32G071K8UXN, STM32G081GBU6N, STM32G081KBT6N, STM32G081KBUXN, STM32G0B1CCT6N, STM32G0B1KCT6, STM32G0B1NEY6TR, STM32G0B1RCT6N, STM32G0C1CCT6, STM32G0C1CCT6N, STM32G0C1CCU6N, STM32G0C1CET6N, STM32G0C1CEU6N, STM32G0C1KCT6, STM32G0C1NEY6TR, STM32G0C1RCI6N, STM32G0C1RCT6N, STM32G0C1REI6N, STM32G0C1RET6N, STM32G0C1VCI6, STM32G0C1VEI6, STM32G411C6T3, STM32G411C6T6, STM32G411C6U3, STM32G411C6U6, STM32G411C8T3, STM32G411C8T6, STM32G411C8U3, STM32G411C8U6, STM32G411CBT3, STM32G411CBT6, STM32G411CBU3, STM32G411CBU6, STM32G411K6T3, STM32G411K6T6, STM32G411K6U3, STM32G411K6U6, STM32G411K8T3, STM32G411K8T6, STM32G411K8U3, STM32G411K8U6, STM32G411KBT3, STM32G411KBT6, STM32G411KBU3, STM32G411KBU6, STM32G411M6T3, STM32G411M6T6, STM32G411M8T3, STM32G411M8T6, STM32G411MBT3, STM32G411MBT6, STM32G411R6T3, STM32G411R6T6, STM32G411R8T3, STM32G411R8T6, STM32G411RBT3, STM32G411RBT6, STM32G414CBT3, STM32G414CBT6, STM32G414CBU3, STM32G414CBU6, STM32G414CCT3, STM32G414CCT6, STM32G414CCU3, STM32G414CCU6, STM32G414MBT3, STM32G414MBT6, STM32G414MCT3, STM32G414MCT6, STM32G414RBT3, STM32G414RBT6, STM32G414RCT3, STM32G414RCT6, STM32G414VBT3, STM32G414VBT6, STM32G414VCT3, STM32G414VCT6, STM32G431CBT3Z, STM32G431RBT3Z, STM32G471CCT6, STM32G471CCU6, STM32G471CET3, STM32G471CET6, STM32G471CEU3, STM32G471CEU6, STM32G471MCT6, STM32G471MET3, STM32G471MET6, STM32G471MEY6TR, STM32G471QCT6, STM32G471QET3, STM32G471RCT6, STM32G471RET3, STM32G471RET6, STM32G471VCH6, STM32G471VCI6, STM32G471VCT6, STM32G471VEH3, STM32G471VEH6, STM32G471VEI3, STM32G471VEI6, STM32G471VET3, STM32G471VET6, STM32G473QET3Z, STM32G473RET3Z, STM32G474CCT6, STM32G491RET3Z, STM32H503CBT6, STM32H503CBU6, STM32H503EBY6TR, STM32H503KBU6, STM32H503RBT6, STM32H523CCT6, STM32H523CCU6, STM32H523CET6, STM32H523CEU6, STM32H523HEY6TR, STM32H523RCT6, STM32H523RET6, STM32H523VCI6, STM32H523VCT6, STM32H523VEI6, STM32H523VET6, STM32H523ZCJ6, STM32H523ZCT6, STM32H523ZEJ6, STM32H523ZET6, STM32H533CET6, STM32H533CEU6, STM32H533HEY6TR, STM32H533RET6, STM32H533VEI6, STM32H533VET6, STM32H533ZEJ6, STM32H533ZET6, STM32H562AGI6, STM32H562AII6, STM32H562IGK6, STM32H562IGT6, STM32H562IIK6, STM32H562IIT6, STM32H562RGT6, STM32H562RGV6, STM32H562RIT6, STM32H562RIV6, STM32H562VGT6, STM32H562VIT6, STM32H562ZGT6, STM32H562ZIT6, STM32H563AGI6, STM32H563AII3Q, STM32H563AII6, STM32H563IGK6, STM32H563IGT6, STM32H563IIK3Q, STM32H563IIK6, STM32H563IIT3Q, STM32H563IIT6, STM32H563MIY3QTR, STM32H563RGT6, STM32H563RGV6, STM32H563RIT6, STM32H563RIV6, STM32H563VGT6, STM32H563VIT3Q, STM32H563VIT6, STM32H563ZGT6, STM32H563ZIT3Q, STM32H563ZIT6, STM32H573AII3Q, STM32H573AII6, STM32H573I-DK, STM32H573IIK3Q, STM32H573IIK6, STM32H573IIT3Q, STM32H573IIT6, STM32H573MIY3QTR, STM32H573RIT6, STM32H573RIV6, STM32H573VIT3Q, STM32H573VIT6, STM32H573ZIT3Q, STM32H573ZIT6, STM32H7R3A8I6, STM32H7R3I8K6, STM32H7R3I8T6, STM32H7R3L8H6, STM32H7R3L8H6H, STM32H7R3R8V6, STM32H7R3V8H6, STM32H7R3V8T6, STM32H7R3V8Y6TR, STM32H7R3Z8J6, STM32H7R3Z8T6, STM32H7R7A8I6, STM32H7R7I8K6, STM32H7R7I8T6, STM32H7R7L8H6, STM32H7R7L8H6H, STM32H7R7Z8J6, STM32H7S3A8I6, STM32H7S3I8K6, STM32H7S3I8T6, STM32H7S3L8H6, STM32H7S3L8H6H, STM32H7S3R8V6, STM32H7S3V8H6, STM32H7S3V8T6, STM32H7S3V8Y6TR, STM32H7S3Z8J6, STM32H7S3Z8T6, STM32H7S78-DK, STM32H7S7A8I6, STM32H7S7I8K6, STM32H7S7I8T6, STM32H7S7L8H6, STM32H7S7L8H6H, STM32H7S7Z8J6, STM32L4R5QGI6STR, STM32MP131AAE3, STM32MP131AAF3, STM32MP131AAG3, STM32MP131CAE3, STM32MP131CAF3, STM32MP131CAG3, STM32MP131DAE7, STM32MP131DAF7, STM32MP131DAG7, STM32MP131FAE7, STM32MP131FAF7, STM32MP131FAG7, STM32MP133AAE3, STM32MP133AAF3, STM32MP133AAG3, STM32MP133CAE3, STM32MP133CAF3, STM32MP133CAG3, STM32MP133DAE7, STM32MP133DAF7, STM32MP133DAG7, STM32MP133FAE7, STM32MP133FAF7, STM32MP133FAG7, STM32MP135AAE3, STM32MP135AAF3, STM32MP135AAG3, STM32MP135CAE3, STM32MP135CAF3, STM32MP135CAG3, STM32MP135DAE7, STM32MP135DAF7, STM32MP135DAG7, STM32MP135F-DK, STM32MP135FAE7, STM32MP135FAF7, STM32MP135FAF7T, STM32MP135FAF7U, STM32MP135FAG7, STM32MP211AAL3, STM32MP211AAM3, STM32MP211AAN3, STM32MP211AAO3, STM32MP211CAL3, STM32MP211CAM3, STM32MP211CAN3, STM32MP211CAO3, STM32MP211DAL3, STM32MP211DAM3, STM32MP211DAN3, STM32MP211DAO3, STM32MP211FAL3, STM32MP211FAM3, STM32MP211FAN3, STM32MP211FAO3, STM32MP213AAL3, STM32MP213AAM3, STM32MP213AAN3, STM32MP213AAO3, STM32MP213CAL3, STM32MP213CAM3, STM32MP213CAN3, STM32MP213CAO3, STM32MP213DAL3, STM32MP213DAM3, STM32MP213DAN3, STM32MP213DAO3, STM32MP213FAL3, STM32MP213FAM3, STM32MP213FAN3, STM32MP213FAO3, STM32MP215AAL3, STM32MP215AAM3, STM32MP215AAN3, STM32MP215AAO3, STM32MP215CAL3, STM32MP215CAM3, STM32MP215CAN3, STM32MP215CAO3, STM32MP215DAL3, STM32MP215DAM3, STM32MP215DAN3, STM32MP215DAO3, STM32MP215F-DK, STM32MP215FAL3, STM32MP215FAM3, STM32MP215FAN3, STM32MP215FAO3, STM32MP231AAJ3, STM32MP231AAK3, STM32MP231AAL3, STM32MP231CAJ3, STM32MP231CAK3, STM32MP231CAL3, STM32MP231DAJ3, STM32MP231DAK3, STM32MP231DAL3, STM32MP231FAJ3, STM32MP231FAK3, STM32MP231FAL3, STM32MP233AAJ3, STM32MP233AAK3, STM32MP233AAL3, STM32MP233CAJ3, STM32MP233CAK3, STM32MP233CAL3, STM32MP233DAJ3, STM32MP233DAK3, STM32MP233DAL3, STM32MP233FAJ3, STM32MP233FAK3, STM32MP233FAL3, STM32MP235AAJ3, STM32MP235AAK3, STM32MP235AAL3, STM32MP235CAJ3, STM32MP235CAK3, STM32MP235CAL3, STM32MP235DAJ3, STM32MP235DAK3, STM32MP235DAL3, STM32MP235FAJ3, STM32MP235FAK3, STM32MP235FAL3, STM32MP251AAI3, STM32MP251AAK3, STM32MP251AAL3, STM32MP251CAI3, STM32MP251CAK3, STM32MP251CAL3, STM32MP251DAI3, STM32MP251DAK3, STM32MP251DAL3, STM32MP251FAI3, STM32MP251FAK3, STM32MP251FAL3, STM32MP253AAI3, STM32MP253AAK3, STM32MP253AAL3, STM32MP253CAI3, STM32MP253CAK3, STM32MP253CAL3, STM32MP253DAI3, STM32MP253DAK3, STM32MP253DAL3, STM32MP253FAI3, STM32MP253FAK3, STM32MP253FAL3, STM32MP255AAI3, STM32MP255AAK3, STM32MP255AAL3, STM32MP255CAI3, STM32MP255CAK3, STM32MP255CAL3, STM32MP255DAI3, STM32MP255DAK3, STM32MP255DAL3, STM32MP255FAI3, STM32MP255FAK3, STM32MP255FAL3, STM32MP257AAI3, STM32MP257AAK3, STM32MP257AAL3, STM32MP257CAI3, STM32MP257CAK3, STM32MP257CAL3, STM32MP257DAI3, STM32MP257DAK3, STM32MP257DAL3, STM32MP257F-DK, STM32MP257F-EV1, STM32MP257FAI3, STM32MP257FAK3, STM32MP257FAL3, STM32N645A0H3Q, STM32N645B0H3Q, STM32N645I0H3Q, STM32N645L0H3Q, STM32N645X0H3Q, STM32N645Z0H3Q, STM32N647A0H3Q, STM32N647B0H3Q, STM32N647I0H3Q, STM32N647L0H3Q, STM32N647X0H3Q, STM32N647Z0H3Q, STM32N655A0H3Q, STM32N655B0H3Q, STM32N655I0H3Q, STM32N655L0H3Q, STM32N655X0H3Q, STM32N655Z0H3Q, STM32N6570-DK, STM32N657A0H3Q, STM32N657B0H3Q, STM32N657I0H3Q, STM32N657L0H3Q, STM32N657X0H3Q, STM32N657Z0H3Q, STM32U031C6T6, STM32U031C6U6, STM32U031C8T6, STM32U031C8U6, STM32U031F4P6, STM32U031F6P6, STM32U031F8P6, STM32U031G6Y6TR, STM32U031G8Y6TR, STM32U031K4U6, STM32U031K6U6, STM32U031K8U6, STM32U031R6I6, STM32U031R6T6, STM32U031R8I6, STM32U031R8T6, STM32U073C8T6, STM32U073C8U6, STM32U073CBT6, STM32U073CBU6, STM32U073CCT6, STM32U073CCU6, STM32U073H8Y6TR, STM32U073HBY6TR, STM32U073HCY6TR, STM32U073K8U6, STM32U073KBU6, STM32U073KCU6, STM32U073M8I6, STM32U073M8T6, STM32U073MBI6, STM32U073MBT6, STM32U073MCI6, STM32U073MCT6, STM32U073R8I6, STM32U073R8T6, STM32U073RBI6, STM32U073RBT6, STM32U073RCI6, STM32U073RCT6, STM32U083C-DK, STM32U083CCT6, STM32U083CCU6, STM32U083HCY6TR, STM32U083KCU6, STM32U083MCI6, STM32U083MCT6, STM32U083RCI6, STM32U083RCT6, STM32U375CET6, STM32U375CET6Q, STM32U375CEU6, STM32U375CEU6Q, STM32U375CEY6QTR, STM32U375CGT6, STM32U375CGT6Q, STM32U375CGU6, STM32U375CGU6Q, STM32U375CGY6QTR, STM32U375KEU6, STM32U375KGU6, STM32U375REI6, STM32U375REI6Q, STM32U375RET6, STM32U375RET6Q, STM32U375REY6GTR, STM32U375REY6QTR, STM32U375RGI6, STM32U375RGI6Q, STM32U375RGT6, STM32U375RGT6Q, STM32U375RGY6GTR, STM32U375RGY6QTR, STM32U375VEI6, STM32U375VEI6Q, STM32U375VET6, STM32U375VET6Q, STM32U375VGI6, STM32U375VGI6Q, STM32U375VGT6, STM32U375VGT6Q, STM32U385CGT6, STM32U385CGT6Q, STM32U385CGU6, STM32U385CGU6Q, STM32U385CGY6QTR, STM32U385KGU6, STM32U385RGI6, STM32U385RGI6Q, STM32U385RGT6, STM32U385RGT6Q, STM32U385RGY6GTR, STM32U385RGY6QTR, STM32U385VGI6, STM32U385VGI6Q, STM32U385VGT6, STM32U385VGT6Q, STM32U535CBT6, STM32U535CBT6Q, STM32U535CBU6, STM32U535CBU6Q, STM32U535CCT6, STM32U535CCT6Q, STM32U535CCU6, STM32U535CCU6Q, STM32U535CET6, STM32U535CET6Q, STM32U535CEU6, STM32U535CEU6Q, STM32U535JEY6QTR, STM32U535NCY6QTR, STM32U535NEY6QTR, STM32U535RBI6, STM32U535RBI6Q, STM32U535RBT6, STM32U535RBT6Q, STM32U535RCI6, STM32U535RCI6Q, STM32U535RCT6, STM32U535RCT6Q, STM32U535REI6, STM32U535REI6Q, STM32U535RET6, STM32U535RET6Q, STM32U535VCI6, STM32U535VCI6Q, STM32U535VCT6, STM32U535VCT6Q, STM32U535VEI6, STM32U535VEI6Q, STM32U535VET6, STM32U535VET6Q, STM32U545CET6, STM32U545CET6Q, STM32U545CEU6, STM32U545CEU6Q, STM32U545JEY6QTR, STM32U545NEY6QTR, STM32U545REI6, STM32U545REI6Q, STM32U545RET6, STM32U545RET6Q, STM32U545VEI6, STM32U545VEI6Q, STM32U545VET6, STM32U545VET6Q, STM32U595AIH6, STM32U595AIH6Q, STM32U595AJH6, STM32U595AJH6Q, STM32U595QII6, STM32U595QII6Q, STM32U595QJI6, STM32U595QJI6Q, STM32U595RIT6, STM32U595RIT6Q, STM32U595RJT6, STM32U595RJT6Q, STM32U595VIT6, STM32U595VIT6Q, STM32U595VJT6, STM32U595VJT6Q, STM32U595ZIT6, STM32U595ZIT6Q, STM32U595ZIY6QTR, STM32U595ZJT6, STM32U595ZJT6Q, STM32U595ZJY6QTR, STM32U599BJY6QTR, STM32U599NIH6Q, STM32U599NJH6Q, STM32U599VIT6Q, STM32U599VJT6, STM32U599VJT6Q, STM32U599ZIT6Q, STM32U599ZIY6QTR, STM32U599ZJT6Q, STM32U599ZJY6QTR, STM32U5A5AJH6, STM32U5A5AJH6Q, STM32U5A5QII3Q , STM32U5A5QJI6, STM32U5A5QJI6Q, STM32U5A5RJT6, STM32U5A5RJT6Q, STM32U5A5VJT6, STM32U5A5VJT6Q, STM32U5A5ZJT6, STM32U5A5ZJT6Q, STM32U5A5ZJY6QTR, STM32U5A9BJY6QTR, STM32U5A9J-DK, STM32U5A9NJH6Q, STM32U5A9VJT6Q, STM32U5A9ZJT6Q, STM32U5A9ZJY6QTR, STM32U5F7VIT6, STM32U5F7VIT6Q, STM32U5F7VJT6, STM32U5F7VJT6Q, STM32U5F9BJY6QTR, STM32U5F9NJH6Q, STM32U5F9VIT6Q, STM32U5F9VJT6Q, STM32U5F9ZIJ6QTR, STM32U5F9ZIT6Q, STM32U5F9ZJJ6QTR, STM32U5F9ZJT6Q, STM32U5G7VJT6, STM32U5G7VJT6Q, STM32U5G9BJY6QTR, STM32U5G9J-DK1, STM32U5G9J-DK2, STM32U5G9NJH6Q, STM32U5G9VJT6Q, STM32U5G9ZJJ6QTR, STM32U5G9ZJT6Q, STM32WB05KZV6TR, STM32WB05KZV7TR, STM32WB05TZF6TR, STM32WB05TZF7TR, STM32WB06CCF6TR, STM32WB06CCF7TR, STM32WB06CCV6TR, STM32WB06CCV7TR, STM32WB06KCV6TR, STM32WB06KCV7TR, STM32WB07CCF6TR, STM32WB07CCF7TR, STM32WB07CCV6TR, STM32WB07CCV7TR, STM32WB07KCV6TR, STM32WB07KCV7TR, STM32WB09KEV6TR, STM32WB09KEV7TR, STM32WB09TEF6TR, STM32WB09TEF7TR, STM32WB1MMCH6, STM32WBA50KGU6, STM32WBA50KGU6TR, STM32WBA52CEU6, STM32WBA52CEU6TR, STM32WBA52CEU7, STM32WBA52CEU7TR, STM32WBA52CGU6, STM32WBA52CGU6TR, STM32WBA52CGU6U, STM32WBA52CGU7, STM32WBA52CGU7TR, STM32WBA52KEU6, STM32WBA52KEU6TR, STM32WBA52KGU6, STM32WBA52KGU6TR, STM32WBA54CEU6, STM32WBA54CEU6TR, STM32WBA54CEU7, STM32WBA54CEU7TR, STM32WBA54CGU6, STM32WBA54CGU6TR, STM32WBA54CGU7, STM32WBA54CGU7TR, STM32WBA54KEU6, STM32WBA54KEU6TR, STM32WBA54KEU7, STM32WBA54KEU7TR, STM32WBA54KGU6, STM32WBA54KGU6TR, STM32WBA54KGU7, STM32WBA54KGU7TR, STM32WBA55CEU6, STM32WBA55CEU6TR, STM32WBA55CEU7, STM32WBA55CEU7TR, STM32WBA55CGU6, STM32WBA55CGU6TR, STM32WBA55CGU6U, STM32WBA55CGU7, STM32WBA55CGU7TR, STM32WBA55G-DK1, STM32WBA55HEF6, STM32WBA55HEF7, STM32WBA55HGF6, STM32WBA55HGF7, STM32WBA55UEI6, STM32WBA55UEI6TR, STM32WBA55UEI7, STM32WBA55UEI7TR, STM32WBA55UGI6, STM32WBA55UGI6TR, STM32WBA55UGI7, STM32WBA55UGI7TR, STM32WBA5MMGH6TR, STM32WBA62MGF6, STM32WBA62MIF6, STM32WBA65MGF7, STM32WBA65MIF6, STM32WBA65MIF7, STM32WL30K8V6, STM32WL30KBV6, STM32WL31C8V6, STM32WL31CBV6, STM32WL31K8V6, STM32WL31KBV6, STM32WL33C8V6, STM32WL33C8V6X, STM32WL33CBV6, STM32WL33CBV6X, STM32WL33CCV6, STM32WL33CCV6A, STM32WL33CCV6X, STM32WL33K8V7, STM32WL33K8V7X, STM32WL33KBV7 , STM32WL33KBV7X, STM32WL33KCV7, STM32WL33KCV7X, STM32WL5MOCH6, STM32WL5MOCH6TR]
2025-10-11 21:03:45,983 [INFO] DbMcus:218 - Found 4801 MCUs, 4801 are supported
2025-10-11 21:03:45,983 [INFO] ApiDb:423 - Load user favorites file /home/oleksii/.stm32cubeide/favorites.mcus.txt: 0 item(s)
2025-10-11 21:03:45,983 [INFO] ApiDb:427 - User favorites MCUs=[]
2025-10-11 21:03:45,983 [INFO] DbMcus:224 - Set 0 / 0 favorites MCUs
2025-10-11 21:03:46,320 [INFO] ApiDb:668 - CubeFinder database Data Model version=2.1
2025-10-11 21:03:46,320 [INFO] ApiDb:669 - CubeFinder database Configuration version=3.0.39
2025-10-11 21:03:46,320 [INFO] ApiDb:670 - CubeFinder database generation date=2025-08-25 (1756130511)
2025-10-11 21:03:46,320 [INFO] ApiDb:671 - CubeFinder database FW Pack versions=[FP-ATR-ASTRA1_V2.0.0, FP-SNS-FLIGHT1_V5.1.0, FP-SNS-MOTENV1_V5.0.0, FP-SNS-MOTENVWB1_V1.4.0, FP-SNS-SMARTAG2_V1.2.0, FP-SNS-STBOX1_V2.1.0, STM32Cube_FW_C0_V1.4.0, STM32Cube_FW_F4_V1.28.3, STM32Cube_FW_F7_V1.17.4, STM32Cube_FW_G0_V1.6.2, STM32Cube_FW_G4_V1.6.1, STM32Cube_FW_H5_V1.5.0, STM32Cube_FW_H7RS_V1.2.0, STM32Cube_FW_H7_V1.12.1, STM32Cube_FW_L0_V1.12.2, STM32Cube_FW_L4_V1.18.1, STM32Cube_FW_L5_V1.5.1, STM32Cube_FW_N6_V1.2.0, STM32Cube_FW_U0_V1.3.0, STM32Cube_FW_U3_V1.2.0, STM32Cube_FW_U5_V1.8.0, STM32Cube_FW_WB0_V1.3.0, STM32Cube_FW_WBA_V1.7.0, STM32Cube_FW_WB_V1.23.0, STM32Cube_FW_WL3_V1.2.0, STM32Cube_FW_WL_V1.3.1, X-CUBE-ALGOBUILD_V1.4.0, X-CUBE-ALS_V1.0.2, X-CUBE-AZRTOS-F4_V1.1.0, X-CUBE-AZRTOS-F7_V1.1.0, X-CUBE-AZRTOS-G0_V1.1.0, X-CUBE-AZRTOS-G4_V2.0.0, X-CUBE-AZRTOS-H7RS_V1.1.0, X-CUBE-AZRTOS-H7_V3.4.0, X-CUBE-AZRTOS-L4_V2.0.0, X-CUBE-AZRTOS-L5_V2.0.0, X-CUBE-AZRTOS-WB_V2.0.0, X-CUBE-AZRTOS-WL_V2.0.0, X-CUBE-BLE1_V7.1.0, X-CUBE-BLE2_V3.3.0, X-CUBE-BLEMGR_V4.1.0, X-CUBE-EEPRMA1_V5.2.0, X-CUBE-FREERTOS_V1.3.1, X-CUBE-GNSS1_V6.0.0, X-CUBE-MEMS1_V11.3.0, X-CUBE-NFC4_V3.0.0, X-CUBE-NFC7_V2.0.0, X-CUBE-SFXS2LP1_V4.0.0, X-CUBE-ST67W61_V1.0.0, X-CUBE-SUBG2_V5.0.0, X-CUBE-TOF1_V3.4.3]
2025-10-11 21:03:46,348 [INFO] DbBoardsSqlite:226 - include board P-NUCLEO-WB55-NUCLEO as a kit item of type 'Nucleo-64'
2025-10-11 21:03:46,349 [INFO] DbBoardsSqlite:226 - include board P-NUCLEO-WB55-USBDONGLE as a kit item of type 'Nucleo USB Dongle'
2025-10-11 21:03:46,349 [INFO] DbBoardsSqlite:226 - include board STEVAL-IDP005V1 as a kit item of type 'Evaluation Board'
2025-10-11 21:03:46,349 [INFO] DbBoardsSqlite:226 - include board STEVAL-IDP005V2 as a kit item of type 'Evaluation Board'
2025-10-11 21:03:46,372 [INFO] ApiDb:240 - Found 880 in-development CPN: [B-G473E-ZEST1S, B-WB1M-WPAN1, B-WBA5M-WPAN, B-WL5M-SUBG1, NUCLEO-C031C6, NUCLEO-C051C8, NUCLEO-C071RB, NUCLEO-C092RC, NUCLEO-H503RB, NUCLEO-H533RE, NUCLEO-H563ZI, NUCLEO-H7S3L8, NUCLEO-N657X0-Q, NUCLEO-U031R8, NUCLEO-U083RC, NUCLEO-U385RG-Q, NUCLEO-U545RE-Q, NUCLEO-U5A5ZJ-Q, NUCLEO-WB05KZ, NUCLEO-WB07CC, NUCLEO-WB09KE, NUCLEO-WBA52CG, NUCLEO-WBA55CG, NUCLEO-WL33CC1, NUCLEO-WL33CC2, STEVAL-PROTEUS1, STEVAL-SMARTAG2, STEVAL-STWINBX1, STM320518-EVAL, STM32C0116-DK, STM32C011D6Y3TR, STM32C011D6Y6TR, STM32C011F4P3, STM32C011F4P6, STM32C011F4U3, STM32C011F4U6TR, STM32C011F6P3, STM32C011F6P6, STM32C011F6U3, STM32C011F6U6TR, STM32C011J4M3, STM32C011J4M6, STM32C011J6M3, STM32C011J6M6, STM32C0316-DK, STM32C031C4T3, STM32C031C4T6, STM32C031C4U3, STM32C031C4U6, STM32C031C6T3, STM32C031C6T6, STM32C031C6U3, STM32C031C6U6, STM32C031F4P3, STM32C031F4P6, STM32C031F6P3, STM32C031F6P6, STM32C031G4U3, STM32C031G4U6, STM32C031G6U3, STM32C031G6U6, STM32C031K4T3, STM32C031K4T6, STM32C031K4U3, STM32C031K4U6, STM32C031K6T3, STM32C031K6T6, STM32C031K6U3, STM32C031K6U6, STM32C051C6T6, STM32C051C6U6, STM32C051C8T6, STM32C051C8U6, STM32C051D8Y6TR, STM32C051F6P6, STM32C051F8P6, STM32C051G6U6, STM32C051G8U6, STM32C051K6T6, STM32C051K6U6, STM32C051K8T6, STM32C071C8T6, STM32C071C8T6N, STM32C071C8U6, STM32C071C8U6N, STM32C071CBT6, STM32C071CBT6N, STM32C071CBU6, STM32C071CBU6N, STM32C071F8P6, STM32C071F8P6N, STM32C071FBP6, STM32C071FBP6N, STM32C071FBY6TR, STM32C071G8U6, STM32C071G8U6N, STM32C071GBU6, STM32C071GBU6N, STM32C071K8T6, STM32C071K8T6N, STM32C071K8U6, STM32C071K8U6N, STM32C071KBT6, STM32C071KBT6N, STM32C071KBU6, STM32C071KBU6N, STM32C071R8T6, STM32C071R8T6N, STM32C071RBI6N, STM32C071RBT6, STM32C071RBT6N, STM32C091CBT6, STM32C091CBU6, STM32C091CCT6, STM32C091CCU6, STM32C091ECY6TR, STM32C091FBP6, STM32C091FCP6, STM32C091GBU6, STM32C091GCU6, STM32C091KBT6, STM32C091KBU6, STM32C091KCT6, STM32C091KCU6, STM32C091RBT6, STM32C091RCI6, STM32C091RCT6, STM32C092CBT6, STM32C092CBU6, STM32C092CCT6, STM32C092CCU6, STM32C092ECY6TR, STM32C092FBP6, STM32C092FCP6, STM32C092GBU6, STM32C092GCU6, STM32C092KBT6, STM32C092KBU6, STM32C092KCT6, STM32C092KCU6, STM32C092RBT6, STM32C092RCI6, STM32C092RCT6, STM32G071K8TXN, STM32G071K8UXN, STM32G081GBU6N, STM32G081KBT6N, STM32G081KBUXN, STM32G0B1CCT6N, STM32G0B1KCT6, STM32G0B1NEY6TR, STM32G0B1RCT6N, STM32G0C1CCT6, STM32G0C1CCT6N, STM32G0C1CCU6N, STM32G0C1CET6N, STM32G0C1CEU6N, STM32G0C1KCT6, STM32G0C1NEY6TR, STM32G0C1RCI6N, STM32G0C1RCT6N, STM32G0C1REI6N, STM32G0C1RET6N, STM32G0C1VCI6, STM32G0C1VEI6, STM32G411C6T3, STM32G411C6T6, STM32G411C6U3, STM32G411C6U6, STM32G411C8T3, STM32G411C8T6, STM32G411C8U3, STM32G411C8U6, STM32G411CBT3, STM32G411CBT6, STM32G411CBU3, STM32G411CBU6, STM32G411K6T3, STM32G411K6T6, STM32G411K6U3, STM32G411K6U6, STM32G411K8T3, STM32G411K8T6, STM32G411K8U3, STM32G411K8U6, STM32G411KBT3, STM32G411KBT6, STM32G411KBU3, STM32G411KBU6, STM32G411M6T3, STM32G411M6T6, STM32G411M8T3, STM32G411M8T6, STM32G411MBT3, STM32G411MBT6, STM32G411R6T3, STM32G411R6T6, STM32G411R8T3, STM32G411R8T6, STM32G411RBT3, STM32G411RBT6, STM32G414CBT3, STM32G414CBT6, STM32G414CBU3, STM32G414CBU6, STM32G414CCT3, STM32G414CCT6, STM32G414CCU3, STM32G414CCU6, STM32G414MBT3, STM32G414MBT6, STM32G414MCT3, STM32G414MCT6, STM32G414RBT3, STM32G414RBT6, STM32G414RCT3, STM32G414RCT6, STM32G414VBT3, STM32G414VBT6, STM32G414VCT3, STM32G414VCT6, STM32G431CBT3Z, STM32G431RBT3Z, STM32G471CCT6, STM32G471CCU6, STM32G471CET3, STM32G471CET6, STM32G471CEU3, STM32G471CEU6, STM32G471MCT6, STM32G471MET3, STM32G471MET6, STM32G471MEY6TR, STM32G471QCT6, STM32G471QET3, STM32G471RCT6, STM32G471RET3, STM32G471RET6, STM32G471VCH6, STM32G471VCI6, STM32G471VCT6, STM32G471VEH3, STM32G471VEH6, STM32G471VEI3, STM32G471VEI6, STM32G471VET3, STM32G471VET6, STM32G473QET3Z, STM32G473RET3Z, STM32G474CCT6, STM32G491RET3Z, STM32H503CBT6, STM32H503CBU6, STM32H503EBY6TR, STM32H503KBU6, STM32H503RBT6, STM32H523CCT6, STM32H523CCU6, STM32H523CET6, STM32H523CEU6, STM32H523HEY6TR, STM32H523RCT6, STM32H523RET6, STM32H523VCI6, STM32H523VCT6, STM32H523VEI6, STM32H523VET6, STM32H523ZCJ6, STM32H523ZCT6, STM32H523ZEJ6, STM32H523ZET6, STM32H533CET6, STM32H533CEU6, STM32H533HEY6TR, STM32H533RET6, STM32H533VEI6, STM32H533VET6, STM32H533ZEJ6, STM32H533ZET6, STM32H562AGI6, STM32H562AII6, STM32H562IGK6, STM32H562IGT6, STM32H562IIK6, STM32H562IIT6, STM32H562RGT6, STM32H562RGV6, STM32H562RIT6, STM32H562RIV6, STM32H562VGT6, STM32H562VIT6, STM32H562ZGT6, STM32H562ZIT6, STM32H563AGI6, STM32H563AII3Q, STM32H563AII6, STM32H563IGK6, STM32H563IGT6, STM32H563IIK3Q, STM32H563IIK6, STM32H563IIT3Q, STM32H563IIT6, STM32H563MIY3QTR, STM32H563RGT6, STM32H563RGV6, STM32H563RIT6, STM32H563RIV6, STM32H563VGT6, STM32H563VIT3Q, STM32H563VIT6, STM32H563ZGT6, STM32H563ZIT3Q, STM32H563ZIT6, STM32H573AII3Q, STM32H573AII6, STM32H573I-DK, STM32H573IIK3Q, STM32H573IIK6, STM32H573IIT3Q, STM32H573IIT6, STM32H573MIY3QTR, STM32H573RIT6, STM32H573RIV6, STM32H573VIT3Q, STM32H573VIT6, STM32H573ZIT3Q, STM32H573ZIT6, STM32H7R3A8I6, STM32H7R3I8K6, STM32H7R3I8T6, STM32H7R3L8H6, STM32H7R3L8H6H, STM32H7R3R8V6, STM32H7R3V8H6, STM32H7R3V8T6, STM32H7R3V8Y6TR, STM32H7R3Z8J6, STM32H7R3Z8T6, STM32H7R7A8I6, STM32H7R7I8K6, STM32H7R7I8T6, STM32H7R7L8H6, STM32H7R7L8H6H, STM32H7R7Z8J6, STM32H7S3A8I6, STM32H7S3I8K6, STM32H7S3I8T6, STM32H7S3L8H6, STM32H7S3L8H6H, STM32H7S3R8V6, STM32H7S3V8H6, STM32H7S3V8T6, STM32H7S3V8Y6TR, STM32H7S3Z8J6, STM32H7S3Z8T6, STM32H7S78-DK, STM32H7S7A8I6, STM32H7S7I8K6, STM32H7S7I8T6, STM32H7S7L8H6, STM32H7S7L8H6H, STM32H7S7Z8J6, STM32L4R5QGI6STR, STM32MP131AAE3, STM32MP131AAF3, STM32MP131AAG3, STM32MP131CAE3, STM32MP131CAF3, STM32MP131CAG3, STM32MP131DAE7, STM32MP131DAF7, STM32MP131DAG7, STM32MP131FAE7, STM32MP131FAF7, STM32MP131FAG7, STM32MP133AAE3, STM32MP133AAF3, STM32MP133AAG3, STM32MP133CAE3, STM32MP133CAF3, STM32MP133CAG3, STM32MP133DAE7, STM32MP133DAF7, STM32MP133DAG7, STM32MP133FAE7, STM32MP133FAF7, STM32MP133FAG7, STM32MP135AAE3, STM32MP135AAF3, STM32MP135AAG3, STM32MP135CAE3, STM32MP135CAF3, STM32MP135CAG3, STM32MP135DAE7, STM32MP135DAF7, STM32MP135DAG7, STM32MP135F-DK, STM32MP135FAE7, STM32MP135FAF7, STM32MP135FAF7T, STM32MP135FAF7U, STM32MP135FAG7, STM32MP211AAL3, STM32MP211AAM3, STM32MP211AAN3, STM32MP211AAO3, STM32MP211CAL3, STM32MP211CAM3, STM32MP211CAN3, STM32MP211CAO3, STM32MP211DAL3, STM32MP211DAM3, STM32MP211DAN3, STM32MP211DAO3, STM32MP211FAL3, STM32MP211FAM3, STM32MP211FAN3, STM32MP211FAO3, STM32MP213AAL3, STM32MP213AAM3, STM32MP213AAN3, STM32MP213AAO3, STM32MP213CAL3, STM32MP213CAM3, STM32MP213CAN3, STM32MP213CAO3, STM32MP213DAL3, STM32MP213DAM3, STM32MP213DAN3, STM32MP213DAO3, STM32MP213FAL3, STM32MP213FAM3, STM32MP213FAN3, STM32MP213FAO3, STM32MP215AAL3, STM32MP215AAM3, STM32MP215AAN3, STM32MP215AAO3, STM32MP215CAL3, STM32MP215CAM3, STM32MP215CAN3, STM32MP215CAO3, STM32MP215DAL3, STM32MP215DAM3, STM32MP215DAN3, STM32MP215DAO3, STM32MP215F-DK, STM32MP215FAL3, STM32MP215FAM3, STM32MP215FAN3, STM32MP215FAO3, STM32MP231AAJ3, STM32MP231AAK3, STM32MP231AAL3, STM32MP231CAJ3, STM32MP231CAK3, STM32MP231CAL3, STM32MP231DAJ3, STM32MP231DAK3, STM32MP231DAL3, STM32MP231FAJ3, STM32MP231FAK3, STM32MP231FAL3, STM32MP233AAJ3, STM32MP233AAK3, STM32MP233AAL3, STM32MP233CAJ3, STM32MP233CAK3, STM32MP233CAL3, STM32MP233DAJ3, STM32MP233DAK3, STM32MP233DAL3, STM32MP233FAJ3, STM32MP233FAK3, STM32MP233FAL3, STM32MP235AAJ3, STM32MP235AAK3, STM32MP235AAL3, STM32MP235CAJ3, STM32MP235CAK3, STM32MP235CAL3, STM32MP235DAJ3, STM32MP235DAK3, STM32MP235DAL3, STM32MP235FAJ3, STM32MP235FAK3, STM32MP235FAL3, STM32MP251AAI3, STM32MP251AAK3, STM32MP251AAL3, STM32MP251CAI3, STM32MP251CAK3, STM32MP251CAL3, STM32MP251DAI3, STM32MP251DAK3, STM32MP251DAL3, STM32MP251FAI3, STM32MP251FAK3, STM32MP251FAL3, STM32MP253AAI3, STM32MP253AAK3, STM32MP253AAL3, STM32MP253CAI3, STM32MP253CAK3, STM32MP253CAL3, STM32MP253DAI3, STM32MP253DAK3, STM32MP253DAL3, STM32MP253FAI3, STM32MP253FAK3, STM32MP253FAL3, STM32MP255AAI3, STM32MP255AAK3, STM32MP255AAL3, STM32MP255CAI3, STM32MP255CAK3, STM32MP255CAL3, STM32MP255DAI3, STM32MP255DAK3, STM32MP255DAL3, STM32MP255FAI3, STM32MP255FAK3, STM32MP255FAL3, STM32MP257AAI3, STM32MP257AAK3, STM32MP257AAL3, STM32MP257CAI3, STM32MP257CAK3, STM32MP257CAL3, STM32MP257DAI3, STM32MP257DAK3, STM32MP257DAL3, STM32MP257F-DK, STM32MP257F-EV1, STM32MP257FAI3, STM32MP257FAK3, STM32MP257FAL3, STM32N645A0H3Q, STM32N645B0H3Q, STM32N645I0H3Q, STM32N645L0H3Q, STM32N645X0H3Q, STM32N645Z0H3Q, STM32N647A0H3Q, STM32N647B0H3Q, STM32N647I0H3Q, STM32N647L0H3Q, STM32N647X0H3Q, STM32N647Z0H3Q, STM32N655A0H3Q, STM32N655B0H3Q, STM32N655I0H3Q, STM32N655L0H3Q, STM32N655X0H3Q, STM32N655Z0H3Q, STM32N6570-DK, STM32N657A0H3Q, STM32N657B0H3Q, STM32N657I0H3Q, STM32N657L0H3Q, STM32N657X0H3Q, STM32N657Z0H3Q, STM32U031C6T6, STM32U031C6U6, STM32U031C8T6, STM32U031C8U6, STM32U031F4P6, STM32U031F6P6, STM32U031F8P6, STM32U031G6Y6TR, STM32U031G8Y6TR, STM32U031K4U6, STM32U031K6U6, STM32U031K8U6, STM32U031R6I6, STM32U031R6T6, STM32U031R8I6, STM32U031R8T6, STM32U073C8T6, STM32U073C8U6, STM32U073CBT6, STM32U073CBU6, STM32U073CCT6, STM32U073CCU6, STM32U073H8Y6TR, STM32U073HBY6TR, STM32U073HCY6TR, STM32U073K8U6, STM32U073KBU6, STM32U073KCU6, STM32U073M8I6, STM32U073M8T6, STM32U073MBI6, STM32U073MBT6, STM32U073MCI6, STM32U073MCT6, STM32U073R8I6, STM32U073R8T6, STM32U073RBI6, STM32U073RBT6, STM32U073RCI6, STM32U073RCT6, STM32U083C-DK, STM32U083CCT6, STM32U083CCU6, STM32U083HCY6TR, STM32U083KCU6, STM32U083MCI6, STM32U083MCT6, STM32U083RCI6, STM32U083RCT6, STM32U375CET6, STM32U375CET6Q, STM32U375CEU6, STM32U375CEU6Q, STM32U375CEY6QTR, STM32U375CGT6, STM32U375CGT6Q, STM32U375CGU6, STM32U375CGU6Q, STM32U375CGY6QTR, STM32U375KEU6, STM32U375KGU6, STM32U375REI6, STM32U375REI6Q, STM32U375RET6, STM32U375RET6Q, STM32U375REY6GTR, STM32U375REY6QTR, STM32U375RGI6, STM32U375RGI6Q, STM32U375RGT6, STM32U375RGT6Q, STM32U375RGY6GTR, STM32U375RGY6QTR, STM32U375VEI6, STM32U375VEI6Q, STM32U375VET6, STM32U375VET6Q, STM32U375VGI6, STM32U375VGI6Q, STM32U375VGT6, STM32U375VGT6Q, STM32U385CGT6, STM32U385CGT6Q, STM32U385CGU6, STM32U385CGU6Q, STM32U385CGY6QTR, STM32U385KGU6, STM32U385RGI6, STM32U385RGI6Q, STM32U385RGT6, STM32U385RGT6Q, STM32U385RGY6GTR, STM32U385RGY6QTR, STM32U385VGI6, STM32U385VGI6Q, STM32U385VGT6, STM32U385VGT6Q, STM32U535CBT6, STM32U535CBT6Q, STM32U535CBU6, STM32U535CBU6Q, STM32U535CCT6, STM32U535CCT6Q, STM32U535CCU6, STM32U535CCU6Q, STM32U535CET6, STM32U535CET6Q, STM32U535CEU6, STM32U535CEU6Q, STM32U535JEY6QTR, STM32U535NCY6QTR, STM32U535NEY6QTR, STM32U535RBI6, STM32U535RBI6Q, STM32U535RBT6, STM32U535RBT6Q, STM32U535RCI6, STM32U535RCI6Q, STM32U535RCT6, STM32U535RCT6Q, STM32U535REI6, STM32U535REI6Q, STM32U535RET6, STM32U535RET6Q, STM32U535VCI6, STM32U535VCI6Q, STM32U535VCT6, STM32U535VCT6Q, STM32U535VEI6, STM32U535VEI6Q, STM32U535VET6, STM32U535VET6Q, STM32U545CET6, STM32U545CET6Q, STM32U545CEU6, STM32U545CEU6Q, STM32U545JEY6QTR, STM32U545NEY6QTR, STM32U545REI6, STM32U545REI6Q, STM32U545RET6, STM32U545RET6Q, STM32U545VEI6, STM32U545VEI6Q, STM32U545VET6, STM32U545VET6Q, STM32U595AIH6, STM32U595AIH6Q, STM32U595AJH6, STM32U595AJH6Q, STM32U595QII6, STM32U595QII6Q, STM32U595QJI6, STM32U595QJI6Q, STM32U595RIT6, STM32U595RIT6Q, STM32U595RJT6, STM32U595RJT6Q, STM32U595VIT6, STM32U595VIT6Q, STM32U595VJT6, STM32U595VJT6Q, STM32U595ZIT6, STM32U595ZIT6Q, STM32U595ZIY6QTR, STM32U595ZJT6, STM32U595ZJT6Q, STM32U595ZJY6QTR, STM32U599BJY6QTR, STM32U599NIH6Q, STM32U599NJH6Q, STM32U599VIT6Q, STM32U599VJT6, STM32U599VJT6Q, STM32U599ZIT6Q, STM32U599ZIY6QTR, STM32U599ZJT6Q, STM32U599ZJY6QTR, STM32U5A5AJH6, STM32U5A5AJH6Q, STM32U5A5QII3Q , STM32U5A5QJI6, STM32U5A5QJI6Q, STM32U5A5RJT6, STM32U5A5RJT6Q, STM32U5A5VJT6, STM32U5A5VJT6Q, STM32U5A5ZJT6, STM32U5A5ZJT6Q, STM32U5A5ZJY6QTR, STM32U5A9BJY6QTR, STM32U5A9J-DK, STM32U5A9NJH6Q, STM32U5A9VJT6Q, STM32U5A9ZJT6Q, STM32U5A9ZJY6QTR, STM32U5F7VIT6, STM32U5F7VIT6Q, STM32U5F7VJT6, STM32U5F7VJT6Q, STM32U5F9BJY6QTR, STM32U5F9NJH6Q, STM32U5F9VIT6Q, STM32U5F9VJT6Q, STM32U5F9ZIJ6QTR, STM32U5F9ZIT6Q, STM32U5F9ZJJ6QTR, STM32U5F9ZJT6Q, STM32U5G7VJT6, STM32U5G7VJT6Q, STM32U5G9BJY6QTR, STM32U5G9J-DK1, STM32U5G9J-DK2, STM32U5G9NJH6Q, STM32U5G9VJT6Q, STM32U5G9ZJJ6QTR, STM32U5G9ZJT6Q, STM32WB05KZV6TR, STM32WB05KZV7TR, STM32WB05TZF6TR, STM32WB05TZF7TR, STM32WB06CCF6TR, STM32WB06CCF7TR, STM32WB06CCV6TR, STM32WB06CCV7TR, STM32WB06KCV6TR, STM32WB06KCV7TR, STM32WB07CCF6TR, STM32WB07CCF7TR, STM32WB07CCV6TR, STM32WB07CCV7TR, STM32WB07KCV6TR, STM32WB07KCV7TR, STM32WB09KEV6TR, STM32WB09KEV7TR, STM32WB09TEF6TR, STM32WB09TEF7TR, STM32WB1MMCH6, STM32WBA50KGU6, STM32WBA50KGU6TR, STM32WBA52CEU6, STM32WBA52CEU6TR, STM32WBA52CEU7, STM32WBA52CEU7TR, STM32WBA52CGU6, STM32WBA52CGU6TR, STM32WBA52CGU6U, STM32WBA52CGU7, STM32WBA52CGU7TR, STM32WBA52KEU6, STM32WBA52KEU6TR, STM32WBA52KGU6, STM32WBA52KGU6TR, STM32WBA54CEU6, STM32WBA54CEU6TR, STM32WBA54CEU7, STM32WBA54CEU7TR, STM32WBA54CGU6, STM32WBA54CGU6TR, STM32WBA54CGU7, STM32WBA54CGU7TR, STM32WBA54KEU6, STM32WBA54KEU6TR, STM32WBA54KEU7, STM32WBA54KEU7TR, STM32WBA54KGU6, STM32WBA54KGU6TR, STM32WBA54KGU7, STM32WBA54KGU7TR, STM32WBA55CEU6, STM32WBA55CEU6TR, STM32WBA55CEU7, STM32WBA55CEU7TR, STM32WBA55CGU6, STM32WBA55CGU6TR, STM32WBA55CGU6U, STM32WBA55CGU7, STM32WBA55CGU7TR, STM32WBA55G-DK1, STM32WBA55HEF6, STM32WBA55HEF7, STM32WBA55HGF6, STM32WBA55HGF7, STM32WBA55UEI6, STM32WBA55UEI6TR, STM32WBA55UEI7, STM32WBA55UEI7TR, STM32WBA55UGI6, STM32WBA55UGI6TR, STM32WBA55UGI7, STM32WBA55UGI7TR, STM32WBA5MMGH6TR, STM32WBA62MGF6, STM32WBA62MIF6, STM32WBA65MGF7, STM32WBA65MIF6, STM32WBA65MIF7, STM32WL30K8V6, STM32WL30KBV6, STM32WL31C8V6, STM32WL31CBV6, STM32WL31K8V6, STM32WL31KBV6, STM32WL33C8V6, STM32WL33C8V6X, STM32WL33CBV6, STM32WL33CBV6X, STM32WL33CCV6, STM32WL33CCV6A, STM32WL33CCV6X, STM32WL33K8V7, STM32WL33K8V7X, STM32WL33KBV7 , STM32WL33KBV7X, STM32WL33KCV7, STM32WL33KCV7X, STM32WL5MOCH6, STM32WL5MOCH6TR]
2025-10-11 21:03:46,448 [INFO] BoardInfo:889 - No configuration file found for board P-NUCLEO-WB55
2025-10-11 21:03:46,449 [INFO] DbBoards:161 - Kit is not supported: P-NUCLEO-WB55
2025-10-11 21:03:46,451 [INFO] BoardInfo:889 - No configuration file found for board STEVAL-BFA001V1B
2025-10-11 21:03:46,451 [INFO] DbBoards:161 - Kit is not supported: STEVAL-BFA001V1B
2025-10-11 21:03:46,452 [INFO] BoardInfo:889 - No configuration file found for board STEVAL-BFA001V2B
2025-10-11 21:03:46,452 [INFO] DbBoards:161 - Kit is not supported: STEVAL-BFA001V2B
2025-10-11 21:03:46,518 [INFO] DbBoards:168 - Found 212 boards, 209 are supported
2025-10-11 21:03:46,518 [INFO] DbBoards:169 - Found 212 boards, 43 of them is supported for  Bsp
2025-10-11 21:03:46,520 [INFO] ApiDb:423 - Load user favorites file /home/oleksii/.stm32cubeide/favorites.boards.txt: 0 item(s)
2025-10-11 21:03:46,520 [INFO] ApiDb:427 - User favorites Boards=[]
2025-10-11 21:03:46,520 [INFO] DbBoards:198 - Set 0 / 0 favorites Boards
2025-10-11 21:03:46,521 [INFO] McuFinderGlobals:76 - Set McuFinderConnectedMode to true
2025-10-11 21:03:46,524 [INFO] MultiScanPanel:200 - Auto-refresh data requested => check proxy status ongoing
2025-10-11 21:03:46,525 [INFO] FinderPluginLoader:96 - Searching for filters in installed packs
2025-10-11 21:03:47,481 [INFO] LoadUrlFilesThread:185 - End of LoadServerUrlFiles without Thread
2025-10-11 21:03:47,487 [INFO] DetailPanel:341 - Set advertising image to /home/oleksii/STM32Cube/Repository//en.mcu-finder-stm32n6dk.jpg
2025-10-11 21:03:53,211 [INFO] MultiScanPanel:200 - Auto-refresh data requested => check proxy status ongoing
2025-10-11 21:03:53,275 [INFO] LoadUrlFilesThread:185 - End of LoadServerUrlFiles without Thread
2025-10-11 21:03:53,275 [INFO] DetailPanel:341 - Set advertising image to /home/oleksii/STM32Cube/Repository//en.mcu-finder-stm32n6dk.jpg
2025-10-11 21:03:53,281 [INFO] DbBoards:642 - Loading board mini-images...
2025-10-11 21:03:54,611 [ERROR] DbBoards:659 - Image file not found for board STM32MP215F-DK: /home/oleksii/.stmcufinder/plugins/mcufinder//mcu//boards_images/STM32MP215F-DK.jpg
2025-10-11 21:03:54,687 [INFO] DbBoards:665 - Loaded 211 board mini-images
2025-10-11 21:05:08,718 [INFO] MainUpdater:2872 - connection check result : 10
2025-10-11 21:05:08,718 [INFO] MainUpdater:2872 - connection check result : 10
2025-10-11 21:05:08,738 [INFO] MicroXplorer:468 - Change Database Path : 
2025-10-11 21:05:08,738 [INFO] MicroXplorer:498 - Change Database Version : DB.6.0.150
2025-10-11 21:05:08,741 [WARN] ThirdParty:871 - waiting for thirdparty lock release [close project]
2025-10-11 21:05:08,741 [INFO] ThirdParty:873 - entering critical section [close project]
2025-10-11 21:05:08,742 [INFO] ThirdParty:883 - exiting critical section [close project]
2025-10-11 21:05:08,743 [INFO] PinOutPanel:1589 - setPackage(No Configuration,No Configuration)
2025-10-11 21:05:08,743 [INFO] UtilMem:75 - Begin LoadConfig() Used Memory: 833455576 Bytes (1073741824)
2025-10-11 21:05:08,745 [INFO] OpenFileManager:355 - Change cursor
2025-10-11 21:05:08,766 [INFO] ProjectFactory:514 - No CPN specified for board STM32F407G-DISC1 => set CPN to STM32F407VGT6
2025-10-11 21:05:08,766 [INFO] Mcu:2029 - Initializing MCU STM32F407V(E-G)Tx STM32F407VGTx STM32F407VGT6
2025-10-11 21:05:09,569 [INFO] Context:786 - Trying to add GPIOservice into a context  which must be forbidden
2025-10-11 21:05:09,877 [INFO] Rule:233 - rule 117617 - U5Cobra4M][GTZC] default value MPCBB3 and MPCBB5 - Not Secured memory - MPCBB1 is applicable
2025-10-11 21:05:09,877 [INFO] Rule:233 - rule 117617 - U5Cobra4M][GTZC] default value MPCBB3 and MPCBB5 - Not Secured memory - MPCBB1 is applicable
2025-10-11 21:05:09,877 [INFO] Rule:233 - rule 117617 - U5Cobra4M][GTZC] default value MPCBB3 and MPCBB5 - Not Secured memory - MPCBB2 is applicable
2025-10-11 21:05:09,877 [INFO] Rule:233 - rule 117617 - U5Cobra4M][GTZC] default value MPCBB3 and MPCBB5 - Not Secured memory - MPCBB2 is applicable
2025-10-11 21:05:09,877 [INFO] Rule:233 - rule 117617 - U5Cobra4M][GTZC] default value MPCBB3 and MPCBB5 - Not Secured memory - MPCBB3 is applicable
2025-10-11 21:05:09,877 [INFO] Rule:233 - rule 117617 - U5Cobra4M][GTZC] default value MPCBB3 and MPCBB5 - Not Secured memory - MPCBB3 is applicable
2025-10-11 21:05:09,877 [INFO] Rule:233 - rule 117617 - U5Cobra4M][GTZC] default value MPCBB3 and MPCBB5 - Not Secured memory - MPCBB4 is applicable
2025-10-11 21:05:09,877 [INFO] Rule:233 - rule 117617 - U5Cobra4M][GTZC] default value MPCBB3 and MPCBB5 - Not Secured memory - MPCBB4 is applicable
2025-10-11 21:05:09,877 [INFO] Rule:233 - rule 117617 - U5Cobra4M][GTZC] default value MPCBB3 and MPCBB5 - Secured memory - MPCBB1 is applicable
2025-10-11 21:05:09,877 [INFO] Rule:233 - rule 117617 - U5Cobra4M][GTZC] default value MPCBB3 and MPCBB5 - Secured memory - MPCBB2 is applicable
2025-10-11 21:05:09,877 [INFO] Rule:233 - rule 117617 - U5Cobra4M][GTZC] default value MPCBB3 and MPCBB5 - Secured memory - MPCBB3 is applicable
2025-10-11 21:05:09,877 [INFO] Rule:233 - rule 117617 - U5Cobra4M][GTZC] default value MPCBB3 and MPCBB5 - Secured memory - MPCBB4 is applicable
2025-10-11 21:05:09,878 [INFO] Rule:233 - rule 117617 - U5Cobra4M][GTZC] default value MPCBB3 and MPCBB5 - Privileged memory - MPCBB1 is applicable
2025-10-11 21:05:09,878 [INFO] Rule:233 - rule 117617 - U5Cobra4M][GTZC] default value MPCBB3 and MPCBB5 - Privileged memory - MPCBB2 is applicable
2025-10-11 21:05:09,878 [INFO] Rule:233 - rule 117617 - U5Cobra4M][GTZC] default value MPCBB3 and MPCBB5 - Privileged memory - MPCBB3 is applicable
2025-10-11 21:05:09,878 [INFO] Rule:233 - rule 117617 - U5Cobra4M][GTZC] default value MPCBB3 and MPCBB5 - Privileged memory - MPCBB4 is applicable
2025-10-11 21:05:09,878 [INFO] Rule:233 - rule 117617 - U5Cobra4M][GTZC] default value MPCBB3 and MPCBB5 - Not Privileged memory - MPCBB1 is applicable
2025-10-11 21:05:09,878 [INFO] Rule:233 - rule 117617 - U5Cobra4M][GTZC] default value MPCBB3 and MPCBB5 - Not Privileged memory - MPCBB2 is applicable
2025-10-11 21:05:09,878 [INFO] Rule:233 - rule 117617 - U5Cobra4M][GTZC] default value MPCBB3 and MPCBB5 - Not Privileged memory - MPCBB3 is applicable
2025-10-11 21:05:09,878 [INFO] Rule:233 - rule 117617 - U5Cobra4M][GTZC] default value MPCBB3 and MPCBB5 - Not Privileged memory - MPCBB4 is applicable
2025-10-11 21:05:09,878 [INFO] Rule:233 - rule 117617 - U5Cobra4M][GTZC] default value MPCBB3 and MPCBB5 - Privileged memory - MPCBB1 is applicable
2025-10-11 21:05:09,878 [INFO] Rule:233 - rule 117617 - U5Cobra4M][GTZC] default value MPCBB3 and MPCBB5 - Privileged memory - MPCBB2 is applicable
2025-10-11 21:05:09,878 [INFO] Rule:233 - rule 117617 - U5Cobra4M][GTZC] default value MPCBB3 and MPCBB5 - Privileged memory - MPCBB3 is applicable
2025-10-11 21:05:09,878 [INFO] Rule:233 - rule 117617 - U5Cobra4M][GTZC] default value MPCBB3 and MPCBB5 - Privileged memory - MPCBB4 is applicable
2025-10-11 21:05:09,878 [INFO] Rule:233 - rule 117617 - U5Cobra4M][GTZC] default value MPCBB3 and MPCBB5 - Privileged memory - MPCBB1 is applicable
2025-10-11 21:05:09,878 [INFO] Rule:233 - rule 117617 - U5Cobra4M][GTZC] default value MPCBB3 and MPCBB5 - Privileged memory - MPCBB2 is applicable
2025-10-11 21:05:09,878 [INFO] Rule:233 - rule 117617 - U5Cobra4M][GTZC] default value MPCBB3 and MPCBB5 - Privileged memory - MPCBB3 is applicable
2025-10-11 21:05:09,878 [INFO] Rule:233 - rule 117617 - U5Cobra4M][GTZC] default value MPCBB3 and MPCBB5 - Privileged memory - MPCBB4 is applicable
2025-10-11 21:05:09,878 [INFO] Rule:233 - rule 117617 - U5Cobra4M][GTZC] default value MPCBB3 and MPCBB5 - Not Privileged memory - MPCBB1 is applicable
2025-10-11 21:05:09,879 [INFO] Rule:233 - rule 117617 - U5Cobra4M][GTZC] default value MPCBB3 and MPCBB5 - Not Privileged memory - MPCBB2 is applicable
2025-10-11 21:05:09,879 [INFO] Rule:233 - rule 117617 - U5Cobra4M][GTZC] default value MPCBB3 and MPCBB5 - Not Privileged memory - MPCBB3 is applicable
2025-10-11 21:05:09,879 [INFO] Rule:233 - rule 117617 - U5Cobra4M][GTZC] default value MPCBB3 and MPCBB5 - Not Privileged memory - MPCBB4 is applicable
2025-10-11 21:05:09,879 [INFO] Rule:233 - rule 117617 - U5Cobra4M][GTZC] default value MPCBB3 and MPCBB5 - Privileged memory - MPCBB1 is applicable
2025-10-11 21:05:09,879 [INFO] Rule:233 - rule 117617 - U5Cobra4M][GTZC] default value MPCBB3 and MPCBB5 - Privileged memory - MPCBB2 is applicable
2025-10-11 21:05:09,879 [INFO] Rule:233 - rule 117617 - U5Cobra4M][GTZC] default value MPCBB3 and MPCBB5 - Privileged memory - MPCBB3 is applicable
2025-10-11 21:05:09,879 [INFO] Rule:233 - rule 117617 - U5Cobra4M][GTZC] default value MPCBB3 and MPCBB5 - Privileged memory - MPCBB4 is applicable
2025-10-11 21:05:09,879 [INFO] Rule:233 - rule Rename SubGHz_Phy SUBGHZ_APPLICATION SUBGHZ_PINGPONG to SUBGHZ_ADV_APPLICATION is applicable
2025-10-11 21:05:09,879 [INFO] Rule:233 - rule Rename Enabled to IBEACON is applicable
2025-10-11 21:05:09,879 [INFO] Rule:233 - rule GTZC_S instance for project manager is applicable
2025-10-11 21:05:09,879 [INFO] Rule:233 - rule GTZC_S instance for context M33S is applicable
2025-10-11 21:05:09,879 [INFO] Rule:233 - rule GTZC_S instance value for IP GTZC is applicable
2025-10-11 21:05:09,880 [INFO] Rule:233 - rule GTZC_S instance for mcu.IP is applicable
2025-10-11 21:05:09,880 [INFO] Rule:233 - rule GTZC_S instance for VP is applicable
2025-10-11 21:05:09,880 [INFO] Rule:233 - rule GTZC_S instance for signal is applicable
2025-10-11 21:05:09,880 [INFO] Rule:233 - rule GTZC_S instance for mcu.Pin is applicable
2025-10-11 21:05:09,880 [INFO] Rule:233 - rule GTZC_S instance for VP is applicable
2025-10-11 21:05:09,880 [INFO] Rule:233 - rule GTZC_S instance for signal is applicable
2025-10-11 21:05:09,880 [INFO] Rule:233 - rule GTZC_S instance for mcu is applicable
2025-10-11 21:05:09,880 [INFO] Rule:233 - rule GTZC_S instance for mcu.Pin is applicable
2025-10-11 21:05:09,880 [INFO] Rule:233 - rule GTZC_S instance value for IP GTZC is applicable
2025-10-11 21:05:09,880 [INFO] Rule:233 - rule GTZC_S instance for project manager is applicable
2025-10-11 21:05:09,880 [INFO] Rule:233 - rule GTZC_S instance for context M33S is applicable
2025-10-11 21:05:09,880 [INFO] Rule:233 - rule GTZC_S instance for VP is applicable
2025-10-11 21:05:09,880 [INFO] Rule:233 - rule GTZC_S instance for signal is applicable
2025-10-11 21:05:09,880 [INFO] Rule:233 - rule SPDIFRX instance for mcu is applicable
2025-10-11 21:05:09,881 [INFO] Rule:233 - rule Rename Tracer Mode is applicable
2025-10-11 21:05:09,881 [INFO] Rule:233 - rule SPDIFRX instance value for IP SPDIFRX is applicable
2025-10-11 21:05:09,881 [INFO] Rule:233 - rule SPDIFRX instance for signal is applicable
2025-10-11 21:05:09,881 [INFO] Rule:233 - rule SPDIFRX instance for project manager is applicable
2025-10-11 21:05:09,881 [INFO] Rule:233 - rule SPDIFRX instance for project manager is applicable
2025-10-11 21:05:09,881 [INFO] Rule:233 - rule ADC Scan  fix with FW F7 is applicable
2025-10-11 21:05:09,881 [INFO] Rule:233 - rule ADC Scan  fix with FW F7 is applicable
2025-10-11 21:05:09,881 [INFO] Rule:233 - rule WakeUp0 Mode is applicable
2025-10-11 21:05:09,881 [INFO] Rule:233 - rule WakeUp0 SIGNAL is applicable
2025-10-11 21:05:09,881 [INFO] Rule:233 - rule WakeUp1 Mode is applicable
2025-10-11 21:05:09,881 [INFO] Rule:233 - rule WakeUp1 SIGNAL is applicable
2025-10-11 21:05:09,881 [INFO] Rule:233 - rule WakeUp2 Mode is applicable
2025-10-11 21:05:09,881 [INFO] Rule:233 - rule WakeUp2 SIGNAL is applicable
2025-10-11 21:05:09,881 [INFO] Rule:233 - rule WakeUp4 Mode is applicable
2025-10-11 21:05:09,881 [INFO] Rule:233 - rule WakeUp4 SIGNAL is applicable
2025-10-11 21:05:09,881 [INFO] Rule:233 - rule WakeUp5 Mode is applicable
2025-10-11 21:05:09,881 [INFO] Rule:233 - rule WakeUp5 SIGNAL is applicable
2025-10-11 21:05:09,882 [INFO] Rule:233 - rule Add RTC Activate Clock Source is applicable
2025-10-11 21:05:09,882 [INFO] Rule:233 - rule Add RTC Activate Calendar 1 is applicable
2025-10-11 21:05:09,882 [INFO] Rule:233 - rule Add RTC Activate Calendar 2 is applicable
2025-10-11 21:05:09,882 [INFO] Rule:233 - rule Add RTC Activate Calendar 3 is applicable
2025-10-11 21:05:09,882 [INFO] Rule:233 - rule UART/USART TX Mode is applicable
2025-10-11 21:05:09,882 [INFO] Rule:233 - rule UART/USART RX Mode is applicable
2025-10-11 21:05:09,882 [INFO] Rule:233 - rule UART/USART RX TX Mode is applicable
2025-10-11 21:05:09,882 [INFO] Rule:233 - rule UART/USART PARITY NONE is applicable
2025-10-11 21:05:09,882 [INFO] Rule:233 - rule UART/USART PARITY EVEN is applicable
2025-10-11 21:05:09,882 [INFO] Rule:233 - rule UART/USART PARITY ODD is applicable
2025-10-11 21:05:09,882 [INFO] Rule:233 - rule USART StopBits 1 is applicable
2025-10-11 21:05:09,882 [INFO] Rule:233 - rule USART StopBits 2 is applicable
2025-10-11 21:05:09,882 [INFO] Rule:233 - rule USART StopBits 1.5 is applicable
2025-10-11 21:05:09,882 [INFO] Rule:233 - rule USART StopBits 0.5 is applicable
2025-10-11 21:05:09,882 [INFO] Rule:233 - rule UART/USART WORD LENGTH 7 is applicable
2025-10-11 21:05:09,882 [INFO] Rule:233 - rule UART/USART WORD LENGTH 8 is applicable
2025-10-11 21:05:09,882 [INFO] Rule:233 - rule UART/USART WORD LENGTH 9 is applicable
2025-10-11 21:05:09,882 [INFO] Rule:233 - rule Rename FMC NAND NCE signal is applicable
2025-10-11 21:05:09,882 [INFO] Rule:233 - rule Rename FMC NAND INT signal is applicable
2025-10-11 21:05:09,882 [INFO] Rule:233 - rule Change Default Value for LSE Drive Capability for WB family is applicable
2025-10-11 21:05:09,883 [INFO] Rule:233 - rule Change Default Value for ADC Clock Prescaler G0 family is applicable
2025-10-11 21:05:09,883 [INFO] Rule:233 - rule Change Default Value for ADC ExternalTrigConv L4 family is applicable
2025-10-11 21:05:09,883 [INFO] Rule:233 - rule Change Default Value for ADC ExternalTrigInjecConv L4 family is applicable
2025-10-11 21:05:09,883 [INFO] Rule:233 - rule Change Default Value for ADC ExternalTrigConv F3 family is applicable
2025-10-11 21:05:09,883 [INFO] Rule:233 - rule Change Default Value for ADC ExternalTrigInjecConv F3 family is applicable
2025-10-11 21:05:09,883 [INFO] Rule:233 - rule Change Default Value for ADC ExternalTrigConv Goldfish serie is applicable
2025-10-11 21:05:09,883 [INFO] Rule:233 - rule Change Default Value for ADC ExternalTrigInjecConv Goldfish serie is applicable
2025-10-11 21:05:09,883 [INFO] Rule:233 - rule Change Default Value for ADC ExternalTrigConv L0 family is applicable
2025-10-11 21:05:09,883 [INFO] Rule:233 - rule Change Default Value for ADC ExternalTrigConv F0 family is applicable
2025-10-11 21:05:09,883 [INFO] Rule:233 - rule Change Default Value for ADC ExternalTrigConvn L1 family is applicable
2025-10-11 21:05:09,883 [INFO] Rule:233 - rule Change Default Value for ADC ExternalTrigInjecConv L1 family is applicable
2025-10-11 21:05:09,883 [INFO] Rule:233 - rule Change Default Value for ADC ExternalTrigConv F1 family is applicable
2025-10-11 21:05:09,883 [INFO] Rule:233 - rule Change Default Value for ADC ExternalTrigInjecConv F1 family is applicable
2025-10-11 21:05:09,883 [INFO] Rule:233 - rule Change Default Value for ADC ExternalTrigConv F7 family is applicable
2025-10-11 21:05:09,883 [INFO] Rule:233 - rule Change Default Value for ADC ExternalTrigInjecConv F7 family is applicable
2025-10-11 21:05:09,883 [INFO] Rule:233 - rule Change Default Value for ADC ExternalTrigConv F4 and F2 family is applicable
2025-10-11 21:05:09,883 [INFO] Rule:233 - rule Change Default Value for ADC ExternalTrigInjecConv F4 and F2 family is applicable
2025-10-11 21:05:09,883 [INFO] Rule:233 - rule ADC SamplingTime fix with FW L0  is applicable
2025-10-11 21:05:09,883 [INFO] Rule:233 - rule ADC SamplingTime fix with FW L0  is applicable
2025-10-11 21:05:09,883 [INFO] Rule:233 - rule ADC SamplingTime fix with FW L0 is applicable
2025-10-11 21:05:09,883 [INFO] Rule:233 - rule ADC SamplingTime fix with FW L0 is applicable
2025-10-11 21:05:09,883 [INFO] Rule:233 - rule ADC SamplingTime fix with FW L0  is applicable
2025-10-11 21:05:09,883 [INFO] Rule:233 - rule ADC SamplingTime fix with FW L0 is applicable
2025-10-11 21:05:09,883 [INFO] Rule:233 - rule Rename USB_OE Signal is applicable
2025-10-11 21:05:09,883 [INFO] Rule:233 - rule Rename Activate_OE Mode is applicable
2025-10-11 21:05:09,883 [INFO] Rule:233 - rule Rename DIE462/DIE415 pin PC14/OSC32_IN -> PC14-OSC32_IN (PC14) is applicable
2025-10-11 21:05:09,883 [INFO] Rule:233 - rule Rename DIE462/DIE415 pin PC15/OSC32_OUT -> PC15-OSC32_OUT (PC15) is applicable
2025-10-11 21:05:09,883 [INFO] Rule:233 - rule Rename DIE462/DIE415 pin PH0/OSC_IN -> PH0-OSC_IN (PH0) is applicable
2025-10-11 21:05:09,883 [INFO] Rule:233 - rule Rename DIE462/DIE415 pin PH1/OSC_OUT -> PH1-OSC_OUT (PH1) is applicable
2025-10-11 21:05:09,883 [INFO] Rule:233 - rule Rename DIE462 pin PA13 -> PA13 (JTMS/SWDIO) is applicable
2025-10-11 21:05:09,883 [INFO] Rule:233 - rule Rename DIE415 pin PA13 -> PA13 (JTMS/SWDIO) is applicable
2025-10-11 21:05:09,883 [INFO] Rule:233 - rule Rename DIE462 pin PA14 -> PA14 (JTCK/SWCLK) is applicable
2025-10-11 21:05:09,884 [INFO] Rule:233 - rule Rename DIE415 pin PA14 -> PA14 (JTCK/SWCLK) is applicable
2025-10-11 21:05:09,884 [INFO] Rule:233 - rule Rename DIE462/DIE415 pin PA15 -> PA15 (JTDI) is applicable
2025-10-11 21:05:09,884 [INFO] Rule:233 - rule Rename DIE462 pin PB3 -> PB3 (JTD0/TRACESWO) is applicable
2025-10-11 21:05:09,884 [INFO] Rule:233 - rule Rename DIE415 pin PB3 -> PB3 (JTD0-TRACESWO) is applicable
2025-10-11 21:05:09,884 [INFO] Rule:233 - rule Rename DIE462/DIE415 pin PB4 -> PB4 (NJTRST) is applicable
2025-10-11 21:05:09,884 [INFO] Rule:233 - rule Rename DIE462 pin PH3/BOOT0 -> PH3-BOOT0 (BOOT0) is applicable
2025-10-11 21:05:09,884 [INFO] Rule:233 - rule Rename CRYP DataEncryptionTypesList to Algorithm is applicable
2025-10-11 21:05:09,884 [INFO] Rule:233 - rule Rename AES DataEncryptionTypesList to Algorithm is applicable
2025-10-11 21:05:09,884 [INFO] Rule:233 - rule Rename TDESECB to CRYP_TDES_ECB is applicable
2025-10-11 21:05:09,884 [INFO] Rule:233 - rule Rename TDESCBC to CRYP_TDES_CBC is applicable
2025-10-11 21:05:09,884 [INFO] Rule:233 - rule Rename DESECB to CRYP_DES_ECB is applicable
2025-10-11 21:05:09,884 [INFO] Rule:233 - rule Rename DESCBC to CRYP_DES_CBC is applicable
2025-10-11 21:05:09,884 [INFO] Rule:233 - rule Rename AESECB to CRYP_AES_ECB is applicable
2025-10-11 21:05:09,884 [INFO] Rule:233 - rule Rename AESCBC to CRYP_AES_CBC is applicable
2025-10-11 21:05:09,884 [INFO] Rule:233 - rule Rename AESCTR to CRYP_AES_CTR is applicable
2025-10-11 21:05:09,884 [INFO] Rule:233 - rule Rename AESGCM to CRYP_AES_GCM is applicable
2025-10-11 21:05:09,884 [INFO] Rule:233 - rule Rename AESCCM to CRYP_AES_CCM is applicable
2025-10-11 21:05:09,884 [INFO] Rule:233 - rule Rename CAN TimeSeg1 to BS1 is applicable
2025-10-11 21:05:09,884 [INFO] Rule:233 - rule Rename CAN TimeSeg2 to BS2 is applicable
2025-10-11 21:05:09,884 [INFO] Rule:233 - rule Rename CAN SyncJumpWidth to SJW is applicable
2025-10-11 21:05:09,884 [INFO] Rule:233 - rule TimeTriggeredMode to TTCM is applicable
2025-10-11 21:05:09,884 [INFO] Rule:233 - rule Rename CAN AutoBusOff to ABOM is applicable
2025-10-11 21:05:09,884 [INFO] Rule:233 - rule Rename CAN AutoWakeUp to AWUM is applicable
2025-10-11 21:05:09,884 [INFO] Rule:233 - rule Rename CAN AutoRetransmission to NART is applicable
2025-10-11 21:05:09,884 [INFO] Rule:233 - rule Rename CAN ReceiveFifoLocked to RFLM is applicable
2025-10-11 21:05:09,884 [INFO] Rule:233 - rule Rename CAN TransmitFifoPriority to TXFP is applicable
2025-10-11 21:05:09,884 [INFO] Rule:233 - rule Rename HRTIMER HRTIM_OUTPUTFAULTLEVEL_HIGH in HRTIMER HRTIM_OUTPUTFAULTLEVEL_HIGHZ is applicable
2025-10-11 21:05:09,884 [INFO] Rule:233 - rule Rename TIMER TIM_CLEARINPUTSOURCE_OCREFCLR in  TIMER TIM_CLEARINPUTSOURCE_NONE for F7 family is applicable
2025-10-11 21:05:09,884 [INFO] Rule:233 - rule FDCAN_R1 - Rename FDCAN mode Master into Classic is applicable
2025-10-11 21:05:09,884 [INFO] Rule:233 - rule FDCAN_R2 - Rename FDCAN mode Slave into Classic is applicable
2025-10-11 21:05:09,885 [INFO] Rule:233 - rule FDCAN1_R3 - if PA10.Mode=FullDuplex, add Pin PA12 is applicable
2025-10-11 21:05:09,885 [INFO] Rule:233 - rule FDCAN1_R3 - if PA9.Mode=FullDuplex, add Pin PA11 is applicable
2025-10-11 21:05:09,885 [INFO] Rule:233 - rule FDCAN1_R3 - Alternatepin_1 - if PE1.Mode=FullDuplex, add Pin PB9 is applicable
2025-10-11 21:05:09,885 [INFO] Rule:233 - rule FDCAN1_R3 - Alternatepin_1 - if PE0.Mode=FullDuplex, add Pin PB8 is applicable
2025-10-11 21:05:09,886 [INFO] Rule:233 - rule FDCAN1_R3 - Alternatepin_2 - if PD5.Mode=FullDuplex, add Pin PD1 is applicable
2025-10-11 21:05:09,886 [INFO] Rule:233 - rule FDCAN1_R3 - Alternatepin_2 - if PD4.Mode=FullDuplex, add Pin PD0 is applicable
2025-10-11 21:05:09,886 [INFO] Rule:233 - rule FDCAN1_R4 - Rename Mode FullDuplex into Enable FDCAN_TXFD for pin PA10 is applicable
2025-10-11 21:05:09,886 [INFO] Rule:233 - rule FDCAN1_R4 - Rename Mode FullDuplex into Enable FDCAN_TXFD for pin PA9 is applicable
2025-10-11 21:05:09,886 [INFO] Rule:233 - rule FDCAN1_R4 - Alternatepin_1 - Rename Mode FullDuplex into Enable FDCAN_TXFD for pin PE1 is applicable
2025-10-11 21:05:09,886 [INFO] Rule:233 - rule FDCAN1_R4 - Alternatepin_1 - Rename Mode FullDuplex into Enable FDCAN_TXFD for pin PE0 is applicable
2025-10-11 21:05:09,886 [INFO] Rule:233 - rule FDCAN1_R4 - Alternatepin_2 - Rename Mode FullDuplex into Enable FDCAN_TXFD for pin PD5 is applicable
2025-10-11 21:05:09,886 [INFO] Rule:233 - rule FDCAN1_R4 - Alternatepin_2 - Rename Mode FullDuplex into Enable FDCAN_TXFD for pin PD4 is applicable
2025-10-11 21:05:09,886 [INFO] Rule:233 - rule FDCAN2_R3 - if PD10.Mode=FullDuplex, add Pin PB13 is applicable
2025-10-11 21:05:09,886 [INFO] Rule:233 - rule FDCAN2_R3 - if PD9.Mode=FullDuplex, add Pin PB12 is applicable
2025-10-11 21:05:09,886 [INFO] Rule:233 - rule FDCAN2_R3 - Alternatepin_1 - if PB7.Mode=FullDuplex, add Pin PB6 is applicable
2025-10-11 21:05:09,886 [INFO] Rule:233 - rule FDCAN2_R3 - Alternatepin_1 - if PD9.Mode=FullDuplex, add Pin PB12 is applicable
2025-10-11 21:05:09,886 [INFO] Rule:233 - rule FDCAN2_R4 - Rename Mode FullDuplex into Enable FDCAN_TXFD for pin PD10 is applicable
2025-10-11 21:05:09,886 [INFO] Rule:233 - rule FDCAN2_R4 - Rename Mode FullDuplex into Enable FDCAN_TXFD for pin PD9 is applicable
2025-10-11 21:05:09,886 [INFO] Rule:233 - rule FDCAN2_R4 - Alternatepin_1 - Rename Mode FullDuplex into Enable FDCAN_TXFD for pin PB7 is applicable
2025-10-11 21:05:09,886 [INFO] Rule:233 - rule FDCAN2_R4 - Alternatepin_1 - Rename Mode FullDuplex into Enable FDCAN_TXFD for pin PD6 is applicable
2025-10-11 21:05:09,886 [INFO] Rule:233 - rule USART TxPinLevelInvertParam Mode is applicable
2025-10-11 21:05:09,887 [INFO] Rule:233 - rule USART RxPinLevelInvertParam Mode is applicable
2025-10-11 21:05:09,887 [INFO] Rule:233 - rule USART DataInvertParam Mode is applicable
2025-10-11 21:05:09,887 [INFO] Rule:233 - rule USART SwapParam Mode is applicable
2025-10-11 21:05:09,887 [INFO] Rule:233 - rule USART OverrunDisableParam Mode is applicable
2025-10-11 21:05:09,887 [INFO] Rule:233 - rule USART DMADisableonRxErrorParam Mode is applicable
2025-10-11 21:05:09,887 [INFO] Rule:233 - rule USART MSBFirstParam Mode is applicable
2025-10-11 21:05:09,887 [INFO] Rule:233 - rule Update MwName for USB_DEVICE is applicable
2025-10-11 21:05:09,887 [INFO] Rule:233 - rule Change PWR_Regulator_Voltage_Scale Default Value for RCC  H7 family is applicable
2025-10-11 21:05:09,887 [INFO] Rule:233 - rule UART/USART IPParameter rename Prescaler parameter to ClockPrescaler is applicable
2025-10-11 21:05:09,887 [INFO] Rule:233 - rule UART/USART Prescaler rename Prescaler parameter to ClockPrescaler is applicable
2025-10-11 21:05:09,887 [INFO] Rule:233 - rule TIM1CLockSelection is applicable
2025-10-11 21:05:09,887 [INFO] Rule:233 - rule TIM15CLockSelection is applicable
2025-10-11 21:05:09,887 [INFO] Rule:233 - rule align RCC SDMMC3CLockSelection default value on MP1 is applicable
2025-10-11 21:05:09,887 [INFO] Rule:233 - rule align RCC SDMMC12CLockSelection default value on MP1 is applicable
2025-10-11 21:05:09,887 [INFO] Rule:233 - rule align RCC QSPICLockSelection default value on MP1 is applicable
2025-10-11 21:05:09,887 [INFO] Rule:233 - rule align RCC QSPICLockSelection default value on MP1 is applicable
2025-10-11 21:05:09,887 [INFO] Rule:233 - rule align RCC SPI6CLockSelection default value on MP1 is applicable
2025-10-11 21:05:09,887 [INFO] Rule:233 - rule align RCC LPTIM23CLockSelection default value on MP1 is applicable
2025-10-11 21:05:09,888 [INFO] Rule:233 - rule align RCC LPTIM1CLockSelection default value on MP1 is applicable
2025-10-11 21:05:09,888 [INFO] Rule:233 - rule align RCC USART1CLockSelection default value on MP1 is applicable
2025-10-11 21:05:09,888 [INFO] Rule:233 - rule align RCC USART24CLockSelection default value on MP1 is applicable
2025-10-11 21:05:09,888 [INFO] Rule:233 - rule align RCC USART6CLockSelection default value on MP1 is applicable
2025-10-11 21:05:09,888 [INFO] Rule:233 - rule align RCC UART78CLockSelection default value on MP1 is applicable
2025-10-11 21:05:09,888 [INFO] Rule:233 - rule align RCC USART35CLockSelection default value on MP1 is applicable
2025-10-11 21:05:09,888 [INFO] Rule:233 - rule align RCC SPI45CLockSelection default value on MP1 is applicable
2025-10-11 21:05:09,888 [INFO] Rule:233 - rule align RCC I2C46CLockSelection BCLK value on MP1 is applicable
2025-10-11 21:05:09,888 [INFO] Rule:233 - rule align RCC SPI45CLockSelection default value on MP1 is applicable
2025-10-11 21:05:09,888 [INFO] Rule:233 - rule align RCC I2C12CLockSelection default value on MP1 is applicable
2025-10-11 21:05:09,888 [INFO] Rule:233 - rule align RCC I2C35CLockSelection default value on MP1 is applicable
2025-10-11 21:05:09,888 [INFO] Rule:233 - rule align RCC LPTIM45CLockSelection default value on MP1 is applicable
2025-10-11 21:05:09,888 [INFO] Rule:233 - rule Rename DCMI PIXCK signal is applicable
2025-10-11 21:05:09,888 [INFO] Rule:233 - rule Change Default Value for I2C46CLockSelection MP1 family is applicable
2025-10-11 21:05:09,888 [INFO] Rule:233 - rule Change Default Value for UART for G4, G0 and WB families is applicable
2025-10-11 21:05:09,888 [INFO] Rule:233 - rule Change Default Value for USART for G4, G0 and WB families is applicable
2025-10-11 21:05:09,888 [INFO] Rule:233 - rule Change Default Value for USART for G4 family is applicable
2025-10-11 21:05:09,888 [INFO] Rule:233 - rule Change USART1CLockSelection refparam name for MP1 is applicable
2025-10-11 21:05:09,888 [INFO] Rule:233 - rule Change USART2CLockSelection refparam name for MP1 is applicable
2025-10-11 21:05:09,888 [INFO] Rule:233 - rule Change USART3CLockSelection refparam name for MP1 is applicable
2025-10-11 21:05:09,888 [INFO] Rule:233 - rule Change UART4CLockSelection refparam name for MP1 is applicable
2025-10-11 21:05:09,888 [INFO] Rule:233 - rule Change UART5CLockSelection refparam name for MP1 is applicable
2025-10-11 21:05:09,888 [INFO] Rule:233 - rule Change LPUART1CLockSelection refparam name for MP1 is applicable
2025-10-11 21:05:09,888 [INFO] Rule:233 - rule Change LPTIM1CLockSelection refparam name for MP1 is applicable
2025-10-11 21:05:09,888 [INFO] Rule:233 - rule Change LPTIM2CLockSelection refparam name for MP1 is applicable
2025-10-11 21:05:09,888 [INFO] Rule:233 - rule Change RCC_MCO1Source refparam name for MP1 is applicable
2025-10-11 21:05:09,888 [INFO] Rule:233 - rule Change LSCOSource1 refparam name for MP1 is applicable
2025-10-11 21:05:09,888 [INFO] Rule:233 - rule Change SMPSCLockSelection refparam name for MP1 is applicable
2025-10-11 21:05:09,888 [INFO] Rule:233 - rule Change LPTIM3CLockSelection refparam name for MP1 is applicable
2025-10-11 21:05:09,888 [INFO] Rule:233 - rule Change MPCBB* Default Template Mode to Parameters is applicable
2025-10-11 21:05:09,888 [INFO] Rule:233 - rule Change MPCWM* or MPCBB* Secure Mode to Parameters is applicable
2025-10-11 21:05:09,888 [INFO] Rule:233 - rule Change MPCWM* or MPCBB* No Secure Mode to Parameters is applicable
2025-10-11 21:05:09,888 [INFO] Rule:233 - rule Change TZSC IP Secure Mode to Parameters is applicable
2025-10-11 21:05:09,888 [INFO] Rule:233 - rule Change TZSC IP No Secure Mode to Parameters is applicable
2025-10-11 21:05:09,889 [INFO] Rule:233 - rule Change TZSC IP Privilege Mode to Parameters is applicable
2025-10-11 21:05:09,889 [INFO] Rule:233 - rule Change TZSC IP No Privilege Mode to Parameters is applicable
2025-10-11 21:05:09,889 [INFO] Rule:233 - rule Change TZIC IT Secure Mode to Parameters is applicable
2025-10-11 21:05:09,889 [INFO] Rule:233 - rule Change TZIC IT No Secure Mode to Parameters is applicable
2025-10-11 21:05:09,889 [INFO] Rule:233 - rule Add MPCBB1_NonSecureArea_Start_Address value with referenced to MPCBB1_NonSecureArea_Start value is applicable
2025-10-11 21:05:09,889 [INFO] Rule:233 - rule Add MPCBB2_NonSecureArea_Start_Address value with referenced to MPCBB2_NonSecureArea_Start value is applicable
2025-10-11 21:05:09,889 [INFO] Rule:233 - rule Add MPCWM1_NonSecureArea*_Start_Address value with referenced to MPCWM1_NonSecureArea*_Start value is applicable
2025-10-11 21:05:09,889 [INFO] Rule:233 - rule Add MPCWM2_NonSecureArea*_Start_Address value with referenced to MPCWM2_NonSecureArea*_Start value is applicable
2025-10-11 21:05:09,889 [INFO] Rule:233 - rule Add MPCWM3_NonSecureArea_Start_Address value with referenced to MPCWM3_NonSecureArea_Start value is applicable
2025-10-11 21:05:09,889 [INFO] Rule:233 - rule Change Default Value for PLL1UserDefinedConfig is applicable
2025-10-11 21:05:09,889 [INFO] Rule:233 - rule Change GPIO_PuPd Default Value for USART in async mode is applicable
2025-10-11 21:05:09,889 [INFO] Rule:233 - rule Change SMPSDivider Default Value is applicable
2025-10-11 21:05:09,889 [INFO] Rule:233 - rule OPAMP is applicable
2025-10-11 21:05:09,889 [INFO] Rule:233 - rule LPUART IPParameter rename Prescaler parameter to ClockPrescaler for STM32H7 is applicable
2025-10-11 21:05:09,889 [INFO] Rule:233 - rule LPUART IPParameter rename Prescaler parameter to ClockPrescaler for STM32H7 is applicable
2025-10-11 21:05:09,889 [INFO] Rule:233 - rule LPUART IPParameter rename Prescaler parameter to ClockPrescaler for STM32WB is applicable
2025-10-11 21:05:09,889 [INFO] Rule:233 - rule LPUART IPParameter rename Prescaler parameter to ClockPrescaler for STM32WB is applicable
2025-10-11 21:05:09,889 [INFO] Rule:233 - rule LPUART IPParameter rename Prescaler parameter to ClockPrescaler for STM32G4 is applicable
2025-10-11 21:05:09,889 [INFO] Rule:233 - rule LPUART IPParameter rename Prescaler parameter to ClockPrescaler for STM32G4 is applicable
2025-10-11 21:05:09,889 [INFO] Rule:233 - rule LPUART IPParameter rename Prescaler parameter to ClockPrescaler for STM32L5 is applicable
2025-10-11 21:05:09,889 [INFO] Rule:233 - rule LPUART IPParameter rename Prescaler parameter to ClockPrescaler for STM32L5 is applicable
2025-10-11 21:05:09,889 [INFO] Rule:233 - rule LPUART IPParameter rename Prescaler parameter to ClockPrescaler for STM32G4 is applicable
2025-10-11 21:05:09,889 [INFO] Rule:233 - rule LPUART IPParameter rename Prescaler parameter to ClockPrescaler for STM32G4 is applicable
2025-10-11 21:05:09,889 [INFO] Rule:233 - rule USB device lib V2.5.3 for L0 rename USBD_SUPPORT_USER_STRING parameter to USBD_SUPPORT_USER_STRING_DESC4 is applicable
2025-10-11 21:05:09,889 [INFO] Rule:233 - rule I2SCLockSelection clock entry align is applicable
2025-10-11 21:05:09,889 [INFO] Rule:233 - rule Assign TIMx context if used as SYS timebase is applicable
2025-10-11 21:05:09,889 [INFO] Rule:233 - rule Change GPIO_Pu Default Value for I2C is applicable
2025-10-11 21:05:09,889 [INFO] Rule:233 - rule Change GPIO_Pu Default Value for SMBus is applicable
2025-10-11 21:05:09,889 [INFO] Rule:233 - rule change FDCAN default value is applicable
2025-10-11 21:05:09,889 [INFO] Rule:233 - rule Change mode sai is applicable
2025-10-11 21:05:09,889 [INFO] Rule:233 - rule **Change sai mode is applicable
2025-10-11 21:05:09,889 [INFO] Rule:233 - rule Rename STM32WPAN CFG_BLE_IRK to CFG_BLE_IR is applicable
2025-10-11 21:05:09,889 [INFO] Rule:233 - rule Rename STM32WPAN CFG_BLE_ERK to CFG_BLE_ER is applicable
2025-10-11 21:05:09,889 [INFO] Rule:233 - rule Rename STM32WPAN CFG_BLE_IRK_HEX to CFG_BLE_IR_HEX is applicable
2025-10-11 21:05:09,889 [INFO] Rule:233 - rule Rename STM32WPAN CFG_BLE_ERK_HEX to CFG_BLE_ER_HEX is applicable
2025-10-11 21:05:09,889 [INFO] Rule:233 - rule Adapt Old IOC before rework replace old CORTEX_M33/CORTEX_M55 attributes by the new one. is applicable
2025-10-11 21:05:09,889 [INFO] Rule:233 - rule Rename parametre of RCC RCC_APBDBG_DIV2 to RCC_TIMPRES_DIV2 is applicable
2025-10-11 21:05:09,889 [INFO] Rule:233 - rule Rename DIE493 pin PA10 [PA12] -> PA10 is applicable
2025-10-11 21:05:09,889 [INFO] Rule:233 - rule Rename DIE493 pin PA9 [PA11] -> PA9 is applicable
2025-10-11 21:05:09,889 [INFO] Rule:233 - rule Rename DIE492 PartNumber CPN STM32WBA5MJGHx -> STM32WBA5MMGHx is applicable
2025-10-11 21:05:09,889 [INFO] Rule:233 - rule Rename DIE492 PartNumber  Name STM32WBA5MJGHx -> STM32WBA5MMGHx is applicable
2025-10-11 21:05:09,889 [INFO] Rule:233 - rule Rename DIE492 PartNumber UserName STM32WBA5MJGHx -> STM32WBA5MMGHx is applicable
2025-10-11 21:05:09,890 [INFO] Rule:233 - rule Rename DIE492 PartNumber DeviceId STM32WBA5MJGHx -> STM32WBA5MMGHx is applicable
2025-10-11 21:05:09,890 [INFO] Rule:233 - rule Adapt Old IOC CSI. is applicable
2025-10-11 21:05:09,890 [INFO] Rule:233 - rule Adapt Old IOC DCMIPP. is applicable
2025-10-11 21:05:09,890 [INFO] Rule:233 - rule Adapt Old IOC DCMIPP Mode Parallel. is applicable
2025-10-11 21:05:09,890 [INFO] Rule:233 - rule Adapt Old IOC LTDC. is applicable
2025-10-11 21:05:09,890 [INFO] Rule:233 - rule Rename STM32MP2 RIF Peripheral LTDC RIF.RISUP.LTDC_L0L1.Privilege -> RIF.RISUP.LTDC_L1L2.Privilege is applicable
2025-10-11 21:05:09,890 [INFO] Rule:233 - rule Rename STM32MP2 RIF Peripheral LTDC RIF.RISUP.LTDC_L0L1.Privilege -> RIF.RISUP.LTDC_L1L2.Privilege is applicable
2025-10-11 21:05:09,890 [INFO] Rule:233 - rule Rename STM32MP2 RIF Peripheral LTDC RIF.RISUP.LTDC_L0L1.Lock -> RIF.RISUP.LTDC_L1L2.Lock is applicable
2025-10-11 21:05:09,890 [INFO] Rule:233 - rule Rename STM32MP2 RIF Peripheral LTDC RIF.RISUP.LTDC_L2.Lock -> RIF.RISUP.LTDC_L3.Lock is applicable
2025-10-11 21:05:09,890 [INFO] Rule:233 - rule Adapt the old IOC example for updating the SYS when it is misconfigured. is applicable
2025-10-11 21:05:09,890 [INFO] Rule:233 - rule Rename STM32C09 Mcu.Package LQFP64 -> LQFP48 is applicable
2025-10-11 21:05:09,890 [INFO] Rule:233 - rule Adapt the old IOC example for updating the SYS when it is misconfigured. is applicable
2025-10-11 21:05:09,890 [INFO] Rule:233 - rule Adapt the old IOC example for updating the SYS when it is misconfigured. is applicable
2025-10-11 21:05:09,914 [INFO] DbConfProperties:307 - Apply Compatibility (54/282 Rules)
2025-10-11 21:05:09,930 [INFO] ImportTextPane:234 - (OptionalMessage_ERROR) Unable to find key (Mcu.ThirdPartyNb) in loaded IOC file
2025-10-11 21:05:09,933 [INFO] ImportTextPane:234 - (OptionalMessage_ERROR) Pin35 (VP_RIF_VS_RIF1) cannot be retrieved for this MCU
2025-10-11 21:05:09,987 [INFO] RtosManager:558 - Registered RTOS mode: class=CMSIS, group=RTOS, mode=CMSIS_V1, owner=FREERTOS
2025-10-11 21:05:09,987 [INFO] RtosManager:558 - Registered RTOS mode: class=CMSIS, group=RTOS2, mode=CMSIS_V2, owner=FREERTOS
2025-10-11 21:05:09,987 [INFO] RtosManager:558 - Registered RTOS mode: class=RTOS, group=Core, mode=CMSIS_V1, owner=FREERTOS
2025-10-11 21:05:09,987 [INFO] RtosManager:558 - Registered RTOS mode: class=RTOS, group=Core, mode=CMSIS_V2, owner=FREERTOS
2025-10-11 21:05:09,987 [WARN] ModelIntegratedComponent:184 - Missing modes for component STMicroelectronics:FreeRTOS:0.0.1:STMicroelectronics:RTOS:FreeRTOS:Core:::10.2.0:
2025-10-11 21:05:10,002 [WARN] ModelIntegratedComponent:63 - No mode defined for component null
2025-10-11 21:05:10,002 [WARN] ModelIntegratedComponent:63 - No mode defined for component null
2025-10-11 21:05:10,002 [WARN] ModelIntegratedComponent:63 - No mode defined for component null
2025-10-11 21:05:10,002 [WARN] ModelIntegratedComponent:63 - No mode defined for component null
2025-10-11 21:05:10,002 [WARN] ModelIntegratedComponent:63 - No mode defined for component null
2025-10-11 21:05:10,002 [WARN] ModelIntegratedComponent:63 - No mode defined for component null
2025-10-11 21:05:10,002 [WARN] ModelIntegratedComponent:63 - No mode defined for component null
2025-10-11 21:05:10,002 [WARN] ModelIntegratedComponent:63 - No mode defined for component null
2025-10-11 21:05:10,002 [WARN] ModelIntegratedComponent:63 - No mode defined for component null
2025-10-11 21:05:10,002 [WARN] ModelIntegratedComponent:63 - No mode defined for component null
2025-10-11 21:05:10,002 [WARN] ModelIntegratedComponent:63 - No mode defined for component null
2025-10-11 21:05:10,002 [WARN] ModelIntegratedComponent:63 - No mode defined for component null
2025-10-11 21:05:10,002 [WARN] ModelIntegratedComponent:63 - No mode defined for component null
2025-10-11 21:05:10,002 [WARN] ModelIntegratedComponent:63 - No mode defined for component null
2025-10-11 21:05:10,002 [WARN] ModelIntegratedComponent:63 - No mode defined for component null
2025-10-11 21:05:10,002 [WARN] ModelIntegratedComponent:63 - No mode defined for component null
2025-10-11 21:05:10,002 [WARN] ModelIntegratedComponent:63 - No mode defined for component null
2025-10-11 21:05:10,002 [WARN] ModelIntegratedComponent:63 - No mode defined for component null
2025-10-11 21:05:10,002 [WARN] ModelIntegratedComponent:63 - No mode defined for component null
2025-10-11 21:05:10,002 [WARN] ModelIntegratedComponent:63 - No mode defined for component null
2025-10-11 21:05:10,003 [WARN] ModelIntegratedComponent:63 - No mode defined for component null
2025-10-11 21:05:10,003 [WARN] ModelIntegratedComponent:63 - No mode defined for component null
2025-10-11 21:05:10,003 [WARN] ModelIntegratedComponent:63 - No mode defined for component null
2025-10-11 21:05:10,003 [WARN] ModelIntegratedComponent:63 - No mode defined for component null
2025-10-11 21:05:10,003 [WARN] ModelIntegratedComponent:63 - No mode defined for component null
2025-10-11 21:05:10,003 [WARN] ModelIntegratedComponent:63 - No mode defined for component null
2025-10-11 21:05:10,003 [WARN] ModelIntegratedComponent:63 - No mode defined for component null
2025-10-11 21:05:10,003 [WARN] ModelIntegratedComponent:63 - No mode defined for component null
2025-10-11 21:05:10,003 [WARN] ModelIntegratedComponent:63 - No mode defined for component null
2025-10-11 21:05:10,003 [WARN] ModelIntegratedComponent:63 - No mode defined for component null
2025-10-11 21:05:10,003 [WARN] ModelIntegratedComponent:63 - No mode defined for component null
2025-10-11 21:05:10,003 [WARN] ModelIntegratedComponent:63 - No mode defined for component null
2025-10-11 21:05:10,003 [WARN] ModelIntegratedComponent:63 - No mode defined for component null
2025-10-11 21:05:10,003 [WARN] ModelIntegratedComponent:63 - No mode defined for component null
2025-10-11 21:05:10,003 [WARN] ModelIntegratedComponent:63 - No mode defined for component null
2025-10-11 21:05:10,003 [WARN] ModelPack:524 - Component already loaded: STMicroelectronics:HAL Drivers:0.0.0:STMicroelectronics:Device:STMicro_Driver:XSPI:HAL::0.0.1:HAL_XSPI
2025-10-11 21:05:10,074 [INFO] ThirdPartyModel:298 - Start build external matchings
2025-10-11 21:05:10,525 [INFO] ThirdPartyModel:316 - End build external matchings
2025-10-11 21:05:10,537 [INFO] ImportTextPane:234 - (OptionalMessage_ERROR) IP (RCC) : Parameter (RTCHSEDivFreq_Value) has invalid value (4000000)
2025-10-11 21:05:10,688 [INFO] UtilMem:75 - End LoadConfig() Used Memory: 798550136 Bytes (1073741824)
2025-10-11 21:05:10,877 [WARN] ThirdParty:833 - waiting for thirdparty lock release [change project]
2025-10-11 21:05:10,877 [INFO] ThirdParty:835 - entering critical section [change project]
2025-10-11 21:05:10,877 [INFO] ThirdParty:1030 - CMSIS Pack Vendor :STMicroelectronics X-CUBE-PM33A1 1.0.0
2025-10-11 21:05:10,877 [INFO] ThirdParty:1030 - CMSIS Pack Vendor :STMicroelectronics USBPD 4.1
2025-10-11 21:05:10,877 [INFO] ThirdParty:1030 - CMSIS Pack Vendor :STMicroelectronics X-CUBE-NFC9 1.0.0
2025-10-11 21:05:10,877 [INFO] ThirdParty:1030 - CMSIS Pack Vendor :STMicroelectronics USB_HOST 2.0.0
2025-10-11 21:05:10,877 [INFO] ThirdParty:1030 - CMSIS Pack Vendor :STMicroelectronics FP-SNS-MOTENVWB1 1.4.0
2025-10-11 21:05:10,877 [INFO] ThirdParty:1030 - CMSIS Pack Vendor :STMicroelectronics X-CUBE-AZRTOS-F4 1.1.0
2025-10-11 21:05:10,877 [INFO] ThirdParty:1030 - CMSIS Pack Vendor :STMicroelectronics LIBJPEG 8.0.0
2025-10-11 21:05:10,877 [INFO] ThirdParty:1030 - CMSIS Pack Vendor :STMicroelectronics FP-ATR-ASTRA1 2.0.2
2025-10-11 21:05:10,877 [INFO] ThirdParty:1030 - CMSIS Pack Vendor :wolfSSL I-CUBE-wolfSSL 5.8.2
2025-10-11 21:05:10,877 [INFO] ThirdParty:1030 - CMSIS Pack Vendor :STMicroelectronics X-CUBE-BLE1 7.1.0
2025-10-11 21:05:10,877 [INFO] ThirdParty:1030 - CMSIS Pack Vendor :Avnet-IotConnect X-CUBE-IoTC-DA16k-PMOD 1.0.0
2025-10-11 21:05:10,877 [INFO] ThirdParty:1030 - CMSIS Pack Vendor :STMicroelectronics X-CUBE-SMBUS 2.1.0
2025-10-11 21:05:10,877 [INFO] ThirdParty:1030 - CMSIS Pack Vendor :wolfSSL I-CUBE-wolfMQTT 1.19.2
2025-10-11 21:05:10,877 [INFO] ThirdParty:1030 - CMSIS Pack Vendor :STMicroelectronics USB_DEVICE 3.0.0
2025-10-11 21:05:10,877 [INFO] ThirdParty:1030 - CMSIS Pack Vendor :STMicroelectronics X-CUBE-ISPU 2.1.0
2025-10-11 21:05:10,877 [INFO] ThirdParty:1030 - CMSIS Pack Vendor :STMicroelectronics X-CUBE-EEPRMA1 5.2.0
2025-10-11 21:05:10,877 [INFO] ThirdParty:1030 - CMSIS Pack Vendor :STMicroelectronics X-CUBE-BLEMGR 4.1.0
2025-10-11 21:05:10,877 [INFO] ThirdParty:1030 - CMSIS Pack Vendor :STMicroelectronics X-CUBE-AZRTOS-WB 2.0.0
2025-10-11 21:05:10,877 [INFO] ThirdParty:1030 - CMSIS Pack Vendor :STMicroelectronics X-CUBE-ST60 1.0.0
2025-10-11 21:05:10,877 [INFO] ThirdParty:1030 - CMSIS Pack Vendor :STMicroelectronics X-CUBE-GNSS1 7.0.1
2025-10-11 21:05:10,877 [INFO] ThirdParty:1030 - CMSIS Pack Vendor :STMicroelectronics X-CUBE-NFC12 1.0.0
2025-10-11 21:05:10,877 [INFO] ThirdParty:1030 - CMSIS Pack Vendor :STMicroelectronics X-CUBE-AZRTOS-F7 1.1.0
2025-10-11 21:05:10,877 [INFO] ThirdParty:1030 - CMSIS Pack Vendor :STMicroelectronics X-CUBE-AZRTOS-L5 2.0.0
2025-10-11 21:05:10,877 [INFO] ThirdParty:1030 - CMSIS Pack Vendor :STMicroelectronics X-CUBE-TOUCHGFX 4.25.0
2025-10-11 21:05:10,877 [INFO] ThirdParty:1030 - CMSIS Pack Vendor :STMicroelectronics USB_DEVICE 2.0.0
2025-10-11 21:05:10,877 [INFO] ThirdParty:1030 - CMSIS Pack Vendor :STMicroelectronics X-CUBE-NFC6 3.1.0
2025-10-11 21:05:10,877 [INFO] ThirdParty:1030 - CMSIS Pack Vendor :quantropi X-CUBE-qispace-sdk-base 2.1.0
2025-10-11 21:05:10,877 [INFO] ThirdParty:1030 - CMSIS Pack Vendor :STMicroelectronics FreeRTOS 0.0.1
2025-10-11 21:05:10,877 [INFO] ThirdParty:1030 - CMSIS Pack Vendor :STMicroelectronics X-CUBE-AZRTOS-G0 1.1.0
2025-10-11 21:05:10,877 [INFO] ThirdParty:1030 - CMSIS Pack Vendor :STMicroelectronics X-CUBE-SAFEA1 1.2.2
2025-10-11 21:05:10,878 [INFO] ThirdParty:1030 - CMSIS Pack Vendor :STMicroelectronics X-CUBE-NFC4 3.0.0
2025-10-11 21:05:10,878 [INFO] ThirdParty:1030 - CMSIS Pack Vendor :STMicroelectronics X-CUBE-SUBG2 5.0.0
2025-10-11 21:05:10,878 [INFO] ThirdParty:1030 - CMSIS Pack Vendor :STMicroelectronics X-CUBE-AZRTOS-H7RS 1.1.0
2025-10-11 21:05:10,878 [INFO] ThirdParty:1030 - CMSIS Pack Vendor :STMicroelectronics STM32_WPAN 1.0.0
2025-10-11 21:05:10,878 [INFO] ThirdParty:1030 - CMSIS Pack Vendor :EmbeddedOffice I-CUBE-FS-RTOS 1.0.1
2025-10-11 21:05:10,878 [INFO] ThirdParty:1030 - CMSIS Pack Vendor :STMicroelectronics lwIP 2.0.3
2025-10-11 21:05:10,878 [INFO] ThirdParty:1030 - CMSIS Pack Vendor :WES I-CUBE-Cesium 1.4.0
2025-10-11 21:05:10,878 [INFO] ThirdParty:1030 - CMSIS Pack Vendor :Cesanta I-CUBE-Mongoose 7.13.0
2025-10-11 21:05:10,878 [INFO] ThirdParty:1030 - CMSIS Pack Vendor :STMicroelectronics USB_HOST 1.0.0
2025-10-11 21:05:10,878 [INFO] ThirdParty:1030 - CMSIS Pack Vendor :Infineon AIROC-Wi-Fi-Bluetooth-STM32 1.7.1
2025-10-11 21:05:10,878 [INFO] ThirdParty:1030 - CMSIS Pack Vendor :STMicroelectronics X-CUBE-AZRTOS-G4 2.0.0
2025-10-11 21:05:10,878 [INFO] ThirdParty:1030 - CMSIS Pack Vendor :STMicroelectronics X-CUBE-WB05N 2.0.0
2025-10-11 21:05:10,878 [INFO] ThirdParty:1030 - CMSIS Pack Vendor :STMicroelectronics PDM2PCM 3.1.0
2025-10-11 21:05:10,878 [INFO] ThirdParty:1030 - CMSIS Pack Vendor :STMicroelectronics PDM2PCM 3.3.0
2025-10-11 21:05:10,878 [INFO] ThirdParty:1030 - CMSIS Pack Vendor :wolfSSL I-CUBE-wolfTPM 3.8.0
2025-10-11 21:05:10,878 [INFO] ThirdParty:1030 - CMSIS Pack Vendor :STMicroelectronics X-CUBE-AZRTOS-H7 3.4.0
2025-10-11 21:05:10,878 [INFO] ThirdParty:1030 - CMSIS Pack Vendor :STMicroelectronics X-CUBE-DISPLAY 3.0.0
2025-10-11 21:05:10,878 [INFO] ThirdParty:1030 - CMSIS Pack Vendor :wolfSSL I-CUBE-wolfSSH 1.4.20
2025-10-11 21:05:10,878 [INFO] ThirdParty:1030 - CMSIS Pack Vendor :STMicroelectronics X-CUBE-NFC7 2.0.0
2025-10-11 21:05:10,878 [INFO] ThirdParty:1030 - CMSIS Pack Vendor :STMicroelectronics X-CUBE-TCPP 4.2.0
2025-10-11 21:05:10,878 [INFO] ThirdParty:1030 - CMSIS Pack Vendor :RealThread X-CUBE-RT-Thread_Nano 4.1.1
2025-10-11 21:05:10,878 [INFO] ThirdParty:1030 - CMSIS Pack Vendor :STMicroelectronics FP-ATR-SIGFOX1 3.2.0
2025-10-11 21:05:10,878 [INFO] ThirdParty:1030 - CMSIS Pack Vendor :STMicroelectronics X-CUBE-NFC10 1.0.0
2025-10-11 21:05:10,878 [INFO] ThirdParty:1030 - CMSIS Pack Vendor :STMicroelectronics X-CUBE-FREERTOS 1.3.1
2025-10-11 21:05:10,878 [INFO] ThirdParty:1030 - CMSIS Pack Vendor :STMicroelectronics HAL Drivers 0.0.0
2025-10-11 21:05:10,878 [INFO] ThirdParty:1030 - CMSIS Pack Vendor :STMicroelectronics MBEDTLS 2.16.2
2025-10-11 21:05:10,878 [INFO] ThirdParty:1030 - CMSIS Pack Vendor :STMicroelectronics X-CUBE-IPS 3.1.0
2025-10-11 21:05:10,878 [INFO] ThirdParty:1030 - CMSIS Pack Vendor :STMicroelectronics X-CUBE-ALS 1.0.2
2025-10-11 21:05:10,878 [INFO] ThirdParty:1030 - CMSIS Pack Vendor :emotas I-CUBE-CANOPEN 1.3.0
2025-10-11 21:05:10,878 [INFO] ThirdParty:1030 - CMSIS Pack Vendor :STMicroelectronics MBEDTLS 2.14.1
2025-10-11 21:05:10,878 [INFO] ThirdParty:1030 - CMSIS Pack Vendor :ITTIA_DB I-CUBE-ITTIADB 8.9.0
2025-10-11 21:05:10,878 [INFO] ThirdParty:1030 - CMSIS Pack Vendor :STMicroelectronics X-CUBE-TOUCHGFX 4.26.0
2025-10-11 21:05:10,878 [INFO] ThirdParty:1030 - CMSIS Pack Vendor :STMicroelectronics X-CUBE-STSE01 1.0.0
2025-10-11 21:05:10,878 [INFO] ThirdParty:1030 - CMSIS Pack Vendor :STMicroelectronics X-CUBE-ST67W61 1.0.0
2025-10-11 21:05:10,878 [INFO] ThirdParty:1030 - CMSIS Pack Vendor :STMicroelectronics FP-SNS-STBOX1 2.1.0
2025-10-11 21:05:10,878 [INFO] ThirdParty:1030 - CMSIS Pack Vendor :STMicroelectronics X-CUBE-AI 10.2.0
2025-10-11 21:05:10,878 [INFO] ThirdParty:1030 - CMSIS Pack Vendor :STMicroelectronics FP-SNS-STAIOTCFT 1.0.0
2025-10-11 21:05:10,878 [INFO] ThirdParty:1030 - CMSIS Pack Vendor :STMicroelectronics ThreadX 1.0.0
2025-10-11 21:05:10,878 [INFO] ThirdParty:1030 - CMSIS Pack Vendor :STMicroelectronics FP-SNS-SMARTAG2 1.2.0
2025-10-11 21:05:10,878 [INFO] ThirdParty:1030 - CMSIS Pack Vendor :STMicroelectronics FP-SNS-FLIGHT1 5.1.0
2025-10-11 21:05:10,878 [INFO] ThirdParty:1030 - CMSIS Pack Vendor :STMicroelectronics X-CUBE-AZRTOS-WL 2.0.0
2025-10-11 21:05:10,878 [INFO] ThirdParty:1030 - CMSIS Pack Vendor :SEGGER I-CUBE-embOS 1.3.1
2025-10-11 21:05:10,878 [INFO] ThirdParty:1030 - CMSIS Pack Vendor :STMicroelectronics X-CUBE-ALGOBUILD 1.4.0
2025-10-11 21:05:10,878 [INFO] ThirdParty:1030 - CMSIS Pack Vendor :STMicroelectronics X-CUBE-DPower 1.3.0
2025-10-11 21:05:10,878 [INFO] ThirdParty:1030 - CMSIS Pack Vendor :STMicroelectronics X-CUBE-MEMS1 11.3.0
2025-10-11 21:05:10,878 [INFO] ThirdParty:1030 - CMSIS Pack Vendor :STMicroelectronics FP-SNS-MOTENV1 5.0.0
2025-10-11 21:05:10,878 [INFO] ThirdParty:1030 - CMSIS Pack Vendor :STMicroelectronics USB_DEVICE 1.0.0
2025-10-11 21:05:10,878 [INFO] ThirdParty:1030 - CMSIS Pack Vendor :STMicroelectronics X-CUBE-AZRTOS-L4 2.0.0
2025-10-11 21:05:10,878 [INFO] ThirdParty:1030 - CMSIS Pack Vendor :STMicroelectronics ThreadX 0.0.2
2025-10-11 21:05:10,878 [INFO] ThirdParty:1030 - CMSIS Pack Vendor :STMicroelectronics lwIP 2.1.2
2025-10-11 21:05:10,878 [INFO] ThirdParty:1030 - CMSIS Pack Vendor :STMicroelectronics X-CUBE-SFXS2LP1 4.0.0
2025-10-11 21:05:10,878 [INFO] ThirdParty:1030 - CMSIS Pack Vendor :STMicroelectronics X-CUBE-BLE2 3.3.0
2025-10-11 21:05:10,878 [INFO] ThirdParty:1030 - CMSIS Pack Vendor :STMicroelectronics X-CUBE-TOF1 3.4.3
2025-10-11 21:05:10,878 [INFO] ThirdParty:1030 - CMSIS Pack Vendor :STMicroelectronics PDM2PCM 3.2.0
2025-10-11 21:05:10,878 [INFO] ThirdParty:841 - exiting critical section [change project]
2025-10-11 21:05:11,087 [INFO] PinOutPanel:1589 - setPackage(No Configuration,No Configuration)
2025-10-11 21:05:11,088 [INFO] PinOutPanel:1589 - setPackage(STM32F407VGTx,LQFP100)
2025-10-11 21:05:11,317 [INFO] UtilMem:75 - Before build in PCC Used Memory: 566658112 Bytes (1073741824)
2025-10-11 21:05:11,613 [INFO] UtilMem:75 - After build in PCC Used Memory: 675183680 Bytes (1073741824)
2025-10-11 21:05:11,647 [INFO] ApiDbMcu:532 - Load IP Config File for USB_HOST
2025-10-11 21:05:11,648 [WARN] BspModel:444 - BSP dependency skipped because of component: name='IOExpander', api='Unknown'
2025-10-11 21:05:11,670 [INFO] IPUIPlugin:80 - create IPUIPlugin
2025-10-11 21:05:11,670 [INFO] IPUIPlugin:80 - create IPUIPlugin
2025-10-11 21:05:11,671 [INFO] IPUIPlugin:80 - create IPUIPlugin
2025-10-11 21:05:11,671 [INFO] IPUIPlugin:80 - create IPUIPlugin
2025-10-11 21:05:11,671 [INFO] IPUIPlugin:80 - create IPUIPlugin
2025-10-11 21:05:11,671 [INFO] IPUIPlugin:80 - create IPUIPlugin
2025-10-11 21:05:11,671 [INFO] IPUIPlugin:80 - create IPUIPlugin
2025-10-11 21:05:11,671 [INFO] IPUIPlugin:80 - create IPUIPlugin
2025-10-11 21:05:11,671 [INFO] IPUIPlugin:80 - create IPUIPlugin
2025-10-11 21:05:11,671 [INFO] IPUIPlugin:80 - create IPUIPlugin
2025-10-11 21:05:11,671 [INFO] IPUIPlugin:80 - create IPUIPlugin
2025-10-11 21:05:11,671 [INFO] IPUIPlugin:80 - create IPUIPlugin
2025-10-11 21:05:11,671 [INFO] IPUIPlugin:80 - create IPUIPlugin
2025-10-11 21:05:11,671 [INFO] IPUIPlugin:80 - create IPUIPlugin
2025-10-11 21:05:11,672 [INFO] IPUIPlugin:80 - create IPUIPlugin
2025-10-11 21:05:11,672 [INFO] IPUIPlugin:80 - create IPUIPlugin
2025-10-11 21:05:11,672 [INFO] IPUIPlugin:80 - create IPUIPlugin
2025-10-11 21:05:11,672 [INFO] IPUIPlugin:80 - create IPUIPlugin
2025-10-11 21:05:11,672 [INFO] IPUIPlugin:80 - create IPUIPlugin
2025-10-11 21:05:11,672 [INFO] IPUIPlugin:80 - create IPUIPlugin
2025-10-11 21:05:11,672 [INFO] IPUIPlugin:80 - create IPUIPlugin
2025-10-11 21:05:11,672 [INFO] IPUIPlugin:80 - create IPUIPlugin
2025-10-11 21:05:11,672 [INFO] IPUIPlugin:80 - create IPUIPlugin
2025-10-11 21:05:11,673 [INFO] IPUIPlugin:80 - create IPUIPlugin
2025-10-11 21:05:11,673 [INFO] IPUIPlugin:80 - create IPUIPlugin
2025-10-11 21:05:11,673 [INFO] IPUIPlugin:80 - create IPUIPlugin
2025-10-11 21:05:11,673 [INFO] IPUIPlugin:80 - create IPUIPlugin
2025-10-11 21:05:11,673 [INFO] IPUIPlugin:80 - create IPUIPlugin
2025-10-11 21:05:11,673 [INFO] IPUIPlugin:80 - create IPUIPlugin
2025-10-11 21:05:11,673 [INFO] IPUIPlugin:80 - create IPUIPlugin
2025-10-11 21:05:11,673 [INFO] IPUIPlugin:80 - create IPUIPlugin
2025-10-11 21:05:11,673 [INFO] IPUIPlugin:80 - create IPUIPlugin
2025-10-11 21:05:11,673 [INFO] IPUIPlugin:80 - create IPUIPlugin
2025-10-11 21:05:11,673 [INFO] IPUIPlugin:80 - create IPUIPlugin
2025-10-11 21:05:11,673 [INFO] IPUIPlugin:80 - create IPUIPlugin
2025-10-11 21:05:11,673 [INFO] IPUIPlugin:80 - create IPUIPlugin
2025-10-11 21:05:11,674 [INFO] IPUIPlugin:80 - create IPUIPlugin
2025-10-11 21:05:11,674 [INFO] IPUIPlugin:80 - create IPUIPlugin
2025-10-11 21:05:11,674 [INFO] IPUIPlugin:80 - create IPUIPlugin
2025-10-11 21:05:11,674 [INFO] IPUIPlugin:80 - create IPUIPlugin
2025-10-11 21:05:11,674 [INFO] IPUIPlugin:80 - create IPUIPlugin
2025-10-11 21:05:11,674 [INFO] IPUIPlugin:80 - create IPUIPlugin
2025-10-11 21:05:11,674 [INFO] IPUIPlugin:80 - create IPUIPlugin
2025-10-11 21:05:11,674 [INFO] IPUIPlugin:80 - create IPUIPlugin
2025-10-11 21:05:11,674 [INFO] IPUIPlugin:80 - create IPUIPlugin
2025-10-11 21:05:11,674 [INFO] IPUIPlugin:80 - create IPUIPlugin
2025-10-11 21:05:11,674 [INFO] IPUIPlugin:80 - create IPUIPlugin
2025-10-11 21:05:11,674 [INFO] IPUIPlugin:80 - create IPUIPlugin
2025-10-11 21:05:11,674 [INFO] IPUIPlugin:80 - create IPUIPlugin
2025-10-11 21:05:11,674 [INFO] IPUIPlugin:80 - create IPUIPlugin
2025-10-11 21:05:11,674 [INFO] IPUIPlugin:80 - create IPUIPlugin
2025-10-11 21:05:11,674 [INFO] IPUIPlugin:80 - create IPUIPlugin
2025-10-11 21:05:11,674 [INFO] IPUIPlugin:80 - create IPUIPlugin
2025-10-11 21:05:11,675 [INFO] IPUIPlugin:80 - create IPUIPlugin
2025-10-11 21:05:11,675 [INFO] IPUIPlugin:80 - create IPUIPlugin
2025-10-11 21:05:11,675 [INFO] IPUIPlugin:80 - create IPUIPlugin
2025-10-11 21:05:11,675 [INFO] IPUIPlugin:80 - create IPUIPlugin
2025-10-11 21:05:11,676 [INFO] IPUIPlugin:80 - create IPUIPlugin
2025-10-11 21:05:11,679 [INFO] ApiDbMcu:532 - Load IP Config File for PDM2PCM
2025-10-11 21:05:11,683 [WARN] IP:2250 - I2C_Coeff_DF not found: check if there is a RefParameter without a condition.
2025-10-11 21:05:11,683 [WARN] IP:2250 - Analog_Filter not found: check if there is a RefParameter without a condition.
2025-10-11 21:05:11,689 [INFO] I2sManager:658 - 9.6E7
2025-10-11 21:05:11,689 [INFO] I2sManager:195 - I2S Clock Value : 9.6E7
2025-10-11 21:05:11,690 [INFO] I2sManager:553 - AudioClock : 93750Divider : 2Odd : 0
2025-10-11 21:05:11,787 [INFO] CADModel:165 - CPN selected for project levelSTM32F407VGT6
2025-10-11 21:05:11,787 [INFO] CADModel:114 - Register for checkConnection events
2025-10-11 21:05:11,868 [INFO] OpenFileManager:386 - Restore cursor
2025-10-11 21:05:11,989 [WARN] IP:2250 - I2C_Coeff_DF not found: check if there is a RefParameter without a condition.
2025-10-11 21:05:11,989 [WARN] IP:2250 - Analog_Filter not found: check if there is a RefParameter without a condition.
2025-10-11 21:05:11,989 [WARN] IP:2250 - I2C_Coeff_DF not found: check if there is a RefParameter without a condition.
2025-10-11 21:05:11,989 [WARN] IP:2250 - Analog_Filter not found: check if there is a RefParameter without a condition.
2025-10-11 21:05:12,194 [INFO] UtilMem:75 - End SaveConfig() Used Memory: 854490176 Bytes (1073741824)
2025-10-11 21:05:12,228 [INFO] UtilMem:75 - End SaveConfig() Used Memory: 875461696 Bytes (1073741824)
2025-10-11 21:05:12,561 [INFO] BlockDiagram:2775 - set Specific Code input for plugin: SPI
2025-10-11 21:05:12,562 [INFO] BlockDiagram:2775 - set Specific Code input for plugin: I2S
2025-10-11 21:05:12,562 [INFO] BlockDiagram:2775 - set Specific Code input for plugin: SYS
2025-10-11 21:05:12,562 [INFO] BlockDiagram:2775 - set Specific Code input for plugin: RCC
2025-10-11 21:05:12,562 [INFO] BlockDiagram:2775 - set Specific Code input for plugin: I2C
2025-10-11 21:05:12,562 [INFO] BlockDiagram:2775 - set Specific Code input for plugin: USB_OTG_FS
2025-10-11 21:05:12,562 [INFO] BlockDiagram:2775 - set Specific Code input for plugin: NVIC
2025-10-11 21:05:12,562 [INFO] BlockDiagram:2775 - set Specific Code input for plugin: USB_HOST
2025-10-11 21:05:12,562 [INFO] BlockDiagram:2775 - set Specific Code input for plugin: GPIO
2025-10-11 21:05:12,563 [INFO] CodeGenerator:892 - code generatio: config db path: /opt/st/stm32cubeide_1.19.0/plugins/com.st.stm32cube.common.mx_6.15.0.202507011659//db/
2025-10-11 21:05:12,567 [WARN] IP:2250 - I2C_Coeff_DF not found: check if there is a RefParameter without a condition.
2025-10-11 21:05:12,567 [WARN] IP:2250 - Analog_Filter not found: check if there is a RefParameter without a condition.
2025-10-11 21:05:12,685 [INFO] CodeEngine:265 - oldGeneratedFile, /home/oleksii/STM32CubeIDE/workspace_1.19.0/workspace_embedded/Lab2_screen/MXTmpFiles/license.tmp_save
2025-10-11 21:05:12,885 [INFO] CodeEngine:289 - Generated code: /home/oleksii/STM32CubeIDE/workspace_1.19.0/workspace_embedded/Lab2_screen/MXTmpFiles/license.tmp
2025-10-11 21:05:12,934 [INFO] CodeEngine:265 - oldGeneratedFile, /home/oleksii/STM32CubeIDE/workspace_1.19.0/workspace_embedded/Lab2_screen/MXTmpFiles/gpio.tmp_save
2025-10-11 21:05:13,038 [INFO] CodeEngine:289 - Generated code: /home/oleksii/STM32CubeIDE/workspace_1.19.0/workspace_embedded/Lab2_screen/MXTmpFiles/gpio.tmp
2025-10-11 21:05:13,116 [WARN] IPConfigManager:3238 - Warning: the RefConfig PWREx_EnableUSBVoltageDetector is not available in your config.xml file
2025-10-11 21:05:13,120 [INFO] CodeEngine:265 - oldGeneratedFile, /home/oleksii/STM32CubeIDE/workspace_1.19.0/workspace_embedded/Lab2_screen/MXTmpFiles/usb_otg_fs_vars.tmp_save
2025-10-11 21:05:13,171 [INFO] CodeEngine:289 - Generated code: /home/oleksii/STM32CubeIDE/workspace_1.19.0/workspace_embedded/Lab2_screen/MXTmpFiles/usb_otg_fs_vars.tmp
2025-10-11 21:05:13,172 [INFO] CodeEngine:265 - oldGeneratedFile, /home/oleksii/STM32CubeIDE/workspace_1.19.0/workspace_embedded/Lab2_screen/MXTmpFiles/usb_otg_fs_inc.tmp_save
2025-10-11 21:05:13,215 [INFO] CodeEngine:289 - Generated code: /home/oleksii/STM32CubeIDE/workspace_1.19.0/workspace_embedded/Lab2_screen/MXTmpFiles/usb_otg_fs_inc.tmp
2025-10-11 21:05:13,215 [INFO] CodeEngine:265 - oldGeneratedFile, /home/oleksii/STM32CubeIDE/workspace_1.19.0/workspace_embedded/Lab2_screen/MXTmpFiles/usb_otg_fs_HalInit.tmp_save
2025-10-11 21:05:13,267 [INFO] CodeEngine:289 - Generated code: /home/oleksii/STM32CubeIDE/workspace_1.19.0/workspace_embedded/Lab2_screen/MXTmpFiles/usb_otg_fs_HalInit.tmp
2025-10-11 21:05:13,268 [INFO] CodeEngine:265 - oldGeneratedFile, /home/oleksii/STM32CubeIDE/workspace_1.19.0/workspace_embedded/Lab2_screen/MXTmpFiles/usb_otg_fs_Msp.tmp_save
2025-10-11 21:05:13,323 [INFO] CodeEngine:289 - Generated code: /home/oleksii/STM32CubeIDE/workspace_1.19.0/workspace_embedded/Lab2_screen/MXTmpFiles/usb_otg_fs_Msp.tmp
2025-10-11 21:05:13,464 [INFO] CodeEngine:265 - oldGeneratedFile, /home/oleksii/STM32CubeIDE/workspace_1.19.0/workspace_embedded/Lab2_screen/USB_HOST/App/usb_host.c_save
2025-10-11 21:05:13,508 [INFO] CodeEngine:289 - Generated code: /home/oleksii/STM32CubeIDE/workspace_1.19.0/workspace_embedded/Lab2_screen/USB_HOST/App/usb_host.c
2025-10-11 21:05:13,509 [INFO] CodeEngine:265 - oldGeneratedFile, /home/oleksii/STM32CubeIDE/workspace_1.19.0/workspace_embedded/Lab2_screen/USB_HOST/App/usb_host.h_save
2025-10-11 21:05:13,548 [INFO] CodeEngine:289 - Generated code: /home/oleksii/STM32CubeIDE/workspace_1.19.0/workspace_embedded/Lab2_screen/USB_HOST/App/usb_host.h
2025-10-11 21:05:13,549 [INFO] CodeEngine:265 - oldGeneratedFile, /home/oleksii/STM32CubeIDE/workspace_1.19.0/workspace_embedded/Lab2_screen/USB_HOST/Target/usbh_conf.h_save
2025-10-11 21:05:13,598 [INFO] CodeEngine:289 - Generated code: /home/oleksii/STM32CubeIDE/workspace_1.19.0/workspace_embedded/Lab2_screen/USB_HOST/Target/usbh_conf.h
2025-10-11 21:05:13,599 [INFO] CodeEngine:265 - oldGeneratedFile, /home/oleksii/STM32CubeIDE/workspace_1.19.0/workspace_embedded/Lab2_screen/USB_HOST/Target/usbh_conf.c_save
2025-10-11 21:05:13,639 [INFO] CodeEngine:289 - Generated code: /home/oleksii/STM32CubeIDE/workspace_1.19.0/workspace_embedded/Lab2_screen/USB_HOST/Target/usbh_conf.c
2025-10-11 21:05:13,639 [INFO] CodeEngine:265 - oldGeneratedFile, /home/oleksii/STM32CubeIDE/workspace_1.19.0/workspace_embedded/Lab2_screen/USB_HOST/Target/usbh_platform.c_save
2025-10-11 21:05:13,676 [INFO] CodeEngine:289 - Generated code: /home/oleksii/STM32CubeIDE/workspace_1.19.0/workspace_embedded/Lab2_screen/USB_HOST/Target/usbh_platform.c
2025-10-11 21:05:13,677 [INFO] CodeEngine:265 - oldGeneratedFile, /home/oleksii/STM32CubeIDE/workspace_1.19.0/workspace_embedded/Lab2_screen/USB_HOST/Target/usbh_platform.h_save
2025-10-11 21:05:13,713 [INFO] CodeEngine:289 - Generated code: /home/oleksii/STM32CubeIDE/workspace_1.19.0/workspace_embedded/Lab2_screen/USB_HOST/Target/usbh_platform.h
2025-10-11 21:05:13,718 [INFO] CodeEngine:265 - oldGeneratedFile, /home/oleksii/STM32CubeIDE/workspace_1.19.0/workspace_embedded/Lab2_screen/Core/Src/stm32f4xx_it.c_save
2025-10-11 21:05:13,767 [INFO] CodeEngine:289 - Generated code: /home/oleksii/STM32CubeIDE/workspace_1.19.0/workspace_embedded/Lab2_screen/Core/Src/stm32f4xx_it.c
2025-10-11 21:05:13,768 [INFO] CodeEngine:265 - oldGeneratedFile, /home/oleksii/STM32CubeIDE/workspace_1.19.0/workspace_embedded/Lab2_screen/Core/Inc/stm32f4xx_it.h_save
2025-10-11 21:05:13,823 [INFO] CodeEngine:289 - Generated code: /home/oleksii/STM32CubeIDE/workspace_1.19.0/workspace_embedded/Lab2_screen/Core/Inc/stm32f4xx_it.h
2025-10-11 21:05:13,830 [INFO] CodeEngine:265 - oldGeneratedFile, /home/oleksii/STM32CubeIDE/workspace_1.19.0/workspace_embedded/Lab2_screen/Core/Src/stm32f4xx_hal_msp.c_save
2025-10-11 21:05:13,899 [INFO] CodeEngine:289 - Generated code: /home/oleksii/STM32CubeIDE/workspace_1.19.0/workspace_embedded/Lab2_screen/Core/Src/stm32f4xx_hal_msp.c
2025-10-11 21:05:13,900 [INFO] CodeEngine:265 - oldGeneratedFile, /home/oleksii/STM32CubeIDE/workspace_1.19.0/workspace_embedded/Lab2_screen/MXTmpFiles/system.tmp_save
2025-10-11 21:05:13,936 [INFO] CodeEngine:289 - Generated code: /home/oleksii/STM32CubeIDE/workspace_1.19.0/workspace_embedded/Lab2_screen/MXTmpFiles/system.tmp
2025-10-11 21:05:13,938 [INFO] CodeEngine:321 - oldGeneratedFile, /home/oleksii/STM32CubeIDE/workspace_1.19.0/workspace_embedded/Lab2_screen/Core/Inc/stm32f4xx_hal_conf.h_save
2025-10-11 21:05:13,979 [INFO] CodeEngine:345 - Generated code: /home/oleksii/STM32CubeIDE/workspace_1.19.0/workspace_embedded/Lab2_screen/Core/Inc/stm32f4xx_hal_conf.h
2025-10-11 21:05:13,997 [INFO] ApiDbMcu:532 - Load IP Config File for I2C1
2025-10-11 21:05:13,998 [INFO] ApiDbMcu:532 - Load IP Config File for I2S3
2025-10-11 21:05:13,999 [INFO] ApiDbMcu:532 - Load IP Config File for SPI1
2025-10-11 21:05:14,001 [INFO] ApiDbMcu:532 - Load IP Config File for RCC
2025-10-11 21:05:14,005 [INFO] CodeEngine:265 - oldGeneratedFile, /home/oleksii/STM32CubeIDE/workspace_1.19.0/workspace_embedded/Lab2_screen/Core/Inc/main.h_save
2025-10-11 21:05:14,054 [INFO] CodeEngine:289 - Generated code: /home/oleksii/STM32CubeIDE/workspace_1.19.0/workspace_embedded/Lab2_screen/Core/Inc/main.h
2025-10-11 21:05:14,055 [INFO] CodeEngine:265 - oldGeneratedFile, /home/oleksii/STM32CubeIDE/workspace_1.19.0/workspace_embedded/Lab2_screen/Core/Src/main.c_save
2025-10-11 21:05:14,131 [INFO] CodeEngine:289 - Generated code: /home/oleksii/STM32CubeIDE/workspace_1.19.0/workspace_embedded/Lab2_screen/Core/Src/main.c
2025-10-11 21:05:14,283 [INFO] ProjectBuilder:3606 - Time for Copy HAL[1] : 14mS.
2025-10-11 21:05:14,287 [INFO] ProjectBuilder:5216 - Project Generator version: 4.7.0-B52
2025-10-11 21:05:14,348 [INFO] ConfigFileManager:1595 - The Die is : DIE413
2025-10-11 21:05:14,349 [INFO] ApiDbMcu:532 - Load IP Config File for FATFS
2025-10-11 21:05:14,352 [INFO] ApiDbMcu:532 - Load IP Config File for FREERTOS
2025-10-11 21:05:14,352 [INFO] ApiDbMcu:532 - Load IP Config File for LIBJPEG
2025-10-11 21:05:14,356 [INFO] ApiDbMcu:532 - Load IP Config File for LWIP
2025-10-11 21:05:14,360 [INFO] ApiDbMcu:532 - Load IP Config File for MBEDTLS
2025-10-11 21:05:14,365 [INFO] ApiDbMcu:532 - Load IP Config File for USB_DEVICE
2025-10-11 21:05:14,580 [INFO] LogOutputStream:77 - [STDOUT_REDIRECT] 
2025-10-11 21:05:15,501 [INFO] ProjectBuilder:5496 - Time for Generating toolchain IDE Files: 1214mS.
2025-10-11 21:05:15,502 [INFO] ProjectBuilder:3463 - Time for Copy CMSIS : 1mS.
2025-10-11 21:05:15,502 [INFO] ProjectBuilder:3463 - Time for Copy CMSIS : 0mS.
2025-10-11 21:05:15,999 [INFO] McuFinderGlobals:76 - Set McuFinderConnectedMode to true
2025-10-11 21:05:16,002 [INFO] ApiDb:448 - Save user favorites file /home/oleksii/.stm32cubeide/favorites.mcus.txt: 0 item(s)
2025-10-11 21:05:16,002 [INFO] ApiDb:452 - User favorites MCUs=[]
2025-10-11 21:05:16,003 [INFO] ApiDb:448 - Save user favorites file /home/oleksii/.stm32cubeide/favorites.boards.txt: 0 item(s)
2025-10-11 21:05:16,003 [INFO] ApiDb:452 - User favorites Boards=[]
2025-10-11 21:07:20,842 [ERROR] LogOutputStream:75 - [STDERR_REDIRECT] 
2025-10-11 21:07:57,890 [INFO] Activator:176 - 


2025-10-11 21:07:57,891 [INFO] Activator:177 - !SESSION log4j initialized
2025-10-11 21:08:00,580 [INFO] LogOutputStream:77 - [STDOUT_REDIRECT] 
2025-10-11 21:08:05,960 [INFO] ApplicationProperties:184 - Using Application install path: /opt/st/stm32cubeide_1.19.0/plugins/com.st.stm32cube.common.mx_6.15.0.202507011659
2025-10-11 21:08:05,969 [INFO] DbMcusXml:78 - Set database path to: /opt/st/stm32cubeide_1.19.0/plugins/com.st.stm32cube.common.mx_6.15.0.202507011659//db//mcu/
2025-10-11 21:08:05,969 [INFO] ApiDb:274 - Set plugin database path to: /opt/st/stm32cubeide_1.19.0/plugins/com.st.stm32cube.common.mx_6.15.0.202507011659//db//plugins/boardmanager/
2025-10-11 21:08:05,969 [WARN] ApiDb:259 - Overriding images path with different value:  => /opt/st/stm32cubeide_1.19.0/plugins/com.st.stm32cube.common.mx_6.15.0.202507011659//db//plugins/mcufinder/images/
2025-10-11 21:08:05,971 [INFO] ApiDb:250 - Set database path to: /home/oleksii/.stmcufinder/plugins/mcufinder//mcu/
2025-10-11 21:08:05,972 [INFO] DbMcusAds:125 - Set database path to: /home/oleksii/.stmcufinder/plugins/mcufinder//mcu/
2025-10-11 21:08:05,973 [INFO] CrossReferenceDbSqlite:203 - Set database path to: /home/oleksii/.stmcufinder/plugins/mcufinder//mcu/cs/
2025-10-11 21:08:06,030 [INFO] RulesReader:64 - Compatibility file has been processed (317 Rules)
2025-10-11 21:08:06,062 [INFO] DbMcusXml:78 - Set database path to: /opt/st/stm32cubeide_1.19.0/plugins/com.st.stm32cube.common.mx_6.15.0.202507011659//db//mcu/
2025-10-11 21:08:06,062 [INFO] ApiDb:274 - Set plugin database path to: /opt/st/stm32cubeide_1.19.0/plugins/com.st.stm32cube.common.mx_6.15.0.202507011659//db//plugins/boardmanager/
2025-10-11 21:08:06,062 [INFO] ApiDb:261 - Set plugin images path to: /opt/st/stm32cubeide_1.19.0/plugins/com.st.stm32cube.common.mx_6.15.0.202507011659//db//plugins/mcufinder/images/
2025-10-11 21:08:06,062 [WARN] DbFile:41 - Overriding database path with different value: /home/oleksii/.stmcufinder/plugins/mcufinder/ => /home/oleksii/.stmcufinder/plugins/mcufinder
2025-10-11 21:08:06,062 [INFO] ApiDb:250 - Set database path to: /home/oleksii/.stmcufinder/plugins/mcufinder//mcu/
2025-10-11 21:08:06,063 [WARN] DbFile:41 - Overriding database path with different value: /home/oleksii/.stmcufinder/plugins/mcufinder/ => /home/oleksii/.stmcufinder/plugins/mcufinder
2025-10-11 21:08:06,063 [INFO] DbMcusAds:125 - Set database path to: /home/oleksii/.stmcufinder/plugins/mcufinder//mcu/
2025-10-11 21:08:06,063 [WARN] DbFile:41 - Overriding database path with different value: /home/oleksii/.stmcufinder/plugins/mcufinder/ => /home/oleksii/.stmcufinder/plugins/mcufinder
2025-10-11 21:08:06,063 [WARN] DbFile:41 - Overriding database path with different value: /home/oleksii/.stmcufinder/plugins/mcufinder/ => /home/oleksii/.stmcufinder/plugins/mcufinder
2025-10-11 21:08:06,063 [INFO] CrossReferenceDbSqlite:203 - Set database path to: /home/oleksii/.stmcufinder/plugins/mcufinder//mcu/cs/
2025-10-11 21:08:06,093 [INFO] MainPanel:274 - HeapMemory: 268435456
2025-10-11 21:08:06,153 [INFO] DbMcusXml:78 - Set database path to: /opt/st/stm32cubeide_1.19.0/plugins/com.st.stm32cube.common.mx_6.15.0.202507011659//db//mcu/
2025-10-11 21:08:06,153 [INFO] ApiDb:274 - Set plugin database path to: /opt/st/stm32cubeide_1.19.0/plugins/com.st.stm32cube.common.mx_6.15.0.202507011659//db//plugins/boardmanager/
2025-10-11 21:08:06,153 [INFO] ApiDb:261 - Set plugin images path to: /opt/st/stm32cubeide_1.19.0/plugins/com.st.stm32cube.common.mx_6.15.0.202507011659//db//plugins/mcufinder/images/
2025-10-11 21:08:06,154 [WARN] DbFile:41 - Overriding database path with different value: /home/oleksii/.stmcufinder/plugins/mcufinder/ => /home/oleksii/.stmcufinder/plugins/mcufinder
2025-10-11 21:08:06,154 [INFO] ApiDb:250 - Set database path to: /home/oleksii/.stmcufinder/plugins/mcufinder//mcu/
2025-10-11 21:08:06,154 [WARN] DbFile:41 - Overriding database path with different value: /home/oleksii/.stmcufinder/plugins/mcufinder/ => /home/oleksii/.stmcufinder/plugins/mcufinder
2025-10-11 21:08:06,154 [INFO] DbMcusAds:125 - Set database path to: /home/oleksii/.stmcufinder/plugins/mcufinder//mcu/
2025-10-11 21:08:06,154 [WARN] DbFile:41 - Overriding database path with different value: /home/oleksii/.stmcufinder/plugins/mcufinder/ => /home/oleksii/.stmcufinder/plugins/mcufinder
2025-10-11 21:08:06,154 [WARN] DbFile:41 - Overriding database path with different value: /home/oleksii/.stmcufinder/plugins/mcufinder/ => /home/oleksii/.stmcufinder/plugins/mcufinder
2025-10-11 21:08:06,154 [INFO] CrossReferenceDbSqlite:203 - Set database path to: /home/oleksii/.stmcufinder/plugins/mcufinder//mcu/cs/
2025-10-11 21:08:06,162 [INFO] ApplicationProperties:184 - Using Application install path: /opt/st/stm32cubeide_1.19.0/plugins/com.st.stm32cube.common.mx_6.15.0.202507011659
2025-10-11 21:08:06,163 [INFO] PluginManage:196 - Search for loadable plugins [exclusion list=, ]
2025-10-11 21:08:06,163 [INFO] PluginManage:310 - Check plugin analytics
2025-10-11 21:08:06,243 [INFO] AnalyticsPlugin:253 - Accepted Software Licenses: 
2025-10-11 21:08:06,243 [INFO] AnalyticsPlugin:255 - Accepted CMSIS Pack Licenses: 
2025-10-11 21:08:06,243 [INFO] AnalyticsPlugin:257 - Accepted Firmware Licenses: FW.F4.1.28.0
2025-10-11 21:08:06,245 [INFO] PluginManage:359 - Loaded plugin analytics (category:tool,tabindex:-1)
2025-10-11 21:08:06,245 [INFO] PluginManage:310 - Check plugin cadmodel
2025-10-11 21:08:06,247 [INFO] CADModel:105 - Init CAD model plugin
2025-10-11 21:08:06,247 [INFO] PluginManage:359 - Loaded plugin cadmodel (category:power,tabindex:5)
2025-10-11 21:08:06,247 [INFO] PluginManage:310 - Check plugin clock
2025-10-11 21:08:06,252 [INFO] PluginManage:359 - Loaded plugin clock (category:base,tabindex:2)
2025-10-11 21:08:06,252 [INFO] PluginManage:310 - Check plugin ddr
2025-10-11 21:08:06,253 [INFO] PluginManage:359 - Loaded plugin ddr (category:tool,tabindex:6)
2025-10-11 21:08:06,253 [INFO] PluginManage:310 - Check plugin filemanager
2025-10-11 21:08:06,325 [INFO] PluginManage:359 - Loaded plugin filemanager (category:base,tabindex:10)
2025-10-11 21:08:06,326 [INFO] PluginManage:310 - Check plugin ipmanager
2025-10-11 21:08:06,328 [INFO] PluginManage:359 - Loaded plugin ipmanager (category:base,tabindex:5)
2025-10-11 21:08:06,328 [INFO] PluginManage:310 - Check plugin lpbam
2025-10-11 21:08:06,333 [INFO] PluginManage:359 - Loaded plugin lpbam (category:base,tabindex:0)
2025-10-11 21:08:06,333 [INFO] PluginManage:310 - Check plugin memorymap
2025-10-11 21:08:06,338 [INFO] PluginManage:359 - Loaded plugin memorymap (category:base,tabindex:4)
2025-10-11 21:08:06,338 [INFO] PluginManage:310 - Check plugin pinoutandconfiguration
2025-10-11 21:08:06,342 [INFO] PluginManage:359 - Loaded plugin pinoutandconfiguration (category:base,tabindex:1)
2025-10-11 21:08:06,342 [INFO] PluginManage:310 - Check plugin pinoutconfig
2025-10-11 21:08:06,386 [WARN] SupportedApi:132 - Cannot load RTOS API schema: s4s-elt-must-match.1: The content of 'definitions' must match (annotation?, (simpleType | complexType)?, (unique | key | keyref)*)). A problem was found starting at: attribute.
2025-10-11 21:08:06,452 [INFO] PluginManage:359 - Loaded plugin pinoutconfig (category:base,tabindex:0)
2025-10-11 21:08:06,452 [INFO] PluginManage:310 - Check plugin power
2025-10-11 21:08:06,456 [INFO] PluginManage:359 - Loaded plugin power (category:power,tabindex:4)
2025-10-11 21:08:06,456 [INFO] PluginManage:310 - Check plugin projectmanager
2025-10-11 21:08:06,464 [INFO] PluginManage:359 - Loaded plugin projectmanager (category:projectmanager,tabindex:4)
2025-10-11 21:08:06,464 [INFO] PluginManage:310 - Check plugin rif
2025-10-11 21:08:06,469 [INFO] PluginManage:359 - Loaded plugin rif (category:base,tabindex:3)
2025-10-11 21:08:06,469 [INFO] PluginManage:310 - Check plugin thirdparty
2025-10-11 21:08:06,530 [INFO] PluginManage:359 - Loaded plugin thirdparty (category:base,tabindex:-1)
2025-10-11 21:08:06,530 [WARN] IntegrityCheckThread:84 - waiting for thirdparty lock release [integrity check]
2025-10-11 21:08:06,530 [INFO] IntegrityCheckThread:86 - entering critical section [integrity check]
2025-10-11 21:08:06,530 [INFO] PluginManage:310 - Check plugin tools
2025-10-11 21:08:06,530 [INFO] ThirdPartyUpdaterWithRetryManager:70 - Updater plugin not ready yet. [1/15]
2025-10-11 21:08:06,531 [INFO] PluginManage:359 - Loaded plugin tools (category:base,tabindex:7)
2025-10-11 21:08:06,532 [INFO] PluginManage:310 - Check plugin tutovideos
2025-10-11 21:08:06,640 [INFO] PluginManage:359 - Loaded plugin tutovideos (category:base,tabindex:-1)
2025-10-11 21:08:06,640 [INFO] PluginManage:310 - Check plugin updater
2025-10-11 21:08:06,652 [INFO] PluginManage:359 - Loaded plugin updater (category:base,tabindex:12)
2025-10-11 21:08:06,652 [INFO] PluginManage:310 - Check plugin userauth
2025-10-11 21:08:06,654 [INFO] UserAuth:118 - Init User Auth plugin
2025-10-11 21:08:06,655 [INFO] PluginManage:359 - Loaded plugin userauth (category:base,tabindex:14)
2025-10-11 21:08:06,655 [INFO] PluginManage:283 - PluginManage : Loaded plugins [18]
2025-10-11 21:08:06,750 [INFO] PinOutPanel:1589 - setPackage(No Configuration,No Configuration)
2025-10-11 21:08:06,787 [INFO] CADModel:165 - CPN selected for project level
2025-10-11 21:08:06,787 [INFO] CADModel:114 - Register for checkConnection events
2025-10-11 21:08:06,791 [INFO] IPUIPlugin:80 - create IPUIPlugin
2025-10-11 21:08:06,792 [INFO] PluginManager:220 - loadIPPluginJar : add radio
2025-10-11 21:08:06,794 [INFO] IPUIPlugin:80 - create IPUIPlugin
2025-10-11 21:08:06,794 [INFO] PluginManager:220 - loadIPPluginJar : add spi
2025-10-11 21:08:06,794 [INFO] IPUIPlugin:80 - create IPUIPlugin
2025-10-11 21:08:06,794 [INFO] PluginManager:220 - loadIPPluginJar : add tsc
2025-10-11 21:08:06,797 [INFO] IPUIPlugin:80 - create IPUIPlugin
2025-10-11 21:08:06,797 [INFO] PluginManager:220 - loadIPPluginJar : add fmc
2025-10-11 21:08:06,798 [INFO] IPUIPlugin:80 - create IPUIPlugin
2025-10-11 21:08:06,798 [INFO] PluginManager:220 - loadIPPluginJar : add hash
2025-10-11 21:08:06,799 [INFO] IPUIPlugin:80 - create IPUIPlugin
2025-10-11 21:08:06,799 [INFO] PluginManager:220 - loadIPPluginJar : add extmemmanager
2025-10-11 21:08:06,800 [INFO] IPUIPlugin:80 - create IPUIPlugin
2025-10-11 21:08:06,800 [INFO] PluginManager:220 - loadIPPluginJar : add tim
2025-10-11 21:08:06,800 [INFO] IPUIPlugin:80 - create IPUIPlugin
2025-10-11 21:08:06,800 [INFO] PluginManager:220 - loadIPPluginJar : add ltdc
2025-10-11 21:08:06,800 [INFO] IPUIPlugin:80 - create IPUIPlugin
2025-10-11 21:08:06,801 [INFO] PluginManager:220 - loadIPPluginJar : add quadspi
2025-10-11 21:08:06,803 [INFO] IPUIPlugin:80 - create IPUIPlugin
2025-10-11 21:08:06,803 [INFO] PluginManager:220 - loadIPPluginJar : add gic
2025-10-11 21:08:06,803 [INFO] IPUIPlugin:80 - create IPUIPlugin
2025-10-11 21:08:06,803 [INFO] PluginManager:220 - loadIPPluginJar : add comp
2025-10-11 21:08:06,804 [INFO] IPUIPlugin:80 - create IPUIPlugin
2025-10-11 21:08:06,804 [INFO] PluginManager:220 - loadIPPluginJar : add fatfs
2025-10-11 21:08:06,807 [INFO] IPUIPlugin:80 - create IPUIPlugin
2025-10-11 21:08:06,807 [INFO] PluginManager:220 - loadIPPluginJar : add linkedlist
2025-10-11 21:08:06,808 [INFO] IPUIPlugin:80 - create IPUIPlugin
2025-10-11 21:08:06,808 [INFO] PluginManager:220 - loadIPPluginJar : add ucpd
2025-10-11 21:08:06,809 [INFO] IPUIPlugin:80 - create IPUIPlugin
2025-10-11 21:08:06,809 [INFO] PluginManager:220 - loadIPPluginJar : add ddr_ctrl_phy
2025-10-11 21:08:06,810 [INFO] IPUIPlugin:80 - create IPUIPlugin
2025-10-11 21:08:06,810 [INFO] PluginManager:220 - loadIPPluginJar : add gfxmmu
2025-10-11 21:08:06,810 [INFO] IPUIPlugin:80 - create IPUIPlugin
2025-10-11 21:08:06,811 [INFO] PluginManager:220 - loadIPPluginJar : add usart
2025-10-11 21:08:06,813 [INFO] IPUIPlugin:80 - create IPUIPlugin
2025-10-11 21:08:06,813 [INFO] PluginManager:220 - loadIPPluginJar : add dma
2025-10-11 21:08:06,814 [INFO] IPUIPlugin:80 - create IPUIPlugin
2025-10-11 21:08:06,814 [INFO] PluginManager:220 - loadIPPluginJar : add aes
2025-10-11 21:08:06,816 [INFO] IPUIPlugin:80 - create IPUIPlugin
2025-10-11 21:08:06,818 [INFO] PluginManager:220 - loadIPPluginJar : add plateformsettings
2025-10-11 21:08:06,818 [INFO] IPUIPlugin:80 - create IPUIPlugin
2025-10-11 21:08:06,818 [INFO] PluginManager:220 - loadIPPluginJar : add genericplugin
2025-10-11 21:08:06,819 [INFO] IPUIPlugin:80 - create IPUIPlugin
2025-10-11 21:08:06,819 [INFO] PluginManager:220 - loadIPPluginJar : add pdm2pcm
2025-10-11 21:08:06,821 [INFO] IPUIPlugin:80 - create IPUIPlugin
2025-10-11 21:08:06,821 [INFO] PluginManager:220 - loadIPPluginJar : add ipddr
2025-10-11 21:08:06,822 [INFO] IPUIPlugin:80 - create IPUIPlugin
2025-10-11 21:08:06,822 [INFO] PluginManager:220 - loadIPPluginJar : add opamp
2025-10-11 21:08:06,823 [INFO] IPUIPlugin:80 - create IPUIPlugin
2025-10-11 21:08:06,823 [INFO] PluginManager:220 - loadIPPluginJar : add dma3
2025-10-11 21:08:06,824 [INFO] IPUIPlugin:80 - create IPUIPlugin
2025-10-11 21:08:06,824 [INFO] PluginManager:220 - loadIPPluginJar : add dfsdm
2025-10-11 21:08:06,824 [INFO] IPUIPlugin:80 - create IPUIPlugin
2025-10-11 21:08:06,824 [INFO] PluginManager:220 - loadIPPluginJar : add ts
2025-10-11 21:08:06,826 [INFO] IPUIPlugin:80 - create IPUIPlugin
2025-10-11 21:08:06,826 [INFO] PluginManager:220 - loadIPPluginJar : add nvic
2025-10-11 21:08:06,826 [INFO] IPUIPlugin:80 - create IPUIPlugin
2025-10-11 21:08:06,827 [INFO] PluginManager:220 - loadIPPluginJar : add cryp
2025-10-11 21:08:06,829 [INFO] IPUIPlugin:80 - create IPUIPlugin
2025-10-11 21:08:06,829 [INFO] PluginManager:220 - loadIPPluginJar : add freertos
2025-10-11 21:08:06,830 [INFO] IPUIPlugin:80 - create IPUIPlugin
2025-10-11 21:08:06,830 [INFO] PluginManager:220 - loadIPPluginJar : add resmgrutility
2025-10-11 21:08:06,831 [INFO] IPUIPlugin:80 - create IPUIPlugin
2025-10-11 21:08:06,831 [INFO] PluginManager:220 - loadIPPluginJar : add gtzc
2025-10-11 21:08:06,832 [INFO] IPUIPlugin:80 - create IPUIPlugin
2025-10-11 21:08:06,832 [INFO] PluginManager:220 - loadIPPluginJar : add tracer_emb
2025-10-11 21:08:06,835 [INFO] IPUIPlugin:80 - create IPUIPlugin
2025-10-11 21:08:06,835 [INFO] PluginManager:220 - loadIPPluginJar : add stm32_wpan
2025-10-11 21:08:06,836 [INFO] IPUIPlugin:80 - create IPUIPlugin
2025-10-11 21:08:06,836 [INFO] PluginManager:220 - loadIPPluginJar : add gpio
2025-10-11 21:08:06,837 [INFO] IPUIPlugin:80 - create IPUIPlugin
2025-10-11 21:08:06,837 [INFO] PluginManager:220 - loadIPPluginJar : add sai
2025-10-11 21:08:06,838 [INFO] IPUIPlugin:80 - create IPUIPlugin
2025-10-11 21:08:06,839 [INFO] PluginManager:220 - loadIPPluginJar : add usbx
2025-10-11 21:08:06,840 [INFO] IPUIPlugin:80 - create IPUIPlugin
2025-10-11 21:08:06,840 [INFO] PluginManager:220 - loadIPPluginJar : add touchsensing
2025-10-11 21:08:06,841 [INFO] IPUIPlugin:80 - create IPUIPlugin
2025-10-11 21:08:06,841 [INFO] PluginManager:220 - loadIPPluginJar : add openamp
2025-10-11 21:08:06,842 [INFO] IPUIPlugin:80 - create IPUIPlugin
2025-10-11 21:08:06,842 [INFO] PluginManager:220 - loadIPPluginJar : add i3c
2025-10-11 21:08:06,843 [INFO] IPUIPlugin:80 - create IPUIPlugin
2025-10-11 21:08:06,843 [INFO] PluginManager:220 - loadIPPluginJar : add i2s
2025-10-11 21:08:06,848 [INFO] IPUIPlugin:80 - create IPUIPlugin
2025-10-11 21:08:06,848 [INFO] PluginManager:220 - loadIPPluginJar : add can
2025-10-11 21:08:06,850 [INFO] IPUIPlugin:80 - create IPUIPlugin
2025-10-11 21:08:06,850 [INFO] PluginManager:220 - loadIPPluginJar : add lorawan
2025-10-11 21:08:06,853 [INFO] IPUIPlugin:80 - create IPUIPlugin
2025-10-11 21:08:06,853 [INFO] PluginManager:220 - loadIPPluginJar : add adc
2025-10-11 21:08:06,854 [INFO] IPUIPlugin:80 - create IPUIPlugin
2025-10-11 21:08:06,854 [INFO] PluginManager:220 - loadIPPluginJar : add i2c
2025-10-11 21:08:06,856 [INFO] IPUIPlugin:80 - create IPUIPlugin
2025-10-11 21:08:06,856 [INFO] PluginManager:220 - loadIPPluginJar : add mdma
2025-10-11 21:08:06,945 [FATAL] Updater:351 - Updater called before beeing initialized
2025-10-11 21:08:06,963 [INFO] RulesReader:64 - Compatibility file has been processed (317 Rules)
2025-10-11 21:08:06,970 [INFO] RulesReader:64 - Compatibility file has been processed (317 Rules)
2025-10-11 21:08:06,974 [INFO] CADModel:165 - CPN selected for project level
2025-10-11 21:08:06,974 [INFO] CADModel:114 - Register for checkConnection events
2025-10-11 21:08:06,974 [FATAL] Updater:351 - Updater called before beeing initialized
2025-10-11 21:08:06,974 [ERROR] CADModel:125 - Updater not yet initialized, retry later 
2025-10-11 21:08:07,037 [FATAL] Updater:351 - Updater called before beeing initialized
2025-10-11 21:08:07,038 [INFO] CADModel:165 - CPN selected for project level
2025-10-11 21:08:07,038 [INFO] CADModel:114 - Register for checkConnection events
2025-10-11 21:08:07,038 [FATAL] Updater:351 - Updater called before beeing initialized
2025-10-11 21:08:07,038 [ERROR] CADModel:125 - Updater not yet initialized, retry later 
2025-10-11 21:08:07,040 [FATAL] Updater:351 - Updater called before beeing initialized
2025-10-11 21:08:07,094 [FATAL] Updater:351 - Updater called before beeing initialized
2025-10-11 21:08:07,097 [INFO] DbMcusAds:53 - JSON generation date=Thu Oct 02 12:36:05 EEST 2025 (1759397765645)
2025-10-11 21:08:07,097 [FATAL] Updater:351 - Updater called before beeing initialized
2025-10-11 21:08:07,121 [WARN] DetailPanel:346 - Failed to get advertising image, set to default
2025-10-11 21:08:07,170 [FATAL] Updater:351 - Updater called before beeing initialized
2025-10-11 21:08:07,171 [FATAL] Updater:351 - Updater called before beeing initialized
2025-10-11 21:08:07,171 [FATAL] Updater:351 - Updater called before beeing initialized
2025-10-11 21:08:07,171 [WARN] DetailPanel:346 - Failed to get advertising image, set to default
2025-10-11 21:08:07,171 [FATAL] Updater:351 - Updater called before beeing initialized
2025-10-11 21:08:07,189 [ERROR] Updater:1198 - MainUpdater not yet initialized. External WinMGr cannot be set.
2025-10-11 21:08:07,190 [INFO] Updater:1134 - Updater Version found : 6.15.0
2025-10-11 21:08:07,199 [INFO] ApplicationProperties:184 - Using Application install path: /opt/st/stm32cubeide_1.19.0/plugins/com.st.stm32cube.common.mx_6.15.0.202507011659
2025-10-11 21:08:07,470 [INFO] MainUpdater:2872 - connection check result : 10
2025-10-11 21:08:07,471 [INFO] MainUpdater:289 - Updater Check For Update Now.
2025-10-11 21:08:07,472 [INFO] MicroXplorer:498 - Change Database Version : DB.6.0.150
2025-10-11 21:08:07,478 [INFO] McuFinderGlobals:63 - Set McuFinder mode to 2 (CubeIDE integrated)
2025-10-11 21:08:07,478 [INFO] UserAuth:487 - Internet connection configuration mode: 1
2025-10-11 21:08:07,489 [INFO] JxBrowserEngine:152 - Initiate JxBrowser Engine with user profile folder
2025-10-11 21:08:07,623 [INFO] CheckServerUpdateThread:120 - End of CheckServer Thread
2025-10-11 21:08:07,846 [INFO] WebApp:169 - Instantiating new browser for Auth
2025-10-11 21:08:08,206 [INFO] WebApp:463 - Apply proxy settings
2025-10-11 21:08:08,207 [INFO] WebApp:548 - Chromium requires no authentication
2025-10-11 21:08:08,210 [INFO] WebApp:491 - Direct internet connection detected
2025-10-11 21:08:08,219 [INFO] WebApp:900 - Register for checkConnection events
2025-10-11 21:08:08,219 [INFO] WebApp:463 - Apply proxy settings
2025-10-11 21:08:08,219 [INFO] WebApp:548 - Chromium requires no authentication
2025-10-11 21:08:08,220 [INFO] WebApp:491 - Direct internet connection detected
2025-10-11 21:08:08,291 [INFO] WebApp:225 - Starting web application
2025-10-11 21:08:08,291 [INFO] WebApp:593 - Web application path used /opt/st/stm32cubeide_1.19.0/plugins/com.st.stm32cube.common.mx_6.15.0.202507011659/db/plugins/mcufinder/reactClient1/index.html
2025-10-11 21:08:08,340 [INFO] UserAuth:487 - Internet connection configuration mode: 1
2025-10-11 21:08:08,460 [INFO] WebApp:191 - Connection restablished
2025-10-11 21:08:09,632 [WARN] PackLoader:240 - Cannot read IP mode file for STMicroelectronics.FP-SNS-MOTENVWB1.1.4.0
2025-10-11 21:08:09,636 [WARN] PackLoader:240 - Cannot read IP mode file for STMicroelectronics.FP-ATR-ASTRA1.2.0.2
2025-10-11 21:08:09,639 [WARN] PackLoader:240 - Cannot read IP mode file for STMicroelectronics.X-CUBE-SMBUS.2.1.0
2025-10-11 21:08:09,641 [WARN] PackLoader:240 - Cannot read IP mode file for STMicroelectronics.X-CUBE-ST60.1.0.0
2025-10-11 21:08:09,664 [WARN] PackLoader:240 - Cannot read IP mode file for STMicroelectronics.X-CUBE-AZRTOS-F7.1.1.0
2025-10-11 21:08:09,671 [WARN] PackLoader:240 - Cannot read IP mode file for WES.I-CUBE-Cesium.1.4.0
2025-10-11 21:08:09,683 [WARN] PackLoader:240 - Cannot read IP mode file for Infineon.AIROC-Wi-Fi-Bluetooth-STM32.1.7.1
2025-10-11 21:08:09,700 [WARN] PackLoader:240 - Cannot read IP mode file for STMicroelectronics.X-CUBE-AZRTOS-H7.3.4.0
2025-10-11 21:08:09,706 [WARN] PackLoader:240 - Cannot read IP mode file for STMicroelectronics.X-CUBE-DISPLAY.3.0.0
2025-10-11 21:08:09,713 [WARN] PackLoader:240 - Cannot read IP mode file for STMicroelectronics.X-CUBE-NFC10.1.0.0
2025-10-11 21:08:09,716 [WARN] PackLoader:240 - Cannot read IP mode file for emotas.I-CUBE-CANOPEN.1.3.0
2025-10-11 21:08:09,720 [WARN] PackLoader:240 - Cannot read IP mode file for STMicroelectronics.FP-SNS-STBOX1.2.1.0
2025-10-11 21:08:09,723 [WARN] PackLoader:240 - Cannot read IP mode file for STMicroelectronics.FP-SNS-SMARTAG2.1.2.0
2025-10-11 21:08:09,725 [WARN] PackLoader:240 - Cannot read IP mode file for STMicroelectronics.FP-SNS-FLIGHT1.5.1.0
2025-10-11 21:08:09,730 [INFO] LogOutputStream:77 - [STDOUT_REDIRECT] 1 : Invalid condition id : UX_CORESTACK_Condition cause : null
2025-10-11 21:08:09,730 [INFO] LogOutputStream:77 - [STDOUT_REDIRECT] 1 : Invalid condition id : UX_CORESTACK_Condition cause : null
2025-10-11 21:08:09,730 [INFO] LogOutputStream:77 - [STDOUT_REDIRECT] 1 : Invalid condition id : UX_CORESTACK_Condition cause : null
2025-10-11 21:08:09,730 [INFO] LogOutputStream:77 - [STDOUT_REDIRECT] 1 : Invalid condition id : UX_CORESTACK_Condition cause : null
2025-10-11 21:08:09,731 [INFO] LogOutputStream:77 - [STDOUT_REDIRECT] 1 : Invalid condition id : UX_CORESTACK_Condition cause : null
2025-10-11 21:08:09,732 [WARN] PackLoader:240 - Cannot read IP mode file for STMicroelectronics.X-CUBE-AZRTOS-WL.2.0.0
2025-10-11 21:08:09,735 [WARN] PackLoader:240 - Cannot read IP mode file for STMicroelectronics.FP-SNS-MOTENV1.5.0.0
2025-10-11 21:08:09,738 [WARN] PackLoader:240 - Cannot read IP mode file for STMicroelectronics.X-CUBE-BLE2.3.3.0
2025-10-11 21:08:09,741 [WARN] PackLoader:240 - Cannot read IP mode file for STMicroelectronics.X-CUBE-NFC9.1.0.0
2025-10-11 21:08:09,744 [WARN] PackLoader:240 - Cannot read IP mode file for wolfSSL.I-CUBE-wolfSSL.5.8.2
2025-10-11 21:08:09,747 [WARN] PackLoader:240 - Cannot read IP mode file for STMicroelectronics.X-CUBE-BLE1.7.1.0
2025-10-11 21:08:09,749 [WARN] PackLoader:240 - Cannot read IP mode file for wolfSSL.I-CUBE-wolfMQTT.1.19.2
2025-10-11 21:08:09,752 [WARN] PackLoader:240 - Cannot read IP mode file for STMicroelectronics.X-CUBE-EEPRMA1.5.2.0
2025-10-11 21:08:09,761 [WARN] PackLoader:240 - Cannot read IP mode file for STMicroelectronics.X-CUBE-AZRTOS-G0.1.1.0
2025-10-11 21:08:09,766 [WARN] PackLoader:240 - Cannot read IP mode file for STMicroelectronics.X-CUBE-SAFEA1.1.2.2
2025-10-11 21:08:09,769 [WARN] PackLoader:240 - Cannot read IP mode file for STMicroelectronics.X-CUBE-NFC4.3.0.0
2025-10-11 21:08:09,774 [WARN] PackLoader:240 - Cannot read IP mode file for EmbeddedOffice.I-CUBE-FS-RTOS.1.0.1
2025-10-11 21:08:09,777 [WARN] PackLoader:240 - Cannot read IP mode file for STMicroelectronics.X-CUBE-WB05N.2.0.0
2025-10-11 21:08:09,779 [WARN] PackLoader:240 - Cannot read IP mode file for wolfSSL.I-CUBE-wolfTPM.3.8.0
2025-10-11 21:08:09,782 [WARN] PackLoader:240 - Cannot read IP mode file for STMicroelectronics.X-CUBE-TCPP.4.2.0
2025-10-11 21:08:09,786 [WARN] PackLoader:240 - Cannot read IP mode file for RealThread.X-CUBE-RT-Thread_Nano.4.1.1
2025-10-11 21:08:09,787 [WARN] PackLoader:240 - Cannot read IP mode file for STMicroelectronics.FP-ATR-SIGFOX1.3.2.0
2025-10-11 21:08:09,790 [WARN] PackLoader:240 - Cannot read IP mode file for ITTIA_DB.I-CUBE-ITTIADB.8.9.0
2025-10-11 21:08:09,793 [WARN] PackLoader:240 - Cannot read IP mode file for STMicroelectronics.X-CUBE-ST67W61.1.0.0
2025-10-11 21:08:09,795 [WARN] PackLoader:240 - Cannot read IP mode file for STMicroelectronics.X-CUBE-AI.10.2.0
2025-10-11 21:08:09,809 [WARN] PackLoader:240 - Cannot read IP mode file for SEGGER.I-CUBE-embOS.1.3.1
2025-10-11 21:08:09,844 [WARN] PackLoader:240 - Cannot read IP mode file for STMicroelectronics.X-CUBE-ALGOBUILD.1.4.0
2025-10-11 21:08:09,903 [WARN] PackLoader:240 - Cannot read IP mode file for STMicroelectronics.X-CUBE-MEMS1.11.3.0
2025-10-11 21:08:10,009 [WARN] PackLoader:240 - Cannot read IP mode file for STMicroelectronics.X-CUBE-PM33A1.1.0.0
2025-10-11 21:08:10,020 [WARN] PackLoader:240 - Cannot read IP mode file for STMicroelectronics.X-CUBE-AZRTOS-F4.1.1.0
2025-10-11 21:08:10,024 [WARN] PackLoader:240 - Cannot read IP mode file for Avnet-IotConnect.X-CUBE-IoTC-DA16k-PMOD.1.0.0
2025-10-11 21:08:10,027 [WARN] PackLoader:240 - Cannot read IP mode file for STMicroelectronics.X-CUBE-ISPU.2.1.0
2025-10-11 21:08:10,032 [WARN] PackLoader:240 - Cannot read IP mode file for STMicroelectronics.X-CUBE-NFC12.1.0.0
2025-10-11 21:08:10,043 [WARN] PackLoader:240 - Cannot read IP mode file for STMicroelectronics.X-CUBE-AZRTOS-L5.2.0.0
2025-10-11 21:08:10,049 [WARN] PackLoader:240 - Cannot read IP mode file for STMicroelectronics.X-CUBE-NFC6.3.1.0
2025-10-11 21:08:10,053 [WARN] PackLoader:240 - Cannot read IP mode file for STMicroelectronics.X-CUBE-FREERTOS.1.3.1
2025-10-11 21:08:10,055 [WARN] PackLoader:240 - Cannot read IP mode file for STMicroelectronics.X-CUBE-TOUCHGFX.4.26.0
2025-10-11 21:08:10,058 [WARN] PackLoader:240 - Cannot read IP mode file for STMicroelectronics.FP-SNS-STAIOTCFT.1.0.0
2025-10-11 21:08:10,060 [WARN] PackLoader:240 - Cannot read IP mode file for STMicroelectronics.X-CUBE-DPower.1.3.0
2025-10-11 21:08:10,068 [WARN] ConditionMgr:438 - getConditionDescription Invalid condition id : LAN8742 Phy interface Condition cause : null
2025-10-11 21:08:10,069 [WARN] PackLoader:240 - Cannot read IP mode file for STMicroelectronics.X-CUBE-AZRTOS-L4.2.0.0
2025-10-11 21:08:10,070 [WARN] ConditionMgr:1044 - genDependencies : Invalid condition id : LAN8742 Phy interface Condition cause : null
2025-10-11 21:08:10,070 [WARN] ConditionMgr:1044 - genDependencies : Invalid condition id : LAN8742 Phy interface Condition cause : null
2025-10-11 21:08:10,070 [WARN] ConditionMgr:1044 - genDependencies : Invalid condition id : LAN8742 Phy interface Condition cause : null
2025-10-11 21:08:10,073 [WARN] PackLoader:240 - Cannot read IP mode file for STMicroelectronics.X-CUBE-SFXS2LP1.4.0.0
2025-10-11 21:08:10,079 [WARN] PackLoader:240 - Cannot read IP mode file for STMicroelectronics.X-CUBE-BLEMGR.4.1.0
2025-10-11 21:08:10,086 [WARN] ConditionMgr:438 - getConditionDescription Invalid condition id : UX DEVICE CLASS RTOS Condition cause : null
2025-10-11 21:08:10,087 [WARN] ConditionMgr:438 - getConditionDescription Invalid condition id : UX DEVICE CLASS RTOS Condition cause : null
2025-10-11 21:08:10,088 [WARN] PackLoader:240 - Cannot read IP mode file for STMicroelectronics.X-CUBE-AZRTOS-WB.2.0.0
2025-10-11 21:08:10,088 [WARN] ConditionMgr:1044 - genDependencies : Invalid condition id : UX DEVICE CLASS RTOS Condition cause : null
2025-10-11 21:08:10,088 [WARN] ConditionMgr:1044 - genDependencies : Invalid condition id : UX DEVICE CLASS RTOS Condition cause : null
2025-10-11 21:08:10,088 [WARN] ConditionMgr:1044 - genDependencies : Invalid condition id : UX DEVICE CLASS RTOS Condition cause : null
2025-10-11 21:08:10,089 [WARN] ConditionMgr:1044 - genDependencies : Invalid condition id : UX DEVICE CLASS RTOS Condition cause : null
2025-10-11 21:08:10,089 [WARN] ConditionMgr:1044 - genDependencies : Invalid condition id : UX DEVICE CLASS RTOS Condition cause : null
2025-10-11 21:08:10,092 [WARN] PackLoader:240 - Cannot read IP mode file for STMicroelectronics.X-CUBE-GNSS1.7.0.1
2025-10-11 21:08:10,094 [WARN] PackLoader:240 - Cannot read IP mode file for STMicroelectronics.X-CUBE-TOUCHGFX.4.25.0
2025-10-11 21:08:10,096 [WARN] ConditionMgr:438 - getConditionDescription Invalid condition id : Cortex-A Device cause : null
2025-10-11 21:08:10,105 [WARN] ConditionMgr:1044 - genDependencies : Invalid condition id : Cortex-A Device cause : null
2025-10-11 21:08:10,105 [WARN] ConditionMgr:1044 - genDependencies : Invalid condition id : Cortex-A Device cause : null
2025-10-11 21:08:10,105 [WARN] ConditionMgr:1044 - genDependencies : Invalid condition id : Cortex-A Device cause : null
2025-10-11 21:08:10,109 [WARN] PackLoader:240 - Cannot read IP mode file for STMicroelectronics.X-CUBE-SUBG2.5.0.0
2025-10-11 21:08:10,119 [WARN] PackLoader:240 - Cannot read IP mode file for STMicroelectronics.X-CUBE-AZRTOS-H7RS.1.1.0
2025-10-11 21:08:10,122 [WARN] PackLoader:240 - Cannot read IP mode file for Cesanta.I-CUBE-Mongoose.7.13.0
2025-10-11 21:08:10,132 [WARN] PackLoader:240 - Cannot read IP mode file for STMicroelectronics.X-CUBE-AZRTOS-G4.2.0.0
2025-10-11 21:08:10,135 [WARN] PackLoader:240 - Cannot read IP mode file for wolfSSL.I-CUBE-wolfSSH.1.4.20
2025-10-11 21:08:10,137 [WARN] PackLoader:240 - Cannot read IP mode file for STMicroelectronics.X-CUBE-NFC7.2.0.0
2025-10-11 21:08:10,145 [WARN] PackLoader:240 - Cannot read IP mode file for STMicroelectronics.X-CUBE-IPS.3.1.0
2025-10-11 21:08:10,153 [WARN] PackLoader:240 - Cannot read IP mode file for STMicroelectronics.X-CUBE-ALS.1.0.2
2025-10-11 21:08:10,157 [WARN] PackLoader:240 - Cannot read IP mode file for STMicroelectronics.X-CUBE-STSE01.1.0.0
2025-10-11 21:08:10,166 [WARN] PackLoader:240 - Cannot read IP mode file for STMicroelectronics.X-CUBE-TOF1.3.4.3
2025-10-11 21:08:10,175 [INFO] ThirdParty:978 - Integrity check success = true
2025-10-11 21:08:10,175 [INFO] IntegrityCheckThread:100 - exiting critical section [integrity check]
2025-10-11 21:08:10,175 [INFO] IntegrityCheckThread:103 - End integrity checks thread
2025-10-11 21:08:51,374 [ERROR] LogOutputStream:75 - [STDERR_REDIRECT] 
2025-10-11 21:10:15,680 [INFO] Activator:176 - 


2025-10-11 21:10:15,681 [INFO] Activator:177 - !SESSION log4j initialized
2025-10-11 21:10:18,432 [INFO] LogOutputStream:77 - [STDOUT_REDIRECT] 
2025-10-11 21:10:18,797 [INFO] ApplicationProperties:184 - Using Application install path: /opt/st/stm32cubeide_1.19.0/plugins/com.st.stm32cube.common.mx_6.15.0.202507011659
2025-10-11 21:10:18,806 [INFO] DbMcusXml:78 - Set database path to: /opt/st/stm32cubeide_1.19.0/plugins/com.st.stm32cube.common.mx_6.15.0.202507011659//db//mcu/
2025-10-11 21:10:18,807 [INFO] ApiDb:274 - Set plugin database path to: /opt/st/stm32cubeide_1.19.0/plugins/com.st.stm32cube.common.mx_6.15.0.202507011659//db//plugins/boardmanager/
2025-10-11 21:10:18,807 [WARN] ApiDb:259 - Overriding images path with different value:  => /opt/st/stm32cubeide_1.19.0/plugins/com.st.stm32cube.common.mx_6.15.0.202507011659//db//plugins/mcufinder/images/
2025-10-11 21:10:18,809 [INFO] ApiDb:250 - Set database path to: /home/oleksii/.stmcufinder/plugins/mcufinder//mcu/
2025-10-11 21:10:18,809 [INFO] DbMcusAds:125 - Set database path to: /home/oleksii/.stmcufinder/plugins/mcufinder//mcu/
2025-10-11 21:10:18,810 [INFO] CrossReferenceDbSqlite:203 - Set database path to: /home/oleksii/.stmcufinder/plugins/mcufinder//mcu/cs/
2025-10-11 21:10:18,878 [INFO] RulesReader:64 - Compatibility file has been processed (317 Rules)
2025-10-11 21:10:18,910 [INFO] DbMcusXml:78 - Set database path to: /opt/st/stm32cubeide_1.19.0/plugins/com.st.stm32cube.common.mx_6.15.0.202507011659//db//mcu/
2025-10-11 21:10:18,911 [INFO] ApiDb:274 - Set plugin database path to: /opt/st/stm32cubeide_1.19.0/plugins/com.st.stm32cube.common.mx_6.15.0.202507011659//db//plugins/boardmanager/
2025-10-11 21:10:18,911 [INFO] ApiDb:261 - Set plugin images path to: /opt/st/stm32cubeide_1.19.0/plugins/com.st.stm32cube.common.mx_6.15.0.202507011659//db//plugins/mcufinder/images/
2025-10-11 21:10:18,911 [WARN] DbFile:41 - Overriding database path with different value: /home/oleksii/.stmcufinder/plugins/mcufinder/ => /home/oleksii/.stmcufinder/plugins/mcufinder
2025-10-11 21:10:18,911 [INFO] ApiDb:250 - Set database path to: /home/oleksii/.stmcufinder/plugins/mcufinder//mcu/
2025-10-11 21:10:18,911 [WARN] DbFile:41 - Overriding database path with different value: /home/oleksii/.stmcufinder/plugins/mcufinder/ => /home/oleksii/.stmcufinder/plugins/mcufinder
2025-10-11 21:10:18,911 [INFO] DbMcusAds:125 - Set database path to: /home/oleksii/.stmcufinder/plugins/mcufinder//mcu/
2025-10-11 21:10:18,911 [WARN] DbFile:41 - Overriding database path with different value: /home/oleksii/.stmcufinder/plugins/mcufinder/ => /home/oleksii/.stmcufinder/plugins/mcufinder
2025-10-11 21:10:18,911 [WARN] DbFile:41 - Overriding database path with different value: /home/oleksii/.stmcufinder/plugins/mcufinder/ => /home/oleksii/.stmcufinder/plugins/mcufinder
2025-10-11 21:10:18,911 [INFO] CrossReferenceDbSqlite:203 - Set database path to: /home/oleksii/.stmcufinder/plugins/mcufinder//mcu/cs/
2025-10-11 21:10:18,942 [INFO] MainPanel:274 - HeapMemory: 268435456
2025-10-11 21:10:19,002 [INFO] DbMcusXml:78 - Set database path to: /opt/st/stm32cubeide_1.19.0/plugins/com.st.stm32cube.common.mx_6.15.0.202507011659//db//mcu/
2025-10-11 21:10:19,002 [INFO] ApiDb:274 - Set plugin database path to: /opt/st/stm32cubeide_1.19.0/plugins/com.st.stm32cube.common.mx_6.15.0.202507011659//db//plugins/boardmanager/
2025-10-11 21:10:19,002 [INFO] ApiDb:261 - Set plugin images path to: /opt/st/stm32cubeide_1.19.0/plugins/com.st.stm32cube.common.mx_6.15.0.202507011659//db//plugins/mcufinder/images/
2025-10-11 21:10:19,002 [WARN] DbFile:41 - Overriding database path with different value: /home/oleksii/.stmcufinder/plugins/mcufinder/ => /home/oleksii/.stmcufinder/plugins/mcufinder
2025-10-11 21:10:19,003 [INFO] ApiDb:250 - Set database path to: /home/oleksii/.stmcufinder/plugins/mcufinder//mcu/
2025-10-11 21:10:19,003 [WARN] DbFile:41 - Overriding database path with different value: /home/oleksii/.stmcufinder/plugins/mcufinder/ => /home/oleksii/.stmcufinder/plugins/mcufinder
2025-10-11 21:10:19,003 [INFO] DbMcusAds:125 - Set database path to: /home/oleksii/.stmcufinder/plugins/mcufinder//mcu/
2025-10-11 21:10:19,003 [WARN] DbFile:41 - Overriding database path with different value: /home/oleksii/.stmcufinder/plugins/mcufinder/ => /home/oleksii/.stmcufinder/plugins/mcufinder
2025-10-11 21:10:19,003 [WARN] DbFile:41 - Overriding database path with different value: /home/oleksii/.stmcufinder/plugins/mcufinder/ => /home/oleksii/.stmcufinder/plugins/mcufinder
2025-10-11 21:10:19,003 [INFO] CrossReferenceDbSqlite:203 - Set database path to: /home/oleksii/.stmcufinder/plugins/mcufinder//mcu/cs/
2025-10-11 21:10:19,010 [INFO] ApplicationProperties:184 - Using Application install path: /opt/st/stm32cubeide_1.19.0/plugins/com.st.stm32cube.common.mx_6.15.0.202507011659
2025-10-11 21:10:19,011 [INFO] PluginManage:196 - Search for loadable plugins [exclusion list=, ]
2025-10-11 21:10:19,012 [INFO] PluginManage:310 - Check plugin analytics
2025-10-11 21:10:19,093 [INFO] AnalyticsPlugin:253 - Accepted Software Licenses: 
2025-10-11 21:10:19,093 [INFO] AnalyticsPlugin:255 - Accepted CMSIS Pack Licenses: 
2025-10-11 21:10:19,093 [INFO] AnalyticsPlugin:257 - Accepted Firmware Licenses: FW.F4.1.28.0
2025-10-11 21:10:19,094 [INFO] PluginManage:359 - Loaded plugin analytics (category:tool,tabindex:-1)
2025-10-11 21:10:19,095 [INFO] PluginManage:310 - Check plugin cadmodel
2025-10-11 21:10:19,096 [INFO] CADModel:105 - Init CAD model plugin
2025-10-11 21:10:19,096 [INFO] PluginManage:359 - Loaded plugin cadmodel (category:power,tabindex:5)
2025-10-11 21:10:19,096 [INFO] PluginManage:310 - Check plugin clock
2025-10-11 21:10:19,100 [INFO] PluginManage:359 - Loaded plugin clock (category:base,tabindex:2)
2025-10-11 21:10:19,100 [INFO] PluginManage:310 - Check plugin ddr
2025-10-11 21:10:19,101 [INFO] PluginManage:359 - Loaded plugin ddr (category:tool,tabindex:6)
2025-10-11 21:10:19,101 [INFO] PluginManage:310 - Check plugin filemanager
2025-10-11 21:10:19,175 [INFO] PluginManage:359 - Loaded plugin filemanager (category:base,tabindex:10)
2025-10-11 21:10:19,175 [INFO] PluginManage:310 - Check plugin ipmanager
2025-10-11 21:10:19,178 [INFO] PluginManage:359 - Loaded plugin ipmanager (category:base,tabindex:5)
2025-10-11 21:10:19,178 [INFO] PluginManage:310 - Check plugin lpbam
2025-10-11 21:10:19,182 [INFO] PluginManage:359 - Loaded plugin lpbam (category:base,tabindex:0)
2025-10-11 21:10:19,182 [INFO] PluginManage:310 - Check plugin memorymap
2025-10-11 21:10:19,188 [INFO] PluginManage:359 - Loaded plugin memorymap (category:base,tabindex:4)
2025-10-11 21:10:19,188 [INFO] PluginManage:310 - Check plugin pinoutandconfiguration
2025-10-11 21:10:19,192 [INFO] PluginManage:359 - Loaded plugin pinoutandconfiguration (category:base,tabindex:1)
2025-10-11 21:10:19,192 [INFO] PluginManage:310 - Check plugin pinoutconfig
2025-10-11 21:10:19,235 [WARN] SupportedApi:132 - Cannot load RTOS API schema: s4s-elt-must-match.1: The content of 'definitions' must match (annotation?, (simpleType | complexType)?, (unique | key | keyref)*)). A problem was found starting at: attribute.
2025-10-11 21:10:19,301 [INFO] PluginManage:359 - Loaded plugin pinoutconfig (category:base,tabindex:0)
2025-10-11 21:10:19,301 [INFO] PluginManage:310 - Check plugin power
2025-10-11 21:10:19,305 [INFO] PluginManage:359 - Loaded plugin power (category:power,tabindex:4)
2025-10-11 21:10:19,305 [INFO] PluginManage:310 - Check plugin projectmanager
2025-10-11 21:10:19,314 [INFO] PluginManage:359 - Loaded plugin projectmanager (category:projectmanager,tabindex:4)
2025-10-11 21:10:19,314 [INFO] PluginManage:310 - Check plugin rif
2025-10-11 21:10:19,319 [INFO] PluginManage:359 - Loaded plugin rif (category:base,tabindex:3)
2025-10-11 21:10:19,319 [INFO] PluginManage:310 - Check plugin thirdparty
2025-10-11 21:10:19,378 [INFO] PluginManage:359 - Loaded plugin thirdparty (category:base,tabindex:-1)
2025-10-11 21:10:19,378 [WARN] IntegrityCheckThread:84 - waiting for thirdparty lock release [integrity check]
2025-10-11 21:10:19,378 [INFO] IntegrityCheckThread:86 - entering critical section [integrity check]
2025-10-11 21:10:19,378 [INFO] PluginManage:310 - Check plugin tools
2025-10-11 21:10:19,378 [INFO] ThirdPartyUpdaterWithRetryManager:70 - Updater plugin not ready yet. [1/15]
2025-10-11 21:10:19,379 [INFO] PluginManage:359 - Loaded plugin tools (category:base,tabindex:7)
2025-10-11 21:10:19,379 [INFO] PluginManage:310 - Check plugin tutovideos
2025-10-11 21:10:19,484 [INFO] PluginManage:359 - Loaded plugin tutovideos (category:base,tabindex:-1)
2025-10-11 21:10:19,484 [INFO] PluginManage:310 - Check plugin updater
2025-10-11 21:10:19,495 [INFO] PluginManage:359 - Loaded plugin updater (category:base,tabindex:12)
2025-10-11 21:10:19,496 [INFO] PluginManage:310 - Check plugin userauth
2025-10-11 21:10:19,497 [INFO] UserAuth:118 - Init User Auth plugin
2025-10-11 21:10:19,498 [INFO] PluginManage:359 - Loaded plugin userauth (category:base,tabindex:14)
2025-10-11 21:10:19,498 [INFO] PluginManage:283 - PluginManage : Loaded plugins [18]
2025-10-11 21:10:19,585 [INFO] PinOutPanel:1589 - setPackage(No Configuration,No Configuration)
2025-10-11 21:10:19,621 [INFO] CADModel:165 - CPN selected for project level
2025-10-11 21:10:19,621 [INFO] CADModel:114 - Register for checkConnection events
2025-10-11 21:10:19,625 [INFO] IPUIPlugin:80 - create IPUIPlugin
2025-10-11 21:10:19,626 [INFO] PluginManager:220 - loadIPPluginJar : add radio
2025-10-11 21:10:19,628 [INFO] IPUIPlugin:80 - create IPUIPlugin
2025-10-11 21:10:19,628 [INFO] PluginManager:220 - loadIPPluginJar : add spi
2025-10-11 21:10:19,629 [INFO] IPUIPlugin:80 - create IPUIPlugin
2025-10-11 21:10:19,629 [INFO] PluginManager:220 - loadIPPluginJar : add tsc
2025-10-11 21:10:19,631 [INFO] IPUIPlugin:80 - create IPUIPlugin
2025-10-11 21:10:19,631 [INFO] PluginManager:220 - loadIPPluginJar : add fmc
2025-10-11 21:10:19,632 [INFO] IPUIPlugin:80 - create IPUIPlugin
2025-10-11 21:10:19,632 [INFO] PluginManager:220 - loadIPPluginJar : add hash
2025-10-11 21:10:19,633 [INFO] IPUIPlugin:80 - create IPUIPlugin
2025-10-11 21:10:19,633 [INFO] PluginManager:220 - loadIPPluginJar : add extmemmanager
2025-10-11 21:10:19,634 [INFO] IPUIPlugin:80 - create IPUIPlugin
2025-10-11 21:10:19,634 [INFO] PluginManager:220 - loadIPPluginJar : add tim
2025-10-11 21:10:19,635 [INFO] IPUIPlugin:80 - create IPUIPlugin
2025-10-11 21:10:19,635 [INFO] PluginManager:220 - loadIPPluginJar : add ltdc
2025-10-11 21:10:19,635 [INFO] IPUIPlugin:80 - create IPUIPlugin
2025-10-11 21:10:19,635 [INFO] PluginManager:220 - loadIPPluginJar : add quadspi
2025-10-11 21:10:19,638 [INFO] IPUIPlugin:80 - create IPUIPlugin
2025-10-11 21:10:19,638 [INFO] PluginManager:220 - loadIPPluginJar : add gic
2025-10-11 21:10:19,639 [INFO] IPUIPlugin:80 - create IPUIPlugin
2025-10-11 21:10:19,639 [INFO] PluginManager:220 - loadIPPluginJar : add comp
2025-10-11 21:10:19,639 [INFO] IPUIPlugin:80 - create IPUIPlugin
2025-10-11 21:10:19,639 [INFO] PluginManager:220 - loadIPPluginJar : add fatfs
2025-10-11 21:10:19,643 [INFO] IPUIPlugin:80 - create IPUIPlugin
2025-10-11 21:10:19,643 [INFO] PluginManager:220 - loadIPPluginJar : add linkedlist
2025-10-11 21:10:19,644 [INFO] IPUIPlugin:80 - create IPUIPlugin
2025-10-11 21:10:19,644 [INFO] PluginManager:220 - loadIPPluginJar : add ucpd
2025-10-11 21:10:19,646 [INFO] IPUIPlugin:80 - create IPUIPlugin
2025-10-11 21:10:19,646 [INFO] PluginManager:220 - loadIPPluginJar : add ddr_ctrl_phy
2025-10-11 21:10:19,646 [INFO] IPUIPlugin:80 - create IPUIPlugin
2025-10-11 21:10:19,647 [INFO] PluginManager:220 - loadIPPluginJar : add gfxmmu
2025-10-11 21:10:19,648 [INFO] IPUIPlugin:80 - create IPUIPlugin
2025-10-11 21:10:19,648 [INFO] PluginManager:220 - loadIPPluginJar : add usart
2025-10-11 21:10:19,651 [INFO] IPUIPlugin:80 - create IPUIPlugin
2025-10-11 21:10:19,651 [INFO] PluginManager:220 - loadIPPluginJar : add dma
2025-10-11 21:10:19,652 [INFO] IPUIPlugin:80 - create IPUIPlugin
2025-10-11 21:10:19,652 [INFO] PluginManager:220 - loadIPPluginJar : add aes
2025-10-11 21:10:19,655 [INFO] IPUIPlugin:80 - create IPUIPlugin
2025-10-11 21:10:19,656 [INFO] PluginManager:220 - loadIPPluginJar : add plateformsettings
2025-10-11 21:10:19,657 [INFO] IPUIPlugin:80 - create IPUIPlugin
2025-10-11 21:10:19,657 [INFO] PluginManager:220 - loadIPPluginJar : add genericplugin
2025-10-11 21:10:19,658 [INFO] IPUIPlugin:80 - create IPUIPlugin
2025-10-11 21:10:19,658 [INFO] PluginManager:220 - loadIPPluginJar : add pdm2pcm
2025-10-11 21:10:19,660 [INFO] IPUIPlugin:80 - create IPUIPlugin
2025-10-11 21:10:19,660 [INFO] PluginManager:220 - loadIPPluginJar : add ipddr
2025-10-11 21:10:19,661 [INFO] IPUIPlugin:80 - create IPUIPlugin
2025-10-11 21:10:19,662 [INFO] PluginManager:220 - loadIPPluginJar : add opamp
2025-10-11 21:10:19,663 [INFO] IPUIPlugin:80 - create IPUIPlugin
2025-10-11 21:10:19,663 [INFO] PluginManager:220 - loadIPPluginJar : add dma3
2025-10-11 21:10:19,664 [INFO] IPUIPlugin:80 - create IPUIPlugin
2025-10-11 21:10:19,664 [INFO] PluginManager:220 - loadIPPluginJar : add dfsdm
2025-10-11 21:10:19,664 [INFO] IPUIPlugin:80 - create IPUIPlugin
2025-10-11 21:10:19,664 [INFO] PluginManager:220 - loadIPPluginJar : add ts
2025-10-11 21:10:19,666 [INFO] IPUIPlugin:80 - create IPUIPlugin
2025-10-11 21:10:19,666 [INFO] PluginManager:220 - loadIPPluginJar : add nvic
2025-10-11 21:10:19,667 [INFO] IPUIPlugin:80 - create IPUIPlugin
2025-10-11 21:10:19,667 [INFO] PluginManager:220 - loadIPPluginJar : add cryp
2025-10-11 21:10:19,670 [INFO] IPUIPlugin:80 - create IPUIPlugin
2025-10-11 21:10:19,670 [INFO] PluginManager:220 - loadIPPluginJar : add freertos
2025-10-11 21:10:19,671 [INFO] IPUIPlugin:80 - create IPUIPlugin
2025-10-11 21:10:19,672 [INFO] PluginManager:220 - loadIPPluginJar : add resmgrutility
2025-10-11 21:10:19,673 [INFO] IPUIPlugin:80 - create IPUIPlugin
2025-10-11 21:10:19,673 [INFO] PluginManager:220 - loadIPPluginJar : add gtzc
2025-10-11 21:10:19,674 [INFO] IPUIPlugin:80 - create IPUIPlugin
2025-10-11 21:10:19,674 [INFO] PluginManager:220 - loadIPPluginJar : add tracer_emb
2025-10-11 21:10:19,677 [INFO] IPUIPlugin:80 - create IPUIPlugin
2025-10-11 21:10:19,677 [INFO] PluginManager:220 - loadIPPluginJar : add stm32_wpan
2025-10-11 21:10:19,679 [INFO] IPUIPlugin:80 - create IPUIPlugin
2025-10-11 21:10:19,679 [INFO] PluginManager:220 - loadIPPluginJar : add gpio
2025-10-11 21:10:19,681 [INFO] IPUIPlugin:80 - create IPUIPlugin
2025-10-11 21:10:19,681 [INFO] PluginManager:220 - loadIPPluginJar : add sai
2025-10-11 21:10:19,682 [INFO] IPUIPlugin:80 - create IPUIPlugin
2025-10-11 21:10:19,682 [INFO] PluginManager:220 - loadIPPluginJar : add usbx
2025-10-11 21:10:19,684 [INFO] IPUIPlugin:80 - create IPUIPlugin
2025-10-11 21:10:19,684 [INFO] PluginManager:220 - loadIPPluginJar : add touchsensing
2025-10-11 21:10:19,685 [INFO] IPUIPlugin:80 - create IPUIPlugin
2025-10-11 21:10:19,685 [INFO] PluginManager:220 - loadIPPluginJar : add openamp
2025-10-11 21:10:19,686 [INFO] IPUIPlugin:80 - create IPUIPlugin
2025-10-11 21:10:19,686 [INFO] PluginManager:220 - loadIPPluginJar : add i3c
2025-10-11 21:10:19,687 [INFO] IPUIPlugin:80 - create IPUIPlugin
2025-10-11 21:10:19,687 [INFO] PluginManager:220 - loadIPPluginJar : add i2s
2025-10-11 21:10:19,689 [INFO] IPUIPlugin:80 - create IPUIPlugin
2025-10-11 21:10:19,689 [INFO] PluginManager:220 - loadIPPluginJar : add can
2025-10-11 21:10:19,690 [INFO] IPUIPlugin:80 - create IPUIPlugin
2025-10-11 21:10:19,690 [INFO] PluginManager:220 - loadIPPluginJar : add lorawan
2025-10-11 21:10:19,693 [INFO] IPUIPlugin:80 - create IPUIPlugin
2025-10-11 21:10:19,693 [INFO] PluginManager:220 - loadIPPluginJar : add adc
2025-10-11 21:10:19,694 [INFO] IPUIPlugin:80 - create IPUIPlugin
2025-10-11 21:10:19,694 [INFO] PluginManager:220 - loadIPPluginJar : add i2c
2025-10-11 21:10:19,697 [INFO] IPUIPlugin:80 - create IPUIPlugin
2025-10-11 21:10:19,697 [INFO] PluginManager:220 - loadIPPluginJar : add mdma
2025-10-11 21:10:19,785 [FATAL] Updater:351 - Updater called before beeing initialized
2025-10-11 21:10:19,803 [INFO] RulesReader:64 - Compatibility file has been processed (317 Rules)
2025-10-11 21:10:19,814 [INFO] RulesReader:64 - Compatibility file has been processed (317 Rules)
2025-10-11 21:10:19,820 [INFO] CADModel:165 - CPN selected for project level
2025-10-11 21:10:19,820 [INFO] CADModel:114 - Register for checkConnection events
2025-10-11 21:10:19,820 [FATAL] Updater:351 - Updater called before beeing initialized
2025-10-11 21:10:19,820 [ERROR] CADModel:125 - Updater not yet initialized, retry later 
2025-10-11 21:10:19,888 [FATAL] Updater:351 - Updater called before beeing initialized
2025-10-11 21:10:19,888 [INFO] CADModel:165 - CPN selected for project level
2025-10-11 21:10:19,888 [INFO] CADModel:114 - Register for checkConnection events
2025-10-11 21:10:19,888 [FATAL] Updater:351 - Updater called before beeing initialized
2025-10-11 21:10:19,888 [ERROR] CADModel:125 - Updater not yet initialized, retry later 
2025-10-11 21:10:19,890 [FATAL] Updater:351 - Updater called before beeing initialized
2025-10-11 21:10:19,945 [FATAL] Updater:351 - Updater called before beeing initialized
2025-10-11 21:10:19,948 [INFO] DbMcusAds:53 - JSON generation date=Thu Oct 02 12:36:05 EEST 2025 (1759397765645)
2025-10-11 21:10:19,948 [FATAL] Updater:351 - Updater called before beeing initialized
2025-10-11 21:10:19,972 [WARN] DetailPanel:346 - Failed to get advertising image, set to default
2025-10-11 21:10:20,019 [FATAL] Updater:351 - Updater called before beeing initialized
2025-10-11 21:10:20,020 [FATAL] Updater:351 - Updater called before beeing initialized
2025-10-11 21:10:20,020 [FATAL] Updater:351 - Updater called before beeing initialized
2025-10-11 21:10:20,020 [WARN] DetailPanel:346 - Failed to get advertising image, set to default
2025-10-11 21:10:20,021 [FATAL] Updater:351 - Updater called before beeing initialized
2025-10-11 21:10:20,038 [ERROR] Updater:1198 - MainUpdater not yet initialized. External WinMGr cannot be set.
2025-10-11 21:10:20,039 [INFO] Updater:1134 - Updater Version found : 6.15.0
2025-10-11 21:10:20,049 [INFO] ApplicationProperties:184 - Using Application install path: /opt/st/stm32cubeide_1.19.0/plugins/com.st.stm32cube.common.mx_6.15.0.202507011659
2025-10-11 21:10:20,315 [INFO] MainUpdater:2872 - connection check result : 10
2025-10-11 21:10:20,315 [INFO] MainUpdater:289 - Updater Check For Update Now.
2025-10-11 21:10:20,316 [INFO] MicroXplorer:498 - Change Database Version : DB.6.0.150
2025-10-11 21:10:20,321 [INFO] McuFinderGlobals:63 - Set McuFinder mode to 2 (CubeIDE integrated)
2025-10-11 21:10:20,321 [INFO] UserAuth:487 - Internet connection configuration mode: 1
2025-10-11 21:10:20,338 [INFO] JxBrowserEngine:152 - Initiate JxBrowser Engine with user profile folder
2025-10-11 21:10:20,474 [INFO] CheckServerUpdateThread:120 - End of CheckServer Thread
2025-10-11 21:10:20,721 [INFO] WebApp:169 - Instantiating new browser for Auth
2025-10-11 21:10:21,120 [INFO] WebApp:463 - Apply proxy settings
2025-10-11 21:10:21,120 [INFO] WebApp:548 - Chromium requires no authentication
2025-10-11 21:10:21,123 [INFO] WebApp:491 - Direct internet connection detected
2025-10-11 21:10:21,133 [INFO] WebApp:900 - Register for checkConnection events
2025-10-11 21:10:21,133 [INFO] WebApp:463 - Apply proxy settings
2025-10-11 21:10:21,133 [INFO] WebApp:548 - Chromium requires no authentication
2025-10-11 21:10:21,133 [INFO] WebApp:491 - Direct internet connection detected
2025-10-11 21:10:21,204 [INFO] WebApp:225 - Starting web application
2025-10-11 21:10:21,204 [INFO] WebApp:593 - Web application path used /opt/st/stm32cubeide_1.19.0/plugins/com.st.stm32cube.common.mx_6.15.0.202507011659/db/plugins/mcufinder/reactClient1/index.html
2025-10-11 21:10:21,254 [INFO] UserAuth:487 - Internet connection configuration mode: 1
2025-10-11 21:10:21,351 [INFO] WebApp:191 - Connection restablished
2025-10-11 21:10:22,445 [WARN] PackLoader:240 - Cannot read IP mode file for STMicroelectronics.FP-SNS-MOTENVWB1.1.4.0
2025-10-11 21:10:22,449 [WARN] PackLoader:240 - Cannot read IP mode file for STMicroelectronics.FP-ATR-ASTRA1.2.0.2
2025-10-11 21:10:22,461 [WARN] PackLoader:240 - Cannot read IP mode file for STMicroelectronics.X-CUBE-SMBUS.2.1.0
2025-10-11 21:10:22,464 [WARN] PackLoader:240 - Cannot read IP mode file for STMicroelectronics.X-CUBE-ST60.1.0.0
2025-10-11 21:10:22,490 [WARN] PackLoader:240 - Cannot read IP mode file for STMicroelectronics.X-CUBE-AZRTOS-F7.1.1.0
2025-10-11 21:10:22,502 [WARN] PackLoader:240 - Cannot read IP mode file for WES.I-CUBE-Cesium.1.4.0
2025-10-11 21:10:22,523 [WARN] PackLoader:240 - Cannot read IP mode file for Infineon.AIROC-Wi-Fi-Bluetooth-STM32.1.7.1
2025-10-11 21:10:22,539 [WARN] PackLoader:240 - Cannot read IP mode file for STMicroelectronics.X-CUBE-AZRTOS-H7.3.4.0
2025-10-11 21:10:22,544 [WARN] PackLoader:240 - Cannot read IP mode file for STMicroelectronics.X-CUBE-DISPLAY.3.0.0
2025-10-11 21:10:22,551 [WARN] PackLoader:240 - Cannot read IP mode file for STMicroelectronics.X-CUBE-NFC10.1.0.0
2025-10-11 21:10:22,554 [WARN] PackLoader:240 - Cannot read IP mode file for emotas.I-CUBE-CANOPEN.1.3.0
2025-10-11 21:10:22,558 [WARN] PackLoader:240 - Cannot read IP mode file for STMicroelectronics.FP-SNS-STBOX1.2.1.0
2025-10-11 21:10:22,560 [WARN] PackLoader:240 - Cannot read IP mode file for STMicroelectronics.FP-SNS-SMARTAG2.1.2.0
2025-10-11 21:10:22,562 [WARN] PackLoader:240 - Cannot read IP mode file for STMicroelectronics.FP-SNS-FLIGHT1.5.1.0
2025-10-11 21:10:22,566 [INFO] LogOutputStream:77 - [STDOUT_REDIRECT] 1 : Invalid condition id : UX_CORESTACK_Condition cause : null
2025-10-11 21:10:22,567 [INFO] LogOutputStream:77 - [STDOUT_REDIRECT] 1 : Invalid condition id : UX_CORESTACK_Condition cause : null
2025-10-11 21:10:22,567 [INFO] LogOutputStream:77 - [STDOUT_REDIRECT] 1 : Invalid condition id : UX_CORESTACK_Condition cause : null
2025-10-11 21:10:22,567 [INFO] LogOutputStream:77 - [STDOUT_REDIRECT] 1 : Invalid condition id : UX_CORESTACK_Condition cause : null
2025-10-11 21:10:22,567 [INFO] LogOutputStream:77 - [STDOUT_REDIRECT] 1 : Invalid condition id : UX_CORESTACK_Condition cause : null
2025-10-11 21:10:22,569 [WARN] PackLoader:240 - Cannot read IP mode file for STMicroelectronics.X-CUBE-AZRTOS-WL.2.0.0
2025-10-11 21:10:22,572 [WARN] PackLoader:240 - Cannot read IP mode file for STMicroelectronics.FP-SNS-MOTENV1.5.0.0
2025-10-11 21:10:22,575 [WARN] PackLoader:240 - Cannot read IP mode file for STMicroelectronics.X-CUBE-BLE2.3.3.0
2025-10-11 21:10:22,579 [WARN] PackLoader:240 - Cannot read IP mode file for STMicroelectronics.X-CUBE-NFC9.1.0.0
2025-10-11 21:10:22,582 [WARN] PackLoader:240 - Cannot read IP mode file for wolfSSL.I-CUBE-wolfSSL.5.8.2
2025-10-11 21:10:22,584 [WARN] PackLoader:240 - Cannot read IP mode file for STMicroelectronics.X-CUBE-BLE1.7.1.0
2025-10-11 21:10:22,586 [WARN] PackLoader:240 - Cannot read IP mode file for wolfSSL.I-CUBE-wolfMQTT.1.19.2
2025-10-11 21:10:22,589 [WARN] PackLoader:240 - Cannot read IP mode file for STMicroelectronics.X-CUBE-EEPRMA1.5.2.0
2025-10-11 21:10:22,598 [WARN] PackLoader:240 - Cannot read IP mode file for STMicroelectronics.X-CUBE-AZRTOS-G0.1.1.0
2025-10-11 21:10:22,602 [WARN] PackLoader:240 - Cannot read IP mode file for STMicroelectronics.X-CUBE-SAFEA1.1.2.2
2025-10-11 21:10:22,604 [WARN] PackLoader:240 - Cannot read IP mode file for STMicroelectronics.X-CUBE-NFC4.3.0.0
2025-10-11 21:10:22,609 [WARN] PackLoader:240 - Cannot read IP mode file for EmbeddedOffice.I-CUBE-FS-RTOS.1.0.1
2025-10-11 21:10:22,612 [WARN] PackLoader:240 - Cannot read IP mode file for STMicroelectronics.X-CUBE-WB05N.2.0.0
2025-10-11 21:10:22,614 [WARN] PackLoader:240 - Cannot read IP mode file for wolfSSL.I-CUBE-wolfTPM.3.8.0
2025-10-11 21:10:22,617 [WARN] PackLoader:240 - Cannot read IP mode file for STMicroelectronics.X-CUBE-TCPP.4.2.0
2025-10-11 21:10:22,619 [WARN] PackLoader:240 - Cannot read IP mode file for RealThread.X-CUBE-RT-Thread_Nano.4.1.1
2025-10-11 21:10:22,621 [WARN] PackLoader:240 - Cannot read IP mode file for STMicroelectronics.FP-ATR-SIGFOX1.3.2.0
2025-10-11 21:10:22,623 [WARN] PackLoader:240 - Cannot read IP mode file for ITTIA_DB.I-CUBE-ITTIADB.8.9.0
2025-10-11 21:10:22,626 [WARN] PackLoader:240 - Cannot read IP mode file for STMicroelectronics.X-CUBE-ST67W61.1.0.0
2025-10-11 21:10:22,627 [WARN] PackLoader:240 - Cannot read IP mode file for STMicroelectronics.X-CUBE-AI.10.2.0
2025-10-11 21:10:22,640 [WARN] PackLoader:240 - Cannot read IP mode file for SEGGER.I-CUBE-embOS.1.3.1
2025-10-11 21:10:22,670 [WARN] PackLoader:240 - Cannot read IP mode file for STMicroelectronics.X-CUBE-ALGOBUILD.1.4.0
2025-10-11 21:10:22,697 [WARN] PackLoader:240 - Cannot read IP mode file for STMicroelectronics.X-CUBE-MEMS1.11.3.0
2025-10-11 21:10:22,809 [WARN] PackLoader:240 - Cannot read IP mode file for STMicroelectronics.X-CUBE-PM33A1.1.0.0
2025-10-11 21:10:22,819 [WARN] PackLoader:240 - Cannot read IP mode file for STMicroelectronics.X-CUBE-AZRTOS-F4.1.1.0
2025-10-11 21:10:22,826 [WARN] PackLoader:240 - Cannot read IP mode file for Avnet-IotConnect.X-CUBE-IoTC-DA16k-PMOD.1.0.0
2025-10-11 21:10:22,828 [WARN] PackLoader:240 - Cannot read IP mode file for STMicroelectronics.X-CUBE-ISPU.2.1.0
2025-10-11 21:10:22,833 [WARN] PackLoader:240 - Cannot read IP mode file for STMicroelectronics.X-CUBE-NFC12.1.0.0
2025-10-11 21:10:22,847 [WARN] PackLoader:240 - Cannot read IP mode file for STMicroelectronics.X-CUBE-AZRTOS-L5.2.0.0
2025-10-11 21:10:22,854 [WARN] PackLoader:240 - Cannot read IP mode file for STMicroelectronics.X-CUBE-NFC6.3.1.0
2025-10-11 21:10:22,859 [WARN] PackLoader:240 - Cannot read IP mode file for STMicroelectronics.X-CUBE-FREERTOS.1.3.1
2025-10-11 21:10:22,862 [WARN] PackLoader:240 - Cannot read IP mode file for STMicroelectronics.X-CUBE-TOUCHGFX.4.26.0
2025-10-11 21:10:22,865 [WARN] PackLoader:240 - Cannot read IP mode file for STMicroelectronics.FP-SNS-STAIOTCFT.1.0.0
2025-10-11 21:10:22,868 [WARN] PackLoader:240 - Cannot read IP mode file for STMicroelectronics.X-CUBE-DPower.1.3.0
2025-10-11 21:10:22,877 [WARN] ConditionMgr:438 - getConditionDescription Invalid condition id : LAN8742 Phy interface Condition cause : null
2025-10-11 21:10:22,877 [WARN] PackLoader:240 - Cannot read IP mode file for STMicroelectronics.X-CUBE-AZRTOS-L4.2.0.0
2025-10-11 21:10:22,878 [WARN] ConditionMgr:1044 - genDependencies : Invalid condition id : LAN8742 Phy interface Condition cause : null
2025-10-11 21:10:22,878 [WARN] ConditionMgr:1044 - genDependencies : Invalid condition id : LAN8742 Phy interface Condition cause : null
2025-10-11 21:10:22,878 [WARN] ConditionMgr:1044 - genDependencies : Invalid condition id : LAN8742 Phy interface Condition cause : null
2025-10-11 21:10:22,882 [WARN] PackLoader:240 - Cannot read IP mode file for STMicroelectronics.X-CUBE-SFXS2LP1.4.0.0
2025-10-11 21:10:22,886 [WARN] PackLoader:240 - Cannot read IP mode file for STMicroelectronics.X-CUBE-BLEMGR.4.1.0
2025-10-11 21:10:22,893 [WARN] ConditionMgr:438 - getConditionDescription Invalid condition id : UX DEVICE CLASS RTOS Condition cause : null
2025-10-11 21:10:22,893 [WARN] ConditionMgr:438 - getConditionDescription Invalid condition id : UX DEVICE CLASS RTOS Condition cause : null
2025-10-11 21:10:22,894 [WARN] PackLoader:240 - Cannot read IP mode file for STMicroelectronics.X-CUBE-AZRTOS-WB.2.0.0
2025-10-11 21:10:22,894 [WARN] ConditionMgr:1044 - genDependencies : Invalid condition id : UX DEVICE CLASS RTOS Condition cause : null
2025-10-11 21:10:22,894 [WARN] ConditionMgr:1044 - genDependencies : Invalid condition id : UX DEVICE CLASS RTOS Condition cause : null
2025-10-11 21:10:22,895 [WARN] ConditionMgr:1044 - genDependencies : Invalid condition id : UX DEVICE CLASS RTOS Condition cause : null
2025-10-11 21:10:22,895 [WARN] ConditionMgr:1044 - genDependencies : Invalid condition id : UX DEVICE CLASS RTOS Condition cause : null
2025-10-11 21:10:22,895 [WARN] ConditionMgr:1044 - genDependencies : Invalid condition id : UX DEVICE CLASS RTOS Condition cause : null
2025-10-11 21:10:22,897 [WARN] PackLoader:240 - Cannot read IP mode file for STMicroelectronics.X-CUBE-GNSS1.7.0.1
2025-10-11 21:10:22,899 [WARN] PackLoader:240 - Cannot read IP mode file for STMicroelectronics.X-CUBE-TOUCHGFX.4.25.0
2025-10-11 21:10:22,901 [WARN] ConditionMgr:438 - getConditionDescription Invalid condition id : Cortex-A Device cause : null
2025-10-11 21:10:22,908 [WARN] ConditionMgr:1044 - genDependencies : Invalid condition id : Cortex-A Device cause : null
2025-10-11 21:10:22,908 [WARN] ConditionMgr:1044 - genDependencies : Invalid condition id : Cortex-A Device cause : null
2025-10-11 21:10:22,908 [WARN] ConditionMgr:1044 - genDependencies : Invalid condition id : Cortex-A Device cause : null
2025-10-11 21:10:22,912 [WARN] PackLoader:240 - Cannot read IP mode file for STMicroelectronics.X-CUBE-SUBG2.5.0.0
2025-10-11 21:10:22,922 [WARN] PackLoader:240 - Cannot read IP mode file for STMicroelectronics.X-CUBE-AZRTOS-H7RS.1.1.0
2025-10-11 21:10:22,925 [WARN] PackLoader:240 - Cannot read IP mode file for Cesanta.I-CUBE-Mongoose.7.13.0
2025-10-11 21:10:22,931 [WARN] PackLoader:240 - Cannot read IP mode file for STMicroelectronics.X-CUBE-AZRTOS-G4.2.0.0
2025-10-11 21:10:22,933 [WARN] PackLoader:240 - Cannot read IP mode file for wolfSSL.I-CUBE-wolfSSH.1.4.20
2025-10-11 21:10:22,935 [WARN] PackLoader:240 - Cannot read IP mode file for STMicroelectronics.X-CUBE-NFC7.2.0.0
2025-10-11 21:10:22,940 [WARN] PackLoader:240 - Cannot read IP mode file for STMicroelectronics.X-CUBE-IPS.3.1.0
2025-10-11 21:10:22,945 [WARN] PackLoader:240 - Cannot read IP mode file for STMicroelectronics.X-CUBE-ALS.1.0.2
2025-10-11 21:10:22,948 [WARN] PackLoader:240 - Cannot read IP mode file for STMicroelectronics.X-CUBE-STSE01.1.0.0
2025-10-11 21:10:22,952 [WARN] PackLoader:240 - Cannot read IP mode file for STMicroelectronics.X-CUBE-TOF1.3.4.3
2025-10-11 21:10:22,958 [INFO] ThirdParty:978 - Integrity check success = true
2025-10-11 21:10:22,958 [INFO] IntegrityCheckThread:100 - exiting critical section [integrity check]
2025-10-11 21:10:22,958 [INFO] IntegrityCheckThread:103 - End integrity checks thread
2025-10-11 21:10:31,709 [INFO] McuFinderGlobals:63 - Set McuFinder mode to 2 (CubeIDE integrated)
2025-10-11 21:10:31,711 [INFO] MainUpdater:2872 - connection check result : 10
2025-10-11 21:10:31,711 [INFO] MainUpdater:2872 - connection check result : 10
2025-10-11 21:10:31,722 [INFO] MicroXplorer:468 - Change Database Path : 
2025-10-11 21:10:31,722 [INFO] MicroXplorer:498 - Change Database Version : DB.6.0.150
2025-10-11 21:10:31,727 [WARN] ThirdParty:871 - waiting for thirdparty lock release [close project]
2025-10-11 21:10:31,727 [INFO] ThirdParty:873 - entering critical section [close project]
2025-10-11 21:10:31,727 [INFO] ThirdParty:883 - exiting critical section [close project]
2025-10-11 21:10:31,728 [INFO] PinOutPanel:1589 - setPackage(No Configuration,No Configuration)
2025-10-11 21:10:31,729 [INFO] UtilMem:75 - Begin LoadConfig() Used Memory: 281967800 Bytes (313524224)
2025-10-11 21:10:31,730 [INFO] MicroXplorer:468 - Change Database Path : 
2025-10-11 21:10:31,730 [INFO] MicroXplorer:498 - Change Database Version : DB.6.0.150
2025-10-11 21:10:31,730 [INFO] OpenFileManager:355 - Change cursor
2025-10-11 21:10:31,744 [INFO] Mcu:2029 - Initializing MCU STM32F407V(E-G)Tx STM32F407VGTx STM32F407VGT6
2025-10-11 21:10:32,499 [INFO] Context:786 - Trying to add GPIOservice into a context  which must be forbidden
2025-10-11 21:10:32,823 [INFO] ImportTextPane:234 - (OptionalMessage_ERROR) Pin37 (VP_RIF_VS_RIF1) cannot be retrieved for this MCU
2025-10-11 21:10:32,870 [INFO] RtosManager:558 - Registered RTOS mode: class=CMSIS, group=RTOS, mode=CMSIS_V1, owner=FREERTOS
2025-10-11 21:10:32,870 [INFO] RtosManager:558 - Registered RTOS mode: class=CMSIS, group=RTOS2, mode=CMSIS_V2, owner=FREERTOS
2025-10-11 21:10:32,870 [INFO] RtosManager:558 - Registered RTOS mode: class=RTOS, group=Core, mode=CMSIS_V1, owner=FREERTOS
2025-10-11 21:10:32,871 [INFO] RtosManager:558 - Registered RTOS mode: class=RTOS, group=Core, mode=CMSIS_V2, owner=FREERTOS
2025-10-11 21:10:32,871 [WARN] ModelIntegratedComponent:184 - Missing modes for component STMicroelectronics:FreeRTOS:0.0.1:STMicroelectronics:RTOS:FreeRTOS:Core:::10.2.0:
2025-10-11 21:10:32,882 [WARN] ModelIntegratedComponent:63 - No mode defined for component null
2025-10-11 21:10:32,883 [WARN] ModelIntegratedComponent:63 - No mode defined for component null
2025-10-11 21:10:32,883 [WARN] ModelIntegratedComponent:63 - No mode defined for component null
2025-10-11 21:10:32,883 [WARN] ModelIntegratedComponent:63 - No mode defined for component null
2025-10-11 21:10:32,883 [WARN] ModelIntegratedComponent:63 - No mode defined for component null
2025-10-11 21:10:32,883 [WARN] ModelIntegratedComponent:63 - No mode defined for component null
2025-10-11 21:10:32,883 [WARN] ModelIntegratedComponent:63 - No mode defined for component null
2025-10-11 21:10:32,883 [WARN] ModelIntegratedComponent:63 - No mode defined for component null
2025-10-11 21:10:32,883 [WARN] ModelIntegratedComponent:63 - No mode defined for component null
2025-10-11 21:10:32,883 [WARN] ModelIntegratedComponent:63 - No mode defined for component null
2025-10-11 21:10:32,883 [WARN] ModelIntegratedComponent:63 - No mode defined for component null
2025-10-11 21:10:32,883 [WARN] ModelIntegratedComponent:63 - No mode defined for component null
2025-10-11 21:10:32,883 [WARN] ModelIntegratedComponent:63 - No mode defined for component null
2025-10-11 21:10:32,883 [WARN] ModelIntegratedComponent:63 - No mode defined for component null
2025-10-11 21:10:32,883 [WARN] ModelIntegratedComponent:63 - No mode defined for component null
2025-10-11 21:10:32,883 [WARN] ModelIntegratedComponent:63 - No mode defined for component null
2025-10-11 21:10:32,883 [WARN] ModelIntegratedComponent:63 - No mode defined for component null
2025-10-11 21:10:32,883 [WARN] ModelIntegratedComponent:63 - No mode defined for component null
2025-10-11 21:10:32,883 [WARN] ModelIntegratedComponent:63 - No mode defined for component null
2025-10-11 21:10:32,883 [WARN] ModelIntegratedComponent:63 - No mode defined for component null
2025-10-11 21:10:32,883 [WARN] ModelIntegratedComponent:63 - No mode defined for component null
2025-10-11 21:10:32,883 [WARN] ModelIntegratedComponent:63 - No mode defined for component null
2025-10-11 21:10:32,883 [WARN] ModelIntegratedComponent:63 - No mode defined for component null
2025-10-11 21:10:32,883 [WARN] ModelIntegratedComponent:63 - No mode defined for component null
2025-10-11 21:10:32,883 [WARN] ModelIntegratedComponent:63 - No mode defined for component null
2025-10-11 21:10:32,883 [WARN] ModelIntegratedComponent:63 - No mode defined for component null
2025-10-11 21:10:32,884 [WARN] ModelIntegratedComponent:63 - No mode defined for component null
2025-10-11 21:10:32,884 [WARN] ModelIntegratedComponent:63 - No mode defined for component null
2025-10-11 21:10:32,884 [WARN] ModelIntegratedComponent:63 - No mode defined for component null
2025-10-11 21:10:32,884 [WARN] ModelIntegratedComponent:63 - No mode defined for component null
2025-10-11 21:10:32,884 [WARN] ModelIntegratedComponent:63 - No mode defined for component null
2025-10-11 21:10:32,884 [WARN] ModelIntegratedComponent:63 - No mode defined for component null
2025-10-11 21:10:32,884 [WARN] ModelIntegratedComponent:63 - No mode defined for component null
2025-10-11 21:10:32,884 [WARN] ModelIntegratedComponent:63 - No mode defined for component null
2025-10-11 21:10:32,884 [WARN] ModelIntegratedComponent:63 - No mode defined for component null
2025-10-11 21:10:32,884 [WARN] ModelPack:524 - Component already loaded: STMicroelectronics:HAL Drivers:0.0.0:STMicroelectronics:Device:STMicro_Driver:XSPI:HAL::0.0.1:HAL_XSPI
2025-10-11 21:10:32,955 [INFO] ThirdPartyModel:298 - Start build external matchings
2025-10-11 21:10:33,312 [INFO] ThirdPartyModel:316 - End build external matchings
2025-10-11 21:10:33,328 [INFO] ImportTextPane:234 - (OptionalMessage_ERROR) IP (RCC) : Parameter (RTCHSEDivFreq_Value) has invalid value (4000000)
2025-10-11 21:10:33,528 [INFO] ApiDb:581 - Connected to CubeFinder SQLite database (/home/oleksii/.stmcufinder/plugins/mcufinder/mcu/cube-finder-db.db)
2025-10-11 21:10:33,557 [INFO] ApiDb:668 - CubeFinder database Data Model version=2.1
2025-10-11 21:10:33,558 [INFO] ApiDb:669 - CubeFinder database Configuration version=3.0.39
2025-10-11 21:10:33,558 [INFO] ApiDb:670 - CubeFinder database generation date=2025-08-25 (1756130511)
2025-10-11 21:10:33,558 [INFO] ApiDb:671 - CubeFinder database FW Pack versions=[FP-ATR-ASTRA1_V2.0.0, FP-SNS-FLIGHT1_V5.1.0, FP-SNS-MOTENV1_V5.0.0, FP-SNS-MOTENVWB1_V1.4.0, FP-SNS-SMARTAG2_V1.2.0, FP-SNS-STBOX1_V2.1.0, STM32Cube_FW_C0_V1.4.0, STM32Cube_FW_F4_V1.28.3, STM32Cube_FW_F7_V1.17.4, STM32Cube_FW_G0_V1.6.2, STM32Cube_FW_G4_V1.6.1, STM32Cube_FW_H5_V1.5.0, STM32Cube_FW_H7RS_V1.2.0, STM32Cube_FW_H7_V1.12.1, STM32Cube_FW_L0_V1.12.2, STM32Cube_FW_L4_V1.18.1, STM32Cube_FW_L5_V1.5.1, STM32Cube_FW_N6_V1.2.0, STM32Cube_FW_U0_V1.3.0, STM32Cube_FW_U3_V1.2.0, STM32Cube_FW_U5_V1.8.0, STM32Cube_FW_WB0_V1.3.0, STM32Cube_FW_WBA_V1.7.0, STM32Cube_FW_WB_V1.23.0, STM32Cube_FW_WL3_V1.2.0, STM32Cube_FW_WL_V1.3.1, X-CUBE-ALGOBUILD_V1.4.0, X-CUBE-ALS_V1.0.2, X-CUBE-AZRTOS-F4_V1.1.0, X-CUBE-AZRTOS-F7_V1.1.0, X-CUBE-AZRTOS-G0_V1.1.0, X-CUBE-AZRTOS-G4_V2.0.0, X-CUBE-AZRTOS-H7RS_V1.1.0, X-CUBE-AZRTOS-H7_V3.4.0, X-CUBE-AZRTOS-L4_V2.0.0, X-CUBE-AZRTOS-L5_V2.0.0, X-CUBE-AZRTOS-WB_V2.0.0, X-CUBE-AZRTOS-WL_V2.0.0, X-CUBE-BLE1_V7.1.0, X-CUBE-BLE2_V3.3.0, X-CUBE-BLEMGR_V4.1.0, X-CUBE-EEPRMA1_V5.2.0, X-CUBE-FREERTOS_V1.3.1, X-CUBE-GNSS1_V6.0.0, X-CUBE-MEMS1_V11.3.0, X-CUBE-NFC4_V3.0.0, X-CUBE-NFC7_V2.0.0, X-CUBE-SFXS2LP1_V4.0.0, X-CUBE-ST67W61_V1.0.0, X-CUBE-SUBG2_V5.0.0, X-CUBE-TOF1_V3.4.3]
2025-10-11 21:10:33,591 [INFO] DbBoardsSqlite:226 - include board P-NUCLEO-WB55-NUCLEO as a kit item of type 'Nucleo-64'
2025-10-11 21:10:33,592 [INFO] DbBoardsSqlite:226 - include board P-NUCLEO-WB55-USBDONGLE as a kit item of type 'Nucleo USB Dongle'
2025-10-11 21:10:33,592 [INFO] DbBoardsSqlite:226 - include board STEVAL-IDP005V1 as a kit item of type 'Evaluation Board'
2025-10-11 21:10:33,592 [INFO] DbBoardsSqlite:226 - include board STEVAL-IDP005V2 as a kit item of type 'Evaluation Board'
2025-10-11 21:10:33,615 [INFO] ApiDb:240 - Found 880 in-development CPN: [B-G473E-ZEST1S, B-WB1M-WPAN1, B-WBA5M-WPAN, B-WL5M-SUBG1, NUCLEO-C031C6, NUCLEO-C051C8, NUCLEO-C071RB, NUCLEO-C092RC, NUCLEO-H503RB, NUCLEO-H533RE, NUCLEO-H563ZI, NUCLEO-H7S3L8, NUCLEO-N657X0-Q, NUCLEO-U031R8, NUCLEO-U083RC, NUCLEO-U385RG-Q, NUCLEO-U545RE-Q, NUCLEO-U5A5ZJ-Q, NUCLEO-WB05KZ, NUCLEO-WB07CC, NUCLEO-WB09KE, NUCLEO-WBA52CG, NUCLEO-WBA55CG, NUCLEO-WL33CC1, NUCLEO-WL33CC2, STEVAL-PROTEUS1, STEVAL-SMARTAG2, STEVAL-STWINBX1, STM320518-EVAL, STM32C0116-DK, STM32C011D6Y3TR, STM32C011D6Y6TR, STM32C011F4P3, STM32C011F4P6, STM32C011F4U3, STM32C011F4U6TR, STM32C011F6P3, STM32C011F6P6, STM32C011F6U3, STM32C011F6U6TR, STM32C011J4M3, STM32C011J4M6, STM32C011J6M3, STM32C011J6M6, STM32C0316-DK, STM32C031C4T3, STM32C031C4T6, STM32C031C4U3, STM32C031C4U6, STM32C031C6T3, STM32C031C6T6, STM32C031C6U3, STM32C031C6U6, STM32C031F4P3, STM32C031F4P6, STM32C031F6P3, STM32C031F6P6, STM32C031G4U3, STM32C031G4U6, STM32C031G6U3, STM32C031G6U6, STM32C031K4T3, STM32C031K4T6, STM32C031K4U3, STM32C031K4U6, STM32C031K6T3, STM32C031K6T6, STM32C031K6U3, STM32C031K6U6, STM32C051C6T6, STM32C051C6U6, STM32C051C8T6, STM32C051C8U6, STM32C051D8Y6TR, STM32C051F6P6, STM32C051F8P6, STM32C051G6U6, STM32C051G8U6, STM32C051K6T6, STM32C051K6U6, STM32C051K8T6, STM32C071C8T6, STM32C071C8T6N, STM32C071C8U6, STM32C071C8U6N, STM32C071CBT6, STM32C071CBT6N, STM32C071CBU6, STM32C071CBU6N, STM32C071F8P6, STM32C071F8P6N, STM32C071FBP6, STM32C071FBP6N, STM32C071FBY6TR, STM32C071G8U6, STM32C071G8U6N, STM32C071GBU6, STM32C071GBU6N, STM32C071K8T6, STM32C071K8T6N, STM32C071K8U6, STM32C071K8U6N, STM32C071KBT6, STM32C071KBT6N, STM32C071KBU6, STM32C071KBU6N, STM32C071R8T6, STM32C071R8T6N, STM32C071RBI6N, STM32C071RBT6, STM32C071RBT6N, STM32C091CBT6, STM32C091CBU6, STM32C091CCT6, STM32C091CCU6, STM32C091ECY6TR, STM32C091FBP6, STM32C091FCP6, STM32C091GBU6, STM32C091GCU6, STM32C091KBT6, STM32C091KBU6, STM32C091KCT6, STM32C091KCU6, STM32C091RBT6, STM32C091RCI6, STM32C091RCT6, STM32C092CBT6, STM32C092CBU6, STM32C092CCT6, STM32C092CCU6, STM32C092ECY6TR, STM32C092FBP6, STM32C092FCP6, STM32C092GBU6, STM32C092GCU6, STM32C092KBT6, STM32C092KBU6, STM32C092KCT6, STM32C092KCU6, STM32C092RBT6, STM32C092RCI6, STM32C092RCT6, STM32G071K8TXN, STM32G071K8UXN, STM32G081GBU6N, STM32G081KBT6N, STM32G081KBUXN, STM32G0B1CCT6N, STM32G0B1KCT6, STM32G0B1NEY6TR, STM32G0B1RCT6N, STM32G0C1CCT6, STM32G0C1CCT6N, STM32G0C1CCU6N, STM32G0C1CET6N, STM32G0C1CEU6N, STM32G0C1KCT6, STM32G0C1NEY6TR, STM32G0C1RCI6N, STM32G0C1RCT6N, STM32G0C1REI6N, STM32G0C1RET6N, STM32G0C1VCI6, STM32G0C1VEI6, STM32G411C6T3, STM32G411C6T6, STM32G411C6U3, STM32G411C6U6, STM32G411C8T3, STM32G411C8T6, STM32G411C8U3, STM32G411C8U6, STM32G411CBT3, STM32G411CBT6, STM32G411CBU3, STM32G411CBU6, STM32G411K6T3, STM32G411K6T6, STM32G411K6U3, STM32G411K6U6, STM32G411K8T3, STM32G411K8T6, STM32G411K8U3, STM32G411K8U6, STM32G411KBT3, STM32G411KBT6, STM32G411KBU3, STM32G411KBU6, STM32G411M6T3, STM32G411M6T6, STM32G411M8T3, STM32G411M8T6, STM32G411MBT3, STM32G411MBT6, STM32G411R6T3, STM32G411R6T6, STM32G411R8T3, STM32G411R8T6, STM32G411RBT3, STM32G411RBT6, STM32G414CBT3, STM32G414CBT6, STM32G414CBU3, STM32G414CBU6, STM32G414CCT3, STM32G414CCT6, STM32G414CCU3, STM32G414CCU6, STM32G414MBT3, STM32G414MBT6, STM32G414MCT3, STM32G414MCT6, STM32G414RBT3, STM32G414RBT6, STM32G414RCT3, STM32G414RCT6, STM32G414VBT3, STM32G414VBT6, STM32G414VCT3, STM32G414VCT6, STM32G431CBT3Z, STM32G431RBT3Z, STM32G471CCT6, STM32G471CCU6, STM32G471CET3, STM32G471CET6, STM32G471CEU3, STM32G471CEU6, STM32G471MCT6, STM32G471MET3, STM32G471MET6, STM32G471MEY6TR, STM32G471QCT6, STM32G471QET3, STM32G471RCT6, STM32G471RET3, STM32G471RET6, STM32G471VCH6, STM32G471VCI6, STM32G471VCT6, STM32G471VEH3, STM32G471VEH6, STM32G471VEI3, STM32G471VEI6, STM32G471VET3, STM32G471VET6, STM32G473QET3Z, STM32G473RET3Z, STM32G474CCT6, STM32G491RET3Z, STM32H503CBT6, STM32H503CBU6, STM32H503EBY6TR, STM32H503KBU6, STM32H503RBT6, STM32H523CCT6, STM32H523CCU6, STM32H523CET6, STM32H523CEU6, STM32H523HEY6TR, STM32H523RCT6, STM32H523RET6, STM32H523VCI6, STM32H523VCT6, STM32H523VEI6, STM32H523VET6, STM32H523ZCJ6, STM32H523ZCT6, STM32H523ZEJ6, STM32H523ZET6, STM32H533CET6, STM32H533CEU6, STM32H533HEY6TR, STM32H533RET6, STM32H533VEI6, STM32H533VET6, STM32H533ZEJ6, STM32H533ZET6, STM32H562AGI6, STM32H562AII6, STM32H562IGK6, STM32H562IGT6, STM32H562IIK6, STM32H562IIT6, STM32H562RGT6, STM32H562RGV6, STM32H562RIT6, STM32H562RIV6, STM32H562VGT6, STM32H562VIT6, STM32H562ZGT6, STM32H562ZIT6, STM32H563AGI6, STM32H563AII3Q, STM32H563AII6, STM32H563IGK6, STM32H563IGT6, STM32H563IIK3Q, STM32H563IIK6, STM32H563IIT3Q, STM32H563IIT6, STM32H563MIY3QTR, STM32H563RGT6, STM32H563RGV6, STM32H563RIT6, STM32H563RIV6, STM32H563VGT6, STM32H563VIT3Q, STM32H563VIT6, STM32H563ZGT6, STM32H563ZIT3Q, STM32H563ZIT6, STM32H573AII3Q, STM32H573AII6, STM32H573I-DK, STM32H573IIK3Q, STM32H573IIK6, STM32H573IIT3Q, STM32H573IIT6, STM32H573MIY3QTR, STM32H573RIT6, STM32H573RIV6, STM32H573VIT3Q, STM32H573VIT6, STM32H573ZIT3Q, STM32H573ZIT6, STM32H7R3A8I6, STM32H7R3I8K6, STM32H7R3I8T6, STM32H7R3L8H6, STM32H7R3L8H6H, STM32H7R3R8V6, STM32H7R3V8H6, STM32H7R3V8T6, STM32H7R3V8Y6TR, STM32H7R3Z8J6, STM32H7R3Z8T6, STM32H7R7A8I6, STM32H7R7I8K6, STM32H7R7I8T6, STM32H7R7L8H6, STM32H7R7L8H6H, STM32H7R7Z8J6, STM32H7S3A8I6, STM32H7S3I8K6, STM32H7S3I8T6, STM32H7S3L8H6, STM32H7S3L8H6H, STM32H7S3R8V6, STM32H7S3V8H6, STM32H7S3V8T6, STM32H7S3V8Y6TR, STM32H7S3Z8J6, STM32H7S3Z8T6, STM32H7S78-DK, STM32H7S7A8I6, STM32H7S7I8K6, STM32H7S7I8T6, STM32H7S7L8H6, STM32H7S7L8H6H, STM32H7S7Z8J6, STM32L4R5QGI6STR, STM32MP131AAE3, STM32MP131AAF3, STM32MP131AAG3, STM32MP131CAE3, STM32MP131CAF3, STM32MP131CAG3, STM32MP131DAE7, STM32MP131DAF7, STM32MP131DAG7, STM32MP131FAE7, STM32MP131FAF7, STM32MP131FAG7, STM32MP133AAE3, STM32MP133AAF3, STM32MP133AAG3, STM32MP133CAE3, STM32MP133CAF3, STM32MP133CAG3, STM32MP133DAE7, STM32MP133DAF7, STM32MP133DAG7, STM32MP133FAE7, STM32MP133FAF7, STM32MP133FAG7, STM32MP135AAE3, STM32MP135AAF3, STM32MP135AAG3, STM32MP135CAE3, STM32MP135CAF3, STM32MP135CAG3, STM32MP135DAE7, STM32MP135DAF7, STM32MP135DAG7, STM32MP135F-DK, STM32MP135FAE7, STM32MP135FAF7, STM32MP135FAF7T, STM32MP135FAF7U, STM32MP135FAG7, STM32MP211AAL3, STM32MP211AAM3, STM32MP211AAN3, STM32MP211AAO3, STM32MP211CAL3, STM32MP211CAM3, STM32MP211CAN3, STM32MP211CAO3, STM32MP211DAL3, STM32MP211DAM3, STM32MP211DAN3, STM32MP211DAO3, STM32MP211FAL3, STM32MP211FAM3, STM32MP211FAN3, STM32MP211FAO3, STM32MP213AAL3, STM32MP213AAM3, STM32MP213AAN3, STM32MP213AAO3, STM32MP213CAL3, STM32MP213CAM3, STM32MP213CAN3, STM32MP213CAO3, STM32MP213DAL3, STM32MP213DAM3, STM32MP213DAN3, STM32MP213DAO3, STM32MP213FAL3, STM32MP213FAM3, STM32MP213FAN3, STM32MP213FAO3, STM32MP215AAL3, STM32MP215AAM3, STM32MP215AAN3, STM32MP215AAO3, STM32MP215CAL3, STM32MP215CAM3, STM32MP215CAN3, STM32MP215CAO3, STM32MP215DAL3, STM32MP215DAM3, STM32MP215DAN3, STM32MP215DAO3, STM32MP215F-DK, STM32MP215FAL3, STM32MP215FAM3, STM32MP215FAN3, STM32MP215FAO3, STM32MP231AAJ3, STM32MP231AAK3, STM32MP231AAL3, STM32MP231CAJ3, STM32MP231CAK3, STM32MP231CAL3, STM32MP231DAJ3, STM32MP231DAK3, STM32MP231DAL3, STM32MP231FAJ3, STM32MP231FAK3, STM32MP231FAL3, STM32MP233AAJ3, STM32MP233AAK3, STM32MP233AAL3, STM32MP233CAJ3, STM32MP233CAK3, STM32MP233CAL3, STM32MP233DAJ3, STM32MP233DAK3, STM32MP233DAL3, STM32MP233FAJ3, STM32MP233FAK3, STM32MP233FAL3, STM32MP235AAJ3, STM32MP235AAK3, STM32MP235AAL3, STM32MP235CAJ3, STM32MP235CAK3, STM32MP235CAL3, STM32MP235DAJ3, STM32MP235DAK3, STM32MP235DAL3, STM32MP235FAJ3, STM32MP235FAK3, STM32MP235FAL3, STM32MP251AAI3, STM32MP251AAK3, STM32MP251AAL3, STM32MP251CAI3, STM32MP251CAK3, STM32MP251CAL3, STM32MP251DAI3, STM32MP251DAK3, STM32MP251DAL3, STM32MP251FAI3, STM32MP251FAK3, STM32MP251FAL3, STM32MP253AAI3, STM32MP253AAK3, STM32MP253AAL3, STM32MP253CAI3, STM32MP253CAK3, STM32MP253CAL3, STM32MP253DAI3, STM32MP253DAK3, STM32MP253DAL3, STM32MP253FAI3, STM32MP253FAK3, STM32MP253FAL3, STM32MP255AAI3, STM32MP255AAK3, STM32MP255AAL3, STM32MP255CAI3, STM32MP255CAK3, STM32MP255CAL3, STM32MP255DAI3, STM32MP255DAK3, STM32MP255DAL3, STM32MP255FAI3, STM32MP255FAK3, STM32MP255FAL3, STM32MP257AAI3, STM32MP257AAK3, STM32MP257AAL3, STM32MP257CAI3, STM32MP257CAK3, STM32MP257CAL3, STM32MP257DAI3, STM32MP257DAK3, STM32MP257DAL3, STM32MP257F-DK, STM32MP257F-EV1, STM32MP257FAI3, STM32MP257FAK3, STM32MP257FAL3, STM32N645A0H3Q, STM32N645B0H3Q, STM32N645I0H3Q, STM32N645L0H3Q, STM32N645X0H3Q, STM32N645Z0H3Q, STM32N647A0H3Q, STM32N647B0H3Q, STM32N647I0H3Q, STM32N647L0H3Q, STM32N647X0H3Q, STM32N647Z0H3Q, STM32N655A0H3Q, STM32N655B0H3Q, STM32N655I0H3Q, STM32N655L0H3Q, STM32N655X0H3Q, STM32N655Z0H3Q, STM32N6570-DK, STM32N657A0H3Q, STM32N657B0H3Q, STM32N657I0H3Q, STM32N657L0H3Q, STM32N657X0H3Q, STM32N657Z0H3Q, STM32U031C6T6, STM32U031C6U6, STM32U031C8T6, STM32U031C8U6, STM32U031F4P6, STM32U031F6P6, STM32U031F8P6, STM32U031G6Y6TR, STM32U031G8Y6TR, STM32U031K4U6, STM32U031K6U6, STM32U031K8U6, STM32U031R6I6, STM32U031R6T6, STM32U031R8I6, STM32U031R8T6, STM32U073C8T6, STM32U073C8U6, STM32U073CBT6, STM32U073CBU6, STM32U073CCT6, STM32U073CCU6, STM32U073H8Y6TR, STM32U073HBY6TR, STM32U073HCY6TR, STM32U073K8U6, STM32U073KBU6, STM32U073KCU6, STM32U073M8I6, STM32U073M8T6, STM32U073MBI6, STM32U073MBT6, STM32U073MCI6, STM32U073MCT6, STM32U073R8I6, STM32U073R8T6, STM32U073RBI6, STM32U073RBT6, STM32U073RCI6, STM32U073RCT6, STM32U083C-DK, STM32U083CCT6, STM32U083CCU6, STM32U083HCY6TR, STM32U083KCU6, STM32U083MCI6, STM32U083MCT6, STM32U083RCI6, STM32U083RCT6, STM32U375CET6, STM32U375CET6Q, STM32U375CEU6, STM32U375CEU6Q, STM32U375CEY6QTR, STM32U375CGT6, STM32U375CGT6Q, STM32U375CGU6, STM32U375CGU6Q, STM32U375CGY6QTR, STM32U375KEU6, STM32U375KGU6, STM32U375REI6, STM32U375REI6Q, STM32U375RET6, STM32U375RET6Q, STM32U375REY6GTR, STM32U375REY6QTR, STM32U375RGI6, STM32U375RGI6Q, STM32U375RGT6, STM32U375RGT6Q, STM32U375RGY6GTR, STM32U375RGY6QTR, STM32U375VEI6, STM32U375VEI6Q, STM32U375VET6, STM32U375VET6Q, STM32U375VGI6, STM32U375VGI6Q, STM32U375VGT6, STM32U375VGT6Q, STM32U385CGT6, STM32U385CGT6Q, STM32U385CGU6, STM32U385CGU6Q, STM32U385CGY6QTR, STM32U385KGU6, STM32U385RGI6, STM32U385RGI6Q, STM32U385RGT6, STM32U385RGT6Q, STM32U385RGY6GTR, STM32U385RGY6QTR, STM32U385VGI6, STM32U385VGI6Q, STM32U385VGT6, STM32U385VGT6Q, STM32U535CBT6, STM32U535CBT6Q, STM32U535CBU6, STM32U535CBU6Q, STM32U535CCT6, STM32U535CCT6Q, STM32U535CCU6, STM32U535CCU6Q, STM32U535CET6, STM32U535CET6Q, STM32U535CEU6, STM32U535CEU6Q, STM32U535JEY6QTR, STM32U535NCY6QTR, STM32U535NEY6QTR, STM32U535RBI6, STM32U535RBI6Q, STM32U535RBT6, STM32U535RBT6Q, STM32U535RCI6, STM32U535RCI6Q, STM32U535RCT6, STM32U535RCT6Q, STM32U535REI6, STM32U535REI6Q, STM32U535RET6, STM32U535RET6Q, STM32U535VCI6, STM32U535VCI6Q, STM32U535VCT6, STM32U535VCT6Q, STM32U535VEI6, STM32U535VEI6Q, STM32U535VET6, STM32U535VET6Q, STM32U545CET6, STM32U545CET6Q, STM32U545CEU6, STM32U545CEU6Q, STM32U545JEY6QTR, STM32U545NEY6QTR, STM32U545REI6, STM32U545REI6Q, STM32U545RET6, STM32U545RET6Q, STM32U545VEI6, STM32U545VEI6Q, STM32U545VET6, STM32U545VET6Q, STM32U595AIH6, STM32U595AIH6Q, STM32U595AJH6, STM32U595AJH6Q, STM32U595QII6, STM32U595QII6Q, STM32U595QJI6, STM32U595QJI6Q, STM32U595RIT6, STM32U595RIT6Q, STM32U595RJT6, STM32U595RJT6Q, STM32U595VIT6, STM32U595VIT6Q, STM32U595VJT6, STM32U595VJT6Q, STM32U595ZIT6, STM32U595ZIT6Q, STM32U595ZIY6QTR, STM32U595ZJT6, STM32U595ZJT6Q, STM32U595ZJY6QTR, STM32U599BJY6QTR, STM32U599NIH6Q, STM32U599NJH6Q, STM32U599VIT6Q, STM32U599VJT6, STM32U599VJT6Q, STM32U599ZIT6Q, STM32U599ZIY6QTR, STM32U599ZJT6Q, STM32U599ZJY6QTR, STM32U5A5AJH6, STM32U5A5AJH6Q, STM32U5A5QII3Q , STM32U5A5QJI6, STM32U5A5QJI6Q, STM32U5A5RJT6, STM32U5A5RJT6Q, STM32U5A5VJT6, STM32U5A5VJT6Q, STM32U5A5ZJT6, STM32U5A5ZJT6Q, STM32U5A5ZJY6QTR, STM32U5A9BJY6QTR, STM32U5A9J-DK, STM32U5A9NJH6Q, STM32U5A9VJT6Q, STM32U5A9ZJT6Q, STM32U5A9ZJY6QTR, STM32U5F7VIT6, STM32U5F7VIT6Q, STM32U5F7VJT6, STM32U5F7VJT6Q, STM32U5F9BJY6QTR, STM32U5F9NJH6Q, STM32U5F9VIT6Q, STM32U5F9VJT6Q, STM32U5F9ZIJ6QTR, STM32U5F9ZIT6Q, STM32U5F9ZJJ6QTR, STM32U5F9ZJT6Q, STM32U5G7VJT6, STM32U5G7VJT6Q, STM32U5G9BJY6QTR, STM32U5G9J-DK1, STM32U5G9J-DK2, STM32U5G9NJH6Q, STM32U5G9VJT6Q, STM32U5G9ZJJ6QTR, STM32U5G9ZJT6Q, STM32WB05KZV6TR, STM32WB05KZV7TR, STM32WB05TZF6TR, STM32WB05TZF7TR, STM32WB06CCF6TR, STM32WB06CCF7TR, STM32WB06CCV6TR, STM32WB06CCV7TR, STM32WB06KCV6TR, STM32WB06KCV7TR, STM32WB07CCF6TR, STM32WB07CCF7TR, STM32WB07CCV6TR, STM32WB07CCV7TR, STM32WB07KCV6TR, STM32WB07KCV7TR, STM32WB09KEV6TR, STM32WB09KEV7TR, STM32WB09TEF6TR, STM32WB09TEF7TR, STM32WB1MMCH6, STM32WBA50KGU6, STM32WBA50KGU6TR, STM32WBA52CEU6, STM32WBA52CEU6TR, STM32WBA52CEU7, STM32WBA52CEU7TR, STM32WBA52CGU6, STM32WBA52CGU6TR, STM32WBA52CGU6U, STM32WBA52CGU7, STM32WBA52CGU7TR, STM32WBA52KEU6, STM32WBA52KEU6TR, STM32WBA52KGU6, STM32WBA52KGU6TR, STM32WBA54CEU6, STM32WBA54CEU6TR, STM32WBA54CEU7, STM32WBA54CEU7TR, STM32WBA54CGU6, STM32WBA54CGU6TR, STM32WBA54CGU7, STM32WBA54CGU7TR, STM32WBA54KEU6, STM32WBA54KEU6TR, STM32WBA54KEU7, STM32WBA54KEU7TR, STM32WBA54KGU6, STM32WBA54KGU6TR, STM32WBA54KGU7, STM32WBA54KGU7TR, STM32WBA55CEU6, STM32WBA55CEU6TR, STM32WBA55CEU7, STM32WBA55CEU7TR, STM32WBA55CGU6, STM32WBA55CGU6TR, STM32WBA55CGU6U, STM32WBA55CGU7, STM32WBA55CGU7TR, STM32WBA55G-DK1, STM32WBA55HEF6, STM32WBA55HEF7, STM32WBA55HGF6, STM32WBA55HGF7, STM32WBA55UEI6, STM32WBA55UEI6TR, STM32WBA55UEI7, STM32WBA55UEI7TR, STM32WBA55UGI6, STM32WBA55UGI6TR, STM32WBA55UGI7, STM32WBA55UGI7TR, STM32WBA5MMGH6TR, STM32WBA62MGF6, STM32WBA62MIF6, STM32WBA65MGF7, STM32WBA65MIF6, STM32WBA65MIF7, STM32WL30K8V6, STM32WL30KBV6, STM32WL31C8V6, STM32WL31CBV6, STM32WL31K8V6, STM32WL31KBV6, STM32WL33C8V6, STM32WL33C8V6X, STM32WL33CBV6, STM32WL33CBV6X, STM32WL33CCV6, STM32WL33CCV6A, STM32WL33CCV6X, STM32WL33K8V7, STM32WL33K8V7X, STM32WL33KBV7 , STM32WL33KBV7X, STM32WL33KCV7, STM32WL33KCV7X, STM32WL5MOCH6, STM32WL5MOCH6TR]
2025-10-11 21:10:33,690 [INFO] BoardInfo:889 - No configuration file found for board P-NUCLEO-WB55
2025-10-11 21:10:33,691 [INFO] DbBoards:161 - Kit is not supported: P-NUCLEO-WB55
2025-10-11 21:10:33,694 [INFO] BoardInfo:889 - No configuration file found for board STEVAL-BFA001V1B
2025-10-11 21:10:33,694 [INFO] DbBoards:161 - Kit is not supported: STEVAL-BFA001V1B
2025-10-11 21:10:33,694 [INFO] BoardInfo:889 - No configuration file found for board STEVAL-BFA001V2B
2025-10-11 21:10:33,694 [INFO] DbBoards:161 - Kit is not supported: STEVAL-BFA001V2B
2025-10-11 21:10:33,777 [INFO] DbBoards:168 - Found 212 boards, 209 are supported
2025-10-11 21:10:33,777 [INFO] DbBoards:169 - Found 212 boards, 43 of them is supported for  Bsp
2025-10-11 21:10:33,779 [INFO] ApiDb:668 - CubeFinder database Data Model version=2.1
2025-10-11 21:10:33,780 [INFO] ApiDb:669 - CubeFinder database Configuration version=3.0.39
2025-10-11 21:10:33,780 [INFO] ApiDb:670 - CubeFinder database generation date=2025-08-25 (1756130511)
2025-10-11 21:10:33,780 [INFO] ApiDb:671 - CubeFinder database FW Pack versions=[FP-ATR-ASTRA1_V2.0.0, FP-SNS-FLIGHT1_V5.1.0, FP-SNS-MOTENV1_V5.0.0, FP-SNS-MOTENVWB1_V1.4.0, FP-SNS-SMARTAG2_V1.2.0, FP-SNS-STBOX1_V2.1.0, STM32Cube_FW_C0_V1.4.0, STM32Cube_FW_F4_V1.28.3, STM32Cube_FW_F7_V1.17.4, STM32Cube_FW_G0_V1.6.2, STM32Cube_FW_G4_V1.6.1, STM32Cube_FW_H5_V1.5.0, STM32Cube_FW_H7RS_V1.2.0, STM32Cube_FW_H7_V1.12.1, STM32Cube_FW_L0_V1.12.2, STM32Cube_FW_L4_V1.18.1, STM32Cube_FW_L5_V1.5.1, STM32Cube_FW_N6_V1.2.0, STM32Cube_FW_U0_V1.3.0, STM32Cube_FW_U3_V1.2.0, STM32Cube_FW_U5_V1.8.0, STM32Cube_FW_WB0_V1.3.0, STM32Cube_FW_WBA_V1.7.0, STM32Cube_FW_WB_V1.23.0, STM32Cube_FW_WL3_V1.2.0, STM32Cube_FW_WL_V1.3.1, X-CUBE-ALGOBUILD_V1.4.0, X-CUBE-ALS_V1.0.2, X-CUBE-AZRTOS-F4_V1.1.0, X-CUBE-AZRTOS-F7_V1.1.0, X-CUBE-AZRTOS-G0_V1.1.0, X-CUBE-AZRTOS-G4_V2.0.0, X-CUBE-AZRTOS-H7RS_V1.1.0, X-CUBE-AZRTOS-H7_V3.4.0, X-CUBE-AZRTOS-L4_V2.0.0, X-CUBE-AZRTOS-L5_V2.0.0, X-CUBE-AZRTOS-WB_V2.0.0, X-CUBE-AZRTOS-WL_V2.0.0, X-CUBE-BLE1_V7.1.0, X-CUBE-BLE2_V3.3.0, X-CUBE-BLEMGR_V4.1.0, X-CUBE-EEPRMA1_V5.2.0, X-CUBE-FREERTOS_V1.3.1, X-CUBE-GNSS1_V6.0.0, X-CUBE-MEMS1_V11.3.0, X-CUBE-NFC4_V3.0.0, X-CUBE-NFC7_V2.0.0, X-CUBE-SFXS2LP1_V4.0.0, X-CUBE-ST67W61_V1.0.0, X-CUBE-SUBG2_V5.0.0, X-CUBE-TOF1_V3.4.3]
2025-10-11 21:10:35,700 [INFO] ApiDb:240 - Found 880 in-development CPN: [B-G473E-ZEST1S, B-WB1M-WPAN1, B-WBA5M-WPAN, B-WL5M-SUBG1, NUCLEO-C031C6, NUCLEO-C051C8, NUCLEO-C071RB, NUCLEO-C092RC, NUCLEO-H503RB, NUCLEO-H533RE, NUCLEO-H563ZI, NUCLEO-H7S3L8, NUCLEO-N657X0-Q, NUCLEO-U031R8, NUCLEO-U083RC, NUCLEO-U385RG-Q, NUCLEO-U545RE-Q, NUCLEO-U5A5ZJ-Q, NUCLEO-WB05KZ, NUCLEO-WB07CC, NUCLEO-WB09KE, NUCLEO-WBA52CG, NUCLEO-WBA55CG, NUCLEO-WL33CC1, NUCLEO-WL33CC2, STEVAL-PROTEUS1, STEVAL-SMARTAG2, STEVAL-STWINBX1, STM320518-EVAL, STM32C0116-DK, STM32C011D6Y3TR, STM32C011D6Y6TR, STM32C011F4P3, STM32C011F4P6, STM32C011F4U3, STM32C011F4U6TR, STM32C011F6P3, STM32C011F6P6, STM32C011F6U3, STM32C011F6U6TR, STM32C011J4M3, STM32C011J4M6, STM32C011J6M3, STM32C011J6M6, STM32C0316-DK, STM32C031C4T3, STM32C031C4T6, STM32C031C4U3, STM32C031C4U6, STM32C031C6T3, STM32C031C6T6, STM32C031C6U3, STM32C031C6U6, STM32C031F4P3, STM32C031F4P6, STM32C031F6P3, STM32C031F6P6, STM32C031G4U3, STM32C031G4U6, STM32C031G6U3, STM32C031G6U6, STM32C031K4T3, STM32C031K4T6, STM32C031K4U3, STM32C031K4U6, STM32C031K6T3, STM32C031K6T6, STM32C031K6U3, STM32C031K6U6, STM32C051C6T6, STM32C051C6U6, STM32C051C8T6, STM32C051C8U6, STM32C051D8Y6TR, STM32C051F6P6, STM32C051F8P6, STM32C051G6U6, STM32C051G8U6, STM32C051K6T6, STM32C051K6U6, STM32C051K8T6, STM32C071C8T6, STM32C071C8T6N, STM32C071C8U6, STM32C071C8U6N, STM32C071CBT6, STM32C071CBT6N, STM32C071CBU6, STM32C071CBU6N, STM32C071F8P6, STM32C071F8P6N, STM32C071FBP6, STM32C071FBP6N, STM32C071FBY6TR, STM32C071G8U6, STM32C071G8U6N, STM32C071GBU6, STM32C071GBU6N, STM32C071K8T6, STM32C071K8T6N, STM32C071K8U6, STM32C071K8U6N, STM32C071KBT6, STM32C071KBT6N, STM32C071KBU6, STM32C071KBU6N, STM32C071R8T6, STM32C071R8T6N, STM32C071RBI6N, STM32C071RBT6, STM32C071RBT6N, STM32C091CBT6, STM32C091CBU6, STM32C091CCT6, STM32C091CCU6, STM32C091ECY6TR, STM32C091FBP6, STM32C091FCP6, STM32C091GBU6, STM32C091GCU6, STM32C091KBT6, STM32C091KBU6, STM32C091KCT6, STM32C091KCU6, STM32C091RBT6, STM32C091RCI6, STM32C091RCT6, STM32C092CBT6, STM32C092CBU6, STM32C092CCT6, STM32C092CCU6, STM32C092ECY6TR, STM32C092FBP6, STM32C092FCP6, STM32C092GBU6, STM32C092GCU6, STM32C092KBT6, STM32C092KBU6, STM32C092KCT6, STM32C092KCU6, STM32C092RBT6, STM32C092RCI6, STM32C092RCT6, STM32G071K8TXN, STM32G071K8UXN, STM32G081GBU6N, STM32G081KBT6N, STM32G081KBUXN, STM32G0B1CCT6N, STM32G0B1KCT6, STM32G0B1NEY6TR, STM32G0B1RCT6N, STM32G0C1CCT6, STM32G0C1CCT6N, STM32G0C1CCU6N, STM32G0C1CET6N, STM32G0C1CEU6N, STM32G0C1KCT6, STM32G0C1NEY6TR, STM32G0C1RCI6N, STM32G0C1RCT6N, STM32G0C1REI6N, STM32G0C1RET6N, STM32G0C1VCI6, STM32G0C1VEI6, STM32G411C6T3, STM32G411C6T6, STM32G411C6U3, STM32G411C6U6, STM32G411C8T3, STM32G411C8T6, STM32G411C8U3, STM32G411C8U6, STM32G411CBT3, STM32G411CBT6, STM32G411CBU3, STM32G411CBU6, STM32G411K6T3, STM32G411K6T6, STM32G411K6U3, STM32G411K6U6, STM32G411K8T3, STM32G411K8T6, STM32G411K8U3, STM32G411K8U6, STM32G411KBT3, STM32G411KBT6, STM32G411KBU3, STM32G411KBU6, STM32G411M6T3, STM32G411M6T6, STM32G411M8T3, STM32G411M8T6, STM32G411MBT3, STM32G411MBT6, STM32G411R6T3, STM32G411R6T6, STM32G411R8T3, STM32G411R8T6, STM32G411RBT3, STM32G411RBT6, STM32G414CBT3, STM32G414CBT6, STM32G414CBU3, STM32G414CBU6, STM32G414CCT3, STM32G414CCT6, STM32G414CCU3, STM32G414CCU6, STM32G414MBT3, STM32G414MBT6, STM32G414MCT3, STM32G414MCT6, STM32G414RBT3, STM32G414RBT6, STM32G414RCT3, STM32G414RCT6, STM32G414VBT3, STM32G414VBT6, STM32G414VCT3, STM32G414VCT6, STM32G431CBT3Z, STM32G431RBT3Z, STM32G471CCT6, STM32G471CCU6, STM32G471CET3, STM32G471CET6, STM32G471CEU3, STM32G471CEU6, STM32G471MCT6, STM32G471MET3, STM32G471MET6, STM32G471MEY6TR, STM32G471QCT6, STM32G471QET3, STM32G471RCT6, STM32G471RET3, STM32G471RET6, STM32G471VCH6, STM32G471VCI6, STM32G471VCT6, STM32G471VEH3, STM32G471VEH6, STM32G471VEI3, STM32G471VEI6, STM32G471VET3, STM32G471VET6, STM32G473QET3Z, STM32G473RET3Z, STM32G474CCT6, STM32G491RET3Z, STM32H503CBT6, STM32H503CBU6, STM32H503EBY6TR, STM32H503KBU6, STM32H503RBT6, STM32H523CCT6, STM32H523CCU6, STM32H523CET6, STM32H523CEU6, STM32H523HEY6TR, STM32H523RCT6, STM32H523RET6, STM32H523VCI6, STM32H523VCT6, STM32H523VEI6, STM32H523VET6, STM32H523ZCJ6, STM32H523ZCT6, STM32H523ZEJ6, STM32H523ZET6, STM32H533CET6, STM32H533CEU6, STM32H533HEY6TR, STM32H533RET6, STM32H533VEI6, STM32H533VET6, STM32H533ZEJ6, STM32H533ZET6, STM32H562AGI6, STM32H562AII6, STM32H562IGK6, STM32H562IGT6, STM32H562IIK6, STM32H562IIT6, STM32H562RGT6, STM32H562RGV6, STM32H562RIT6, STM32H562RIV6, STM32H562VGT6, STM32H562VIT6, STM32H562ZGT6, STM32H562ZIT6, STM32H563AGI6, STM32H563AII3Q, STM32H563AII6, STM32H563IGK6, STM32H563IGT6, STM32H563IIK3Q, STM32H563IIK6, STM32H563IIT3Q, STM32H563IIT6, STM32H563MIY3QTR, STM32H563RGT6, STM32H563RGV6, STM32H563RIT6, STM32H563RIV6, STM32H563VGT6, STM32H563VIT3Q, STM32H563VIT6, STM32H563ZGT6, STM32H563ZIT3Q, STM32H563ZIT6, STM32H573AII3Q, STM32H573AII6, STM32H573I-DK, STM32H573IIK3Q, STM32H573IIK6, STM32H573IIT3Q, STM32H573IIT6, STM32H573MIY3QTR, STM32H573RIT6, STM32H573RIV6, STM32H573VIT3Q, STM32H573VIT6, STM32H573ZIT3Q, STM32H573ZIT6, STM32H7R3A8I6, STM32H7R3I8K6, STM32H7R3I8T6, STM32H7R3L8H6, STM32H7R3L8H6H, STM32H7R3R8V6, STM32H7R3V8H6, STM32H7R3V8T6, STM32H7R3V8Y6TR, STM32H7R3Z8J6, STM32H7R3Z8T6, STM32H7R7A8I6, STM32H7R7I8K6, STM32H7R7I8T6, STM32H7R7L8H6, STM32H7R7L8H6H, STM32H7R7Z8J6, STM32H7S3A8I6, STM32H7S3I8K6, STM32H7S3I8T6, STM32H7S3L8H6, STM32H7S3L8H6H, STM32H7S3R8V6, STM32H7S3V8H6, STM32H7S3V8T6, STM32H7S3V8Y6TR, STM32H7S3Z8J6, STM32H7S3Z8T6, STM32H7S78-DK, STM32H7S7A8I6, STM32H7S7I8K6, STM32H7S7I8T6, STM32H7S7L8H6, STM32H7S7L8H6H, STM32H7S7Z8J6, STM32L4R5QGI6STR, STM32MP131AAE3, STM32MP131AAF3, STM32MP131AAG3, STM32MP131CAE3, STM32MP131CAF3, STM32MP131CAG3, STM32MP131DAE7, STM32MP131DAF7, STM32MP131DAG7, STM32MP131FAE7, STM32MP131FAF7, STM32MP131FAG7, STM32MP133AAE3, STM32MP133AAF3, STM32MP133AAG3, STM32MP133CAE3, STM32MP133CAF3, STM32MP133CAG3, STM32MP133DAE7, STM32MP133DAF7, STM32MP133DAG7, STM32MP133FAE7, STM32MP133FAF7, STM32MP133FAG7, STM32MP135AAE3, STM32MP135AAF3, STM32MP135AAG3, STM32MP135CAE3, STM32MP135CAF3, STM32MP135CAG3, STM32MP135DAE7, STM32MP135DAF7, STM32MP135DAG7, STM32MP135F-DK, STM32MP135FAE7, STM32MP135FAF7, STM32MP135FAF7T, STM32MP135FAF7U, STM32MP135FAG7, STM32MP211AAL3, STM32MP211AAM3, STM32MP211AAN3, STM32MP211AAO3, STM32MP211CAL3, STM32MP211CAM3, STM32MP211CAN3, STM32MP211CAO3, STM32MP211DAL3, STM32MP211DAM3, STM32MP211DAN3, STM32MP211DAO3, STM32MP211FAL3, STM32MP211FAM3, STM32MP211FAN3, STM32MP211FAO3, STM32MP213AAL3, STM32MP213AAM3, STM32MP213AAN3, STM32MP213AAO3, STM32MP213CAL3, STM32MP213CAM3, STM32MP213CAN3, STM32MP213CAO3, STM32MP213DAL3, STM32MP213DAM3, STM32MP213DAN3, STM32MP213DAO3, STM32MP213FAL3, STM32MP213FAM3, STM32MP213FAN3, STM32MP213FAO3, STM32MP215AAL3, STM32MP215AAM3, STM32MP215AAN3, STM32MP215AAO3, STM32MP215CAL3, STM32MP215CAM3, STM32MP215CAN3, STM32MP215CAO3, STM32MP215DAL3, STM32MP215DAM3, STM32MP215DAN3, STM32MP215DAO3, STM32MP215F-DK, STM32MP215FAL3, STM32MP215FAM3, STM32MP215FAN3, STM32MP215FAO3, STM32MP231AAJ3, STM32MP231AAK3, STM32MP231AAL3, STM32MP231CAJ3, STM32MP231CAK3, STM32MP231CAL3, STM32MP231DAJ3, STM32MP231DAK3, STM32MP231DAL3, STM32MP231FAJ3, STM32MP231FAK3, STM32MP231FAL3, STM32MP233AAJ3, STM32MP233AAK3, STM32MP233AAL3, STM32MP233CAJ3, STM32MP233CAK3, STM32MP233CAL3, STM32MP233DAJ3, STM32MP233DAK3, STM32MP233DAL3, STM32MP233FAJ3, STM32MP233FAK3, STM32MP233FAL3, STM32MP235AAJ3, STM32MP235AAK3, STM32MP235AAL3, STM32MP235CAJ3, STM32MP235CAK3, STM32MP235CAL3, STM32MP235DAJ3, STM32MP235DAK3, STM32MP235DAL3, STM32MP235FAJ3, STM32MP235FAK3, STM32MP235FAL3, STM32MP251AAI3, STM32MP251AAK3, STM32MP251AAL3, STM32MP251CAI3, STM32MP251CAK3, STM32MP251CAL3, STM32MP251DAI3, STM32MP251DAK3, STM32MP251DAL3, STM32MP251FAI3, STM32MP251FAK3, STM32MP251FAL3, STM32MP253AAI3, STM32MP253AAK3, STM32MP253AAL3, STM32MP253CAI3, STM32MP253CAK3, STM32MP253CAL3, STM32MP253DAI3, STM32MP253DAK3, STM32MP253DAL3, STM32MP253FAI3, STM32MP253FAK3, STM32MP253FAL3, STM32MP255AAI3, STM32MP255AAK3, STM32MP255AAL3, STM32MP255CAI3, STM32MP255CAK3, STM32MP255CAL3, STM32MP255DAI3, STM32MP255DAK3, STM32MP255DAL3, STM32MP255FAI3, STM32MP255FAK3, STM32MP255FAL3, STM32MP257AAI3, STM32MP257AAK3, STM32MP257AAL3, STM32MP257CAI3, STM32MP257CAK3, STM32MP257CAL3, STM32MP257DAI3, STM32MP257DAK3, STM32MP257DAL3, STM32MP257F-DK, STM32MP257F-EV1, STM32MP257FAI3, STM32MP257FAK3, STM32MP257FAL3, STM32N645A0H3Q, STM32N645B0H3Q, STM32N645I0H3Q, STM32N645L0H3Q, STM32N645X0H3Q, STM32N645Z0H3Q, STM32N647A0H3Q, STM32N647B0H3Q, STM32N647I0H3Q, STM32N647L0H3Q, STM32N647X0H3Q, STM32N647Z0H3Q, STM32N655A0H3Q, STM32N655B0H3Q, STM32N655I0H3Q, STM32N655L0H3Q, STM32N655X0H3Q, STM32N655Z0H3Q, STM32N6570-DK, STM32N657A0H3Q, STM32N657B0H3Q, STM32N657I0H3Q, STM32N657L0H3Q, STM32N657X0H3Q, STM32N657Z0H3Q, STM32U031C6T6, STM32U031C6U6, STM32U031C8T6, STM32U031C8U6, STM32U031F4P6, STM32U031F6P6, STM32U031F8P6, STM32U031G6Y6TR, STM32U031G8Y6TR, STM32U031K4U6, STM32U031K6U6, STM32U031K8U6, STM32U031R6I6, STM32U031R6T6, STM32U031R8I6, STM32U031R8T6, STM32U073C8T6, STM32U073C8U6, STM32U073CBT6, STM32U073CBU6, STM32U073CCT6, STM32U073CCU6, STM32U073H8Y6TR, STM32U073HBY6TR, STM32U073HCY6TR, STM32U073K8U6, STM32U073KBU6, STM32U073KCU6, STM32U073M8I6, STM32U073M8T6, STM32U073MBI6, STM32U073MBT6, STM32U073MCI6, STM32U073MCT6, STM32U073R8I6, STM32U073R8T6, STM32U073RBI6, STM32U073RBT6, STM32U073RCI6, STM32U073RCT6, STM32U083C-DK, STM32U083CCT6, STM32U083CCU6, STM32U083HCY6TR, STM32U083KCU6, STM32U083MCI6, STM32U083MCT6, STM32U083RCI6, STM32U083RCT6, STM32U375CET6, STM32U375CET6Q, STM32U375CEU6, STM32U375CEU6Q, STM32U375CEY6QTR, STM32U375CGT6, STM32U375CGT6Q, STM32U375CGU6, STM32U375CGU6Q, STM32U375CGY6QTR, STM32U375KEU6, STM32U375KGU6, STM32U375REI6, STM32U375REI6Q, STM32U375RET6, STM32U375RET6Q, STM32U375REY6GTR, STM32U375REY6QTR, STM32U375RGI6, STM32U375RGI6Q, STM32U375RGT6, STM32U375RGT6Q, STM32U375RGY6GTR, STM32U375RGY6QTR, STM32U375VEI6, STM32U375VEI6Q, STM32U375VET6, STM32U375VET6Q, STM32U375VGI6, STM32U375VGI6Q, STM32U375VGT6, STM32U375VGT6Q, STM32U385CGT6, STM32U385CGT6Q, STM32U385CGU6, STM32U385CGU6Q, STM32U385CGY6QTR, STM32U385KGU6, STM32U385RGI6, STM32U385RGI6Q, STM32U385RGT6, STM32U385RGT6Q, STM32U385RGY6GTR, STM32U385RGY6QTR, STM32U385VGI6, STM32U385VGI6Q, STM32U385VGT6, STM32U385VGT6Q, STM32U535CBT6, STM32U535CBT6Q, STM32U535CBU6, STM32U535CBU6Q, STM32U535CCT6, STM32U535CCT6Q, STM32U535CCU6, STM32U535CCU6Q, STM32U535CET6, STM32U535CET6Q, STM32U535CEU6, STM32U535CEU6Q, STM32U535JEY6QTR, STM32U535NCY6QTR, STM32U535NEY6QTR, STM32U535RBI6, STM32U535RBI6Q, STM32U535RBT6, STM32U535RBT6Q, STM32U535RCI6, STM32U535RCI6Q, STM32U535RCT6, STM32U535RCT6Q, STM32U535REI6, STM32U535REI6Q, STM32U535RET6, STM32U535RET6Q, STM32U535VCI6, STM32U535VCI6Q, STM32U535VCT6, STM32U535VCT6Q, STM32U535VEI6, STM32U535VEI6Q, STM32U535VET6, STM32U535VET6Q, STM32U545CET6, STM32U545CET6Q, STM32U545CEU6, STM32U545CEU6Q, STM32U545JEY6QTR, STM32U545NEY6QTR, STM32U545REI6, STM32U545REI6Q, STM32U545RET6, STM32U545RET6Q, STM32U545VEI6, STM32U545VEI6Q, STM32U545VET6, STM32U545VET6Q, STM32U595AIH6, STM32U595AIH6Q, STM32U595AJH6, STM32U595AJH6Q, STM32U595QII6, STM32U595QII6Q, STM32U595QJI6, STM32U595QJI6Q, STM32U595RIT6, STM32U595RIT6Q, STM32U595RJT6, STM32U595RJT6Q, STM32U595VIT6, STM32U595VIT6Q, STM32U595VJT6, STM32U595VJT6Q, STM32U595ZIT6, STM32U595ZIT6Q, STM32U595ZIY6QTR, STM32U595ZJT6, STM32U595ZJT6Q, STM32U595ZJY6QTR, STM32U599BJY6QTR, STM32U599NIH6Q, STM32U599NJH6Q, STM32U599VIT6Q, STM32U599VJT6, STM32U599VJT6Q, STM32U599ZIT6Q, STM32U599ZIY6QTR, STM32U599ZJT6Q, STM32U599ZJY6QTR, STM32U5A5AJH6, STM32U5A5AJH6Q, STM32U5A5QII3Q , STM32U5A5QJI6, STM32U5A5QJI6Q, STM32U5A5RJT6, STM32U5A5RJT6Q, STM32U5A5VJT6, STM32U5A5VJT6Q, STM32U5A5ZJT6, STM32U5A5ZJT6Q, STM32U5A5ZJY6QTR, STM32U5A9BJY6QTR, STM32U5A9J-DK, STM32U5A9NJH6Q, STM32U5A9VJT6Q, STM32U5A9ZJT6Q, STM32U5A9ZJY6QTR, STM32U5F7VIT6, STM32U5F7VIT6Q, STM32U5F7VJT6, STM32U5F7VJT6Q, STM32U5F9BJY6QTR, STM32U5F9NJH6Q, STM32U5F9VIT6Q, STM32U5F9VJT6Q, STM32U5F9ZIJ6QTR, STM32U5F9ZIT6Q, STM32U5F9ZJJ6QTR, STM32U5F9ZJT6Q, STM32U5G7VJT6, STM32U5G7VJT6Q, STM32U5G9BJY6QTR, STM32U5G9J-DK1, STM32U5G9J-DK2, STM32U5G9NJH6Q, STM32U5G9VJT6Q, STM32U5G9ZJJ6QTR, STM32U5G9ZJT6Q, STM32WB05KZV6TR, STM32WB05KZV7TR, STM32WB05TZF6TR, STM32WB05TZF7TR, STM32WB06CCF6TR, STM32WB06CCF7TR, STM32WB06CCV6TR, STM32WB06CCV7TR, STM32WB06KCV6TR, STM32WB06KCV7TR, STM32WB07CCF6TR, STM32WB07CCF7TR, STM32WB07CCV6TR, STM32WB07CCV7TR, STM32WB07KCV6TR, STM32WB07KCV7TR, STM32WB09KEV6TR, STM32WB09KEV7TR, STM32WB09TEF6TR, STM32WB09TEF7TR, STM32WB1MMCH6, STM32WBA50KGU6, STM32WBA50KGU6TR, STM32WBA52CEU6, STM32WBA52CEU6TR, STM32WBA52CEU7, STM32WBA52CEU7TR, STM32WBA52CGU6, STM32WBA52CGU6TR, STM32WBA52CGU6U, STM32WBA52CGU7, STM32WBA52CGU7TR, STM32WBA52KEU6, STM32WBA52KEU6TR, STM32WBA52KGU6, STM32WBA52KGU6TR, STM32WBA54CEU6, STM32WBA54CEU6TR, STM32WBA54CEU7, STM32WBA54CEU7TR, STM32WBA54CGU6, STM32WBA54CGU6TR, STM32WBA54CGU7, STM32WBA54CGU7TR, STM32WBA54KEU6, STM32WBA54KEU6TR, STM32WBA54KEU7, STM32WBA54KEU7TR, STM32WBA54KGU6, STM32WBA54KGU6TR, STM32WBA54KGU7, STM32WBA54KGU7TR, STM32WBA55CEU6, STM32WBA55CEU6TR, STM32WBA55CEU7, STM32WBA55CEU7TR, STM32WBA55CGU6, STM32WBA55CGU6TR, STM32WBA55CGU6U, STM32WBA55CGU7, STM32WBA55CGU7TR, STM32WBA55G-DK1, STM32WBA55HEF6, STM32WBA55HEF7, STM32WBA55HGF6, STM32WBA55HGF7, STM32WBA55UEI6, STM32WBA55UEI6TR, STM32WBA55UEI7, STM32WBA55UEI7TR, STM32WBA55UGI6, STM32WBA55UGI6TR, STM32WBA55UGI7, STM32WBA55UGI7TR, STM32WBA5MMGH6TR, STM32WBA62MGF6, STM32WBA62MIF6, STM32WBA65MGF7, STM32WBA65MIF6, STM32WBA65MIF7, STM32WL30K8V6, STM32WL30KBV6, STM32WL31C8V6, STM32WL31CBV6, STM32WL31K8V6, STM32WL31KBV6, STM32WL33C8V6, STM32WL33C8V6X, STM32WL33CBV6, STM32WL33CBV6X, STM32WL33CCV6, STM32WL33CCV6A, STM32WL33CCV6X, STM32WL33K8V7, STM32WL33K8V7X, STM32WL33KBV7 , STM32WL33KBV7X, STM32WL33KCV7, STM32WL33KCV7X, STM32WL5MOCH6, STM32WL5MOCH6TR]
2025-10-11 21:10:35,705 [INFO] DbMcus:218 - Found 4801 MCUs, 4801 are supported
2025-10-11 21:10:35,705 [INFO] ApiDb:423 - Load user favorites file /home/oleksii/.stm32cubeide/favorites.mcus.txt: 0 item(s)
2025-10-11 21:10:35,706 [INFO] ApiDb:427 - User favorites MCUs=[]
2025-10-11 21:10:35,706 [INFO] DbMcus:224 - Set 0 / 0 favorites MCUs
2025-10-11 21:10:36,061 [INFO] ApiDb:423 - Load user favorites file /home/oleksii/.stm32cubeide/favorites.boards.txt: 0 item(s)
2025-10-11 21:10:36,061 [INFO] ApiDb:427 - User favorites Boards=[]
2025-10-11 21:10:36,062 [INFO] DbBoards:198 - Set 0 / 0 favorites Boards
2025-10-11 21:10:36,130 [INFO] UtilMem:75 - End LoadConfig() Used Memory: 237668880 Bytes (348127232)
2025-10-11 21:10:36,281 [WARN] ThirdParty:833 - waiting for thirdparty lock release [change project]
2025-10-11 21:10:36,281 [INFO] ThirdParty:835 - entering critical section [change project]
2025-10-11 21:10:36,281 [INFO] ThirdParty:1030 - CMSIS Pack Vendor :STMicroelectronics X-CUBE-PM33A1 1.0.0
2025-10-11 21:10:36,281 [INFO] ThirdParty:1030 - CMSIS Pack Vendor :STMicroelectronics USBPD 4.1
2025-10-11 21:10:36,281 [INFO] ThirdParty:1030 - CMSIS Pack Vendor :STMicroelectronics X-CUBE-NFC9 1.0.0
2025-10-11 21:10:36,281 [INFO] ThirdParty:1030 - CMSIS Pack Vendor :STMicroelectronics USB_HOST 2.0.0
2025-10-11 21:10:36,282 [INFO] ThirdParty:1030 - CMSIS Pack Vendor :STMicroelectronics FP-SNS-MOTENVWB1 1.4.0
2025-10-11 21:10:36,282 [INFO] ThirdParty:1030 - CMSIS Pack Vendor :STMicroelectronics X-CUBE-AZRTOS-F4 1.1.0
2025-10-11 21:10:36,282 [INFO] ThirdParty:1030 - CMSIS Pack Vendor :STMicroelectronics LIBJPEG 8.0.0
2025-10-11 21:10:36,282 [INFO] ThirdParty:1030 - CMSIS Pack Vendor :STMicroelectronics FP-ATR-ASTRA1 2.0.2
2025-10-11 21:10:36,282 [INFO] ThirdParty:1030 - CMSIS Pack Vendor :wolfSSL I-CUBE-wolfSSL 5.8.2
2025-10-11 21:10:36,282 [INFO] ThirdParty:1030 - CMSIS Pack Vendor :STMicroelectronics X-CUBE-BLE1 7.1.0
2025-10-11 21:10:36,282 [INFO] ThirdParty:1030 - CMSIS Pack Vendor :Avnet-IotConnect X-CUBE-IoTC-DA16k-PMOD 1.0.0
2025-10-11 21:10:36,282 [INFO] ThirdParty:1030 - CMSIS Pack Vendor :STMicroelectronics X-CUBE-SMBUS 2.1.0
2025-10-11 21:10:36,282 [INFO] ThirdParty:1030 - CMSIS Pack Vendor :wolfSSL I-CUBE-wolfMQTT 1.19.2
2025-10-11 21:10:36,282 [INFO] ThirdParty:1030 - CMSIS Pack Vendor :STMicroelectronics USB_DEVICE 3.0.0
2025-10-11 21:10:36,282 [INFO] ThirdParty:1030 - CMSIS Pack Vendor :STMicroelectronics X-CUBE-ISPU 2.1.0
2025-10-11 21:10:36,282 [INFO] ThirdParty:1030 - CMSIS Pack Vendor :STMicroelectronics X-CUBE-EEPRMA1 5.2.0
2025-10-11 21:10:36,282 [INFO] ThirdParty:1030 - CMSIS Pack Vendor :STMicroelectronics X-CUBE-BLEMGR 4.1.0
2025-10-11 21:10:36,282 [INFO] ThirdParty:1030 - CMSIS Pack Vendor :STMicroelectronics X-CUBE-AZRTOS-WB 2.0.0
2025-10-11 21:10:36,282 [INFO] ThirdParty:1030 - CMSIS Pack Vendor :STMicroelectronics X-CUBE-ST60 1.0.0
2025-10-11 21:10:36,282 [INFO] ThirdParty:1030 - CMSIS Pack Vendor :STMicroelectronics X-CUBE-GNSS1 7.0.1
2025-10-11 21:10:36,282 [INFO] ThirdParty:1030 - CMSIS Pack Vendor :STMicroelectronics X-CUBE-NFC12 1.0.0
2025-10-11 21:10:36,282 [INFO] ThirdParty:1030 - CMSIS Pack Vendor :STMicroelectronics X-CUBE-AZRTOS-F7 1.1.0
2025-10-11 21:10:36,282 [INFO] ThirdParty:1030 - CMSIS Pack Vendor :STMicroelectronics X-CUBE-AZRTOS-L5 2.0.0
2025-10-11 21:10:36,282 [INFO] ThirdParty:1030 - CMSIS Pack Vendor :STMicroelectronics X-CUBE-TOUCHGFX 4.25.0
2025-10-11 21:10:36,282 [INFO] ThirdParty:1030 - CMSIS Pack Vendor :STMicroelectronics USB_DEVICE 2.0.0
2025-10-11 21:10:36,282 [INFO] ThirdParty:1030 - CMSIS Pack Vendor :STMicroelectronics X-CUBE-NFC6 3.1.0
2025-10-11 21:10:36,282 [INFO] ThirdParty:1030 - CMSIS Pack Vendor :quantropi X-CUBE-qispace-sdk-base 2.1.0
2025-10-11 21:10:36,283 [INFO] ThirdParty:1030 - CMSIS Pack Vendor :STMicroelectronics FreeRTOS 0.0.1
2025-10-11 21:10:36,283 [INFO] ThirdParty:1030 - CMSIS Pack Vendor :STMicroelectronics X-CUBE-AZRTOS-G0 1.1.0
2025-10-11 21:10:36,283 [INFO] ThirdParty:1030 - CMSIS Pack Vendor :STMicroelectronics X-CUBE-SAFEA1 1.2.2
2025-10-11 21:10:36,283 [INFO] ThirdParty:1030 - CMSIS Pack Vendor :STMicroelectronics X-CUBE-NFC4 3.0.0
2025-10-11 21:10:36,283 [INFO] ThirdParty:1030 - CMSIS Pack Vendor :STMicroelectronics X-CUBE-SUBG2 5.0.0
2025-10-11 21:10:36,283 [INFO] ThirdParty:1030 - CMSIS Pack Vendor :STMicroelectronics X-CUBE-AZRTOS-H7RS 1.1.0
2025-10-11 21:10:36,283 [INFO] ThirdParty:1030 - CMSIS Pack Vendor :STMicroelectronics STM32_WPAN 1.0.0
2025-10-11 21:10:36,283 [INFO] ThirdParty:1030 - CMSIS Pack Vendor :EmbeddedOffice I-CUBE-FS-RTOS 1.0.1
2025-10-11 21:10:36,283 [INFO] ThirdParty:1030 - CMSIS Pack Vendor :STMicroelectronics lwIP 2.0.3
2025-10-11 21:10:36,283 [INFO] ThirdParty:1030 - CMSIS Pack Vendor :WES I-CUBE-Cesium 1.4.0
2025-10-11 21:10:36,283 [INFO] ThirdParty:1030 - CMSIS Pack Vendor :Cesanta I-CUBE-Mongoose 7.13.0
2025-10-11 21:10:36,283 [INFO] ThirdParty:1030 - CMSIS Pack Vendor :STMicroelectronics USB_HOST 1.0.0
2025-10-11 21:10:36,283 [INFO] ThirdParty:1030 - CMSIS Pack Vendor :Infineon AIROC-Wi-Fi-Bluetooth-STM32 1.7.1
2025-10-11 21:10:36,283 [INFO] ThirdParty:1030 - CMSIS Pack Vendor :STMicroelectronics X-CUBE-AZRTOS-G4 2.0.0
2025-10-11 21:10:36,283 [INFO] ThirdParty:1030 - CMSIS Pack Vendor :STMicroelectronics X-CUBE-WB05N 2.0.0
2025-10-11 21:10:36,283 [INFO] ThirdParty:1030 - CMSIS Pack Vendor :STMicroelectronics PDM2PCM 3.1.0
2025-10-11 21:10:36,283 [INFO] ThirdParty:1030 - CMSIS Pack Vendor :STMicroelectronics PDM2PCM 3.3.0
2025-10-11 21:10:36,283 [INFO] ThirdParty:1030 - CMSIS Pack Vendor :wolfSSL I-CUBE-wolfTPM 3.8.0
2025-10-11 21:10:36,283 [INFO] ThirdParty:1030 - CMSIS Pack Vendor :STMicroelectronics X-CUBE-AZRTOS-H7 3.4.0
2025-10-11 21:10:36,283 [INFO] ThirdParty:1030 - CMSIS Pack Vendor :STMicroelectronics X-CUBE-DISPLAY 3.0.0
2025-10-11 21:10:36,283 [INFO] ThirdParty:1030 - CMSIS Pack Vendor :wolfSSL I-CUBE-wolfSSH 1.4.20
2025-10-11 21:10:36,283 [INFO] ThirdParty:1030 - CMSIS Pack Vendor :STMicroelectronics X-CUBE-NFC7 2.0.0
2025-10-11 21:10:36,284 [INFO] ThirdParty:1030 - CMSIS Pack Vendor :STMicroelectronics X-CUBE-TCPP 4.2.0
2025-10-11 21:10:36,284 [INFO] ThirdParty:1030 - CMSIS Pack Vendor :RealThread X-CUBE-RT-Thread_Nano 4.1.1
2025-10-11 21:10:36,284 [INFO] ThirdParty:1030 - CMSIS Pack Vendor :STMicroelectronics FP-ATR-SIGFOX1 3.2.0
2025-10-11 21:10:36,284 [INFO] ThirdParty:1030 - CMSIS Pack Vendor :STMicroelectronics X-CUBE-NFC10 1.0.0
2025-10-11 21:10:36,284 [INFO] ThirdParty:1030 - CMSIS Pack Vendor :STMicroelectronics X-CUBE-FREERTOS 1.3.1
2025-10-11 21:10:36,284 [INFO] ThirdParty:1030 - CMSIS Pack Vendor :STMicroelectronics HAL Drivers 0.0.0
2025-10-11 21:10:36,284 [INFO] ThirdParty:1030 - CMSIS Pack Vendor :STMicroelectronics MBEDTLS 2.16.2
2025-10-11 21:10:36,284 [INFO] ThirdParty:1030 - CMSIS Pack Vendor :STMicroelectronics X-CUBE-IPS 3.1.0
2025-10-11 21:10:36,284 [INFO] ThirdParty:1030 - CMSIS Pack Vendor :STMicroelectronics X-CUBE-ALS 1.0.2
2025-10-11 21:10:36,284 [INFO] ThirdParty:1030 - CMSIS Pack Vendor :emotas I-CUBE-CANOPEN 1.3.0
2025-10-11 21:10:36,284 [INFO] ThirdParty:1030 - CMSIS Pack Vendor :STMicroelectronics MBEDTLS 2.14.1
2025-10-11 21:10:36,284 [INFO] ThirdParty:1030 - CMSIS Pack Vendor :ITTIA_DB I-CUBE-ITTIADB 8.9.0
2025-10-11 21:10:36,284 [INFO] ThirdParty:1030 - CMSIS Pack Vendor :STMicroelectronics X-CUBE-TOUCHGFX 4.26.0
2025-10-11 21:10:36,284 [INFO] ThirdParty:1030 - CMSIS Pack Vendor :STMicroelectronics X-CUBE-STSE01 1.0.0
2025-10-11 21:10:36,284 [INFO] ThirdParty:1030 - CMSIS Pack Vendor :STMicroelectronics X-CUBE-ST67W61 1.0.0
2025-10-11 21:10:36,284 [INFO] ThirdParty:1030 - CMSIS Pack Vendor :STMicroelectronics FP-SNS-STBOX1 2.1.0
2025-10-11 21:10:36,284 [INFO] ThirdParty:1030 - CMSIS Pack Vendor :STMicroelectronics X-CUBE-AI 10.2.0
2025-10-11 21:10:36,284 [INFO] ThirdParty:1030 - CMSIS Pack Vendor :STMicroelectronics FP-SNS-STAIOTCFT 1.0.0
2025-10-11 21:10:36,284 [INFO] ThirdParty:1030 - CMSIS Pack Vendor :STMicroelectronics ThreadX 1.0.0
2025-10-11 21:10:36,284 [INFO] ThirdParty:1030 - CMSIS Pack Vendor :STMicroelectronics FP-SNS-SMARTAG2 1.2.0
2025-10-11 21:10:36,284 [INFO] ThirdParty:1030 - CMSIS Pack Vendor :STMicroelectronics FP-SNS-FLIGHT1 5.1.0
2025-10-11 21:10:36,284 [INFO] ThirdParty:1030 - CMSIS Pack Vendor :STMicroelectronics X-CUBE-AZRTOS-WL 2.0.0
2025-10-11 21:10:36,284 [INFO] ThirdParty:1030 - CMSIS Pack Vendor :SEGGER I-CUBE-embOS 1.3.1
2025-10-11 21:10:36,284 [INFO] ThirdParty:1030 - CMSIS Pack Vendor :STMicroelectronics X-CUBE-ALGOBUILD 1.4.0
2025-10-11 21:10:36,284 [INFO] ThirdParty:1030 - CMSIS Pack Vendor :STMicroelectronics X-CUBE-DPower 1.3.0
2025-10-11 21:10:36,284 [INFO] ThirdParty:1030 - CMSIS Pack Vendor :STMicroelectronics X-CUBE-MEMS1 11.3.0
2025-10-11 21:10:36,285 [INFO] ThirdParty:1030 - CMSIS Pack Vendor :STMicroelectronics FP-SNS-MOTENV1 5.0.0
2025-10-11 21:10:36,285 [INFO] ThirdParty:1030 - CMSIS Pack Vendor :STMicroelectronics USB_DEVICE 1.0.0
2025-10-11 21:10:36,285 [INFO] ThirdParty:1030 - CMSIS Pack Vendor :STMicroelectronics X-CUBE-AZRTOS-L4 2.0.0
2025-10-11 21:10:36,285 [INFO] ThirdParty:1030 - CMSIS Pack Vendor :STMicroelectronics ThreadX 0.0.2
2025-10-11 21:10:36,285 [INFO] ThirdParty:1030 - CMSIS Pack Vendor :STMicroelectronics lwIP 2.1.2
2025-10-11 21:10:36,285 [INFO] ThirdParty:1030 - CMSIS Pack Vendor :STMicroelectronics X-CUBE-SFXS2LP1 4.0.0
2025-10-11 21:10:36,285 [INFO] ThirdParty:1030 - CMSIS Pack Vendor :STMicroelectronics X-CUBE-BLE2 3.3.0
2025-10-11 21:10:36,285 [INFO] ThirdParty:1030 - CMSIS Pack Vendor :STMicroelectronics X-CUBE-TOF1 3.4.3
2025-10-11 21:10:36,285 [INFO] ThirdParty:1030 - CMSIS Pack Vendor :STMicroelectronics PDM2PCM 3.2.0
2025-10-11 21:10:36,285 [INFO] ThirdParty:841 - exiting critical section [change project]
2025-10-11 21:10:36,607 [INFO] PinOutPanel:1589 - setPackage(No Configuration,No Configuration)
2025-10-11 21:10:36,608 [INFO] PinOutPanel:1589 - setPackage(STM32F407VGTx,LQFP100)
2025-10-11 21:10:36,895 [INFO] UtilMem:75 - Before build in PCC Used Memory: 220588880 Bytes (348127232)
2025-10-11 21:10:37,221 [INFO] UtilMem:75 - After build in PCC Used Memory: 206102520 Bytes (348127232)
2025-10-11 21:10:37,261 [INFO] ApiDbMcu:532 - Load IP Config File for USB_HOST
2025-10-11 21:10:37,263 [WARN] BspModel:444 - BSP dependency skipped because of component: name='IOExpander', api='Unknown'
2025-10-11 21:10:37,300 [INFO] IPUIPlugin:80 - create IPUIPlugin
2025-10-11 21:10:37,300 [INFO] IPUIPlugin:80 - create IPUIPlugin
2025-10-11 21:10:37,300 [INFO] IPUIPlugin:80 - create IPUIPlugin
2025-10-11 21:10:37,300 [INFO] IPUIPlugin:80 - create IPUIPlugin
2025-10-11 21:10:37,300 [INFO] IPUIPlugin:80 - create IPUIPlugin
2025-10-11 21:10:37,301 [INFO] IPUIPlugin:80 - create IPUIPlugin
2025-10-11 21:10:37,301 [INFO] IPUIPlugin:80 - create IPUIPlugin
2025-10-11 21:10:37,301 [INFO] IPUIPlugin:80 - create IPUIPlugin
2025-10-11 21:10:37,301 [INFO] IPUIPlugin:80 - create IPUIPlugin
2025-10-11 21:10:37,301 [INFO] IPUIPlugin:80 - create IPUIPlugin
2025-10-11 21:10:37,301 [INFO] IPUIPlugin:80 - create IPUIPlugin
2025-10-11 21:10:37,301 [INFO] IPUIPlugin:80 - create IPUIPlugin
2025-10-11 21:10:37,302 [INFO] IPUIPlugin:80 - create IPUIPlugin
2025-10-11 21:10:37,302 [INFO] IPUIPlugin:80 - create IPUIPlugin
2025-10-11 21:10:37,302 [INFO] IPUIPlugin:80 - create IPUIPlugin
2025-10-11 21:10:37,302 [INFO] IPUIPlugin:80 - create IPUIPlugin
2025-10-11 21:10:37,302 [INFO] IPUIPlugin:80 - create IPUIPlugin
2025-10-11 21:10:37,302 [INFO] IPUIPlugin:80 - create IPUIPlugin
2025-10-11 21:10:37,303 [INFO] IPUIPlugin:80 - create IPUIPlugin
2025-10-11 21:10:37,303 [INFO] IPUIPlugin:80 - create IPUIPlugin
2025-10-11 21:10:37,303 [INFO] IPUIPlugin:80 - create IPUIPlugin
2025-10-11 21:10:37,303 [INFO] IPUIPlugin:80 - create IPUIPlugin
2025-10-11 21:10:37,304 [INFO] IPUIPlugin:80 - create IPUIPlugin
2025-10-11 21:10:37,304 [INFO] IPUIPlugin:80 - create IPUIPlugin
2025-10-11 21:10:37,304 [INFO] IPUIPlugin:80 - create IPUIPlugin
2025-10-11 21:10:37,304 [INFO] IPUIPlugin:80 - create IPUIPlugin
2025-10-11 21:10:37,304 [INFO] IPUIPlugin:80 - create IPUIPlugin
2025-10-11 21:10:37,305 [INFO] IPUIPlugin:80 - create IPUIPlugin
2025-10-11 21:10:37,305 [INFO] IPUIPlugin:80 - create IPUIPlugin
2025-10-11 21:10:37,305 [INFO] IPUIPlugin:80 - create IPUIPlugin
2025-10-11 21:10:37,306 [INFO] IPUIPlugin:80 - create IPUIPlugin
2025-10-11 21:10:37,306 [INFO] IPUIPlugin:80 - create IPUIPlugin
2025-10-11 21:10:37,306 [INFO] IPUIPlugin:80 - create IPUIPlugin
2025-10-11 21:10:37,306 [INFO] IPUIPlugin:80 - create IPUIPlugin
2025-10-11 21:10:37,306 [INFO] IPUIPlugin:80 - create IPUIPlugin
2025-10-11 21:10:37,306 [INFO] IPUIPlugin:80 - create IPUIPlugin
2025-10-11 21:10:37,306 [INFO] IPUIPlugin:80 - create IPUIPlugin
2025-10-11 21:10:37,307 [INFO] IPUIPlugin:80 - create IPUIPlugin
2025-10-11 21:10:37,307 [INFO] IPUIPlugin:80 - create IPUIPlugin
2025-10-11 21:10:37,307 [INFO] IPUIPlugin:80 - create IPUIPlugin
2025-10-11 21:10:37,307 [INFO] IPUIPlugin:80 - create IPUIPlugin
2025-10-11 21:10:37,307 [INFO] IPUIPlugin:80 - create IPUIPlugin
2025-10-11 21:10:37,307 [INFO] IPUIPlugin:80 - create IPUIPlugin
2025-10-11 21:10:37,307 [INFO] IPUIPlugin:80 - create IPUIPlugin
2025-10-11 21:10:37,307 [INFO] IPUIPlugin:80 - create IPUIPlugin
2025-10-11 21:10:37,307 [INFO] IPUIPlugin:80 - create IPUIPlugin
2025-10-11 21:10:37,307 [INFO] IPUIPlugin:80 - create IPUIPlugin
2025-10-11 21:10:37,308 [INFO] IPUIPlugin:80 - create IPUIPlugin
2025-10-11 21:10:37,308 [INFO] IPUIPlugin:80 - create IPUIPlugin
2025-10-11 21:10:37,308 [INFO] IPUIPlugin:80 - create IPUIPlugin
2025-10-11 21:10:37,308 [INFO] IPUIPlugin:80 - create IPUIPlugin
2025-10-11 21:10:37,308 [INFO] IPUIPlugin:80 - create IPUIPlugin
2025-10-11 21:10:37,308 [INFO] IPUIPlugin:80 - create IPUIPlugin
2025-10-11 21:10:37,309 [INFO] IPUIPlugin:80 - create IPUIPlugin
2025-10-11 21:10:37,309 [INFO] IPUIPlugin:80 - create IPUIPlugin
2025-10-11 21:10:37,309 [INFO] IPUIPlugin:80 - create IPUIPlugin
2025-10-11 21:10:37,309 [INFO] IPUIPlugin:80 - create IPUIPlugin
2025-10-11 21:10:37,310 [INFO] IPUIPlugin:80 - create IPUIPlugin
2025-10-11 21:10:37,313 [INFO] ApiDbMcu:532 - Load IP Config File for PDM2PCM
2025-10-11 21:10:37,317 [WARN] IP:2250 - I2C_Coeff_DF not found: check if there is a RefParameter without a condition.
2025-10-11 21:10:37,317 [WARN] IP:2250 - Analog_Filter not found: check if there is a RefParameter without a condition.
2025-10-11 21:10:37,321 [INFO] I2sManager:658 - 9.6E7
2025-10-11 21:10:37,322 [INFO] I2sManager:195 - I2S Clock Value : 9.6E7
2025-10-11 21:10:37,322 [INFO] I2sManager:553 - AudioClock : 93750Divider : 2Odd : 0
2025-10-11 21:10:37,419 [INFO] CADModel:165 - CPN selected for project levelSTM32F407VGT6
2025-10-11 21:10:37,419 [INFO] CADModel:114 - Register for checkConnection events
2025-10-11 21:10:37,476 [INFO] OpenFileManager:386 - Restore cursor
2025-10-11 21:10:37,624 [WARN] IP:2250 - I2C_Coeff_DF not found: check if there is a RefParameter without a condition.
2025-10-11 21:10:37,624 [WARN] IP:2250 - Analog_Filter not found: check if there is a RefParameter without a condition.
2025-10-11 21:10:37,625 [WARN] IP:2250 - I2C_Coeff_DF not found: check if there is a RefParameter without a condition.
2025-10-11 21:10:37,625 [WARN] IP:2250 - Analog_Filter not found: check if there is a RefParameter without a condition.
2025-10-11 21:10:53,968 [WARN] BspModel:444 - BSP dependency skipped because of component: name='IOExpander', api='Unknown'
2025-10-11 21:10:56,226 [INFO] UtilMem:75 - End SaveConfig() Used Memory: 506080896 Bytes (601882624)
2025-10-11 21:11:16,338 [WARN] BspModel:444 - BSP dependency skipped because of component: name='IOExpander', api='Unknown'
2025-10-11 21:11:18,402 [INFO] UtilMem:75 - End SaveConfig() Used Memory: 682391504 Bytes (950009856)
2025-10-11 21:11:20,220 [INFO] UtilMem:75 - End SaveConfig() Used Memory: 695677328 Bytes (1073741824)
2025-10-11 21:11:20,801 [INFO] UtilMem:75 - End SaveConfig() Used Memory: 909603072 Bytes (1073741824)
2025-10-11 21:11:21,051 [INFO] BlockDiagram:2775 - set Specific Code input for plugin: SPI
2025-10-11 21:11:21,051 [INFO] BlockDiagram:2775 - set Specific Code input for plugin: TIM1_8
2025-10-11 21:11:21,051 [INFO] BlockDiagram:2775 - set Specific Code input for plugin: TIM1_8
2025-10-11 21:11:21,051 [INFO] BlockDiagram:2775 - set Specific Code input for plugin: I2S
2025-10-11 21:11:21,051 [INFO] BlockDiagram:2775 - set Specific Code input for plugin: SYS
2025-10-11 21:11:21,051 [INFO] BlockDiagram:2775 - set Specific Code input for plugin: RCC
2025-10-11 21:11:21,051 [INFO] BlockDiagram:2775 - set Specific Code input for plugin: I2C
2025-10-11 21:11:21,051 [INFO] BlockDiagram:2775 - set Specific Code input for plugin: USB_OTG_FS
2025-10-11 21:11:21,051 [INFO] BlockDiagram:2775 - set Specific Code input for plugin: NVIC
2025-10-11 21:11:21,051 [INFO] BlockDiagram:2775 - set Specific Code input for plugin: USB_HOST
2025-10-11 21:11:21,052 [INFO] BlockDiagram:2775 - set Specific Code input for plugin: GPIO
2025-10-11 21:11:21,052 [INFO] CodeGenerator:892 - code generatio: config db path: /opt/st/stm32cubeide_1.19.0/plugins/com.st.stm32cube.common.mx_6.15.0.202507011659//db/
2025-10-11 21:11:21,055 [WARN] IP:2250 - I2C_Coeff_DF not found: check if there is a RefParameter without a condition.
2025-10-11 21:11:21,056 [WARN] IP:2250 - Analog_Filter not found: check if there is a RefParameter without a condition.
2025-10-11 21:11:21,245 [INFO] CodeEngine:265 - oldGeneratedFile, /home/oleksii/STM32CubeIDE/workspace_1.19.0/workspace_embedded/Lab2_screen/MXTmpFiles/license.tmp_save
2025-10-11 21:11:21,450 [INFO] CodeEngine:289 - Generated code: /home/oleksii/STM32CubeIDE/workspace_1.19.0/workspace_embedded/Lab2_screen/MXTmpFiles/license.tmp
2025-10-11 21:11:21,504 [INFO] CodeEngine:265 - oldGeneratedFile, /home/oleksii/STM32CubeIDE/workspace_1.19.0/workspace_embedded/Lab2_screen/MXTmpFiles/gpio.tmp_save
2025-10-11 21:11:21,623 [INFO] CodeEngine:289 - Generated code: /home/oleksii/STM32CubeIDE/workspace_1.19.0/workspace_embedded/Lab2_screen/MXTmpFiles/gpio.tmp
2025-10-11 21:11:21,682 [WARN] IPConfigManager:3238 - Warning: the RefConfig PWREx_EnableUSBVoltageDetector is not available in your config.xml file
2025-10-11 21:11:21,686 [INFO] CodeEngine:265 - oldGeneratedFile, /home/oleksii/STM32CubeIDE/workspace_1.19.0/workspace_embedded/Lab2_screen/MXTmpFiles/usb_otg_fs_vars.tmp_save
2025-10-11 21:11:21,730 [INFO] CodeEngine:289 - Generated code: /home/oleksii/STM32CubeIDE/workspace_1.19.0/workspace_embedded/Lab2_screen/MXTmpFiles/usb_otg_fs_vars.tmp
2025-10-11 21:11:21,731 [INFO] CodeEngine:265 - oldGeneratedFile, /home/oleksii/STM32CubeIDE/workspace_1.19.0/workspace_embedded/Lab2_screen/MXTmpFiles/usb_otg_fs_inc.tmp_save
2025-10-11 21:11:21,768 [INFO] CodeEngine:289 - Generated code: /home/oleksii/STM32CubeIDE/workspace_1.19.0/workspace_embedded/Lab2_screen/MXTmpFiles/usb_otg_fs_inc.tmp
2025-10-11 21:11:21,769 [INFO] CodeEngine:265 - oldGeneratedFile, /home/oleksii/STM32CubeIDE/workspace_1.19.0/workspace_embedded/Lab2_screen/MXTmpFiles/usb_otg_fs_HalInit.tmp_save
2025-10-11 21:11:21,819 [INFO] CodeEngine:289 - Generated code: /home/oleksii/STM32CubeIDE/workspace_1.19.0/workspace_embedded/Lab2_screen/MXTmpFiles/usb_otg_fs_HalInit.tmp
2025-10-11 21:11:21,820 [INFO] CodeEngine:265 - oldGeneratedFile, /home/oleksii/STM32CubeIDE/workspace_1.19.0/workspace_embedded/Lab2_screen/MXTmpFiles/usb_otg_fs_Msp.tmp_save
2025-10-11 21:11:21,872 [INFO] CodeEngine:289 - Generated code: /home/oleksii/STM32CubeIDE/workspace_1.19.0/workspace_embedded/Lab2_screen/MXTmpFiles/usb_otg_fs_Msp.tmp
2025-10-11 21:11:22,118 [INFO] CodeEngine:265 - oldGeneratedFile, /home/oleksii/STM32CubeIDE/workspace_1.19.0/workspace_embedded/Lab2_screen/USB_HOST/App/usb_host.c_save
2025-10-11 21:11:22,167 [INFO] CodeEngine:289 - Generated code: /home/oleksii/STM32CubeIDE/workspace_1.19.0/workspace_embedded/Lab2_screen/USB_HOST/App/usb_host.c
2025-10-11 21:11:22,168 [INFO] CodeEngine:265 - oldGeneratedFile, /home/oleksii/STM32CubeIDE/workspace_1.19.0/workspace_embedded/Lab2_screen/USB_HOST/App/usb_host.h_save
2025-10-11 21:11:22,207 [INFO] CodeEngine:289 - Generated code: /home/oleksii/STM32CubeIDE/workspace_1.19.0/workspace_embedded/Lab2_screen/USB_HOST/App/usb_host.h
2025-10-11 21:11:22,209 [INFO] CodeEngine:265 - oldGeneratedFile, /home/oleksii/STM32CubeIDE/workspace_1.19.0/workspace_embedded/Lab2_screen/USB_HOST/Target/usbh_conf.h_save
2025-10-11 21:11:22,248 [INFO] CodeEngine:289 - Generated code: /home/oleksii/STM32CubeIDE/workspace_1.19.0/workspace_embedded/Lab2_screen/USB_HOST/Target/usbh_conf.h
2025-10-11 21:11:22,249 [INFO] CodeEngine:265 - oldGeneratedFile, /home/oleksii/STM32CubeIDE/workspace_1.19.0/workspace_embedded/Lab2_screen/USB_HOST/Target/usbh_conf.c_save
2025-10-11 21:11:22,289 [INFO] CodeEngine:289 - Generated code: /home/oleksii/STM32CubeIDE/workspace_1.19.0/workspace_embedded/Lab2_screen/USB_HOST/Target/usbh_conf.c
2025-10-11 21:11:22,290 [INFO] CodeEngine:265 - oldGeneratedFile, /home/oleksii/STM32CubeIDE/workspace_1.19.0/workspace_embedded/Lab2_screen/USB_HOST/Target/usbh_platform.c_save
2025-10-11 21:11:22,327 [INFO] CodeEngine:289 - Generated code: /home/oleksii/STM32CubeIDE/workspace_1.19.0/workspace_embedded/Lab2_screen/USB_HOST/Target/usbh_platform.c
2025-10-11 21:11:22,328 [INFO] CodeEngine:265 - oldGeneratedFile, /home/oleksii/STM32CubeIDE/workspace_1.19.0/workspace_embedded/Lab2_screen/USB_HOST/Target/usbh_platform.h_save
2025-10-11 21:11:22,366 [INFO] CodeEngine:289 - Generated code: /home/oleksii/STM32CubeIDE/workspace_1.19.0/workspace_embedded/Lab2_screen/USB_HOST/Target/usbh_platform.h
2025-10-11 21:11:22,375 [INFO] CodeEngine:265 - oldGeneratedFile, /home/oleksii/STM32CubeIDE/workspace_1.19.0/workspace_embedded/Lab2_screen/Core/Src/stm32f4xx_it.c_save
2025-10-11 21:11:22,449 [INFO] CodeEngine:289 - Generated code: /home/oleksii/STM32CubeIDE/workspace_1.19.0/workspace_embedded/Lab2_screen/Core/Src/stm32f4xx_it.c
2025-10-11 21:11:22,450 [INFO] CodeEngine:265 - oldGeneratedFile, /home/oleksii/STM32CubeIDE/workspace_1.19.0/workspace_embedded/Lab2_screen/Core/Inc/stm32f4xx_it.h_save
2025-10-11 21:11:22,501 [INFO] CodeEngine:289 - Generated code: /home/oleksii/STM32CubeIDE/workspace_1.19.0/workspace_embedded/Lab2_screen/Core/Inc/stm32f4xx_it.h
2025-10-11 21:11:22,514 [INFO] CodeEngine:265 - oldGeneratedFile, /home/oleksii/STM32CubeIDE/workspace_1.19.0/workspace_embedded/Lab2_screen/Core/Src/stm32f4xx_hal_msp.c_save
2025-10-11 21:11:22,598 [INFO] CodeEngine:289 - Generated code: /home/oleksii/STM32CubeIDE/workspace_1.19.0/workspace_embedded/Lab2_screen/Core/Src/stm32f4xx_hal_msp.c
2025-10-11 21:11:22,599 [INFO] CodeEngine:265 - oldGeneratedFile, /home/oleksii/STM32CubeIDE/workspace_1.19.0/workspace_embedded/Lab2_screen/MXTmpFiles/system.tmp_save
2025-10-11 21:11:22,635 [INFO] CodeEngine:289 - Generated code: /home/oleksii/STM32CubeIDE/workspace_1.19.0/workspace_embedded/Lab2_screen/MXTmpFiles/system.tmp
2025-10-11 21:11:22,637 [INFO] CodeEngine:321 - oldGeneratedFile, /home/oleksii/STM32CubeIDE/workspace_1.19.0/workspace_embedded/Lab2_screen/Core/Inc/stm32f4xx_hal_conf.h_save
2025-10-11 21:11:22,679 [INFO] CodeEngine:345 - Generated code: /home/oleksii/STM32CubeIDE/workspace_1.19.0/workspace_embedded/Lab2_screen/Core/Inc/stm32f4xx_hal_conf.h
2025-10-11 21:11:22,695 [INFO] ApiDbMcu:532 - Load IP Config File for I2C1
2025-10-11 21:11:22,697 [INFO] ApiDbMcu:532 - Load IP Config File for I2S3
2025-10-11 21:11:22,698 [INFO] ApiDbMcu:532 - Load IP Config File for SPI1
2025-10-11 21:11:22,706 [INFO] ApiDbMcu:532 - Load IP Config File for TIM2
2025-10-11 21:11:22,713 [INFO] ApiDbMcu:532 - Load IP Config File for TIM4
2025-10-11 21:11:22,716 [INFO] ApiDbMcu:532 - Load IP Config File for RCC
2025-10-11 21:11:22,719 [WARN] IPConfigManager:3811 - IP not found : TIM
2025-10-11 21:11:22,720 [WARN] CodeGenerator:4259 - IP not found : null
2025-10-11 21:11:22,722 [INFO] CodeEngine:265 - oldGeneratedFile, /home/oleksii/STM32CubeIDE/workspace_1.19.0/workspace_embedded/Lab2_screen/Core/Inc/main.h_save
2025-10-11 21:11:22,787 [INFO] CodeEngine:289 - Generated code: /home/oleksii/STM32CubeIDE/workspace_1.19.0/workspace_embedded/Lab2_screen/Core/Inc/main.h
2025-10-11 21:11:22,788 [INFO] CodeEngine:265 - oldGeneratedFile, /home/oleksii/STM32CubeIDE/workspace_1.19.0/workspace_embedded/Lab2_screen/Core/Src/main.c_save
2025-10-11 21:11:22,886 [INFO] CodeEngine:289 - Generated code: /home/oleksii/STM32CubeIDE/workspace_1.19.0/workspace_embedded/Lab2_screen/Core/Src/main.c
2025-10-11 21:11:23,080 [INFO] ProjectBuilder:3606 - Time for Copy HAL[1] : 19mS.
2025-10-11 21:11:23,084 [INFO] ProjectBuilder:5216 - Project Generator version: 4.7.0-B52
2025-10-11 21:11:23,153 [INFO] ConfigFileManager:1595 - The Die is : DIE413
2025-10-11 21:11:23,155 [INFO] ApiDbMcu:532 - Load IP Config File for FATFS
2025-10-11 21:11:23,157 [INFO] ApiDbMcu:532 - Load IP Config File for FREERTOS
2025-10-11 21:11:23,158 [INFO] ApiDbMcu:532 - Load IP Config File for LIBJPEG
2025-10-11 21:11:23,162 [INFO] ApiDbMcu:532 - Load IP Config File for LWIP
2025-10-11 21:11:23,166 [INFO] ApiDbMcu:532 - Load IP Config File for MBEDTLS
2025-10-11 21:11:23,170 [INFO] ApiDbMcu:532 - Load IP Config File for USB_DEVICE
2025-10-11 21:11:23,372 [INFO] LogOutputStream:77 - [STDOUT_REDIRECT] 
2025-10-11 21:11:23,870 [INFO] ProjectBuilder:5496 - Time for Generating toolchain IDE Files: 785mS.
2025-10-11 21:11:23,870 [INFO] ProjectBuilder:3463 - Time for Copy CMSIS : 0mS.
2025-10-11 21:11:23,870 [INFO] ProjectBuilder:3463 - Time for Copy CMSIS : 0mS.
2025-10-11 21:23:10,248 [INFO] MainUpdater:2872 - connection check result : 10
2025-10-11 21:23:10,462 [INFO] McuFinderGlobals:76 - Set McuFinderConnectedMode to true
2025-10-11 21:23:10,480 [INFO] MultiScanPanel:200 - Auto-refresh data requested => check proxy status ongoing
2025-10-11 21:23:10,481 [INFO] FinderPluginLoader:96 - Searching for filters in installed packs
2025-10-11 21:23:11,308 [INFO] LoadUrlFilesThread:185 - End of LoadServerUrlFiles without Thread
2025-10-11 21:23:11,325 [INFO] DetailPanel:341 - Set advertising image to /home/oleksii/STM32Cube/Repository//en.mcu-finder-stm32n6dk.jpg
2025-10-11 21:23:14,819 [INFO] MultiScanPanel:200 - Auto-refresh data requested => check proxy status ongoing
2025-10-11 21:23:14,873 [INFO] LoadUrlFilesThread:185 - End of LoadServerUrlFiles without Thread
2025-10-11 21:23:14,873 [INFO] DetailPanel:341 - Set advertising image to /home/oleksii/STM32Cube/Repository//en.mcu-finder-stm32n6dk.jpg
2025-10-11 21:23:14,879 [INFO] DbBoards:642 - Loading board mini-images...
2025-10-11 21:23:16,141 [ERROR] DbBoards:659 - Image file not found for board STM32MP215F-DK: /home/oleksii/.stmcufinder/plugins/mcufinder//mcu//boards_images/STM32MP215F-DK.jpg
2025-10-11 21:23:16,216 [INFO] DbBoards:665 - Loaded 211 board mini-images
2025-10-11 21:23:55,709 [INFO] MainUpdater:2872 - connection check result : 10
2025-10-11 21:23:55,709 [INFO] MainUpdater:2872 - connection check result : 10
2025-10-11 21:23:55,728 [INFO] I2sManager:658 - 9.6E7
2025-10-11 21:23:55,728 [INFO] I2sManager:195 - I2S Clock Value : 9.6E7
2025-10-11 21:23:55,728 [INFO] I2sManager:553 - AudioClock : 93750Divider : 2Odd : 0
2025-10-11 21:23:55,729 [INFO] MicroXplorer:468 - Change Database Path : 
2025-10-11 21:23:55,729 [INFO] MicroXplorer:498 - Change Database Version : DB.6.0.150
2025-10-11 21:23:55,735 [ERROR] ProjectManagerView:395 - 
java.lang.NullPointerException: Cannot invoke "javax.swing.JTextField.getText()" because the return value of "java.util.List.get(int)" is null
	at com.st.microxplorer.plugins.projectmanager.gui.ProjectChoiceTab$9.caretUpdate(ProjectChoiceTab.java:2706) ~[filemanager.jar:?]
	at javax.swing.text.JTextComponent.fireCaretUpdate(JTextComponent.java:408) ~[?:?]
	at javax.swing.text.JTextComponent$MutableCaretEvent.fire(JTextComponent.java:4484) ~[?:?]
	at javax.swing.text.JTextComponent$MutableCaretEvent.stateChanged(JTextComponent.java:4506) ~[?:?]
	at javax.swing.text.DefaultCaret.fireStateChanged(DefaultCaret.java:857) ~[?:?]
	at javax.swing.text.DefaultCaret.changeCaretPosition(DefaultCaret.java:1343) ~[?:?]
	at javax.swing.text.DefaultCaret.handleSetDot(DefaultCaret.java:1242) ~[?:?]
	at javax.swing.text.DefaultCaret.setDot(DefaultCaret.java:1223) ~[?:?]
	at javax.swing.text.DefaultCaret$Handler.insertUpdate(DefaultCaret.java:1819) ~[?:?]
	at javax.swing.text.AbstractDocument.fireInsertUpdate(AbstractDocument.java:227) ~[?:?]
	at javax.swing.text.AbstractDocument.handleInsertString(AbstractDocument.java:781) ~[?:?]
	at javax.swing.text.AbstractDocument.insertString(AbstractDocument.java:740) ~[?:?]
	at javax.swing.text.PlainDocument.insertString(PlainDocument.java:131) ~[?:?]
	at javax.swing.text.AbstractDocument.replace(AbstractDocument.java:699) ~[?:?]
	at javax.swing.text.JTextComponent.setText(JTextComponent.java:1725) ~[?:?]
	at com.st.microxplorer.plugins.projectmanager.gui.ProjectChoiceTab.createHeapStackFields(ProjectChoiceTab.java:993) ~[filemanager.jar:?]
	at com.st.microxplorer.plugins.projectmanager.gui.ProjectChoiceTab.buildLinkSettingsPanel(ProjectChoiceTab.java:3813) ~[filemanager.jar:?]
	at com.st.microxplorer.plugins.projectmanager.gui.ProjectChoiceTab.defineWindowsFields(ProjectChoiceTab.java:1987) ~[filemanager.jar:?]
	at com.st.microxplorer.plugins.projectmanager.gui.ProjectChoiceTab.updateSettings(ProjectChoiceTab.java:558) ~[filemanager.jar:?]
	at com.st.microxplorer.plugins.projectmanager.gui.ProjectSettingsPanel.UpdateDialog(ProjectSettingsPanel.java:247) ~[filemanager.jar:?]
	at com.st.microxplorer.plugins.projectmanager.ProjectManagerView.propertyChange(ProjectManagerView.java:392) ~[filemanager.jar:?]
	at java.beans.PropertyChangeSupport.fire(PropertyChangeSupport.java:343) ~[?:?]
	at java.beans.PropertyChangeSupport.firePropertyChange(PropertyChangeSupport.java:335) ~[?:?]
	at java.beans.PropertyChangeSupport.firePropertyChange(PropertyChangeSupport.java:268) ~[?:?]
	at com.st.microxplorer.util.MXPropertyChangeSupport.firePropertyChange(MXPropertyChangeSupport.java:54) ~[STM32CubeMX.jar:?]
	at com.st.microxplorer.mxsystem.MxSystem.closeConfig(MxSystem.java:899) ~[STM32CubeMX.jar:?]
	at com.st.microxplorer.maingui.MainPanel.closeConfig(MainPanel.java:792) ~[STM32CubeMX.jar:?]
	at com.st.microxplorer.plugins.filemanager.engine.OpenFileManager.loadConfigurationFile(OpenFileManager.java:288) ~[filemanager.jar:?]
	at com.st.microxplorer.plugins.filemanager.engine.MainFileManager.userLoadConfig(MainFileManager.java:364) ~[filemanager.jar:?]
	at com.st.microxplorer.plugins.filemanager.FileManagerView.getSpecificTask(FileManagerView.java:268) ~[filemanager.jar:?]
	at com.st.stm32cube.common.mx.editor.CubeMxEditor.getMxTabbedPaneInstance(CubeMxEditor.java:1191) ~[com.st.stm32cube.common.mx_6.15.0.202507011659/:?]
	at com.st.stm32cube.common.mx.editor.CubeMxEditor$12$1.createSwingComponent(CubeMxEditor.java:1068) ~[com.st.stm32cube.common.mx_6.15.0.202507011659/:?]
	at com.st.stm32cube.common.mx.oss.core.awtswtbridge.EmbeddedSwingComposite.doComponentCreation(EmbeddedSwingComposite.java:492) ~[com.st.stm32cube.common.mx.oss_6.15.0.202507011659/:?]
	at com.st.stm32cube.common.mx.oss.core.awtswtbridge.EmbeddedSwingComposite$4.run(EmbeddedSwingComposite.java:291) ~[com.st.stm32cube.common.mx.oss_6.15.0.202507011659/:?]
	at com.st.stm32cube.common.mx.oss.core.awtswtbridge.AwtEnvironment$2.run(AwtEnvironment.java:166) ~[com.st.stm32cube.common.mx.oss_6.15.0.202507011659/:?]
	at java.awt.event.InvocationEvent.dispatch(InvocationEvent.java:318) ~[?:?]
	at java.awt.EventQueue.dispatchEventImpl(EventQueue.java:773) ~[?:?]
	at java.awt.EventQueue$4.run(EventQueue.java:720) ~[?:?]
	at java.awt.EventQueue$4.run(EventQueue.java:714) ~[?:?]
	at java.security.AccessController.doPrivileged(AccessController.java:400) ~[?:?]
	at java.security.ProtectionDomain$JavaSecurityAccessImpl.doIntersectionPrivilege(ProtectionDomain.java:87) ~[?:?]
	at java.awt.EventQueue.dispatchEvent(EventQueue.java:742) ~[?:?]
	at java.awt.EventDispatchThread.pumpOneEventForFilters(EventDispatchThread.java:203) ~[?:?]
	at java.awt.EventDispatchThread.pumpEventsForFilter(EventDispatchThread.java:124) ~[?:?]
	at java.awt.EventDispatchThread.pumpEventsForHierarchy(EventDispatchThread.java:113) ~[?:?]
	at java.awt.EventDispatchThread.pumpEvents(EventDispatchThread.java:109) ~[?:?]
	at java.awt.EventDispatchThread.pumpEvents(EventDispatchThread.java:101) ~[?:?]
	at java.awt.EventDispatchThread.run(EventDispatchThread.java:90) ~[?:?]
2025-10-11 21:23:55,738 [WARN] ThirdParty:871 - waiting for thirdparty lock release [close project]
2025-10-11 21:23:55,738 [INFO] ThirdParty:873 - entering critical section [close project]
2025-10-11 21:23:55,738 [INFO] ThirdParty:883 - exiting critical section [close project]
2025-10-11 21:23:55,739 [INFO] PinOutPanel:1589 - setPackage(No Configuration,No Configuration)
2025-10-11 21:23:55,742 [WARN] IpParametersView:155 - Warning: This peripheral hasn't parameters
2025-10-11 21:23:55,745 [WARN] MainPanel:289 - <html><b><center>Warning: This peripheral has no parameters to be configured<br></b></html>
2025-10-11 21:23:55,749 [INFO] UtilMem:75 - Begin LoadConfig() Used Memory: 1021520800 Bytes (1073741824)
2025-10-11 21:23:55,749 [INFO] OpenFileManager:355 - Change cursor
2025-10-11 21:23:55,757 [INFO] RulesReader:64 - Compatibility file has been processed (317 Rules)
2025-10-11 21:23:55,758 [INFO] ProjectFactory:514 - No CPN specified for board STM32F407G-DISC1 => set CPN to STM32F407VGT6
2025-10-11 21:23:55,758 [INFO] Mcu:2029 - Initializing MCU STM32F407V(E-G)Tx STM32F407VGTx STM32F407VGT6
2025-10-11 21:23:56,398 [INFO] Context:786 - Trying to add GPIOservice into a context  which must be forbidden
2025-10-11 21:23:56,788 [INFO] Rule:233 - rule 117617 - U5Cobra4M][GTZC] default value MPCBB3 and MPCBB5 - Not Secured memory - MPCBB1 is applicable
2025-10-11 21:23:56,788 [INFO] Rule:233 - rule 117617 - U5Cobra4M][GTZC] default value MPCBB3 and MPCBB5 - Not Secured memory - MPCBB1 is applicable
2025-10-11 21:23:56,788 [INFO] Rule:233 - rule 117617 - U5Cobra4M][GTZC] default value MPCBB3 and MPCBB5 - Not Secured memory - MPCBB2 is applicable
2025-10-11 21:23:56,788 [INFO] Rule:233 - rule 117617 - U5Cobra4M][GTZC] default value MPCBB3 and MPCBB5 - Not Secured memory - MPCBB2 is applicable
2025-10-11 21:23:56,788 [INFO] Rule:233 - rule 117617 - U5Cobra4M][GTZC] default value MPCBB3 and MPCBB5 - Not Secured memory - MPCBB3 is applicable
2025-10-11 21:23:56,788 [INFO] Rule:233 - rule 117617 - U5Cobra4M][GTZC] default value MPCBB3 and MPCBB5 - Not Secured memory - MPCBB3 is applicable
2025-10-11 21:23:56,788 [INFO] Rule:233 - rule 117617 - U5Cobra4M][GTZC] default value MPCBB3 and MPCBB5 - Not Secured memory - MPCBB4 is applicable
2025-10-11 21:23:56,788 [INFO] Rule:233 - rule 117617 - U5Cobra4M][GTZC] default value MPCBB3 and MPCBB5 - Not Secured memory - MPCBB4 is applicable
2025-10-11 21:23:56,788 [INFO] Rule:233 - rule 117617 - U5Cobra4M][GTZC] default value MPCBB3 and MPCBB5 - Secured memory - MPCBB1 is applicable
2025-10-11 21:23:56,788 [INFO] Rule:233 - rule 117617 - U5Cobra4M][GTZC] default value MPCBB3 and MPCBB5 - Secured memory - MPCBB2 is applicable
2025-10-11 21:23:56,788 [INFO] Rule:233 - rule 117617 - U5Cobra4M][GTZC] default value MPCBB3 and MPCBB5 - Secured memory - MPCBB3 is applicable
2025-10-11 21:23:56,788 [INFO] Rule:233 - rule 117617 - U5Cobra4M][GTZC] default value MPCBB3 and MPCBB5 - Secured memory - MPCBB4 is applicable
2025-10-11 21:23:56,788 [INFO] Rule:233 - rule 117617 - U5Cobra4M][GTZC] default value MPCBB3 and MPCBB5 - Privileged memory - MPCBB1 is applicable
2025-10-11 21:23:56,788 [INFO] Rule:233 - rule 117617 - U5Cobra4M][GTZC] default value MPCBB3 and MPCBB5 - Privileged memory - MPCBB2 is applicable
2025-10-11 21:23:56,788 [INFO] Rule:233 - rule 117617 - U5Cobra4M][GTZC] default value MPCBB3 and MPCBB5 - Privileged memory - MPCBB3 is applicable
2025-10-11 21:23:56,788 [INFO] Rule:233 - rule 117617 - U5Cobra4M][GTZC] default value MPCBB3 and MPCBB5 - Privileged memory - MPCBB4 is applicable
2025-10-11 21:23:56,788 [INFO] Rule:233 - rule 117617 - U5Cobra4M][GTZC] default value MPCBB3 and MPCBB5 - Not Privileged memory - MPCBB1 is applicable
2025-10-11 21:23:56,788 [INFO] Rule:233 - rule 117617 - U5Cobra4M][GTZC] default value MPCBB3 and MPCBB5 - Not Privileged memory - MPCBB2 is applicable
2025-10-11 21:23:56,788 [INFO] Rule:233 - rule 117617 - U5Cobra4M][GTZC] default value MPCBB3 and MPCBB5 - Not Privileged memory - MPCBB3 is applicable
2025-10-11 21:23:56,788 [INFO] Rule:233 - rule 117617 - U5Cobra4M][GTZC] default value MPCBB3 and MPCBB5 - Not Privileged memory - MPCBB4 is applicable
2025-10-11 21:23:56,788 [INFO] Rule:233 - rule 117617 - U5Cobra4M][GTZC] default value MPCBB3 and MPCBB5 - Privileged memory - MPCBB1 is applicable
2025-10-11 21:23:56,788 [INFO] Rule:233 - rule 117617 - U5Cobra4M][GTZC] default value MPCBB3 and MPCBB5 - Privileged memory - MPCBB2 is applicable
2025-10-11 21:23:56,788 [INFO] Rule:233 - rule 117617 - U5Cobra4M][GTZC] default value MPCBB3 and MPCBB5 - Privileged memory - MPCBB3 is applicable
2025-10-11 21:23:56,788 [INFO] Rule:233 - rule 117617 - U5Cobra4M][GTZC] default value MPCBB3 and MPCBB5 - Privileged memory - MPCBB4 is applicable
2025-10-11 21:23:56,788 [INFO] Rule:233 - rule 117617 - U5Cobra4M][GTZC] default value MPCBB3 and MPCBB5 - Privileged memory - MPCBB1 is applicable
2025-10-11 21:23:56,788 [INFO] Rule:233 - rule 117617 - U5Cobra4M][GTZC] default value MPCBB3 and MPCBB5 - Privileged memory - MPCBB2 is applicable
2025-10-11 21:23:56,788 [INFO] Rule:233 - rule 117617 - U5Cobra4M][GTZC] default value MPCBB3 and MPCBB5 - Privileged memory - MPCBB3 is applicable
2025-10-11 21:23:56,788 [INFO] Rule:233 - rule 117617 - U5Cobra4M][GTZC] default value MPCBB3 and MPCBB5 - Privileged memory - MPCBB4 is applicable
2025-10-11 21:23:56,788 [INFO] Rule:233 - rule 117617 - U5Cobra4M][GTZC] default value MPCBB3 and MPCBB5 - Not Privileged memory - MPCBB1 is applicable
2025-10-11 21:23:56,788 [INFO] Rule:233 - rule 117617 - U5Cobra4M][GTZC] default value MPCBB3 and MPCBB5 - Not Privileged memory - MPCBB2 is applicable
2025-10-11 21:23:56,788 [INFO] Rule:233 - rule 117617 - U5Cobra4M][GTZC] default value MPCBB3 and MPCBB5 - Not Privileged memory - MPCBB3 is applicable
2025-10-11 21:23:56,788 [INFO] Rule:233 - rule 117617 - U5Cobra4M][GTZC] default value MPCBB3 and MPCBB5 - Not Privileged memory - MPCBB4 is applicable
2025-10-11 21:23:56,788 [INFO] Rule:233 - rule 117617 - U5Cobra4M][GTZC] default value MPCBB3 and MPCBB5 - Privileged memory - MPCBB1 is applicable
2025-10-11 21:23:56,788 [INFO] Rule:233 - rule 117617 - U5Cobra4M][GTZC] default value MPCBB3 and MPCBB5 - Privileged memory - MPCBB2 is applicable
2025-10-11 21:23:56,788 [INFO] Rule:233 - rule 117617 - U5Cobra4M][GTZC] default value MPCBB3 and MPCBB5 - Privileged memory - MPCBB3 is applicable
2025-10-11 21:23:56,788 [INFO] Rule:233 - rule 117617 - U5Cobra4M][GTZC] default value MPCBB3 and MPCBB5 - Privileged memory - MPCBB4 is applicable
2025-10-11 21:23:56,788 [INFO] Rule:233 - rule Rename SubGHz_Phy SUBGHZ_APPLICATION SUBGHZ_PINGPONG to SUBGHZ_ADV_APPLICATION is applicable
2025-10-11 21:23:56,788 [INFO] Rule:233 - rule Rename Enabled to IBEACON is applicable
2025-10-11 21:23:56,788 [INFO] Rule:233 - rule GTZC_S instance for project manager is applicable
2025-10-11 21:23:56,788 [INFO] Rule:233 - rule GTZC_S instance for context M33S is applicable
2025-10-11 21:23:56,789 [INFO] Rule:233 - rule GTZC_S instance value for IP GTZC is applicable
2025-10-11 21:23:56,789 [INFO] Rule:233 - rule GTZC_S instance for mcu.IP is applicable
2025-10-11 21:23:56,789 [INFO] Rule:233 - rule GTZC_S instance for VP is applicable
2025-10-11 21:23:56,789 [INFO] Rule:233 - rule GTZC_S instance for signal is applicable
2025-10-11 21:23:56,789 [INFO] Rule:233 - rule GTZC_S instance for mcu.Pin is applicable
2025-10-11 21:23:56,789 [INFO] Rule:233 - rule GTZC_S instance for VP is applicable
2025-10-11 21:23:56,789 [INFO] Rule:233 - rule GTZC_S instance for signal is applicable
2025-10-11 21:23:56,789 [INFO] Rule:233 - rule GTZC_S instance for mcu is applicable
2025-10-11 21:23:56,789 [INFO] Rule:233 - rule GTZC_S instance for mcu.Pin is applicable
2025-10-11 21:23:56,789 [INFO] Rule:233 - rule GTZC_S instance value for IP GTZC is applicable
2025-10-11 21:23:56,789 [INFO] Rule:233 - rule GTZC_S instance for project manager is applicable
2025-10-11 21:23:56,789 [INFO] Rule:233 - rule GTZC_S instance for context M33S is applicable
2025-10-11 21:23:56,789 [INFO] Rule:233 - rule GTZC_S instance for VP is applicable
2025-10-11 21:23:56,789 [INFO] Rule:233 - rule GTZC_S instance for signal is applicable
2025-10-11 21:23:56,789 [INFO] Rule:233 - rule SPDIFRX instance for mcu is applicable
2025-10-11 21:23:56,789 [INFO] Rule:233 - rule Rename Tracer Mode is applicable
2025-10-11 21:23:56,789 [INFO] Rule:233 - rule SPDIFRX instance value for IP SPDIFRX is applicable
2025-10-11 21:23:56,789 [INFO] Rule:233 - rule SPDIFRX instance for signal is applicable
2025-10-11 21:23:56,789 [INFO] Rule:233 - rule SPDIFRX instance for project manager is applicable
2025-10-11 21:23:56,789 [INFO] Rule:233 - rule SPDIFRX instance for project manager is applicable
2025-10-11 21:23:56,789 [INFO] Rule:233 - rule ADC Scan  fix with FW F7 is applicable
2025-10-11 21:23:56,789 [INFO] Rule:233 - rule ADC Scan  fix with FW F7 is applicable
2025-10-11 21:23:56,789 [INFO] Rule:233 - rule WakeUp0 Mode is applicable
2025-10-11 21:23:56,789 [INFO] Rule:233 - rule WakeUp0 SIGNAL is applicable
2025-10-11 21:23:56,789 [INFO] Rule:233 - rule WakeUp1 Mode is applicable
2025-10-11 21:23:56,789 [INFO] Rule:233 - rule WakeUp1 SIGNAL is applicable
2025-10-11 21:23:56,789 [INFO] Rule:233 - rule WakeUp2 Mode is applicable
2025-10-11 21:23:56,789 [INFO] Rule:233 - rule WakeUp2 SIGNAL is applicable
2025-10-11 21:23:56,789 [INFO] Rule:233 - rule WakeUp4 Mode is applicable
2025-10-11 21:23:56,789 [INFO] Rule:233 - rule WakeUp4 SIGNAL is applicable
2025-10-11 21:23:56,789 [INFO] Rule:233 - rule WakeUp5 Mode is applicable
2025-10-11 21:23:56,789 [INFO] Rule:233 - rule WakeUp5 SIGNAL is applicable
2025-10-11 21:23:56,789 [INFO] Rule:233 - rule Add RTC Activate Clock Source is applicable
2025-10-11 21:23:56,789 [INFO] Rule:233 - rule Add RTC Activate Calendar 1 is applicable
2025-10-11 21:23:56,789 [INFO] Rule:233 - rule Add RTC Activate Calendar 2 is applicable
2025-10-11 21:23:56,789 [INFO] Rule:233 - rule Add RTC Activate Calendar 3 is applicable
2025-10-11 21:23:56,789 [INFO] Rule:233 - rule UART/USART TX Mode is applicable
2025-10-11 21:23:56,789 [INFO] Rule:233 - rule UART/USART RX Mode is applicable
2025-10-11 21:23:56,789 [INFO] Rule:233 - rule UART/USART RX TX Mode is applicable
2025-10-11 21:23:56,789 [INFO] Rule:233 - rule UART/USART PARITY NONE is applicable
2025-10-11 21:23:56,789 [INFO] Rule:233 - rule UART/USART PARITY EVEN is applicable
2025-10-11 21:23:56,790 [INFO] Rule:233 - rule UART/USART PARITY ODD is applicable
2025-10-11 21:23:56,790 [INFO] Rule:233 - rule USART StopBits 1 is applicable
2025-10-11 21:23:56,790 [INFO] Rule:233 - rule USART StopBits 2 is applicable
2025-10-11 21:23:56,790 [INFO] Rule:233 - rule USART StopBits 1.5 is applicable
2025-10-11 21:23:56,790 [INFO] Rule:233 - rule USART StopBits 0.5 is applicable
2025-10-11 21:23:56,790 [INFO] Rule:233 - rule UART/USART WORD LENGTH 7 is applicable
2025-10-11 21:23:56,790 [INFO] Rule:233 - rule UART/USART WORD LENGTH 8 is applicable
2025-10-11 21:23:56,790 [INFO] Rule:233 - rule UART/USART WORD LENGTH 9 is applicable
2025-10-11 21:23:56,790 [INFO] Rule:233 - rule Rename FMC NAND NCE signal is applicable
2025-10-11 21:23:56,790 [INFO] Rule:233 - rule Rename FMC NAND INT signal is applicable
2025-10-11 21:23:56,790 [INFO] Rule:233 - rule Change Default Value for LSE Drive Capability for WB family is applicable
2025-10-11 21:23:56,790 [INFO] Rule:233 - rule Change Default Value for ADC Clock Prescaler G0 family is applicable
2025-10-11 21:23:56,790 [INFO] Rule:233 - rule Change Default Value for ADC ExternalTrigConv L4 family is applicable
2025-10-11 21:23:56,790 [INFO] Rule:233 - rule Change Default Value for ADC ExternalTrigInjecConv L4 family is applicable
2025-10-11 21:23:56,790 [INFO] Rule:233 - rule Change Default Value for ADC ExternalTrigConv F3 family is applicable
2025-10-11 21:23:56,790 [INFO] Rule:233 - rule Change Default Value for ADC ExternalTrigInjecConv F3 family is applicable
2025-10-11 21:23:56,790 [INFO] Rule:233 - rule Change Default Value for ADC ExternalTrigConv Goldfish serie is applicable
2025-10-11 21:23:56,790 [INFO] Rule:233 - rule Change Default Value for ADC ExternalTrigInjecConv Goldfish serie is applicable
2025-10-11 21:23:56,790 [INFO] Rule:233 - rule Change Default Value for ADC ExternalTrigConv L0 family is applicable
2025-10-11 21:23:56,790 [INFO] Rule:233 - rule Change Default Value for ADC ExternalTrigConv F0 family is applicable
2025-10-11 21:23:56,790 [INFO] Rule:233 - rule Change Default Value for ADC ExternalTrigConvn L1 family is applicable
2025-10-11 21:23:56,790 [INFO] Rule:233 - rule Change Default Value for ADC ExternalTrigInjecConv L1 family is applicable
2025-10-11 21:23:56,790 [INFO] Rule:233 - rule Change Default Value for ADC ExternalTrigConv F1 family is applicable
2025-10-11 21:23:56,790 [INFO] Rule:233 - rule Change Default Value for ADC ExternalTrigInjecConv F1 family is applicable
2025-10-11 21:23:56,790 [INFO] Rule:233 - rule Change Default Value for ADC ExternalTrigConv F7 family is applicable
2025-10-11 21:23:56,790 [INFO] Rule:233 - rule Change Default Value for ADC ExternalTrigInjecConv F7 family is applicable
2025-10-11 21:23:56,790 [INFO] Rule:233 - rule Change Default Value for ADC ExternalTrigConv F4 and F2 family is applicable
2025-10-11 21:23:56,790 [INFO] Rule:233 - rule Change Default Value for ADC ExternalTrigInjecConv F4 and F2 family is applicable
2025-10-11 21:23:56,790 [INFO] Rule:233 - rule ADC SamplingTime fix with FW L0  is applicable
2025-10-11 21:23:56,790 [INFO] Rule:233 - rule ADC SamplingTime fix with FW L0  is applicable
2025-10-11 21:23:56,790 [INFO] Rule:233 - rule ADC SamplingTime fix with FW L0 is applicable
2025-10-11 21:23:56,790 [INFO] Rule:233 - rule ADC SamplingTime fix with FW L0 is applicable
2025-10-11 21:23:56,790 [INFO] Rule:233 - rule ADC SamplingTime fix with FW L0  is applicable
2025-10-11 21:23:56,790 [INFO] Rule:233 - rule ADC SamplingTime fix with FW L0 is applicable
2025-10-11 21:23:56,790 [INFO] Rule:233 - rule Rename USB_OE Signal is applicable
2025-10-11 21:23:56,790 [INFO] Rule:233 - rule Rename Activate_OE Mode is applicable
2025-10-11 21:23:56,790 [INFO] Rule:233 - rule Rename DIE462/DIE415 pin PC14/OSC32_IN -> PC14-OSC32_IN (PC14) is applicable
2025-10-11 21:23:56,790 [INFO] Rule:233 - rule Rename DIE462/DIE415 pin PC15/OSC32_OUT -> PC15-OSC32_OUT (PC15) is applicable
2025-10-11 21:23:56,790 [INFO] Rule:233 - rule Rename DIE462/DIE415 pin PH0/OSC_IN -> PH0-OSC_IN (PH0) is applicable
2025-10-11 21:23:56,790 [INFO] Rule:233 - rule Rename DIE462/DIE415 pin PH1/OSC_OUT -> PH1-OSC_OUT (PH1) is applicable
2025-10-11 21:23:56,790 [INFO] Rule:233 - rule Rename DIE462 pin PA13 -> PA13 (JTMS/SWDIO) is applicable
2025-10-11 21:23:56,790 [INFO] Rule:233 - rule Rename DIE415 pin PA13 -> PA13 (JTMS/SWDIO) is applicable
2025-10-11 21:23:56,790 [INFO] Rule:233 - rule Rename DIE462 pin PA14 -> PA14 (JTCK/SWCLK) is applicable
2025-10-11 21:23:56,790 [INFO] Rule:233 - rule Rename DIE415 pin PA14 -> PA14 (JTCK/SWCLK) is applicable
2025-10-11 21:23:56,790 [INFO] Rule:233 - rule Rename DIE462/DIE415 pin PA15 -> PA15 (JTDI) is applicable
2025-10-11 21:23:56,790 [INFO] Rule:233 - rule Rename DIE462 pin PB3 -> PB3 (JTD0/TRACESWO) is applicable
2025-10-11 21:23:56,791 [INFO] Rule:233 - rule Rename DIE415 pin PB3 -> PB3 (JTD0-TRACESWO) is applicable
2025-10-11 21:23:56,791 [INFO] Rule:233 - rule Rename DIE462/DIE415 pin PB4 -> PB4 (NJTRST) is applicable
2025-10-11 21:23:56,791 [INFO] Rule:233 - rule Rename DIE462 pin PH3/BOOT0 -> PH3-BOOT0 (BOOT0) is applicable
2025-10-11 21:23:56,791 [INFO] Rule:233 - rule Rename CRYP DataEncryptionTypesList to Algorithm is applicable
2025-10-11 21:23:56,791 [INFO] Rule:233 - rule Rename AES DataEncryptionTypesList to Algorithm is applicable
2025-10-11 21:23:56,791 [INFO] Rule:233 - rule Rename TDESECB to CRYP_TDES_ECB is applicable
2025-10-11 21:23:56,791 [INFO] Rule:233 - rule Rename TDESCBC to CRYP_TDES_CBC is applicable
2025-10-11 21:23:56,791 [INFO] Rule:233 - rule Rename DESECB to CRYP_DES_ECB is applicable
2025-10-11 21:23:56,791 [INFO] Rule:233 - rule Rename DESCBC to CRYP_DES_CBC is applicable
2025-10-11 21:23:56,791 [INFO] Rule:233 - rule Rename AESECB to CRYP_AES_ECB is applicable
2025-10-11 21:23:56,791 [INFO] Rule:233 - rule Rename AESCBC to CRYP_AES_CBC is applicable
2025-10-11 21:23:56,791 [INFO] Rule:233 - rule Rename AESCTR to CRYP_AES_CTR is applicable
2025-10-11 21:23:56,791 [INFO] Rule:233 - rule Rename AESGCM to CRYP_AES_GCM is applicable
2025-10-11 21:23:56,791 [INFO] Rule:233 - rule Rename AESCCM to CRYP_AES_CCM is applicable
2025-10-11 21:23:56,791 [INFO] Rule:233 - rule Rename CAN TimeSeg1 to BS1 is applicable
2025-10-11 21:23:56,791 [INFO] Rule:233 - rule Rename CAN TimeSeg2 to BS2 is applicable
2025-10-11 21:23:56,791 [INFO] Rule:233 - rule Rename CAN SyncJumpWidth to SJW is applicable
2025-10-11 21:23:56,791 [INFO] Rule:233 - rule TimeTriggeredMode to TTCM is applicable
2025-10-11 21:23:56,791 [INFO] Rule:233 - rule Rename CAN AutoBusOff to ABOM is applicable
2025-10-11 21:23:56,791 [INFO] Rule:233 - rule Rename CAN AutoWakeUp to AWUM is applicable
2025-10-11 21:23:56,791 [INFO] Rule:233 - rule Rename CAN AutoRetransmission to NART is applicable
2025-10-11 21:23:56,791 [INFO] Rule:233 - rule Rename CAN ReceiveFifoLocked to RFLM is applicable
2025-10-11 21:23:56,791 [INFO] Rule:233 - rule Rename CAN TransmitFifoPriority to TXFP is applicable
2025-10-11 21:23:56,791 [INFO] Rule:233 - rule Rename HRTIMER HRTIM_OUTPUTFAULTLEVEL_HIGH in HRTIMER HRTIM_OUTPUTFAULTLEVEL_HIGHZ is applicable
2025-10-11 21:23:56,791 [INFO] Rule:233 - rule Rename TIMER TIM_CLEARINPUTSOURCE_OCREFCLR in  TIMER TIM_CLEARINPUTSOURCE_NONE for F7 family is applicable
2025-10-11 21:23:56,791 [INFO] Rule:233 - rule FDCAN_R1 - Rename FDCAN mode Master into Classic is applicable
2025-10-11 21:23:56,791 [INFO] Rule:233 - rule FDCAN_R2 - Rename FDCAN mode Slave into Classic is applicable
2025-10-11 21:23:56,791 [INFO] Rule:233 - rule FDCAN1_R3 - if PA10.Mode=FullDuplex, add Pin PA12 is applicable
2025-10-11 21:23:56,791 [INFO] Rule:233 - rule FDCAN1_R3 - if PA9.Mode=FullDuplex, add Pin PA11 is applicable
2025-10-11 21:23:56,791 [INFO] Rule:233 - rule FDCAN1_R3 - Alternatepin_1 - if PE1.Mode=FullDuplex, add Pin PB9 is applicable
2025-10-11 21:23:56,791 [INFO] Rule:233 - rule FDCAN1_R3 - Alternatepin_1 - if PE0.Mode=FullDuplex, add Pin PB8 is applicable
2025-10-11 21:23:56,791 [INFO] Rule:233 - rule FDCAN1_R3 - Alternatepin_2 - if PD5.Mode=FullDuplex, add Pin PD1 is applicable
2025-10-11 21:23:56,791 [INFO] Rule:233 - rule FDCAN1_R3 - Alternatepin_2 - if PD4.Mode=FullDuplex, add Pin PD0 is applicable
2025-10-11 21:23:56,791 [INFO] Rule:233 - rule FDCAN1_R4 - Rename Mode FullDuplex into Enable FDCAN_TXFD for pin PA10 is applicable
2025-10-11 21:23:56,791 [INFO] Rule:233 - rule FDCAN1_R4 - Rename Mode FullDuplex into Enable FDCAN_TXFD for pin PA9 is applicable
2025-10-11 21:23:56,791 [INFO] Rule:233 - rule FDCAN1_R4 - Alternatepin_1 - Rename Mode FullDuplex into Enable FDCAN_TXFD for pin PE1 is applicable
2025-10-11 21:23:56,791 [INFO] Rule:233 - rule FDCAN1_R4 - Alternatepin_1 - Rename Mode FullDuplex into Enable FDCAN_TXFD for pin PE0 is applicable
2025-10-11 21:23:56,791 [INFO] Rule:233 - rule FDCAN1_R4 - Alternatepin_2 - Rename Mode FullDuplex into Enable FDCAN_TXFD for pin PD5 is applicable
2025-10-11 21:23:56,791 [INFO] Rule:233 - rule FDCAN1_R4 - Alternatepin_2 - Rename Mode FullDuplex into Enable FDCAN_TXFD for pin PD4 is applicable
2025-10-11 21:23:56,791 [INFO] Rule:233 - rule FDCAN2_R3 - if PD10.Mode=FullDuplex, add Pin PB13 is applicable
2025-10-11 21:23:56,791 [INFO] Rule:233 - rule FDCAN2_R3 - if PD9.Mode=FullDuplex, add Pin PB12 is applicable
2025-10-11 21:23:56,791 [INFO] Rule:233 - rule FDCAN2_R3 - Alternatepin_1 - if PB7.Mode=FullDuplex, add Pin PB6 is applicable
2025-10-11 21:23:56,791 [INFO] Rule:233 - rule FDCAN2_R3 - Alternatepin_1 - if PD9.Mode=FullDuplex, add Pin PB12 is applicable
2025-10-11 21:23:56,791 [INFO] Rule:233 - rule FDCAN2_R4 - Rename Mode FullDuplex into Enable FDCAN_TXFD for pin PD10 is applicable
2025-10-11 21:23:56,791 [INFO] Rule:233 - rule FDCAN2_R4 - Rename Mode FullDuplex into Enable FDCAN_TXFD for pin PD9 is applicable
2025-10-11 21:23:56,791 [INFO] Rule:233 - rule FDCAN2_R4 - Alternatepin_1 - Rename Mode FullDuplex into Enable FDCAN_TXFD for pin PB7 is applicable
2025-10-11 21:23:56,791 [INFO] Rule:233 - rule FDCAN2_R4 - Alternatepin_1 - Rename Mode FullDuplex into Enable FDCAN_TXFD for pin PD6 is applicable
2025-10-11 21:23:56,791 [INFO] Rule:233 - rule USART TxPinLevelInvertParam Mode is applicable
2025-10-11 21:23:56,791 [INFO] Rule:233 - rule USART RxPinLevelInvertParam Mode is applicable
2025-10-11 21:23:56,792 [INFO] Rule:233 - rule USART DataInvertParam Mode is applicable
2025-10-11 21:23:56,792 [INFO] Rule:233 - rule USART SwapParam Mode is applicable
2025-10-11 21:23:56,792 [INFO] Rule:233 - rule USART OverrunDisableParam Mode is applicable
2025-10-11 21:23:56,792 [INFO] Rule:233 - rule USART DMADisableonRxErrorParam Mode is applicable
2025-10-11 21:23:56,792 [INFO] Rule:233 - rule USART MSBFirstParam Mode is applicable
2025-10-11 21:23:56,792 [INFO] Rule:233 - rule Update MwName for USB_DEVICE is applicable
2025-10-11 21:23:56,792 [INFO] Rule:233 - rule Change PWR_Regulator_Voltage_Scale Default Value for RCC  H7 family is applicable
2025-10-11 21:23:56,792 [INFO] Rule:233 - rule UART/USART IPParameter rename Prescaler parameter to ClockPrescaler is applicable
2025-10-11 21:23:56,792 [INFO] Rule:233 - rule UART/USART Prescaler rename Prescaler parameter to ClockPrescaler is applicable
2025-10-11 21:23:56,792 [INFO] Rule:233 - rule TIM1CLockSelection is applicable
2025-10-11 21:23:56,792 [INFO] Rule:233 - rule TIM15CLockSelection is applicable
2025-10-11 21:23:56,792 [INFO] Rule:233 - rule align RCC SDMMC3CLockSelection default value on MP1 is applicable
2025-10-11 21:23:56,792 [INFO] Rule:233 - rule align RCC SDMMC12CLockSelection default value on MP1 is applicable
2025-10-11 21:23:56,792 [INFO] Rule:233 - rule align RCC QSPICLockSelection default value on MP1 is applicable
2025-10-11 21:23:56,792 [INFO] Rule:233 - rule align RCC QSPICLockSelection default value on MP1 is applicable
2025-10-11 21:23:56,792 [INFO] Rule:233 - rule align RCC SPI6CLockSelection default value on MP1 is applicable
2025-10-11 21:23:56,792 [INFO] Rule:233 - rule align RCC LPTIM23CLockSelection default value on MP1 is applicable
2025-10-11 21:23:56,792 [INFO] Rule:233 - rule align RCC LPTIM1CLockSelection default value on MP1 is applicable
2025-10-11 21:23:56,792 [INFO] Rule:233 - rule align RCC USART1CLockSelection default value on MP1 is applicable
2025-10-11 21:23:56,792 [INFO] Rule:233 - rule align RCC USART24CLockSelection default value on MP1 is applicable
2025-10-11 21:23:56,792 [INFO] Rule:233 - rule align RCC USART6CLockSelection default value on MP1 is applicable
2025-10-11 21:23:56,792 [INFO] Rule:233 - rule align RCC UART78CLockSelection default value on MP1 is applicable
2025-10-11 21:23:56,792 [INFO] Rule:233 - rule align RCC USART35CLockSelection default value on MP1 is applicable
2025-10-11 21:23:56,792 [INFO] Rule:233 - rule align RCC SPI45CLockSelection default value on MP1 is applicable
2025-10-11 21:23:56,792 [INFO] Rule:233 - rule align RCC I2C46CLockSelection BCLK value on MP1 is applicable
2025-10-11 21:23:56,792 [INFO] Rule:233 - rule align RCC SPI45CLockSelection default value on MP1 is applicable
2025-10-11 21:23:56,792 [INFO] Rule:233 - rule align RCC I2C12CLockSelection default value on MP1 is applicable
2025-10-11 21:23:56,792 [INFO] Rule:233 - rule align RCC I2C35CLockSelection default value on MP1 is applicable
2025-10-11 21:23:56,792 [INFO] Rule:233 - rule align RCC LPTIM45CLockSelection default value on MP1 is applicable
2025-10-11 21:23:56,792 [INFO] Rule:233 - rule Rename DCMI PIXCK signal is applicable
2025-10-11 21:23:56,792 [INFO] Rule:233 - rule Change Default Value for I2C46CLockSelection MP1 family is applicable
2025-10-11 21:23:56,792 [INFO] Rule:233 - rule Change Default Value for UART for G4, G0 and WB families is applicable
2025-10-11 21:23:56,792 [INFO] Rule:233 - rule Change Default Value for USART for G4, G0 and WB families is applicable
2025-10-11 21:23:56,792 [INFO] Rule:233 - rule Change Default Value for USART for G4 family is applicable
2025-10-11 21:23:56,792 [INFO] Rule:233 - rule Change USART1CLockSelection refparam name for MP1 is applicable
2025-10-11 21:23:56,792 [INFO] Rule:233 - rule Change USART2CLockSelection refparam name for MP1 is applicable
2025-10-11 21:23:56,792 [INFO] Rule:233 - rule Change USART3CLockSelection refparam name for MP1 is applicable
2025-10-11 21:23:56,792 [INFO] Rule:233 - rule Change UART4CLockSelection refparam name for MP1 is applicable
2025-10-11 21:23:56,792 [INFO] Rule:233 - rule Change UART5CLockSelection refparam name for MP1 is applicable
2025-10-11 21:23:56,792 [INFO] Rule:233 - rule Change LPUART1CLockSelection refparam name for MP1 is applicable
2025-10-11 21:23:56,792 [INFO] Rule:233 - rule Change LPTIM1CLockSelection refparam name for MP1 is applicable
2025-10-11 21:23:56,792 [INFO] Rule:233 - rule Change LPTIM2CLockSelection refparam name for MP1 is applicable
2025-10-11 21:23:56,792 [INFO] Rule:233 - rule Change RCC_MCO1Source refparam name for MP1 is applicable
2025-10-11 21:23:56,792 [INFO] Rule:233 - rule Change LSCOSource1 refparam name for MP1 is applicable
2025-10-11 21:23:56,792 [INFO] Rule:233 - rule Change SMPSCLockSelection refparam name for MP1 is applicable
2025-10-11 21:23:56,792 [INFO] Rule:233 - rule Change LPTIM3CLockSelection refparam name for MP1 is applicable
2025-10-11 21:23:56,792 [INFO] Rule:233 - rule Change MPCBB* Default Template Mode to Parameters is applicable
2025-10-11 21:23:56,792 [INFO] Rule:233 - rule Change MPCWM* or MPCBB* Secure Mode to Parameters is applicable
2025-10-11 21:23:56,792 [INFO] Rule:233 - rule Change MPCWM* or MPCBB* No Secure Mode to Parameters is applicable
2025-10-11 21:23:56,792 [INFO] Rule:233 - rule Change TZSC IP Secure Mode to Parameters is applicable
2025-10-11 21:23:56,792 [INFO] Rule:233 - rule Change TZSC IP No Secure Mode to Parameters is applicable
2025-10-11 21:23:56,793 [INFO] Rule:233 - rule Change TZSC IP Privilege Mode to Parameters is applicable
2025-10-11 21:23:56,793 [INFO] Rule:233 - rule Change TZSC IP No Privilege Mode to Parameters is applicable
2025-10-11 21:23:56,793 [INFO] Rule:233 - rule Change TZIC IT Secure Mode to Parameters is applicable
2025-10-11 21:23:56,793 [INFO] Rule:233 - rule Change TZIC IT No Secure Mode to Parameters is applicable
2025-10-11 21:23:56,793 [INFO] Rule:233 - rule Add MPCBB1_NonSecureArea_Start_Address value with referenced to MPCBB1_NonSecureArea_Start value is applicable
2025-10-11 21:23:56,793 [INFO] Rule:233 - rule Add MPCBB2_NonSecureArea_Start_Address value with referenced to MPCBB2_NonSecureArea_Start value is applicable
2025-10-11 21:23:56,793 [INFO] Rule:233 - rule Add MPCWM1_NonSecureArea*_Start_Address value with referenced to MPCWM1_NonSecureArea*_Start value is applicable
2025-10-11 21:23:56,793 [INFO] Rule:233 - rule Add MPCWM2_NonSecureArea*_Start_Address value with referenced to MPCWM2_NonSecureArea*_Start value is applicable
2025-10-11 21:23:56,793 [INFO] Rule:233 - rule Add MPCWM3_NonSecureArea_Start_Address value with referenced to MPCWM3_NonSecureArea_Start value is applicable
2025-10-11 21:23:56,793 [INFO] Rule:233 - rule Change Default Value for PLL1UserDefinedConfig is applicable
2025-10-11 21:23:56,793 [INFO] Rule:233 - rule Change GPIO_PuPd Default Value for USART in async mode is applicable
2025-10-11 21:23:56,793 [INFO] Rule:233 - rule Change SMPSDivider Default Value is applicable
2025-10-11 21:23:56,793 [INFO] Rule:233 - rule OPAMP is applicable
2025-10-11 21:23:56,793 [INFO] Rule:233 - rule LPUART IPParameter rename Prescaler parameter to ClockPrescaler for STM32H7 is applicable
2025-10-11 21:23:56,793 [INFO] Rule:233 - rule LPUART IPParameter rename Prescaler parameter to ClockPrescaler for STM32H7 is applicable
2025-10-11 21:23:56,793 [INFO] Rule:233 - rule LPUART IPParameter rename Prescaler parameter to ClockPrescaler for STM32WB is applicable
2025-10-11 21:23:56,793 [INFO] Rule:233 - rule LPUART IPParameter rename Prescaler parameter to ClockPrescaler for STM32WB is applicable
2025-10-11 21:23:56,793 [INFO] Rule:233 - rule LPUART IPParameter rename Prescaler parameter to ClockPrescaler for STM32G4 is applicable
2025-10-11 21:23:56,793 [INFO] Rule:233 - rule LPUART IPParameter rename Prescaler parameter to ClockPrescaler for STM32G4 is applicable
2025-10-11 21:23:56,793 [INFO] Rule:233 - rule LPUART IPParameter rename Prescaler parameter to ClockPrescaler for STM32L5 is applicable
2025-10-11 21:23:56,793 [INFO] Rule:233 - rule LPUART IPParameter rename Prescaler parameter to ClockPrescaler for STM32L5 is applicable
2025-10-11 21:23:56,793 [INFO] Rule:233 - rule LPUART IPParameter rename Prescaler parameter to ClockPrescaler for STM32G4 is applicable
2025-10-11 21:23:56,793 [INFO] Rule:233 - rule LPUART IPParameter rename Prescaler parameter to ClockPrescaler for STM32G4 is applicable
2025-10-11 21:23:56,793 [INFO] Rule:233 - rule USB device lib V2.5.3 for L0 rename USBD_SUPPORT_USER_STRING parameter to USBD_SUPPORT_USER_STRING_DESC4 is applicable
2025-10-11 21:23:56,793 [INFO] Rule:233 - rule I2SCLockSelection clock entry align is applicable
2025-10-11 21:23:56,793 [INFO] Rule:233 - rule Assign TIMx context if used as SYS timebase is applicable
2025-10-11 21:23:56,793 [INFO] Rule:233 - rule Change GPIO_Pu Default Value for I2C is applicable
2025-10-11 21:23:56,793 [INFO] Rule:233 - rule Change GPIO_Pu Default Value for SMBus is applicable
2025-10-11 21:23:56,793 [INFO] Rule:233 - rule change FDCAN default value is applicable
2025-10-11 21:23:56,793 [INFO] Rule:233 - rule Change mode sai is applicable
2025-10-11 21:23:56,793 [INFO] Rule:233 - rule **Change sai mode is applicable
2025-10-11 21:23:56,793 [INFO] Rule:233 - rule Rename STM32WPAN CFG_BLE_IRK to CFG_BLE_IR is applicable
2025-10-11 21:23:56,793 [INFO] Rule:233 - rule Rename STM32WPAN CFG_BLE_ERK to CFG_BLE_ER is applicable
2025-10-11 21:23:56,793 [INFO] Rule:233 - rule Rename STM32WPAN CFG_BLE_IRK_HEX to CFG_BLE_IR_HEX is applicable
2025-10-11 21:23:56,793 [INFO] Rule:233 - rule Rename STM32WPAN CFG_BLE_ERK_HEX to CFG_BLE_ER_HEX is applicable
2025-10-11 21:23:56,793 [INFO] Rule:233 - rule Adapt Old IOC before rework replace old CORTEX_M33/CORTEX_M55 attributes by the new one. is applicable
2025-10-11 21:23:56,793 [INFO] Rule:233 - rule Rename parametre of RCC RCC_APBDBG_DIV2 to RCC_TIMPRES_DIV2 is applicable
2025-10-11 21:23:56,793 [INFO] Rule:233 - rule Rename DIE493 pin PA10 [PA12] -> PA10 is applicable
2025-10-11 21:23:56,793 [INFO] Rule:233 - rule Rename DIE493 pin PA9 [PA11] -> PA9 is applicable
2025-10-11 21:23:56,793 [INFO] Rule:233 - rule Rename DIE492 PartNumber CPN STM32WBA5MJGHx -> STM32WBA5MMGHx is applicable
2025-10-11 21:23:56,793 [INFO] Rule:233 - rule Rename DIE492 PartNumber  Name STM32WBA5MJGHx -> STM32WBA5MMGHx is applicable
2025-10-11 21:23:56,793 [INFO] Rule:233 - rule Rename DIE492 PartNumber UserName STM32WBA5MJGHx -> STM32WBA5MMGHx is applicable
2025-10-11 21:23:56,793 [INFO] Rule:233 - rule Rename DIE492 PartNumber DeviceId STM32WBA5MJGHx -> STM32WBA5MMGHx is applicable
2025-10-11 21:23:56,793 [INFO] Rule:233 - rule Adapt Old IOC CSI. is applicable
2025-10-11 21:23:56,793 [INFO] Rule:233 - rule Adapt Old IOC DCMIPP. is applicable
2025-10-11 21:23:56,793 [INFO] Rule:233 - rule Adapt Old IOC DCMIPP Mode Parallel. is applicable
2025-10-11 21:23:56,793 [INFO] Rule:233 - rule Adapt Old IOC LTDC. is applicable
2025-10-11 21:23:56,793 [INFO] Rule:233 - rule Rename STM32MP2 RIF Peripheral LTDC RIF.RISUP.LTDC_L0L1.Privilege -> RIF.RISUP.LTDC_L1L2.Privilege is applicable
2025-10-11 21:23:56,793 [INFO] Rule:233 - rule Rename STM32MP2 RIF Peripheral LTDC RIF.RISUP.LTDC_L0L1.Privilege -> RIF.RISUP.LTDC_L1L2.Privilege is applicable
2025-10-11 21:23:56,793 [INFO] Rule:233 - rule Rename STM32MP2 RIF Peripheral LTDC RIF.RISUP.LTDC_L0L1.Lock -> RIF.RISUP.LTDC_L1L2.Lock is applicable
2025-10-11 21:23:56,794 [INFO] Rule:233 - rule Rename STM32MP2 RIF Peripheral LTDC RIF.RISUP.LTDC_L2.Lock -> RIF.RISUP.LTDC_L3.Lock is applicable
2025-10-11 21:23:56,794 [INFO] Rule:233 - rule Adapt the old IOC example for updating the SYS when it is misconfigured. is applicable
2025-10-11 21:23:56,794 [INFO] Rule:233 - rule Rename STM32C09 Mcu.Package LQFP64 -> LQFP48 is applicable
2025-10-11 21:23:56,794 [INFO] Rule:233 - rule Adapt the old IOC example for updating the SYS when it is misconfigured. is applicable
2025-10-11 21:23:56,794 [INFO] Rule:233 - rule Adapt the old IOC example for updating the SYS when it is misconfigured. is applicable
2025-10-11 21:23:56,818 [INFO] DbConfProperties:307 - Apply Compatibility (54/282 Rules)
2025-10-11 21:23:56,828 [INFO] ImportTextPane:234 - (OptionalMessage_ERROR) Unable to find key (Mcu.ThirdPartyNb) in loaded IOC file
2025-10-11 21:23:56,831 [INFO] ImportTextPane:234 - (OptionalMessage_ERROR) Pin35 (VP_RIF_VS_RIF1) cannot be retrieved for this MCU
2025-10-11 21:23:56,864 [INFO] RtosManager:558 - Registered RTOS mode: class=CMSIS, group=RTOS, mode=CMSIS_V1, owner=FREERTOS
2025-10-11 21:23:56,864 [INFO] RtosManager:558 - Registered RTOS mode: class=CMSIS, group=RTOS2, mode=CMSIS_V2, owner=FREERTOS
2025-10-11 21:23:56,864 [INFO] RtosManager:558 - Registered RTOS mode: class=RTOS, group=Core, mode=CMSIS_V1, owner=FREERTOS
2025-10-11 21:23:56,864 [INFO] RtosManager:558 - Registered RTOS mode: class=RTOS, group=Core, mode=CMSIS_V2, owner=FREERTOS
2025-10-11 21:23:56,864 [WARN] ModelIntegratedComponent:184 - Missing modes for component STMicroelectronics:FreeRTOS:0.0.1:STMicroelectronics:RTOS:FreeRTOS:Core:::10.2.0:
2025-10-11 21:23:56,883 [WARN] ModelIntegratedComponent:63 - No mode defined for component null
2025-10-11 21:23:56,883 [WARN] ModelIntegratedComponent:63 - No mode defined for component null
2025-10-11 21:23:56,883 [WARN] ModelIntegratedComponent:63 - No mode defined for component null
2025-10-11 21:23:56,883 [WARN] ModelIntegratedComponent:63 - No mode defined for component null
2025-10-11 21:23:56,883 [WARN] ModelIntegratedComponent:63 - No mode defined for component null
2025-10-11 21:23:56,883 [WARN] ModelIntegratedComponent:63 - No mode defined for component null
2025-10-11 21:23:56,884 [WARN] ModelIntegratedComponent:63 - No mode defined for component null
2025-10-11 21:23:56,884 [WARN] ModelIntegratedComponent:63 - No mode defined for component null
2025-10-11 21:23:56,884 [WARN] ModelIntegratedComponent:63 - No mode defined for component null
2025-10-11 21:23:56,884 [WARN] ModelIntegratedComponent:63 - No mode defined for component null
2025-10-11 21:23:56,884 [WARN] ModelIntegratedComponent:63 - No mode defined for component null
2025-10-11 21:23:56,884 [WARN] ModelIntegratedComponent:63 - No mode defined for component null
2025-10-11 21:23:56,884 [WARN] ModelIntegratedComponent:63 - No mode defined for component null
2025-10-11 21:23:56,884 [WARN] ModelIntegratedComponent:63 - No mode defined for component null
2025-10-11 21:23:56,884 [WARN] ModelIntegratedComponent:63 - No mode defined for component null
2025-10-11 21:23:56,884 [WARN] ModelIntegratedComponent:63 - No mode defined for component null
2025-10-11 21:23:56,884 [WARN] ModelIntegratedComponent:63 - No mode defined for component null
2025-10-11 21:23:56,884 [WARN] ModelIntegratedComponent:63 - No mode defined for component null
2025-10-11 21:23:56,884 [WARN] ModelIntegratedComponent:63 - No mode defined for component null
2025-10-11 21:23:56,884 [WARN] ModelIntegratedComponent:63 - No mode defined for component null
2025-10-11 21:23:56,884 [WARN] ModelIntegratedComponent:63 - No mode defined for component null
2025-10-11 21:23:56,884 [WARN] ModelIntegratedComponent:63 - No mode defined for component null
2025-10-11 21:23:56,884 [WARN] ModelIntegratedComponent:63 - No mode defined for component null
2025-10-11 21:23:56,884 [WARN] ModelIntegratedComponent:63 - No mode defined for component null
2025-10-11 21:23:56,884 [WARN] ModelIntegratedComponent:63 - No mode defined for component null
2025-10-11 21:23:56,884 [WARN] ModelIntegratedComponent:63 - No mode defined for component null
2025-10-11 21:23:56,884 [WARN] ModelIntegratedComponent:63 - No mode defined for component null
2025-10-11 21:23:56,884 [WARN] ModelIntegratedComponent:63 - No mode defined for component null
2025-10-11 21:23:56,884 [WARN] ModelIntegratedComponent:63 - No mode defined for component null
2025-10-11 21:23:56,884 [WARN] ModelIntegratedComponent:63 - No mode defined for component null
2025-10-11 21:23:56,884 [WARN] ModelIntegratedComponent:63 - No mode defined for component null
2025-10-11 21:23:56,884 [WARN] ModelIntegratedComponent:63 - No mode defined for component null
2025-10-11 21:23:56,884 [WARN] ModelIntegratedComponent:63 - No mode defined for component null
2025-10-11 21:23:56,884 [WARN] ModelIntegratedComponent:63 - No mode defined for component null
2025-10-11 21:23:56,884 [WARN] ModelIntegratedComponent:63 - No mode defined for component null
2025-10-11 21:23:56,884 [WARN] ModelPack:524 - Component already loaded: STMicroelectronics:HAL Drivers:0.0.0:STMicroelectronics:Device:STMicro_Driver:XSPI:HAL::0.0.1:HAL_XSPI
2025-10-11 21:23:56,957 [INFO] ThirdPartyModel:298 - Start build external matchings
2025-10-11 21:23:57,357 [INFO] ThirdPartyModel:316 - End build external matchings
2025-10-11 21:23:57,367 [INFO] ImportTextPane:234 - (OptionalMessage_ERROR) IP (RCC) : Parameter (RTCHSEDivFreq_Value) has invalid value (4000000)
2025-10-11 21:23:57,486 [INFO] UtilMem:75 - End LoadConfig() Used Memory: 803823832 Bytes (1073741824)
2025-10-11 21:23:57,504 [WARN] ThirdParty:833 - waiting for thirdparty lock release [change project]
2025-10-11 21:23:57,504 [INFO] ThirdParty:835 - entering critical section [change project]
2025-10-11 21:23:57,504 [INFO] ThirdParty:1030 - CMSIS Pack Vendor :STMicroelectronics X-CUBE-PM33A1 1.0.0
2025-10-11 21:23:57,504 [INFO] ThirdParty:1030 - CMSIS Pack Vendor :STMicroelectronics USBPD 4.1
2025-10-11 21:23:57,504 [INFO] ThirdParty:1030 - CMSIS Pack Vendor :STMicroelectronics X-CUBE-NFC9 1.0.0
2025-10-11 21:23:57,504 [INFO] ThirdParty:1030 - CMSIS Pack Vendor :STMicroelectronics USB_HOST 2.0.0
2025-10-11 21:23:57,504 [INFO] ThirdParty:1030 - CMSIS Pack Vendor :STMicroelectronics FP-SNS-MOTENVWB1 1.4.0
2025-10-11 21:23:57,504 [INFO] ThirdParty:1030 - CMSIS Pack Vendor :STMicroelectronics X-CUBE-AZRTOS-F4 1.1.0
2025-10-11 21:23:57,504 [INFO] ThirdParty:1030 - CMSIS Pack Vendor :STMicroelectronics LIBJPEG 8.0.0
2025-10-11 21:23:57,504 [INFO] ThirdParty:1030 - CMSIS Pack Vendor :STMicroelectronics FP-ATR-ASTRA1 2.0.2
2025-10-11 21:23:57,504 [INFO] ThirdParty:1030 - CMSIS Pack Vendor :wolfSSL I-CUBE-wolfSSL 5.8.2
2025-10-11 21:23:57,504 [INFO] ThirdParty:1030 - CMSIS Pack Vendor :STMicroelectronics X-CUBE-BLE1 7.1.0
2025-10-11 21:23:57,504 [INFO] ThirdParty:1030 - CMSIS Pack Vendor :Avnet-IotConnect X-CUBE-IoTC-DA16k-PMOD 1.0.0
2025-10-11 21:23:57,504 [INFO] ThirdParty:1030 - CMSIS Pack Vendor :STMicroelectronics X-CUBE-SMBUS 2.1.0
2025-10-11 21:23:57,504 [INFO] ThirdParty:1030 - CMSIS Pack Vendor :wolfSSL I-CUBE-wolfMQTT 1.19.2
2025-10-11 21:23:57,504 [INFO] ThirdParty:1030 - CMSIS Pack Vendor :STMicroelectronics USB_DEVICE 3.0.0
2025-10-11 21:23:57,504 [INFO] ThirdParty:1030 - CMSIS Pack Vendor :STMicroelectronics X-CUBE-ISPU 2.1.0
2025-10-11 21:23:57,504 [INFO] ThirdParty:1030 - CMSIS Pack Vendor :STMicroelectronics X-CUBE-EEPRMA1 5.2.0
2025-10-11 21:23:57,504 [INFO] ThirdParty:1030 - CMSIS Pack Vendor :STMicroelectronics X-CUBE-BLEMGR 4.1.0
2025-10-11 21:23:57,504 [INFO] ThirdParty:1030 - CMSIS Pack Vendor :STMicroelectronics X-CUBE-AZRTOS-WB 2.0.0
2025-10-11 21:23:57,504 [INFO] ThirdParty:1030 - CMSIS Pack Vendor :STMicroelectronics X-CUBE-ST60 1.0.0
2025-10-11 21:23:57,504 [INFO] ThirdParty:1030 - CMSIS Pack Vendor :STMicroelectronics X-CUBE-GNSS1 7.0.1
2025-10-11 21:23:57,504 [INFO] ThirdParty:1030 - CMSIS Pack Vendor :STMicroelectronics X-CUBE-NFC12 1.0.0
2025-10-11 21:23:57,504 [INFO] ThirdParty:1030 - CMSIS Pack Vendor :STMicroelectronics X-CUBE-AZRTOS-F7 1.1.0
2025-10-11 21:23:57,504 [INFO] ThirdParty:1030 - CMSIS Pack Vendor :STMicroelectronics X-CUBE-AZRTOS-L5 2.0.0
2025-10-11 21:23:57,504 [INFO] ThirdParty:1030 - CMSIS Pack Vendor :STMicroelectronics X-CUBE-TOUCHGFX 4.25.0
2025-10-11 21:23:57,504 [INFO] ThirdParty:1030 - CMSIS Pack Vendor :STMicroelectronics USB_DEVICE 2.0.0
2025-10-11 21:23:57,504 [INFO] ThirdParty:1030 - CMSIS Pack Vendor :STMicroelectronics X-CUBE-NFC6 3.1.0
2025-10-11 21:23:57,504 [INFO] ThirdParty:1030 - CMSIS Pack Vendor :quantropi X-CUBE-qispace-sdk-base 2.1.0
2025-10-11 21:23:57,504 [INFO] ThirdParty:1030 - CMSIS Pack Vendor :STMicroelectronics FreeRTOS 0.0.1
2025-10-11 21:23:57,504 [INFO] ThirdParty:1030 - CMSIS Pack Vendor :STMicroelectronics X-CUBE-AZRTOS-G0 1.1.0
2025-10-11 21:23:57,504 [INFO] ThirdParty:1030 - CMSIS Pack Vendor :STMicroelectronics X-CUBE-SAFEA1 1.2.2
2025-10-11 21:23:57,504 [INFO] ThirdParty:1030 - CMSIS Pack Vendor :STMicroelectronics X-CUBE-NFC4 3.0.0
2025-10-11 21:23:57,505 [INFO] ThirdParty:1030 - CMSIS Pack Vendor :STMicroelectronics X-CUBE-SUBG2 5.0.0
2025-10-11 21:23:57,505 [INFO] ThirdParty:1030 - CMSIS Pack Vendor :STMicroelectronics X-CUBE-AZRTOS-H7RS 1.1.0
2025-10-11 21:23:57,505 [INFO] ThirdParty:1030 - CMSIS Pack Vendor :STMicroelectronics STM32_WPAN 1.0.0
2025-10-11 21:23:57,505 [INFO] ThirdParty:1030 - CMSIS Pack Vendor :EmbeddedOffice I-CUBE-FS-RTOS 1.0.1
2025-10-11 21:23:57,505 [INFO] ThirdParty:1030 - CMSIS Pack Vendor :STMicroelectronics lwIP 2.0.3
2025-10-11 21:23:57,505 [INFO] ThirdParty:1030 - CMSIS Pack Vendor :WES I-CUBE-Cesium 1.4.0
2025-10-11 21:23:57,505 [INFO] ThirdParty:1030 - CMSIS Pack Vendor :Cesanta I-CUBE-Mongoose 7.13.0
2025-10-11 21:23:57,505 [INFO] ThirdParty:1030 - CMSIS Pack Vendor :STMicroelectronics USB_HOST 1.0.0
2025-10-11 21:23:57,505 [INFO] ThirdParty:1030 - CMSIS Pack Vendor :Infineon AIROC-Wi-Fi-Bluetooth-STM32 1.7.1
2025-10-11 21:23:57,505 [INFO] ThirdParty:1030 - CMSIS Pack Vendor :STMicroelectronics X-CUBE-AZRTOS-G4 2.0.0
2025-10-11 21:23:57,505 [INFO] ThirdParty:1030 - CMSIS Pack Vendor :STMicroelectronics X-CUBE-WB05N 2.0.0
2025-10-11 21:23:57,505 [INFO] ThirdParty:1030 - CMSIS Pack Vendor :STMicroelectronics PDM2PCM 3.1.0
2025-10-11 21:23:57,505 [INFO] ThirdParty:1030 - CMSIS Pack Vendor :STMicroelectronics PDM2PCM 3.3.0
2025-10-11 21:23:57,505 [INFO] ThirdParty:1030 - CMSIS Pack Vendor :wolfSSL I-CUBE-wolfTPM 3.8.0
2025-10-11 21:23:57,505 [INFO] ThirdParty:1030 - CMSIS Pack Vendor :STMicroelectronics X-CUBE-AZRTOS-H7 3.4.0
2025-10-11 21:23:57,505 [INFO] ThirdParty:1030 - CMSIS Pack Vendor :STMicroelectronics X-CUBE-DISPLAY 3.0.0
2025-10-11 21:23:57,505 [INFO] ThirdParty:1030 - CMSIS Pack Vendor :wolfSSL I-CUBE-wolfSSH 1.4.20
2025-10-11 21:23:57,505 [INFO] ThirdParty:1030 - CMSIS Pack Vendor :STMicroelectronics X-CUBE-NFC7 2.0.0
2025-10-11 21:23:57,505 [INFO] ThirdParty:1030 - CMSIS Pack Vendor :STMicroelectronics X-CUBE-TCPP 4.2.0
2025-10-11 21:23:57,505 [INFO] ThirdParty:1030 - CMSIS Pack Vendor :RealThread X-CUBE-RT-Thread_Nano 4.1.1
2025-10-11 21:23:57,505 [INFO] ThirdParty:1030 - CMSIS Pack Vendor :STMicroelectronics FP-ATR-SIGFOX1 3.2.0
2025-10-11 21:23:57,505 [INFO] ThirdParty:1030 - CMSIS Pack Vendor :STMicroelectronics X-CUBE-NFC10 1.0.0
2025-10-11 21:23:57,505 [INFO] ThirdParty:1030 - CMSIS Pack Vendor :STMicroelectronics X-CUBE-FREERTOS 1.3.1
2025-10-11 21:23:57,505 [INFO] ThirdParty:1030 - CMSIS Pack Vendor :STMicroelectronics HAL Drivers 0.0.0
2025-10-11 21:23:57,505 [INFO] ThirdParty:1030 - CMSIS Pack Vendor :STMicroelectronics MBEDTLS 2.16.2
2025-10-11 21:23:57,505 [INFO] ThirdParty:1030 - CMSIS Pack Vendor :STMicroelectronics X-CUBE-IPS 3.1.0
2025-10-11 21:23:57,505 [INFO] ThirdParty:1030 - CMSIS Pack Vendor :STMicroelectronics X-CUBE-ALS 1.0.2
2025-10-11 21:23:57,505 [INFO] ThirdParty:1030 - CMSIS Pack Vendor :emotas I-CUBE-CANOPEN 1.3.0
2025-10-11 21:23:57,505 [INFO] ThirdParty:1030 - CMSIS Pack Vendor :STMicroelectronics MBEDTLS 2.14.1
2025-10-11 21:23:57,505 [INFO] ThirdParty:1030 - CMSIS Pack Vendor :ITTIA_DB I-CUBE-ITTIADB 8.9.0
2025-10-11 21:23:57,505 [INFO] ThirdParty:1030 - CMSIS Pack Vendor :STMicroelectronics X-CUBE-TOUCHGFX 4.26.0
2025-10-11 21:23:57,505 [INFO] ThirdParty:1030 - CMSIS Pack Vendor :STMicroelectronics X-CUBE-STSE01 1.0.0
2025-10-11 21:23:57,505 [INFO] ThirdParty:1030 - CMSIS Pack Vendor :STMicroelectronics X-CUBE-ST67W61 1.0.0
2025-10-11 21:23:57,505 [INFO] ThirdParty:1030 - CMSIS Pack Vendor :STMicroelectronics FP-SNS-STBOX1 2.1.0
2025-10-11 21:23:57,505 [INFO] ThirdParty:1030 - CMSIS Pack Vendor :STMicroelectronics X-CUBE-AI 10.2.0
2025-10-11 21:23:57,505 [INFO] ThirdParty:1030 - CMSIS Pack Vendor :STMicroelectronics FP-SNS-STAIOTCFT 1.0.0
2025-10-11 21:23:57,505 [INFO] ThirdParty:1030 - CMSIS Pack Vendor :STMicroelectronics ThreadX 1.0.0
2025-10-11 21:23:57,505 [INFO] ThirdParty:1030 - CMSIS Pack Vendor :STMicroelectronics FP-SNS-SMARTAG2 1.2.0
2025-10-11 21:23:57,505 [INFO] ThirdParty:1030 - CMSIS Pack Vendor :STMicroelectronics FP-SNS-FLIGHT1 5.1.0
2025-10-11 21:23:57,505 [INFO] ThirdParty:1030 - CMSIS Pack Vendor :STMicroelectronics X-CUBE-AZRTOS-WL 2.0.0
2025-10-11 21:23:57,505 [INFO] ThirdParty:1030 - CMSIS Pack Vendor :SEGGER I-CUBE-embOS 1.3.1
2025-10-11 21:23:57,505 [INFO] ThirdParty:1030 - CMSIS Pack Vendor :STMicroelectronics X-CUBE-ALGOBUILD 1.4.0
2025-10-11 21:23:57,505 [INFO] ThirdParty:1030 - CMSIS Pack Vendor :STMicroelectronics X-CUBE-DPower 1.3.0
2025-10-11 21:23:57,505 [INFO] ThirdParty:1030 - CMSIS Pack Vendor :STMicroelectronics X-CUBE-MEMS1 11.3.0
2025-10-11 21:23:57,505 [INFO] ThirdParty:1030 - CMSIS Pack Vendor :STMicroelectronics FP-SNS-MOTENV1 5.0.0
2025-10-11 21:23:57,505 [INFO] ThirdParty:1030 - CMSIS Pack Vendor :STMicroelectronics USB_DEVICE 1.0.0
2025-10-11 21:23:57,505 [INFO] ThirdParty:1030 - CMSIS Pack Vendor :STMicroelectronics X-CUBE-AZRTOS-L4 2.0.0
2025-10-11 21:23:57,505 [INFO] ThirdParty:1030 - CMSIS Pack Vendor :STMicroelectronics ThreadX 0.0.2
2025-10-11 21:23:57,505 [INFO] ThirdParty:1030 - CMSIS Pack Vendor :STMicroelectronics lwIP 2.1.2
2025-10-11 21:23:57,505 [INFO] ThirdParty:1030 - CMSIS Pack Vendor :STMicroelectronics X-CUBE-SFXS2LP1 4.0.0
2025-10-11 21:23:57,505 [INFO] ThirdParty:1030 - CMSIS Pack Vendor :STMicroelectronics X-CUBE-BLE2 3.3.0
2025-10-11 21:23:57,505 [INFO] ThirdParty:1030 - CMSIS Pack Vendor :STMicroelectronics X-CUBE-TOF1 3.4.3
2025-10-11 21:23:57,505 [INFO] ThirdParty:1030 - CMSIS Pack Vendor :STMicroelectronics PDM2PCM 3.2.0
2025-10-11 21:23:57,506 [INFO] ThirdParty:841 - exiting critical section [change project]
2025-10-11 21:23:57,770 [INFO] PinOutPanel:1589 - setPackage(No Configuration,No Configuration)
2025-10-11 21:23:57,770 [INFO] PinOutPanel:1589 - setPackage(STM32F407VGTx,LQFP100)
2025-10-11 21:23:57,944 [INFO] UtilMem:75 - Before build in PCC Used Memory: 642110384 Bytes (1073741824)
2025-10-11 21:23:58,125 [INFO] UtilMem:75 - After build in PCC Used Memory: 687725488 Bytes (1073741824)
2025-10-11 21:23:58,132 [INFO] ApiDbMcu:532 - Load IP Config File for USB_HOST
2025-10-11 21:23:58,133 [WARN] BspModel:444 - BSP dependency skipped because of component: name='IOExpander', api='Unknown'
2025-10-11 21:23:58,159 [INFO] IPUIPlugin:80 - create IPUIPlugin
2025-10-11 21:23:58,160 [INFO] IPUIPlugin:80 - create IPUIPlugin
2025-10-11 21:23:58,160 [INFO] IPUIPlugin:80 - create IPUIPlugin
2025-10-11 21:23:58,160 [INFO] IPUIPlugin:80 - create IPUIPlugin
2025-10-11 21:23:58,160 [INFO] IPUIPlugin:80 - create IPUIPlugin
2025-10-11 21:23:58,160 [INFO] IPUIPlugin:80 - create IPUIPlugin
2025-10-11 21:23:58,160 [INFO] IPUIPlugin:80 - create IPUIPlugin
2025-10-11 21:23:58,161 [INFO] IPUIPlugin:80 - create IPUIPlugin
2025-10-11 21:23:58,161 [INFO] IPUIPlugin:80 - create IPUIPlugin
2025-10-11 21:23:58,161 [INFO] IPUIPlugin:80 - create IPUIPlugin
2025-10-11 21:23:58,161 [INFO] IPUIPlugin:80 - create IPUIPlugin
2025-10-11 21:23:58,161 [INFO] IPUIPlugin:80 - create IPUIPlugin
2025-10-11 21:23:58,161 [INFO] IPUIPlugin:80 - create IPUIPlugin
2025-10-11 21:23:58,161 [INFO] IPUIPlugin:80 - create IPUIPlugin
2025-10-11 21:23:58,161 [INFO] IPUIPlugin:80 - create IPUIPlugin
2025-10-11 21:23:58,162 [INFO] IPUIPlugin:80 - create IPUIPlugin
2025-10-11 21:23:58,162 [INFO] IPUIPlugin:80 - create IPUIPlugin
2025-10-11 21:23:58,162 [INFO] IPUIPlugin:80 - create IPUIPlugin
2025-10-11 21:23:58,162 [INFO] IPUIPlugin:80 - create IPUIPlugin
2025-10-11 21:23:58,162 [INFO] IPUIPlugin:80 - create IPUIPlugin
2025-10-11 21:23:58,163 [INFO] IPUIPlugin:80 - create IPUIPlugin
2025-10-11 21:23:58,163 [INFO] IPUIPlugin:80 - create IPUIPlugin
2025-10-11 21:23:58,163 [INFO] IPUIPlugin:80 - create IPUIPlugin
2025-10-11 21:23:58,163 [INFO] IPUIPlugin:80 - create IPUIPlugin
2025-10-11 21:23:58,163 [INFO] IPUIPlugin:80 - create IPUIPlugin
2025-10-11 21:23:58,163 [INFO] IPUIPlugin:80 - create IPUIPlugin
2025-10-11 21:23:58,164 [INFO] IPUIPlugin:80 - create IPUIPlugin
2025-10-11 21:23:58,164 [INFO] IPUIPlugin:80 - create IPUIPlugin
2025-10-11 21:23:58,164 [INFO] IPUIPlugin:80 - create IPUIPlugin
2025-10-11 21:23:58,164 [INFO] IPUIPlugin:80 - create IPUIPlugin
2025-10-11 21:23:58,164 [INFO] IPUIPlugin:80 - create IPUIPlugin
2025-10-11 21:23:58,164 [INFO] IPUIPlugin:80 - create IPUIPlugin
2025-10-11 21:23:58,164 [INFO] IPUIPlugin:80 - create IPUIPlugin
2025-10-11 21:23:58,165 [INFO] IPUIPlugin:80 - create IPUIPlugin
2025-10-11 21:23:58,165 [INFO] IPUIPlugin:80 - create IPUIPlugin
2025-10-11 21:23:58,165 [INFO] IPUIPlugin:80 - create IPUIPlugin
2025-10-11 21:23:58,165 [INFO] IPUIPlugin:80 - create IPUIPlugin
2025-10-11 21:23:58,165 [INFO] IPUIPlugin:80 - create IPUIPlugin
2025-10-11 21:23:58,165 [INFO] IPUIPlugin:80 - create IPUIPlugin
2025-10-11 21:23:58,165 [INFO] IPUIPlugin:80 - create IPUIPlugin
2025-10-11 21:23:58,165 [INFO] IPUIPlugin:80 - create IPUIPlugin
2025-10-11 21:23:58,165 [INFO] IPUIPlugin:80 - create IPUIPlugin
2025-10-11 21:23:58,165 [INFO] IPUIPlugin:80 - create IPUIPlugin
2025-10-11 21:23:58,165 [INFO] IPUIPlugin:80 - create IPUIPlugin
2025-10-11 21:23:58,165 [INFO] IPUIPlugin:80 - create IPUIPlugin
2025-10-11 21:23:58,165 [INFO] IPUIPlugin:80 - create IPUIPlugin
2025-10-11 21:23:58,166 [INFO] IPUIPlugin:80 - create IPUIPlugin
2025-10-11 21:23:58,166 [INFO] IPUIPlugin:80 - create IPUIPlugin
2025-10-11 21:23:58,166 [INFO] IPUIPlugin:80 - create IPUIPlugin
2025-10-11 21:23:58,166 [INFO] IPUIPlugin:80 - create IPUIPlugin
2025-10-11 21:23:58,166 [INFO] IPUIPlugin:80 - create IPUIPlugin
2025-10-11 21:23:58,166 [INFO] IPUIPlugin:80 - create IPUIPlugin
2025-10-11 21:23:58,166 [INFO] IPUIPlugin:80 - create IPUIPlugin
2025-10-11 21:23:58,167 [INFO] IPUIPlugin:80 - create IPUIPlugin
2025-10-11 21:23:58,167 [INFO] IPUIPlugin:80 - create IPUIPlugin
2025-10-11 21:23:58,168 [INFO] IPUIPlugin:80 - create IPUIPlugin
2025-10-11 21:23:58,168 [INFO] IPUIPlugin:80 - create IPUIPlugin
2025-10-11 21:23:58,169 [INFO] IPUIPlugin:80 - create IPUIPlugin
2025-10-11 21:23:58,171 [INFO] ApiDbMcu:532 - Load IP Config File for PDM2PCM
2025-10-11 21:23:58,172 [WARN] IP:2250 - I2C_Coeff_DF not found: check if there is a RefParameter without a condition.
2025-10-11 21:23:58,172 [WARN] IP:2250 - Analog_Filter not found: check if there is a RefParameter without a condition.
2025-10-11 21:23:58,176 [INFO] I2sManager:658 - 9.6E7
2025-10-11 21:23:58,176 [INFO] I2sManager:195 - I2S Clock Value : 9.6E7
2025-10-11 21:23:58,176 [INFO] I2sManager:553 - AudioClock : 93750Divider : 2Odd : 0
2025-10-11 21:23:58,220 [INFO] CADModel:165 - CPN selected for project levelSTM32F407VGT6
2025-10-11 21:23:58,220 [INFO] CADModel:114 - Register for checkConnection events
2025-10-11 21:23:58,283 [INFO] OpenFileManager:386 - Restore cursor
2025-10-11 21:23:58,398 [WARN] IP:2250 - I2C_Coeff_DF not found: check if there is a RefParameter without a condition.
2025-10-11 21:23:58,398 [WARN] IP:2250 - Analog_Filter not found: check if there is a RefParameter without a condition.
2025-10-11 21:23:58,399 [WARN] IP:2250 - I2C_Coeff_DF not found: check if there is a RefParameter without a condition.
2025-10-11 21:23:58,399 [WARN] IP:2250 - Analog_Filter not found: check if there is a RefParameter without a condition.
2025-10-11 21:23:58,562 [INFO] UtilMem:75 - End SaveConfig() Used Memory: 818390368 Bytes (1073741824)
2025-10-11 21:23:58,596 [INFO] UtilMem:75 - End SaveConfig() Used Memory: 839361880 Bytes (1073741824)
2025-10-11 21:23:58,818 [INFO] BlockDiagram:2775 - set Specific Code input for plugin: SPI
2025-10-11 21:23:58,818 [INFO] BlockDiagram:2775 - set Specific Code input for plugin: I2S
2025-10-11 21:23:58,818 [INFO] BlockDiagram:2775 - set Specific Code input for plugin: SYS
2025-10-11 21:23:58,818 [INFO] BlockDiagram:2775 - set Specific Code input for plugin: RCC
2025-10-11 21:23:58,818 [INFO] BlockDiagram:2775 - set Specific Code input for plugin: I2C
2025-10-11 21:23:58,818 [INFO] BlockDiagram:2775 - set Specific Code input for plugin: USB_OTG_FS
2025-10-11 21:23:58,818 [INFO] BlockDiagram:2775 - set Specific Code input for plugin: NVIC
2025-10-11 21:23:58,818 [INFO] BlockDiagram:2775 - set Specific Code input for plugin: USB_HOST
2025-10-11 21:23:58,818 [INFO] BlockDiagram:2775 - set Specific Code input for plugin: GPIO
2025-10-11 21:23:58,818 [INFO] CodeGenerator:892 - code generatio: config db path: /opt/st/stm32cubeide_1.19.0/plugins/com.st.stm32cube.common.mx_6.15.0.202507011659//db/
2025-10-11 21:23:58,820 [WARN] IP:2250 - I2C_Coeff_DF not found: check if there is a RefParameter without a condition.
2025-10-11 21:23:58,820 [WARN] IP:2250 - Analog_Filter not found: check if there is a RefParameter without a condition.
2025-10-11 21:23:58,897 [INFO] CodeEngine:265 - oldGeneratedFile, /home/oleksii/STM32CubeIDE/workspace_1.19.0/workspace_embedded/gl_starter_project/MXTmpFiles/license.tmp_save
2025-10-11 21:23:59,039 [INFO] CodeEngine:289 - Generated code: /home/oleksii/STM32CubeIDE/workspace_1.19.0/workspace_embedded/gl_starter_project/MXTmpFiles/license.tmp
2025-10-11 21:23:59,070 [INFO] CodeEngine:265 - oldGeneratedFile, /home/oleksii/STM32CubeIDE/workspace_1.19.0/workspace_embedded/gl_starter_project/MXTmpFiles/gpio.tmp_save
2025-10-11 21:23:59,143 [INFO] CodeEngine:289 - Generated code: /home/oleksii/STM32CubeIDE/workspace_1.19.0/workspace_embedded/gl_starter_project/MXTmpFiles/gpio.tmp
2025-10-11 21:23:59,214 [WARN] IPConfigManager:3238 - Warning: the RefConfig PWREx_EnableUSBVoltageDetector is not available in your config.xml file
2025-10-11 21:23:59,218 [INFO] CodeEngine:265 - oldGeneratedFile, /home/oleksii/STM32CubeIDE/workspace_1.19.0/workspace_embedded/gl_starter_project/MXTmpFiles/usb_otg_fs_vars.tmp_save
2025-10-11 21:23:59,304 [INFO] CodeEngine:289 - Generated code: /home/oleksii/STM32CubeIDE/workspace_1.19.0/workspace_embedded/gl_starter_project/MXTmpFiles/usb_otg_fs_vars.tmp
2025-10-11 21:23:59,306 [INFO] CodeEngine:265 - oldGeneratedFile, /home/oleksii/STM32CubeIDE/workspace_1.19.0/workspace_embedded/gl_starter_project/MXTmpFiles/usb_otg_fs_inc.tmp_save
2025-10-11 21:23:59,367 [INFO] CodeEngine:289 - Generated code: /home/oleksii/STM32CubeIDE/workspace_1.19.0/workspace_embedded/gl_starter_project/MXTmpFiles/usb_otg_fs_inc.tmp
2025-10-11 21:23:59,368 [INFO] CodeEngine:265 - oldGeneratedFile, /home/oleksii/STM32CubeIDE/workspace_1.19.0/workspace_embedded/gl_starter_project/MXTmpFiles/usb_otg_fs_HalInit.tmp_save
2025-10-11 21:23:59,418 [INFO] CodeEngine:289 - Generated code: /home/oleksii/STM32CubeIDE/workspace_1.19.0/workspace_embedded/gl_starter_project/MXTmpFiles/usb_otg_fs_HalInit.tmp
2025-10-11 21:23:59,419 [INFO] CodeEngine:265 - oldGeneratedFile, /home/oleksii/STM32CubeIDE/workspace_1.19.0/workspace_embedded/gl_starter_project/MXTmpFiles/usb_otg_fs_Msp.tmp_save
2025-10-11 21:23:59,469 [INFO] CodeEngine:289 - Generated code: /home/oleksii/STM32CubeIDE/workspace_1.19.0/workspace_embedded/gl_starter_project/MXTmpFiles/usb_otg_fs_Msp.tmp
2025-10-11 21:23:59,612 [INFO] CodeEngine:265 - oldGeneratedFile, /home/oleksii/STM32CubeIDE/workspace_1.19.0/workspace_embedded/gl_starter_project/USB_HOST/App/usb_host.c_save
2025-10-11 21:23:59,653 [INFO] CodeEngine:289 - Generated code: /home/oleksii/STM32CubeIDE/workspace_1.19.0/workspace_embedded/gl_starter_project/USB_HOST/App/usb_host.c
2025-10-11 21:23:59,654 [INFO] CodeEngine:265 - oldGeneratedFile, /home/oleksii/STM32CubeIDE/workspace_1.19.0/workspace_embedded/gl_starter_project/USB_HOST/App/usb_host.h_save
2025-10-11 21:23:59,708 [INFO] CodeEngine:289 - Generated code: /home/oleksii/STM32CubeIDE/workspace_1.19.0/workspace_embedded/gl_starter_project/USB_HOST/App/usb_host.h
2025-10-11 21:23:59,709 [INFO] CodeEngine:265 - oldGeneratedFile, /home/oleksii/STM32CubeIDE/workspace_1.19.0/workspace_embedded/gl_starter_project/USB_HOST/Target/usbh_conf.h_save
2025-10-11 21:23:59,748 [INFO] CodeEngine:289 - Generated code: /home/oleksii/STM32CubeIDE/workspace_1.19.0/workspace_embedded/gl_starter_project/USB_HOST/Target/usbh_conf.h
2025-10-11 21:23:59,749 [INFO] CodeEngine:265 - oldGeneratedFile, /home/oleksii/STM32CubeIDE/workspace_1.19.0/workspace_embedded/gl_starter_project/USB_HOST/Target/usbh_conf.c_save
2025-10-11 21:23:59,797 [INFO] CodeEngine:289 - Generated code: /home/oleksii/STM32CubeIDE/workspace_1.19.0/workspace_embedded/gl_starter_project/USB_HOST/Target/usbh_conf.c
2025-10-11 21:23:59,798 [INFO] CodeEngine:265 - oldGeneratedFile, /home/oleksii/STM32CubeIDE/workspace_1.19.0/workspace_embedded/gl_starter_project/USB_HOST/Target/usbh_platform.c_save
2025-10-11 21:23:59,852 [INFO] CodeEngine:289 - Generated code: /home/oleksii/STM32CubeIDE/workspace_1.19.0/workspace_embedded/gl_starter_project/USB_HOST/Target/usbh_platform.c
2025-10-11 21:23:59,853 [INFO] CodeEngine:265 - oldGeneratedFile, /home/oleksii/STM32CubeIDE/workspace_1.19.0/workspace_embedded/gl_starter_project/USB_HOST/Target/usbh_platform.h_save
2025-10-11 21:23:59,902 [INFO] CodeEngine:289 - Generated code: /home/oleksii/STM32CubeIDE/workspace_1.19.0/workspace_embedded/gl_starter_project/USB_HOST/Target/usbh_platform.h
2025-10-11 21:23:59,906 [INFO] CodeEngine:265 - oldGeneratedFile, /home/oleksii/STM32CubeIDE/workspace_1.19.0/workspace_embedded/gl_starter_project/Core/Src/stm32f4xx_it.c_save
2025-10-11 21:23:59,998 [INFO] CodeEngine:289 - Generated code: /home/oleksii/STM32CubeIDE/workspace_1.19.0/workspace_embedded/gl_starter_project/Core/Src/stm32f4xx_it.c
2025-10-11 21:23:59,999 [INFO] CodeEngine:265 - oldGeneratedFile, /home/oleksii/STM32CubeIDE/workspace_1.19.0/workspace_embedded/gl_starter_project/Core/Inc/stm32f4xx_it.h_save
2025-10-11 21:24:00,042 [INFO] CodeEngine:289 - Generated code: /home/oleksii/STM32CubeIDE/workspace_1.19.0/workspace_embedded/gl_starter_project/Core/Inc/stm32f4xx_it.h
2025-10-11 21:24:00,048 [INFO] CodeEngine:265 - oldGeneratedFile, /home/oleksii/STM32CubeIDE/workspace_1.19.0/workspace_embedded/gl_starter_project/Core/Src/stm32f4xx_hal_msp.c_save
2025-10-11 21:24:00,105 [INFO] CodeEngine:289 - Generated code: /home/oleksii/STM32CubeIDE/workspace_1.19.0/workspace_embedded/gl_starter_project/Core/Src/stm32f4xx_hal_msp.c
2025-10-11 21:24:00,106 [INFO] CodeEngine:265 - oldGeneratedFile, /home/oleksii/STM32CubeIDE/workspace_1.19.0/workspace_embedded/gl_starter_project/MXTmpFiles/system.tmp_save
2025-10-11 21:24:00,141 [INFO] CodeEngine:289 - Generated code: /home/oleksii/STM32CubeIDE/workspace_1.19.0/workspace_embedded/gl_starter_project/MXTmpFiles/system.tmp
2025-10-11 21:24:00,143 [INFO] CodeEngine:321 - oldGeneratedFile, /home/oleksii/STM32CubeIDE/workspace_1.19.0/workspace_embedded/gl_starter_project/Core/Inc/stm32f4xx_hal_conf.h_save
2025-10-11 21:24:00,182 [INFO] CodeEngine:345 - Generated code: /home/oleksii/STM32CubeIDE/workspace_1.19.0/workspace_embedded/gl_starter_project/Core/Inc/stm32f4xx_hal_conf.h
2025-10-11 21:24:00,195 [INFO] ApiDbMcu:532 - Load IP Config File for I2C1
2025-10-11 21:24:00,197 [INFO] ApiDbMcu:532 - Load IP Config File for I2S3
2025-10-11 21:24:00,199 [INFO] ApiDbMcu:532 - Load IP Config File for SPI1
2025-10-11 21:24:00,202 [INFO] ApiDbMcu:532 - Load IP Config File for RCC
2025-10-11 21:24:00,207 [INFO] CodeEngine:265 - oldGeneratedFile, /home/oleksii/STM32CubeIDE/workspace_1.19.0/workspace_embedded/gl_starter_project/Core/Inc/main.h_save
2025-10-11 21:24:00,262 [INFO] CodeEngine:289 - Generated code: /home/oleksii/STM32CubeIDE/workspace_1.19.0/workspace_embedded/gl_starter_project/Core/Inc/main.h
2025-10-11 21:24:00,263 [INFO] CodeEngine:265 - oldGeneratedFile, /home/oleksii/STM32CubeIDE/workspace_1.19.0/workspace_embedded/gl_starter_project/Core/Src/main.c_save
2025-10-11 21:24:00,316 [INFO] CodeEngine:289 - Generated code: /home/oleksii/STM32CubeIDE/workspace_1.19.0/workspace_embedded/gl_starter_project/Core/Src/main.c
2025-10-11 21:24:00,494 [INFO] ProjectBuilder:3606 - Time for Copy HAL[1] : 12mS.
2025-10-11 21:24:00,495 [INFO] ProjectBuilder:5216 - Project Generator version: 4.7.0-B52
2025-10-11 21:24:00,554 [INFO] ConfigFileManager:1595 - The Die is : DIE413
2025-10-11 21:24:00,556 [INFO] ApiDbMcu:532 - Load IP Config File for FATFS
2025-10-11 21:24:00,558 [INFO] ApiDbMcu:532 - Load IP Config File for FREERTOS
2025-10-11 21:24:00,559 [INFO] ApiDbMcu:532 - Load IP Config File for LIBJPEG
2025-10-11 21:24:00,562 [INFO] ApiDbMcu:532 - Load IP Config File for LWIP
2025-10-11 21:24:00,564 [INFO] ApiDbMcu:532 - Load IP Config File for MBEDTLS
2025-10-11 21:24:00,567 [INFO] ApiDbMcu:532 - Load IP Config File for USB_DEVICE
2025-10-11 21:24:01,564 [INFO] ProjectBuilder:5496 - Time for Generating toolchain IDE Files: 1069mS.
2025-10-11 21:24:01,564 [INFO] ProjectBuilder:3463 - Time for Copy CMSIS : 0mS.
2025-10-11 21:24:01,565 [INFO] ProjectBuilder:3463 - Time for Copy CMSIS : 0mS.
2025-10-11 21:24:01,912 [INFO] McuFinderGlobals:76 - Set McuFinderConnectedMode to true
2025-10-11 21:24:01,914 [INFO] ApiDb:448 - Save user favorites file /home/oleksii/.stm32cubeide/favorites.mcus.txt: 0 item(s)
2025-10-11 21:24:01,914 [INFO] ApiDb:452 - User favorites MCUs=[]
2025-10-11 21:24:01,915 [INFO] ApiDb:448 - Save user favorites file /home/oleksii/.stm32cubeide/favorites.boards.txt: 0 item(s)
2025-10-11 21:24:01,915 [INFO] ApiDb:452 - User favorites Boards=[]
2025-10-11 21:28:49,650 [ERROR] LogOutputStream:75 - [STDERR_REDIRECT] 
2025-10-11 21:30:22,274 [INFO] Activator:176 - 


2025-10-11 21:30:22,275 [INFO] Activator:177 - !SESSION log4j initialized
2025-10-11 21:30:25,098 [INFO] LogOutputStream:77 - [STDOUT_REDIRECT] 
2025-10-11 21:30:25,665 [INFO] ApplicationProperties:184 - Using Application install path: /opt/st/stm32cubeide_1.19.0/plugins/com.st.stm32cube.common.mx_6.15.0.202507011659
2025-10-11 21:30:25,675 [INFO] DbMcusXml:78 - Set database path to: /opt/st/stm32cubeide_1.19.0/plugins/com.st.stm32cube.common.mx_6.15.0.202507011659//db//mcu/
2025-10-11 21:30:25,675 [INFO] ApiDb:274 - Set plugin database path to: /opt/st/stm32cubeide_1.19.0/plugins/com.st.stm32cube.common.mx_6.15.0.202507011659//db//plugins/boardmanager/
2025-10-11 21:30:25,675 [WARN] ApiDb:259 - Overriding images path with different value:  => /opt/st/stm32cubeide_1.19.0/plugins/com.st.stm32cube.common.mx_6.15.0.202507011659//db//plugins/mcufinder/images/
2025-10-11 21:30:25,677 [INFO] ApiDb:250 - Set database path to: /home/oleksii/.stmcufinder/plugins/mcufinder//mcu/
2025-10-11 21:30:25,677 [INFO] DbMcusAds:125 - Set database path to: /home/oleksii/.stmcufinder/plugins/mcufinder//mcu/
2025-10-11 21:30:25,678 [INFO] CrossReferenceDbSqlite:203 - Set database path to: /home/oleksii/.stmcufinder/plugins/mcufinder//mcu/cs/
2025-10-11 21:30:25,747 [INFO] RulesReader:64 - Compatibility file has been processed (317 Rules)
2025-10-11 21:30:25,782 [INFO] DbMcusXml:78 - Set database path to: /opt/st/stm32cubeide_1.19.0/plugins/com.st.stm32cube.common.mx_6.15.0.202507011659//db//mcu/
2025-10-11 21:30:25,782 [INFO] ApiDb:274 - Set plugin database path to: /opt/st/stm32cubeide_1.19.0/plugins/com.st.stm32cube.common.mx_6.15.0.202507011659//db//plugins/boardmanager/
2025-10-11 21:30:25,782 [INFO] ApiDb:261 - Set plugin images path to: /opt/st/stm32cubeide_1.19.0/plugins/com.st.stm32cube.common.mx_6.15.0.202507011659//db//plugins/mcufinder/images/
2025-10-11 21:30:25,782 [WARN] DbFile:41 - Overriding database path with different value: /home/oleksii/.stmcufinder/plugins/mcufinder/ => /home/oleksii/.stmcufinder/plugins/mcufinder
2025-10-11 21:30:25,782 [INFO] ApiDb:250 - Set database path to: /home/oleksii/.stmcufinder/plugins/mcufinder//mcu/
2025-10-11 21:30:25,783 [WARN] DbFile:41 - Overriding database path with different value: /home/oleksii/.stmcufinder/plugins/mcufinder/ => /home/oleksii/.stmcufinder/plugins/mcufinder
2025-10-11 21:30:25,783 [INFO] DbMcusAds:125 - Set database path to: /home/oleksii/.stmcufinder/plugins/mcufinder//mcu/
2025-10-11 21:30:25,783 [WARN] DbFile:41 - Overriding database path with different value: /home/oleksii/.stmcufinder/plugins/mcufinder/ => /home/oleksii/.stmcufinder/plugins/mcufinder
2025-10-11 21:30:25,783 [WARN] DbFile:41 - Overriding database path with different value: /home/oleksii/.stmcufinder/plugins/mcufinder/ => /home/oleksii/.stmcufinder/plugins/mcufinder
2025-10-11 21:30:25,783 [INFO] CrossReferenceDbSqlite:203 - Set database path to: /home/oleksii/.stmcufinder/plugins/mcufinder//mcu/cs/
2025-10-11 21:30:25,824 [INFO] MainPanel:274 - HeapMemory: 268435456
2025-10-11 21:30:25,907 [INFO] DbMcusXml:78 - Set database path to: /opt/st/stm32cubeide_1.19.0/plugins/com.st.stm32cube.common.mx_6.15.0.202507011659//db//mcu/
2025-10-11 21:30:25,907 [INFO] ApiDb:274 - Set plugin database path to: /opt/st/stm32cubeide_1.19.0/plugins/com.st.stm32cube.common.mx_6.15.0.202507011659//db//plugins/boardmanager/
2025-10-11 21:30:25,907 [INFO] ApiDb:261 - Set plugin images path to: /opt/st/stm32cubeide_1.19.0/plugins/com.st.stm32cube.common.mx_6.15.0.202507011659//db//plugins/mcufinder/images/
2025-10-11 21:30:25,907 [WARN] DbFile:41 - Overriding database path with different value: /home/oleksii/.stmcufinder/plugins/mcufinder/ => /home/oleksii/.stmcufinder/plugins/mcufinder
2025-10-11 21:30:25,907 [INFO] ApiDb:250 - Set database path to: /home/oleksii/.stmcufinder/plugins/mcufinder//mcu/
2025-10-11 21:30:25,907 [WARN] DbFile:41 - Overriding database path with different value: /home/oleksii/.stmcufinder/plugins/mcufinder/ => /home/oleksii/.stmcufinder/plugins/mcufinder
2025-10-11 21:30:25,908 [INFO] DbMcusAds:125 - Set database path to: /home/oleksii/.stmcufinder/plugins/mcufinder//mcu/
2025-10-11 21:30:25,908 [WARN] DbFile:41 - Overriding database path with different value: /home/oleksii/.stmcufinder/plugins/mcufinder/ => /home/oleksii/.stmcufinder/plugins/mcufinder
2025-10-11 21:30:25,908 [WARN] DbFile:41 - Overriding database path with different value: /home/oleksii/.stmcufinder/plugins/mcufinder/ => /home/oleksii/.stmcufinder/plugins/mcufinder
2025-10-11 21:30:25,908 [INFO] CrossReferenceDbSqlite:203 - Set database path to: /home/oleksii/.stmcufinder/plugins/mcufinder//mcu/cs/
2025-10-11 21:30:25,916 [INFO] ApplicationProperties:184 - Using Application install path: /opt/st/stm32cubeide_1.19.0/plugins/com.st.stm32cube.common.mx_6.15.0.202507011659
2025-10-11 21:30:25,917 [INFO] PluginManage:196 - Search for loadable plugins [exclusion list=, ]
2025-10-11 21:30:25,918 [INFO] PluginManage:310 - Check plugin analytics
2025-10-11 21:30:26,005 [INFO] AnalyticsPlugin:253 - Accepted Software Licenses: 
2025-10-11 21:30:26,005 [INFO] AnalyticsPlugin:255 - Accepted CMSIS Pack Licenses: 
2025-10-11 21:30:26,005 [INFO] AnalyticsPlugin:257 - Accepted Firmware Licenses: FW.F4.1.28.0
2025-10-11 21:30:26,006 [INFO] PluginManage:359 - Loaded plugin analytics (category:tool,tabindex:-1)
2025-10-11 21:30:26,006 [INFO] PluginManage:310 - Check plugin cadmodel
2025-10-11 21:30:26,008 [INFO] CADModel:105 - Init CAD model plugin
2025-10-11 21:30:26,008 [INFO] PluginManage:359 - Loaded plugin cadmodel (category:power,tabindex:5)
2025-10-11 21:30:26,008 [INFO] PluginManage:310 - Check plugin clock
2025-10-11 21:30:26,012 [INFO] PluginManage:359 - Loaded plugin clock (category:base,tabindex:2)
2025-10-11 21:30:26,012 [INFO] PluginManage:310 - Check plugin ddr
2025-10-11 21:30:26,013 [INFO] PluginManage:359 - Loaded plugin ddr (category:tool,tabindex:6)
2025-10-11 21:30:26,013 [INFO] PluginManage:310 - Check plugin filemanager
2025-10-11 21:30:26,088 [INFO] PluginManage:359 - Loaded plugin filemanager (category:base,tabindex:10)
2025-10-11 21:30:26,088 [INFO] PluginManage:310 - Check plugin ipmanager
2025-10-11 21:30:26,091 [INFO] PluginManage:359 - Loaded plugin ipmanager (category:base,tabindex:5)
2025-10-11 21:30:26,091 [INFO] PluginManage:310 - Check plugin lpbam
2025-10-11 21:30:26,096 [INFO] PluginManage:359 - Loaded plugin lpbam (category:base,tabindex:0)
2025-10-11 21:30:26,096 [INFO] PluginManage:310 - Check plugin memorymap
2025-10-11 21:30:26,103 [INFO] PluginManage:359 - Loaded plugin memorymap (category:base,tabindex:4)
2025-10-11 21:30:26,103 [INFO] PluginManage:310 - Check plugin pinoutandconfiguration
2025-10-11 21:30:26,107 [INFO] PluginManage:359 - Loaded plugin pinoutandconfiguration (category:base,tabindex:1)
2025-10-11 21:30:26,107 [INFO] PluginManage:310 - Check plugin pinoutconfig
2025-10-11 21:30:26,151 [WARN] SupportedApi:132 - Cannot load RTOS API schema: s4s-elt-must-match.1: The content of 'definitions' must match (annotation?, (simpleType | complexType)?, (unique | key | keyref)*)). A problem was found starting at: attribute.
2025-10-11 21:30:26,218 [INFO] PluginManage:359 - Loaded plugin pinoutconfig (category:base,tabindex:0)
2025-10-11 21:30:26,218 [INFO] PluginManage:310 - Check plugin power
2025-10-11 21:30:26,222 [INFO] PluginManage:359 - Loaded plugin power (category:power,tabindex:4)
2025-10-11 21:30:26,222 [INFO] PluginManage:310 - Check plugin projectmanager
2025-10-11 21:30:26,231 [INFO] PluginManage:359 - Loaded plugin projectmanager (category:projectmanager,tabindex:4)
2025-10-11 21:30:26,231 [INFO] PluginManage:310 - Check plugin rif
2025-10-11 21:30:26,235 [INFO] PluginManage:359 - Loaded plugin rif (category:base,tabindex:3)
2025-10-11 21:30:26,235 [INFO] PluginManage:310 - Check plugin thirdparty
2025-10-11 21:30:26,293 [INFO] PluginManage:359 - Loaded plugin thirdparty (category:base,tabindex:-1)
2025-10-11 21:30:26,293 [WARN] IntegrityCheckThread:84 - waiting for thirdparty lock release [integrity check]
2025-10-11 21:30:26,293 [INFO] IntegrityCheckThread:86 - entering critical section [integrity check]
2025-10-11 21:30:26,293 [INFO] PluginManage:310 - Check plugin tools
2025-10-11 21:30:26,293 [INFO] ThirdPartyUpdaterWithRetryManager:70 - Updater plugin not ready yet. [1/15]
2025-10-11 21:30:26,294 [INFO] PluginManage:359 - Loaded plugin tools (category:base,tabindex:7)
2025-10-11 21:30:26,294 [INFO] PluginManage:310 - Check plugin tutovideos
2025-10-11 21:30:26,398 [INFO] PluginManage:359 - Loaded plugin tutovideos (category:base,tabindex:-1)
2025-10-11 21:30:26,398 [INFO] PluginManage:310 - Check plugin updater
2025-10-11 21:30:26,409 [INFO] PluginManage:359 - Loaded plugin updater (category:base,tabindex:12)
2025-10-11 21:30:26,409 [INFO] PluginManage:310 - Check plugin userauth
2025-10-11 21:30:26,411 [INFO] UserAuth:118 - Init User Auth plugin
2025-10-11 21:30:26,411 [INFO] PluginManage:359 - Loaded plugin userauth (category:base,tabindex:14)
2025-10-11 21:30:26,411 [INFO] PluginManage:283 - PluginManage : Loaded plugins [18]
2025-10-11 21:30:26,509 [INFO] PinOutPanel:1589 - setPackage(No Configuration,No Configuration)
2025-10-11 21:30:26,553 [INFO] CADModel:165 - CPN selected for project level
2025-10-11 21:30:26,553 [INFO] CADModel:114 - Register for checkConnection events
2025-10-11 21:30:26,558 [INFO] IPUIPlugin:80 - create IPUIPlugin
2025-10-11 21:30:26,558 [INFO] PluginManager:220 - loadIPPluginJar : add radio
2025-10-11 21:30:26,560 [INFO] IPUIPlugin:80 - create IPUIPlugin
2025-10-11 21:30:26,561 [INFO] PluginManager:220 - loadIPPluginJar : add spi
2025-10-11 21:30:26,561 [INFO] IPUIPlugin:80 - create IPUIPlugin
2025-10-11 21:30:26,561 [INFO] PluginManager:220 - loadIPPluginJar : add tsc
2025-10-11 21:30:26,565 [INFO] IPUIPlugin:80 - create IPUIPlugin
2025-10-11 21:30:26,565 [INFO] PluginManager:220 - loadIPPluginJar : add fmc
2025-10-11 21:30:26,566 [INFO] IPUIPlugin:80 - create IPUIPlugin
2025-10-11 21:30:26,566 [INFO] PluginManager:220 - loadIPPluginJar : add hash
2025-10-11 21:30:26,567 [INFO] IPUIPlugin:80 - create IPUIPlugin
2025-10-11 21:30:26,567 [INFO] PluginManager:220 - loadIPPluginJar : add extmemmanager
2025-10-11 21:30:26,568 [INFO] IPUIPlugin:80 - create IPUIPlugin
2025-10-11 21:30:26,568 [INFO] PluginManager:220 - loadIPPluginJar : add tim
2025-10-11 21:30:26,568 [INFO] IPUIPlugin:80 - create IPUIPlugin
2025-10-11 21:30:26,568 [INFO] PluginManager:220 - loadIPPluginJar : add ltdc
2025-10-11 21:30:26,569 [INFO] IPUIPlugin:80 - create IPUIPlugin
2025-10-11 21:30:26,569 [INFO] PluginManager:220 - loadIPPluginJar : add quadspi
2025-10-11 21:30:26,571 [INFO] IPUIPlugin:80 - create IPUIPlugin
2025-10-11 21:30:26,572 [INFO] PluginManager:220 - loadIPPluginJar : add gic
2025-10-11 21:30:26,572 [INFO] IPUIPlugin:80 - create IPUIPlugin
2025-10-11 21:30:26,572 [INFO] PluginManager:220 - loadIPPluginJar : add comp
2025-10-11 21:30:26,573 [INFO] IPUIPlugin:80 - create IPUIPlugin
2025-10-11 21:30:26,573 [INFO] PluginManager:220 - loadIPPluginJar : add fatfs
2025-10-11 21:30:26,577 [INFO] IPUIPlugin:80 - create IPUIPlugin
2025-10-11 21:30:26,577 [INFO] PluginManager:220 - loadIPPluginJar : add linkedlist
2025-10-11 21:30:26,578 [INFO] IPUIPlugin:80 - create IPUIPlugin
2025-10-11 21:30:26,578 [INFO] PluginManager:220 - loadIPPluginJar : add ucpd
2025-10-11 21:30:26,579 [INFO] IPUIPlugin:80 - create IPUIPlugin
2025-10-11 21:30:26,579 [INFO] PluginManager:220 - loadIPPluginJar : add ddr_ctrl_phy
2025-10-11 21:30:26,580 [INFO] IPUIPlugin:80 - create IPUIPlugin
2025-10-11 21:30:26,580 [INFO] PluginManager:220 - loadIPPluginJar : add gfxmmu
2025-10-11 21:30:26,581 [INFO] IPUIPlugin:80 - create IPUIPlugin
2025-10-11 21:30:26,581 [INFO] PluginManager:220 - loadIPPluginJar : add usart
2025-10-11 21:30:26,584 [INFO] IPUIPlugin:80 - create IPUIPlugin
2025-10-11 21:30:26,584 [INFO] PluginManager:220 - loadIPPluginJar : add dma
2025-10-11 21:30:26,585 [INFO] IPUIPlugin:80 - create IPUIPlugin
2025-10-11 21:30:26,585 [INFO] PluginManager:220 - loadIPPluginJar : add aes
2025-10-11 21:30:26,588 [INFO] IPUIPlugin:80 - create IPUIPlugin
2025-10-11 21:30:26,590 [INFO] PluginManager:220 - loadIPPluginJar : add plateformsettings
2025-10-11 21:30:26,591 [INFO] IPUIPlugin:80 - create IPUIPlugin
2025-10-11 21:30:26,591 [INFO] PluginManager:220 - loadIPPluginJar : add genericplugin
2025-10-11 21:30:26,592 [INFO] IPUIPlugin:80 - create IPUIPlugin
2025-10-11 21:30:26,592 [INFO] PluginManager:220 - loadIPPluginJar : add pdm2pcm
2025-10-11 21:30:26,594 [INFO] IPUIPlugin:80 - create IPUIPlugin
2025-10-11 21:30:26,594 [INFO] PluginManager:220 - loadIPPluginJar : add ipddr
2025-10-11 21:30:26,595 [INFO] IPUIPlugin:80 - create IPUIPlugin
2025-10-11 21:30:26,595 [INFO] PluginManager:220 - loadIPPluginJar : add opamp
2025-10-11 21:30:26,597 [INFO] IPUIPlugin:80 - create IPUIPlugin
2025-10-11 21:30:26,597 [INFO] PluginManager:220 - loadIPPluginJar : add dma3
2025-10-11 21:30:26,598 [INFO] IPUIPlugin:80 - create IPUIPlugin
2025-10-11 21:30:26,598 [INFO] PluginManager:220 - loadIPPluginJar : add dfsdm
2025-10-11 21:30:26,599 [INFO] IPUIPlugin:80 - create IPUIPlugin
2025-10-11 21:30:26,599 [INFO] PluginManager:220 - loadIPPluginJar : add ts
2025-10-11 21:30:26,600 [INFO] IPUIPlugin:80 - create IPUIPlugin
2025-10-11 21:30:26,600 [INFO] PluginManager:220 - loadIPPluginJar : add nvic
2025-10-11 21:30:26,602 [INFO] IPUIPlugin:80 - create IPUIPlugin
2025-10-11 21:30:26,602 [INFO] PluginManager:220 - loadIPPluginJar : add cryp
2025-10-11 21:30:26,605 [INFO] IPUIPlugin:80 - create IPUIPlugin
2025-10-11 21:30:26,605 [INFO] PluginManager:220 - loadIPPluginJar : add freertos
2025-10-11 21:30:26,606 [INFO] IPUIPlugin:80 - create IPUIPlugin
2025-10-11 21:30:26,606 [INFO] PluginManager:220 - loadIPPluginJar : add resmgrutility
2025-10-11 21:30:26,608 [INFO] IPUIPlugin:80 - create IPUIPlugin
2025-10-11 21:30:26,608 [INFO] PluginManager:220 - loadIPPluginJar : add gtzc
2025-10-11 21:30:26,608 [INFO] IPUIPlugin:80 - create IPUIPlugin
2025-10-11 21:30:26,608 [INFO] PluginManager:220 - loadIPPluginJar : add tracer_emb
2025-10-11 21:30:26,611 [INFO] IPUIPlugin:80 - create IPUIPlugin
2025-10-11 21:30:26,611 [INFO] PluginManager:220 - loadIPPluginJar : add stm32_wpan
2025-10-11 21:30:26,613 [INFO] IPUIPlugin:80 - create IPUIPlugin
2025-10-11 21:30:26,613 [INFO] PluginManager:220 - loadIPPluginJar : add gpio
2025-10-11 21:30:26,614 [INFO] IPUIPlugin:80 - create IPUIPlugin
2025-10-11 21:30:26,615 [INFO] PluginManager:220 - loadIPPluginJar : add sai
2025-10-11 21:30:26,616 [INFO] IPUIPlugin:80 - create IPUIPlugin
2025-10-11 21:30:26,616 [INFO] PluginManager:220 - loadIPPluginJar : add usbx
2025-10-11 21:30:26,617 [INFO] IPUIPlugin:80 - create IPUIPlugin
2025-10-11 21:30:26,617 [INFO] PluginManager:220 - loadIPPluginJar : add touchsensing
2025-10-11 21:30:26,618 [INFO] IPUIPlugin:80 - create IPUIPlugin
2025-10-11 21:30:26,619 [INFO] PluginManager:220 - loadIPPluginJar : add openamp
2025-10-11 21:30:26,620 [INFO] IPUIPlugin:80 - create IPUIPlugin
2025-10-11 21:30:26,620 [INFO] PluginManager:220 - loadIPPluginJar : add i3c
2025-10-11 21:30:26,621 [INFO] IPUIPlugin:80 - create IPUIPlugin
2025-10-11 21:30:26,621 [INFO] PluginManager:220 - loadIPPluginJar : add i2s
2025-10-11 21:30:26,622 [INFO] IPUIPlugin:80 - create IPUIPlugin
2025-10-11 21:30:26,622 [INFO] PluginManager:220 - loadIPPluginJar : add can
2025-10-11 21:30:26,623 [INFO] IPUIPlugin:80 - create IPUIPlugin
2025-10-11 21:30:26,623 [INFO] PluginManager:220 - loadIPPluginJar : add lorawan
2025-10-11 21:30:26,626 [INFO] IPUIPlugin:80 - create IPUIPlugin
2025-10-11 21:30:26,626 [INFO] PluginManager:220 - loadIPPluginJar : add adc
2025-10-11 21:30:26,628 [INFO] IPUIPlugin:80 - create IPUIPlugin
2025-10-11 21:30:26,628 [INFO] PluginManager:220 - loadIPPluginJar : add i2c
2025-10-11 21:30:26,631 [INFO] IPUIPlugin:80 - create IPUIPlugin
2025-10-11 21:30:26,631 [INFO] PluginManager:220 - loadIPPluginJar : add mdma
2025-10-11 21:30:26,720 [FATAL] Updater:351 - Updater called before beeing initialized
2025-10-11 21:30:26,738 [INFO] RulesReader:64 - Compatibility file has been processed (317 Rules)
2025-10-11 21:30:26,747 [INFO] RulesReader:64 - Compatibility file has been processed (317 Rules)
2025-10-11 21:30:26,752 [INFO] CADModel:165 - CPN selected for project level
2025-10-11 21:30:26,752 [INFO] CADModel:114 - Register for checkConnection events
2025-10-11 21:30:26,752 [FATAL] Updater:351 - Updater called before beeing initialized
2025-10-11 21:30:26,752 [ERROR] CADModel:125 - Updater not yet initialized, retry later 
2025-10-11 21:30:26,832 [FATAL] Updater:351 - Updater called before beeing initialized
2025-10-11 21:30:26,833 [INFO] CADModel:165 - CPN selected for project level
2025-10-11 21:30:26,833 [INFO] CADModel:114 - Register for checkConnection events
2025-10-11 21:30:26,833 [FATAL] Updater:351 - Updater called before beeing initialized
2025-10-11 21:30:26,833 [ERROR] CADModel:125 - Updater not yet initialized, retry later 
2025-10-11 21:30:26,836 [FATAL] Updater:351 - Updater called before beeing initialized
2025-10-11 21:30:26,903 [FATAL] Updater:351 - Updater called before beeing initialized
2025-10-11 21:30:26,905 [INFO] DbMcusAds:53 - JSON generation date=Thu Oct 02 12:36:05 EEST 2025 (1759397765645)
2025-10-11 21:30:26,906 [FATAL] Updater:351 - Updater called before beeing initialized
2025-10-11 21:30:26,925 [WARN] DetailPanel:346 - Failed to get advertising image, set to default
2025-10-11 21:30:26,968 [FATAL] Updater:351 - Updater called before beeing initialized
2025-10-11 21:30:26,969 [FATAL] Updater:351 - Updater called before beeing initialized
2025-10-11 21:30:26,969 [FATAL] Updater:351 - Updater called before beeing initialized
2025-10-11 21:30:26,969 [WARN] DetailPanel:346 - Failed to get advertising image, set to default
2025-10-11 21:30:26,970 [FATAL] Updater:351 - Updater called before beeing initialized
2025-10-11 21:30:26,987 [ERROR] Updater:1198 - MainUpdater not yet initialized. External WinMGr cannot be set.
2025-10-11 21:30:26,988 [INFO] Updater:1134 - Updater Version found : 6.15.0
2025-10-11 21:30:26,996 [INFO] ApplicationProperties:184 - Using Application install path: /opt/st/stm32cubeide_1.19.0/plugins/com.st.stm32cube.common.mx_6.15.0.202507011659
2025-10-11 21:30:27,221 [INFO] MainUpdater:2872 - connection check result : 10
2025-10-11 21:30:27,222 [INFO] MainUpdater:289 - Updater Check For Update Now.
2025-10-11 21:30:27,222 [INFO] MicroXplorer:498 - Change Database Version : DB.6.0.150
2025-10-11 21:30:27,226 [INFO] McuFinderGlobals:63 - Set McuFinder mode to 2 (CubeIDE integrated)
2025-10-11 21:30:27,226 [INFO] UserAuth:487 - Internet connection configuration mode: 1
2025-10-11 21:30:27,241 [INFO] JxBrowserEngine:152 - Initiate JxBrowser Engine with user profile folder
2025-10-11 21:30:27,389 [INFO] CheckServerUpdateThread:120 - End of CheckServer Thread
2025-10-11 21:30:27,588 [INFO] WebApp:169 - Instantiating new browser for Auth
2025-10-11 21:30:27,934 [INFO] WebApp:463 - Apply proxy settings
2025-10-11 21:30:27,934 [INFO] WebApp:548 - Chromium requires no authentication
2025-10-11 21:30:27,937 [INFO] WebApp:491 - Direct internet connection detected
2025-10-11 21:30:27,946 [INFO] WebApp:900 - Register for checkConnection events
2025-10-11 21:30:27,946 [INFO] WebApp:463 - Apply proxy settings
2025-10-11 21:30:27,946 [INFO] WebApp:548 - Chromium requires no authentication
2025-10-11 21:30:27,946 [INFO] WebApp:491 - Direct internet connection detected
2025-10-11 21:30:28,015 [INFO] WebApp:225 - Starting web application
2025-10-11 21:30:28,015 [INFO] WebApp:593 - Web application path used /opt/st/stm32cubeide_1.19.0/plugins/com.st.stm32cube.common.mx_6.15.0.202507011659/db/plugins/mcufinder/reactClient1/index.html
2025-10-11 21:30:28,063 [INFO] UserAuth:487 - Internet connection configuration mode: 1
2025-10-11 21:30:28,188 [INFO] WebApp:191 - Connection restablished
2025-10-11 21:30:29,366 [WARN] PackLoader:240 - Cannot read IP mode file for STMicroelectronics.FP-SNS-MOTENVWB1.1.4.0
2025-10-11 21:30:29,370 [WARN] PackLoader:240 - Cannot read IP mode file for STMicroelectronics.FP-ATR-ASTRA1.2.0.2
2025-10-11 21:30:29,373 [WARN] PackLoader:240 - Cannot read IP mode file for STMicroelectronics.X-CUBE-SMBUS.2.1.0
2025-10-11 21:30:29,375 [WARN] PackLoader:240 - Cannot read IP mode file for STMicroelectronics.X-CUBE-ST60.1.0.0
2025-10-11 21:30:29,392 [WARN] PackLoader:240 - Cannot read IP mode file for STMicroelectronics.X-CUBE-AZRTOS-F7.1.1.0
2025-10-11 21:30:29,400 [WARN] PackLoader:240 - Cannot read IP mode file for WES.I-CUBE-Cesium.1.4.0
2025-10-11 21:30:29,419 [WARN] PackLoader:240 - Cannot read IP mode file for Infineon.AIROC-Wi-Fi-Bluetooth-STM32.1.7.1
2025-10-11 21:30:29,440 [WARN] PackLoader:240 - Cannot read IP mode file for STMicroelectronics.X-CUBE-AZRTOS-H7.3.4.0
2025-10-11 21:30:29,447 [WARN] PackLoader:240 - Cannot read IP mode file for STMicroelectronics.X-CUBE-DISPLAY.3.0.0
2025-10-11 21:30:29,454 [WARN] PackLoader:240 - Cannot read IP mode file for STMicroelectronics.X-CUBE-NFC10.1.0.0
2025-10-11 21:30:29,457 [WARN] PackLoader:240 - Cannot read IP mode file for emotas.I-CUBE-CANOPEN.1.3.0
2025-10-11 21:30:29,461 [WARN] PackLoader:240 - Cannot read IP mode file for STMicroelectronics.FP-SNS-STBOX1.2.1.0
2025-10-11 21:30:29,463 [WARN] PackLoader:240 - Cannot read IP mode file for STMicroelectronics.FP-SNS-SMARTAG2.1.2.0
2025-10-11 21:30:29,465 [WARN] PackLoader:240 - Cannot read IP mode file for STMicroelectronics.FP-SNS-FLIGHT1.5.1.0
2025-10-11 21:30:29,470 [INFO] LogOutputStream:77 - [STDOUT_REDIRECT] 1 : Invalid condition id : UX_CORESTACK_Condition cause : null
2025-10-11 21:30:29,471 [INFO] LogOutputStream:77 - [STDOUT_REDIRECT] 1 : Invalid condition id : UX_CORESTACK_Condition cause : null
2025-10-11 21:30:29,471 [INFO] LogOutputStream:77 - [STDOUT_REDIRECT] 1 : Invalid condition id : UX_CORESTACK_Condition cause : null
2025-10-11 21:30:29,471 [INFO] LogOutputStream:77 - [STDOUT_REDIRECT] 1 : Invalid condition id : UX_CORESTACK_Condition cause : null
2025-10-11 21:30:29,471 [INFO] LogOutputStream:77 - [STDOUT_REDIRECT] 1 : Invalid condition id : UX_CORESTACK_Condition cause : null
2025-10-11 21:30:29,473 [WARN] PackLoader:240 - Cannot read IP mode file for STMicroelectronics.X-CUBE-AZRTOS-WL.2.0.0
2025-10-11 21:30:29,475 [WARN] PackLoader:240 - Cannot read IP mode file for STMicroelectronics.FP-SNS-MOTENV1.5.0.0
2025-10-11 21:30:29,478 [WARN] PackLoader:240 - Cannot read IP mode file for STMicroelectronics.X-CUBE-BLE2.3.3.0
2025-10-11 21:30:29,481 [WARN] PackLoader:240 - Cannot read IP mode file for STMicroelectronics.X-CUBE-NFC9.1.0.0
2025-10-11 21:30:29,484 [WARN] PackLoader:240 - Cannot read IP mode file for wolfSSL.I-CUBE-wolfSSL.5.8.2
2025-10-11 21:30:29,486 [WARN] PackLoader:240 - Cannot read IP mode file for STMicroelectronics.X-CUBE-BLE1.7.1.0
2025-10-11 21:30:29,488 [WARN] PackLoader:240 - Cannot read IP mode file for wolfSSL.I-CUBE-wolfMQTT.1.19.2
2025-10-11 21:30:29,491 [WARN] PackLoader:240 - Cannot read IP mode file for STMicroelectronics.X-CUBE-EEPRMA1.5.2.0
2025-10-11 21:30:29,500 [WARN] PackLoader:240 - Cannot read IP mode file for STMicroelectronics.X-CUBE-AZRTOS-G0.1.1.0
2025-10-11 21:30:29,503 [WARN] PackLoader:240 - Cannot read IP mode file for STMicroelectronics.X-CUBE-SAFEA1.1.2.2
2025-10-11 21:30:29,506 [WARN] PackLoader:240 - Cannot read IP mode file for STMicroelectronics.X-CUBE-NFC4.3.0.0
2025-10-11 21:30:29,511 [WARN] PackLoader:240 - Cannot read IP mode file for EmbeddedOffice.I-CUBE-FS-RTOS.1.0.1
2025-10-11 21:30:29,514 [WARN] PackLoader:240 - Cannot read IP mode file for STMicroelectronics.X-CUBE-WB05N.2.0.0
2025-10-11 21:30:29,516 [WARN] PackLoader:240 - Cannot read IP mode file for wolfSSL.I-CUBE-wolfTPM.3.8.0
2025-10-11 21:30:29,519 [WARN] PackLoader:240 - Cannot read IP mode file for STMicroelectronics.X-CUBE-TCPP.4.2.0
2025-10-11 21:30:29,521 [WARN] PackLoader:240 - Cannot read IP mode file for RealThread.X-CUBE-RT-Thread_Nano.4.1.1
2025-10-11 21:30:29,523 [WARN] PackLoader:240 - Cannot read IP mode file for STMicroelectronics.FP-ATR-SIGFOX1.3.2.0
2025-10-11 21:30:29,526 [WARN] PackLoader:240 - Cannot read IP mode file for ITTIA_DB.I-CUBE-ITTIADB.8.9.0
2025-10-11 21:30:29,528 [WARN] PackLoader:240 - Cannot read IP mode file for STMicroelectronics.X-CUBE-ST67W61.1.0.0
2025-10-11 21:30:29,530 [WARN] PackLoader:240 - Cannot read IP mode file for STMicroelectronics.X-CUBE-AI.10.2.0
2025-10-11 21:30:29,551 [WARN] PackLoader:240 - Cannot read IP mode file for SEGGER.I-CUBE-embOS.1.3.1
2025-10-11 21:30:29,609 [WARN] PackLoader:240 - Cannot read IP mode file for STMicroelectronics.X-CUBE-ALGOBUILD.1.4.0
2025-10-11 21:30:29,668 [WARN] PackLoader:240 - Cannot read IP mode file for STMicroelectronics.X-CUBE-MEMS1.11.3.0
2025-10-11 21:30:29,757 [WARN] PackLoader:240 - Cannot read IP mode file for STMicroelectronics.X-CUBE-PM33A1.1.0.0
2025-10-11 21:30:29,765 [WARN] PackLoader:240 - Cannot read IP mode file for STMicroelectronics.X-CUBE-AZRTOS-F4.1.1.0
2025-10-11 21:30:29,768 [WARN] PackLoader:240 - Cannot read IP mode file for Avnet-IotConnect.X-CUBE-IoTC-DA16k-PMOD.1.0.0
2025-10-11 21:30:29,770 [WARN] PackLoader:240 - Cannot read IP mode file for STMicroelectronics.X-CUBE-ISPU.2.1.0
2025-10-11 21:30:29,773 [WARN] PackLoader:240 - Cannot read IP mode file for STMicroelectronics.X-CUBE-NFC12.1.0.0
2025-10-11 21:30:29,780 [WARN] PackLoader:240 - Cannot read IP mode file for STMicroelectronics.X-CUBE-AZRTOS-L5.2.0.0
2025-10-11 21:30:29,785 [WARN] PackLoader:240 - Cannot read IP mode file for STMicroelectronics.X-CUBE-NFC6.3.1.0
2025-10-11 21:30:29,789 [WARN] PackLoader:240 - Cannot read IP mode file for STMicroelectronics.X-CUBE-FREERTOS.1.3.1
2025-10-11 21:30:29,791 [WARN] PackLoader:240 - Cannot read IP mode file for STMicroelectronics.X-CUBE-TOUCHGFX.4.26.0
2025-10-11 21:30:29,794 [WARN] PackLoader:240 - Cannot read IP mode file for STMicroelectronics.FP-SNS-STAIOTCFT.1.0.0
2025-10-11 21:30:29,796 [WARN] PackLoader:240 - Cannot read IP mode file for STMicroelectronics.X-CUBE-DPower.1.3.0
2025-10-11 21:30:29,805 [WARN] ConditionMgr:438 - getConditionDescription Invalid condition id : LAN8742 Phy interface Condition cause : null
2025-10-11 21:30:29,805 [WARN] PackLoader:240 - Cannot read IP mode file for STMicroelectronics.X-CUBE-AZRTOS-L4.2.0.0
2025-10-11 21:30:29,806 [WARN] ConditionMgr:1044 - genDependencies : Invalid condition id : LAN8742 Phy interface Condition cause : null
2025-10-11 21:30:29,806 [WARN] ConditionMgr:1044 - genDependencies : Invalid condition id : LAN8742 Phy interface Condition cause : null
2025-10-11 21:30:29,806 [WARN] ConditionMgr:1044 - genDependencies : Invalid condition id : LAN8742 Phy interface Condition cause : null
2025-10-11 21:30:29,810 [WARN] PackLoader:240 - Cannot read IP mode file for STMicroelectronics.X-CUBE-SFXS2LP1.4.0.0
2025-10-11 21:30:29,816 [WARN] PackLoader:240 - Cannot read IP mode file for STMicroelectronics.X-CUBE-BLEMGR.4.1.0
2025-10-11 21:30:29,823 [WARN] ConditionMgr:438 - getConditionDescription Invalid condition id : UX DEVICE CLASS RTOS Condition cause : null
2025-10-11 21:30:29,823 [WARN] ConditionMgr:438 - getConditionDescription Invalid condition id : UX DEVICE CLASS RTOS Condition cause : null
2025-10-11 21:30:29,824 [WARN] PackLoader:240 - Cannot read IP mode file for STMicroelectronics.X-CUBE-AZRTOS-WB.2.0.0
2025-10-11 21:30:29,825 [WARN] ConditionMgr:1044 - genDependencies : Invalid condition id : UX DEVICE CLASS RTOS Condition cause : null
2025-10-11 21:30:29,825 [WARN] ConditionMgr:1044 - genDependencies : Invalid condition id : UX DEVICE CLASS RTOS Condition cause : null
2025-10-11 21:30:29,825 [WARN] ConditionMgr:1044 - genDependencies : Invalid condition id : UX DEVICE CLASS RTOS Condition cause : null
2025-10-11 21:30:29,825 [WARN] ConditionMgr:1044 - genDependencies : Invalid condition id : UX DEVICE CLASS RTOS Condition cause : null
2025-10-11 21:30:29,825 [WARN] ConditionMgr:1044 - genDependencies : Invalid condition id : UX DEVICE CLASS RTOS Condition cause : null
2025-10-11 21:30:29,828 [WARN] PackLoader:240 - Cannot read IP mode file for STMicroelectronics.X-CUBE-GNSS1.7.0.1
2025-10-11 21:30:29,830 [WARN] PackLoader:240 - Cannot read IP mode file for STMicroelectronics.X-CUBE-TOUCHGFX.4.25.0
2025-10-11 21:30:29,832 [WARN] ConditionMgr:438 - getConditionDescription Invalid condition id : Cortex-A Device cause : null
2025-10-11 21:30:29,840 [WARN] ConditionMgr:1044 - genDependencies : Invalid condition id : Cortex-A Device cause : null
2025-10-11 21:30:29,840 [WARN] ConditionMgr:1044 - genDependencies : Invalid condition id : Cortex-A Device cause : null
2025-10-11 21:30:29,840 [WARN] ConditionMgr:1044 - genDependencies : Invalid condition id : Cortex-A Device cause : null
2025-10-11 21:30:29,849 [WARN] PackLoader:240 - Cannot read IP mode file for STMicroelectronics.X-CUBE-SUBG2.5.0.0
2025-10-11 21:30:29,860 [WARN] PackLoader:240 - Cannot read IP mode file for STMicroelectronics.X-CUBE-AZRTOS-H7RS.1.1.0
2025-10-11 21:30:29,862 [WARN] PackLoader:240 - Cannot read IP mode file for Cesanta.I-CUBE-Mongoose.7.13.0
2025-10-11 21:30:29,868 [WARN] PackLoader:240 - Cannot read IP mode file for STMicroelectronics.X-CUBE-AZRTOS-G4.2.0.0
2025-10-11 21:30:29,870 [WARN] PackLoader:240 - Cannot read IP mode file for wolfSSL.I-CUBE-wolfSSH.1.4.20
2025-10-11 21:30:29,872 [WARN] PackLoader:240 - Cannot read IP mode file for STMicroelectronics.X-CUBE-NFC7.2.0.0
2025-10-11 21:30:29,876 [WARN] PackLoader:240 - Cannot read IP mode file for STMicroelectronics.X-CUBE-IPS.3.1.0
2025-10-11 21:30:29,880 [WARN] PackLoader:240 - Cannot read IP mode file for STMicroelectronics.X-CUBE-ALS.1.0.2
2025-10-11 21:30:29,883 [WARN] PackLoader:240 - Cannot read IP mode file for STMicroelectronics.X-CUBE-STSE01.1.0.0
2025-10-11 21:30:29,888 [WARN] PackLoader:240 - Cannot read IP mode file for STMicroelectronics.X-CUBE-TOF1.3.4.3
2025-10-11 21:30:29,892 [INFO] ThirdParty:978 - Integrity check success = true
2025-10-11 21:30:29,892 [INFO] IntegrityCheckThread:100 - exiting critical section [integrity check]
2025-10-11 21:30:29,892 [INFO] IntegrityCheckThread:103 - End integrity checks thread
2025-10-11 21:31:01,097 [INFO] McuFinderGlobals:63 - Set McuFinder mode to 2 (CubeIDE integrated)
2025-10-11 21:31:01,099 [INFO] MainUpdater:2872 - connection check result : 10
2025-10-11 21:31:01,099 [INFO] MainUpdater:2872 - connection check result : 10
2025-10-11 21:31:01,111 [INFO] MicroXplorer:468 - Change Database Path : 
2025-10-11 21:31:01,112 [INFO] MicroXplorer:498 - Change Database Version : DB.6.0.150
2025-10-11 21:31:01,116 [WARN] ThirdParty:871 - waiting for thirdparty lock release [close project]
2025-10-11 21:31:01,116 [INFO] ThirdParty:873 - entering critical section [close project]
2025-10-11 21:31:01,116 [INFO] ThirdParty:883 - exiting critical section [close project]
2025-10-11 21:31:01,118 [INFO] PinOutPanel:1589 - setPackage(No Configuration,No Configuration)
2025-10-11 21:31:01,120 [INFO] UtilMem:75 - Begin LoadConfig() Used Memory: 456703320 Bytes (516947968)
2025-10-11 21:31:01,121 [INFO] MicroXplorer:468 - Change Database Path : 
2025-10-11 21:31:01,121 [INFO] MicroXplorer:498 - Change Database Version : DB.6.0.150
2025-10-11 21:31:01,121 [INFO] OpenFileManager:355 - Change cursor
2025-10-11 21:31:01,155 [INFO] Mcu:2029 - Initializing MCU STM32F407V(E-G)Tx STM32F407VGTx STM32F407VGT6
2025-10-11 21:31:02,024 [INFO] Context:786 - Trying to add GPIOservice into a context  which must be forbidden
2025-10-11 21:31:02,396 [INFO] ImportTextPane:234 - (OptionalMessage_ERROR) Pin22 (VP_RIF_VS_RIF1) cannot be retrieved for this MCU
2025-10-11 21:31:02,465 [INFO] RtosManager:558 - Registered RTOS mode: class=CMSIS, group=RTOS, mode=CMSIS_V1, owner=FREERTOS
2025-10-11 21:31:02,465 [INFO] RtosManager:558 - Registered RTOS mode: class=CMSIS, group=RTOS2, mode=CMSIS_V2, owner=FREERTOS
2025-10-11 21:31:02,465 [INFO] RtosManager:558 - Registered RTOS mode: class=RTOS, group=Core, mode=CMSIS_V1, owner=FREERTOS
2025-10-11 21:31:02,465 [INFO] RtosManager:558 - Registered RTOS mode: class=RTOS, group=Core, mode=CMSIS_V2, owner=FREERTOS
2025-10-11 21:31:02,466 [WARN] ModelIntegratedComponent:184 - Missing modes for component STMicroelectronics:FreeRTOS:0.0.1:STMicroelectronics:RTOS:FreeRTOS:Core:::10.2.0:
2025-10-11 21:31:02,485 [WARN] ModelIntegratedComponent:63 - No mode defined for component null
2025-10-11 21:31:02,485 [WARN] ModelIntegratedComponent:63 - No mode defined for component null
2025-10-11 21:31:02,486 [WARN] ModelIntegratedComponent:63 - No mode defined for component null
2025-10-11 21:31:02,486 [WARN] ModelIntegratedComponent:63 - No mode defined for component null
2025-10-11 21:31:02,486 [WARN] ModelIntegratedComponent:63 - No mode defined for component null
2025-10-11 21:31:02,486 [WARN] ModelIntegratedComponent:63 - No mode defined for component null
2025-10-11 21:31:02,486 [WARN] ModelIntegratedComponent:63 - No mode defined for component null
2025-10-11 21:31:02,486 [WARN] ModelIntegratedComponent:63 - No mode defined for component null
2025-10-11 21:31:02,486 [WARN] ModelIntegratedComponent:63 - No mode defined for component null
2025-10-11 21:31:02,486 [WARN] ModelIntegratedComponent:63 - No mode defined for component null
2025-10-11 21:31:02,486 [WARN] ModelIntegratedComponent:63 - No mode defined for component null
2025-10-11 21:31:02,486 [WARN] ModelIntegratedComponent:63 - No mode defined for component null
2025-10-11 21:31:02,486 [WARN] ModelIntegratedComponent:63 - No mode defined for component null
2025-10-11 21:31:02,486 [WARN] ModelIntegratedComponent:63 - No mode defined for component null
2025-10-11 21:31:02,486 [WARN] ModelIntegratedComponent:63 - No mode defined for component null
2025-10-11 21:31:02,486 [WARN] ModelIntegratedComponent:63 - No mode defined for component null
2025-10-11 21:31:02,486 [WARN] ModelIntegratedComponent:63 - No mode defined for component null
2025-10-11 21:31:02,486 [WARN] ModelIntegratedComponent:63 - No mode defined for component null
2025-10-11 21:31:02,487 [WARN] ModelIntegratedComponent:63 - No mode defined for component null
2025-10-11 21:31:02,487 [WARN] ModelIntegratedComponent:63 - No mode defined for component null
2025-10-11 21:31:02,487 [WARN] ModelIntegratedComponent:63 - No mode defined for component null
2025-10-11 21:31:02,487 [WARN] ModelIntegratedComponent:63 - No mode defined for component null
2025-10-11 21:31:02,487 [WARN] ModelIntegratedComponent:63 - No mode defined for component null
2025-10-11 21:31:02,487 [WARN] ModelIntegratedComponent:63 - No mode defined for component null
2025-10-11 21:31:02,487 [WARN] ModelIntegratedComponent:63 - No mode defined for component null
2025-10-11 21:31:02,487 [WARN] ModelIntegratedComponent:63 - No mode defined for component null
2025-10-11 21:31:02,487 [WARN] ModelIntegratedComponent:63 - No mode defined for component null
2025-10-11 21:31:02,487 [WARN] ModelIntegratedComponent:63 - No mode defined for component null
2025-10-11 21:31:02,487 [WARN] ModelIntegratedComponent:63 - No mode defined for component null
2025-10-11 21:31:02,487 [WARN] ModelIntegratedComponent:63 - No mode defined for component null
2025-10-11 21:31:02,487 [WARN] ModelIntegratedComponent:63 - No mode defined for component null
2025-10-11 21:31:02,487 [WARN] ModelIntegratedComponent:63 - No mode defined for component null
2025-10-11 21:31:02,487 [WARN] ModelIntegratedComponent:63 - No mode defined for component null
2025-10-11 21:31:02,487 [WARN] ModelIntegratedComponent:63 - No mode defined for component null
2025-10-11 21:31:02,487 [WARN] ModelIntegratedComponent:63 - No mode defined for component null
2025-10-11 21:31:02,488 [WARN] ModelPack:524 - Component already loaded: STMicroelectronics:HAL Drivers:0.0.0:STMicroelectronics:Device:STMicro_Driver:XSPI:HAL::0.0.1:HAL_XSPI
2025-10-11 21:31:02,582 [INFO] ThirdPartyModel:298 - Start build external matchings
2025-10-11 21:31:02,948 [INFO] ThirdPartyModel:316 - End build external matchings
2025-10-11 21:31:02,960 [INFO] ImportTextPane:234 - (OptionalMessage_ERROR) IP (RCC) : Parameter (48MHZClocksFreq_Value) has invalid value (84000000)
2025-10-11 21:31:02,960 [INFO] ImportTextPane:234 - (OptionalMessage_ERROR) IP (RCC) : Parameter (RTCHSEDivFreq_Value) has invalid value (4000000)
2025-10-11 21:31:03,171 [INFO] ApiDb:581 - Connected to CubeFinder SQLite database (/home/oleksii/.stmcufinder/plugins/mcufinder/mcu/cube-finder-db.db)
2025-10-11 21:31:03,205 [INFO] ApiDb:668 - CubeFinder database Data Model version=2.1
2025-10-11 21:31:03,205 [INFO] ApiDb:669 - CubeFinder database Configuration version=3.0.39
2025-10-11 21:31:03,206 [INFO] ApiDb:670 - CubeFinder database generation date=2025-08-25 (1756130511)
2025-10-11 21:31:03,206 [INFO] ApiDb:671 - CubeFinder database FW Pack versions=[FP-ATR-ASTRA1_V2.0.0, FP-SNS-FLIGHT1_V5.1.0, FP-SNS-MOTENV1_V5.0.0, FP-SNS-MOTENVWB1_V1.4.0, FP-SNS-SMARTAG2_V1.2.0, FP-SNS-STBOX1_V2.1.0, STM32Cube_FW_C0_V1.4.0, STM32Cube_FW_F4_V1.28.3, STM32Cube_FW_F7_V1.17.4, STM32Cube_FW_G0_V1.6.2, STM32Cube_FW_G4_V1.6.1, STM32Cube_FW_H5_V1.5.0, STM32Cube_FW_H7RS_V1.2.0, STM32Cube_FW_H7_V1.12.1, STM32Cube_FW_L0_V1.12.2, STM32Cube_FW_L4_V1.18.1, STM32Cube_FW_L5_V1.5.1, STM32Cube_FW_N6_V1.2.0, STM32Cube_FW_U0_V1.3.0, STM32Cube_FW_U3_V1.2.0, STM32Cube_FW_U5_V1.8.0, STM32Cube_FW_WB0_V1.3.0, STM32Cube_FW_WBA_V1.7.0, STM32Cube_FW_WB_V1.23.0, STM32Cube_FW_WL3_V1.2.0, STM32Cube_FW_WL_V1.3.1, X-CUBE-ALGOBUILD_V1.4.0, X-CUBE-ALS_V1.0.2, X-CUBE-AZRTOS-F4_V1.1.0, X-CUBE-AZRTOS-F7_V1.1.0, X-CUBE-AZRTOS-G0_V1.1.0, X-CUBE-AZRTOS-G4_V2.0.0, X-CUBE-AZRTOS-H7RS_V1.1.0, X-CUBE-AZRTOS-H7_V3.4.0, X-CUBE-AZRTOS-L4_V2.0.0, X-CUBE-AZRTOS-L5_V2.0.0, X-CUBE-AZRTOS-WB_V2.0.0, X-CUBE-AZRTOS-WL_V2.0.0, X-CUBE-BLE1_V7.1.0, X-CUBE-BLE2_V3.3.0, X-CUBE-BLEMGR_V4.1.0, X-CUBE-EEPRMA1_V5.2.0, X-CUBE-FREERTOS_V1.3.1, X-CUBE-GNSS1_V6.0.0, X-CUBE-MEMS1_V11.3.0, X-CUBE-NFC4_V3.0.0, X-CUBE-NFC7_V2.0.0, X-CUBE-SFXS2LP1_V4.0.0, X-CUBE-ST67W61_V1.0.0, X-CUBE-SUBG2_V5.0.0, X-CUBE-TOF1_V3.4.3]
2025-10-11 21:31:03,239 [INFO] DbBoardsSqlite:226 - include board P-NUCLEO-WB55-NUCLEO as a kit item of type 'Nucleo-64'
2025-10-11 21:31:03,239 [INFO] DbBoardsSqlite:226 - include board P-NUCLEO-WB55-USBDONGLE as a kit item of type 'Nucleo USB Dongle'
2025-10-11 21:31:03,239 [INFO] DbBoardsSqlite:226 - include board STEVAL-IDP005V1 as a kit item of type 'Evaluation Board'
2025-10-11 21:31:03,239 [INFO] DbBoardsSqlite:226 - include board STEVAL-IDP005V2 as a kit item of type 'Evaluation Board'
2025-10-11 21:31:03,264 [INFO] ApiDb:240 - Found 880 in-development CPN: [B-G473E-ZEST1S, B-WB1M-WPAN1, B-WBA5M-WPAN, B-WL5M-SUBG1, NUCLEO-C031C6, NUCLEO-C051C8, NUCLEO-C071RB, NUCLEO-C092RC, NUCLEO-H503RB, NUCLEO-H533RE, NUCLEO-H563ZI, NUCLEO-H7S3L8, NUCLEO-N657X0-Q, NUCLEO-U031R8, NUCLEO-U083RC, NUCLEO-U385RG-Q, NUCLEO-U545RE-Q, NUCLEO-U5A5ZJ-Q, NUCLEO-WB05KZ, NUCLEO-WB07CC, NUCLEO-WB09KE, NUCLEO-WBA52CG, NUCLEO-WBA55CG, NUCLEO-WL33CC1, NUCLEO-WL33CC2, STEVAL-PROTEUS1, STEVAL-SMARTAG2, STEVAL-STWINBX1, STM320518-EVAL, STM32C0116-DK, STM32C011D6Y3TR, STM32C011D6Y6TR, STM32C011F4P3, STM32C011F4P6, STM32C011F4U3, STM32C011F4U6TR, STM32C011F6P3, STM32C011F6P6, STM32C011F6U3, STM32C011F6U6TR, STM32C011J4M3, STM32C011J4M6, STM32C011J6M3, STM32C011J6M6, STM32C0316-DK, STM32C031C4T3, STM32C031C4T6, STM32C031C4U3, STM32C031C4U6, STM32C031C6T3, STM32C031C6T6, STM32C031C6U3, STM32C031C6U6, STM32C031F4P3, STM32C031F4P6, STM32C031F6P3, STM32C031F6P6, STM32C031G4U3, STM32C031G4U6, STM32C031G6U3, STM32C031G6U6, STM32C031K4T3, STM32C031K4T6, STM32C031K4U3, STM32C031K4U6, STM32C031K6T3, STM32C031K6T6, STM32C031K6U3, STM32C031K6U6, STM32C051C6T6, STM32C051C6U6, STM32C051C8T6, STM32C051C8U6, STM32C051D8Y6TR, STM32C051F6P6, STM32C051F8P6, STM32C051G6U6, STM32C051G8U6, STM32C051K6T6, STM32C051K6U6, STM32C051K8T6, STM32C071C8T6, STM32C071C8T6N, STM32C071C8U6, STM32C071C8U6N, STM32C071CBT6, STM32C071CBT6N, STM32C071CBU6, STM32C071CBU6N, STM32C071F8P6, STM32C071F8P6N, STM32C071FBP6, STM32C071FBP6N, STM32C071FBY6TR, STM32C071G8U6, STM32C071G8U6N, STM32C071GBU6, STM32C071GBU6N, STM32C071K8T6, STM32C071K8T6N, STM32C071K8U6, STM32C071K8U6N, STM32C071KBT6, STM32C071KBT6N, STM32C071KBU6, STM32C071KBU6N, STM32C071R8T6, STM32C071R8T6N, STM32C071RBI6N, STM32C071RBT6, STM32C071RBT6N, STM32C091CBT6, STM32C091CBU6, STM32C091CCT6, STM32C091CCU6, STM32C091ECY6TR, STM32C091FBP6, STM32C091FCP6, STM32C091GBU6, STM32C091GCU6, STM32C091KBT6, STM32C091KBU6, STM32C091KCT6, STM32C091KCU6, STM32C091RBT6, STM32C091RCI6, STM32C091RCT6, STM32C092CBT6, STM32C092CBU6, STM32C092CCT6, STM32C092CCU6, STM32C092ECY6TR, STM32C092FBP6, STM32C092FCP6, STM32C092GBU6, STM32C092GCU6, STM32C092KBT6, STM32C092KBU6, STM32C092KCT6, STM32C092KCU6, STM32C092RBT6, STM32C092RCI6, STM32C092RCT6, STM32G071K8TXN, STM32G071K8UXN, STM32G081GBU6N, STM32G081KBT6N, STM32G081KBUXN, STM32G0B1CCT6N, STM32G0B1KCT6, STM32G0B1NEY6TR, STM32G0B1RCT6N, STM32G0C1CCT6, STM32G0C1CCT6N, STM32G0C1CCU6N, STM32G0C1CET6N, STM32G0C1CEU6N, STM32G0C1KCT6, STM32G0C1NEY6TR, STM32G0C1RCI6N, STM32G0C1RCT6N, STM32G0C1REI6N, STM32G0C1RET6N, STM32G0C1VCI6, STM32G0C1VEI6, STM32G411C6T3, STM32G411C6T6, STM32G411C6U3, STM32G411C6U6, STM32G411C8T3, STM32G411C8T6, STM32G411C8U3, STM32G411C8U6, STM32G411CBT3, STM32G411CBT6, STM32G411CBU3, STM32G411CBU6, STM32G411K6T3, STM32G411K6T6, STM32G411K6U3, STM32G411K6U6, STM32G411K8T3, STM32G411K8T6, STM32G411K8U3, STM32G411K8U6, STM32G411KBT3, STM32G411KBT6, STM32G411KBU3, STM32G411KBU6, STM32G411M6T3, STM32G411M6T6, STM32G411M8T3, STM32G411M8T6, STM32G411MBT3, STM32G411MBT6, STM32G411R6T3, STM32G411R6T6, STM32G411R8T3, STM32G411R8T6, STM32G411RBT3, STM32G411RBT6, STM32G414CBT3, STM32G414CBT6, STM32G414CBU3, STM32G414CBU6, STM32G414CCT3, STM32G414CCT6, STM32G414CCU3, STM32G414CCU6, STM32G414MBT3, STM32G414MBT6, STM32G414MCT3, STM32G414MCT6, STM32G414RBT3, STM32G414RBT6, STM32G414RCT3, STM32G414RCT6, STM32G414VBT3, STM32G414VBT6, STM32G414VCT3, STM32G414VCT6, STM32G431CBT3Z, STM32G431RBT3Z, STM32G471CCT6, STM32G471CCU6, STM32G471CET3, STM32G471CET6, STM32G471CEU3, STM32G471CEU6, STM32G471MCT6, STM32G471MET3, STM32G471MET6, STM32G471MEY6TR, STM32G471QCT6, STM32G471QET3, STM32G471RCT6, STM32G471RET3, STM32G471RET6, STM32G471VCH6, STM32G471VCI6, STM32G471VCT6, STM32G471VEH3, STM32G471VEH6, STM32G471VEI3, STM32G471VEI6, STM32G471VET3, STM32G471VET6, STM32G473QET3Z, STM32G473RET3Z, STM32G474CCT6, STM32G491RET3Z, STM32H503CBT6, STM32H503CBU6, STM32H503EBY6TR, STM32H503KBU6, STM32H503RBT6, STM32H523CCT6, STM32H523CCU6, STM32H523CET6, STM32H523CEU6, STM32H523HEY6TR, STM32H523RCT6, STM32H523RET6, STM32H523VCI6, STM32H523VCT6, STM32H523VEI6, STM32H523VET6, STM32H523ZCJ6, STM32H523ZCT6, STM32H523ZEJ6, STM32H523ZET6, STM32H533CET6, STM32H533CEU6, STM32H533HEY6TR, STM32H533RET6, STM32H533VEI6, STM32H533VET6, STM32H533ZEJ6, STM32H533ZET6, STM32H562AGI6, STM32H562AII6, STM32H562IGK6, STM32H562IGT6, STM32H562IIK6, STM32H562IIT6, STM32H562RGT6, STM32H562RGV6, STM32H562RIT6, STM32H562RIV6, STM32H562VGT6, STM32H562VIT6, STM32H562ZGT6, STM32H562ZIT6, STM32H563AGI6, STM32H563AII3Q, STM32H563AII6, STM32H563IGK6, STM32H563IGT6, STM32H563IIK3Q, STM32H563IIK6, STM32H563IIT3Q, STM32H563IIT6, STM32H563MIY3QTR, STM32H563RGT6, STM32H563RGV6, STM32H563RIT6, STM32H563RIV6, STM32H563VGT6, STM32H563VIT3Q, STM32H563VIT6, STM32H563ZGT6, STM32H563ZIT3Q, STM32H563ZIT6, STM32H573AII3Q, STM32H573AII6, STM32H573I-DK, STM32H573IIK3Q, STM32H573IIK6, STM32H573IIT3Q, STM32H573IIT6, STM32H573MIY3QTR, STM32H573RIT6, STM32H573RIV6, STM32H573VIT3Q, STM32H573VIT6, STM32H573ZIT3Q, STM32H573ZIT6, STM32H7R3A8I6, STM32H7R3I8K6, STM32H7R3I8T6, STM32H7R3L8H6, STM32H7R3L8H6H, STM32H7R3R8V6, STM32H7R3V8H6, STM32H7R3V8T6, STM32H7R3V8Y6TR, STM32H7R3Z8J6, STM32H7R3Z8T6, STM32H7R7A8I6, STM32H7R7I8K6, STM32H7R7I8T6, STM32H7R7L8H6, STM32H7R7L8H6H, STM32H7R7Z8J6, STM32H7S3A8I6, STM32H7S3I8K6, STM32H7S3I8T6, STM32H7S3L8H6, STM32H7S3L8H6H, STM32H7S3R8V6, STM32H7S3V8H6, STM32H7S3V8T6, STM32H7S3V8Y6TR, STM32H7S3Z8J6, STM32H7S3Z8T6, STM32H7S78-DK, STM32H7S7A8I6, STM32H7S7I8K6, STM32H7S7I8T6, STM32H7S7L8H6, STM32H7S7L8H6H, STM32H7S7Z8J6, STM32L4R5QGI6STR, STM32MP131AAE3, STM32MP131AAF3, STM32MP131AAG3, STM32MP131CAE3, STM32MP131CAF3, STM32MP131CAG3, STM32MP131DAE7, STM32MP131DAF7, STM32MP131DAG7, STM32MP131FAE7, STM32MP131FAF7, STM32MP131FAG7, STM32MP133AAE3, STM32MP133AAF3, STM32MP133AAG3, STM32MP133CAE3, STM32MP133CAF3, STM32MP133CAG3, STM32MP133DAE7, STM32MP133DAF7, STM32MP133DAG7, STM32MP133FAE7, STM32MP133FAF7, STM32MP133FAG7, STM32MP135AAE3, STM32MP135AAF3, STM32MP135AAG3, STM32MP135CAE3, STM32MP135CAF3, STM32MP135CAG3, STM32MP135DAE7, STM32MP135DAF7, STM32MP135DAG7, STM32MP135F-DK, STM32MP135FAE7, STM32MP135FAF7, STM32MP135FAF7T, STM32MP135FAF7U, STM32MP135FAG7, STM32MP211AAL3, STM32MP211AAM3, STM32MP211AAN3, STM32MP211AAO3, STM32MP211CAL3, STM32MP211CAM3, STM32MP211CAN3, STM32MP211CAO3, STM32MP211DAL3, STM32MP211DAM3, STM32MP211DAN3, STM32MP211DAO3, STM32MP211FAL3, STM32MP211FAM3, STM32MP211FAN3, STM32MP211FAO3, STM32MP213AAL3, STM32MP213AAM3, STM32MP213AAN3, STM32MP213AAO3, STM32MP213CAL3, STM32MP213CAM3, STM32MP213CAN3, STM32MP213CAO3, STM32MP213DAL3, STM32MP213DAM3, STM32MP213DAN3, STM32MP213DAO3, STM32MP213FAL3, STM32MP213FAM3, STM32MP213FAN3, STM32MP213FAO3, STM32MP215AAL3, STM32MP215AAM3, STM32MP215AAN3, STM32MP215AAO3, STM32MP215CAL3, STM32MP215CAM3, STM32MP215CAN3, STM32MP215CAO3, STM32MP215DAL3, STM32MP215DAM3, STM32MP215DAN3, STM32MP215DAO3, STM32MP215F-DK, STM32MP215FAL3, STM32MP215FAM3, STM32MP215FAN3, STM32MP215FAO3, STM32MP231AAJ3, STM32MP231AAK3, STM32MP231AAL3, STM32MP231CAJ3, STM32MP231CAK3, STM32MP231CAL3, STM32MP231DAJ3, STM32MP231DAK3, STM32MP231DAL3, STM32MP231FAJ3, STM32MP231FAK3, STM32MP231FAL3, STM32MP233AAJ3, STM32MP233AAK3, STM32MP233AAL3, STM32MP233CAJ3, STM32MP233CAK3, STM32MP233CAL3, STM32MP233DAJ3, STM32MP233DAK3, STM32MP233DAL3, STM32MP233FAJ3, STM32MP233FAK3, STM32MP233FAL3, STM32MP235AAJ3, STM32MP235AAK3, STM32MP235AAL3, STM32MP235CAJ3, STM32MP235CAK3, STM32MP235CAL3, STM32MP235DAJ3, STM32MP235DAK3, STM32MP235DAL3, STM32MP235FAJ3, STM32MP235FAK3, STM32MP235FAL3, STM32MP251AAI3, STM32MP251AAK3, STM32MP251AAL3, STM32MP251CAI3, STM32MP251CAK3, STM32MP251CAL3, STM32MP251DAI3, STM32MP251DAK3, STM32MP251DAL3, STM32MP251FAI3, STM32MP251FAK3, STM32MP251FAL3, STM32MP253AAI3, STM32MP253AAK3, STM32MP253AAL3, STM32MP253CAI3, STM32MP253CAK3, STM32MP253CAL3, STM32MP253DAI3, STM32MP253DAK3, STM32MP253DAL3, STM32MP253FAI3, STM32MP253FAK3, STM32MP253FAL3, STM32MP255AAI3, STM32MP255AAK3, STM32MP255AAL3, STM32MP255CAI3, STM32MP255CAK3, STM32MP255CAL3, STM32MP255DAI3, STM32MP255DAK3, STM32MP255DAL3, STM32MP255FAI3, STM32MP255FAK3, STM32MP255FAL3, STM32MP257AAI3, STM32MP257AAK3, STM32MP257AAL3, STM32MP257CAI3, STM32MP257CAK3, STM32MP257CAL3, STM32MP257DAI3, STM32MP257DAK3, STM32MP257DAL3, STM32MP257F-DK, STM32MP257F-EV1, STM32MP257FAI3, STM32MP257FAK3, STM32MP257FAL3, STM32N645A0H3Q, STM32N645B0H3Q, STM32N645I0H3Q, STM32N645L0H3Q, STM32N645X0H3Q, STM32N645Z0H3Q, STM32N647A0H3Q, STM32N647B0H3Q, STM32N647I0H3Q, STM32N647L0H3Q, STM32N647X0H3Q, STM32N647Z0H3Q, STM32N655A0H3Q, STM32N655B0H3Q, STM32N655I0H3Q, STM32N655L0H3Q, STM32N655X0H3Q, STM32N655Z0H3Q, STM32N6570-DK, STM32N657A0H3Q, STM32N657B0H3Q, STM32N657I0H3Q, STM32N657L0H3Q, STM32N657X0H3Q, STM32N657Z0H3Q, STM32U031C6T6, STM32U031C6U6, STM32U031C8T6, STM32U031C8U6, STM32U031F4P6, STM32U031F6P6, STM32U031F8P6, STM32U031G6Y6TR, STM32U031G8Y6TR, STM32U031K4U6, STM32U031K6U6, STM32U031K8U6, STM32U031R6I6, STM32U031R6T6, STM32U031R8I6, STM32U031R8T6, STM32U073C8T6, STM32U073C8U6, STM32U073CBT6, STM32U073CBU6, STM32U073CCT6, STM32U073CCU6, STM32U073H8Y6TR, STM32U073HBY6TR, STM32U073HCY6TR, STM32U073K8U6, STM32U073KBU6, STM32U073KCU6, STM32U073M8I6, STM32U073M8T6, STM32U073MBI6, STM32U073MBT6, STM32U073MCI6, STM32U073MCT6, STM32U073R8I6, STM32U073R8T6, STM32U073RBI6, STM32U073RBT6, STM32U073RCI6, STM32U073RCT6, STM32U083C-DK, STM32U083CCT6, STM32U083CCU6, STM32U083HCY6TR, STM32U083KCU6, STM32U083MCI6, STM32U083MCT6, STM32U083RCI6, STM32U083RCT6, STM32U375CET6, STM32U375CET6Q, STM32U375CEU6, STM32U375CEU6Q, STM32U375CEY6QTR, STM32U375CGT6, STM32U375CGT6Q, STM32U375CGU6, STM32U375CGU6Q, STM32U375CGY6QTR, STM32U375KEU6, STM32U375KGU6, STM32U375REI6, STM32U375REI6Q, STM32U375RET6, STM32U375RET6Q, STM32U375REY6GTR, STM32U375REY6QTR, STM32U375RGI6, STM32U375RGI6Q, STM32U375RGT6, STM32U375RGT6Q, STM32U375RGY6GTR, STM32U375RGY6QTR, STM32U375VEI6, STM32U375VEI6Q, STM32U375VET6, STM32U375VET6Q, STM32U375VGI6, STM32U375VGI6Q, STM32U375VGT6, STM32U375VGT6Q, STM32U385CGT6, STM32U385CGT6Q, STM32U385CGU6, STM32U385CGU6Q, STM32U385CGY6QTR, STM32U385KGU6, STM32U385RGI6, STM32U385RGI6Q, STM32U385RGT6, STM32U385RGT6Q, STM32U385RGY6GTR, STM32U385RGY6QTR, STM32U385VGI6, STM32U385VGI6Q, STM32U385VGT6, STM32U385VGT6Q, STM32U535CBT6, STM32U535CBT6Q, STM32U535CBU6, STM32U535CBU6Q, STM32U535CCT6, STM32U535CCT6Q, STM32U535CCU6, STM32U535CCU6Q, STM32U535CET6, STM32U535CET6Q, STM32U535CEU6, STM32U535CEU6Q, STM32U535JEY6QTR, STM32U535NCY6QTR, STM32U535NEY6QTR, STM32U535RBI6, STM32U535RBI6Q, STM32U535RBT6, STM32U535RBT6Q, STM32U535RCI6, STM32U535RCI6Q, STM32U535RCT6, STM32U535RCT6Q, STM32U535REI6, STM32U535REI6Q, STM32U535RET6, STM32U535RET6Q, STM32U535VCI6, STM32U535VCI6Q, STM32U535VCT6, STM32U535VCT6Q, STM32U535VEI6, STM32U535VEI6Q, STM32U535VET6, STM32U535VET6Q, STM32U545CET6, STM32U545CET6Q, STM32U545CEU6, STM32U545CEU6Q, STM32U545JEY6QTR, STM32U545NEY6QTR, STM32U545REI6, STM32U545REI6Q, STM32U545RET6, STM32U545RET6Q, STM32U545VEI6, STM32U545VEI6Q, STM32U545VET6, STM32U545VET6Q, STM32U595AIH6, STM32U595AIH6Q, STM32U595AJH6, STM32U595AJH6Q, STM32U595QII6, STM32U595QII6Q, STM32U595QJI6, STM32U595QJI6Q, STM32U595RIT6, STM32U595RIT6Q, STM32U595RJT6, STM32U595RJT6Q, STM32U595VIT6, STM32U595VIT6Q, STM32U595VJT6, STM32U595VJT6Q, STM32U595ZIT6, STM32U595ZIT6Q, STM32U595ZIY6QTR, STM32U595ZJT6, STM32U595ZJT6Q, STM32U595ZJY6QTR, STM32U599BJY6QTR, STM32U599NIH6Q, STM32U599NJH6Q, STM32U599VIT6Q, STM32U599VJT6, STM32U599VJT6Q, STM32U599ZIT6Q, STM32U599ZIY6QTR, STM32U599ZJT6Q, STM32U599ZJY6QTR, STM32U5A5AJH6, STM32U5A5AJH6Q, STM32U5A5QII3Q , STM32U5A5QJI6, STM32U5A5QJI6Q, STM32U5A5RJT6, STM32U5A5RJT6Q, STM32U5A5VJT6, STM32U5A5VJT6Q, STM32U5A5ZJT6, STM32U5A5ZJT6Q, STM32U5A5ZJY6QTR, STM32U5A9BJY6QTR, STM32U5A9J-DK, STM32U5A9NJH6Q, STM32U5A9VJT6Q, STM32U5A9ZJT6Q, STM32U5A9ZJY6QTR, STM32U5F7VIT6, STM32U5F7VIT6Q, STM32U5F7VJT6, STM32U5F7VJT6Q, STM32U5F9BJY6QTR, STM32U5F9NJH6Q, STM32U5F9VIT6Q, STM32U5F9VJT6Q, STM32U5F9ZIJ6QTR, STM32U5F9ZIT6Q, STM32U5F9ZJJ6QTR, STM32U5F9ZJT6Q, STM32U5G7VJT6, STM32U5G7VJT6Q, STM32U5G9BJY6QTR, STM32U5G9J-DK1, STM32U5G9J-DK2, STM32U5G9NJH6Q, STM32U5G9VJT6Q, STM32U5G9ZJJ6QTR, STM32U5G9ZJT6Q, STM32WB05KZV6TR, STM32WB05KZV7TR, STM32WB05TZF6TR, STM32WB05TZF7TR, STM32WB06CCF6TR, STM32WB06CCF7TR, STM32WB06CCV6TR, STM32WB06CCV7TR, STM32WB06KCV6TR, STM32WB06KCV7TR, STM32WB07CCF6TR, STM32WB07CCF7TR, STM32WB07CCV6TR, STM32WB07CCV7TR, STM32WB07KCV6TR, STM32WB07KCV7TR, STM32WB09KEV6TR, STM32WB09KEV7TR, STM32WB09TEF6TR, STM32WB09TEF7TR, STM32WB1MMCH6, STM32WBA50KGU6, STM32WBA50KGU6TR, STM32WBA52CEU6, STM32WBA52CEU6TR, STM32WBA52CEU7, STM32WBA52CEU7TR, STM32WBA52CGU6, STM32WBA52CGU6TR, STM32WBA52CGU6U, STM32WBA52CGU7, STM32WBA52CGU7TR, STM32WBA52KEU6, STM32WBA52KEU6TR, STM32WBA52KGU6, STM32WBA52KGU6TR, STM32WBA54CEU6, STM32WBA54CEU6TR, STM32WBA54CEU7, STM32WBA54CEU7TR, STM32WBA54CGU6, STM32WBA54CGU6TR, STM32WBA54CGU7, STM32WBA54CGU7TR, STM32WBA54KEU6, STM32WBA54KEU6TR, STM32WBA54KEU7, STM32WBA54KEU7TR, STM32WBA54KGU6, STM32WBA54KGU6TR, STM32WBA54KGU7, STM32WBA54KGU7TR, STM32WBA55CEU6, STM32WBA55CEU6TR, STM32WBA55CEU7, STM32WBA55CEU7TR, STM32WBA55CGU6, STM32WBA55CGU6TR, STM32WBA55CGU6U, STM32WBA55CGU7, STM32WBA55CGU7TR, STM32WBA55G-DK1, STM32WBA55HEF6, STM32WBA55HEF7, STM32WBA55HGF6, STM32WBA55HGF7, STM32WBA55UEI6, STM32WBA55UEI6TR, STM32WBA55UEI7, STM32WBA55UEI7TR, STM32WBA55UGI6, STM32WBA55UGI6TR, STM32WBA55UGI7, STM32WBA55UGI7TR, STM32WBA5MMGH6TR, STM32WBA62MGF6, STM32WBA62MIF6, STM32WBA65MGF7, STM32WBA65MIF6, STM32WBA65MIF7, STM32WL30K8V6, STM32WL30KBV6, STM32WL31C8V6, STM32WL31CBV6, STM32WL31K8V6, STM32WL31KBV6, STM32WL33C8V6, STM32WL33C8V6X, STM32WL33CBV6, STM32WL33CBV6X, STM32WL33CCV6, STM32WL33CCV6A, STM32WL33CCV6X, STM32WL33K8V7, STM32WL33K8V7X, STM32WL33KBV7 , STM32WL33KBV7X, STM32WL33KCV7, STM32WL33KCV7X, STM32WL5MOCH6, STM32WL5MOCH6TR]
2025-10-11 21:31:03,333 [INFO] BoardInfo:889 - No configuration file found for board P-NUCLEO-WB55
2025-10-11 21:31:03,333 [INFO] DbBoards:161 - Kit is not supported: P-NUCLEO-WB55
2025-10-11 21:31:03,336 [INFO] BoardInfo:889 - No configuration file found for board STEVAL-BFA001V1B
2025-10-11 21:31:03,336 [INFO] DbBoards:161 - Kit is not supported: STEVAL-BFA001V1B
2025-10-11 21:31:03,337 [INFO] BoardInfo:889 - No configuration file found for board STEVAL-BFA001V2B
2025-10-11 21:31:03,337 [INFO] DbBoards:161 - Kit is not supported: STEVAL-BFA001V2B
2025-10-11 21:31:03,409 [INFO] DbBoards:168 - Found 212 boards, 209 are supported
2025-10-11 21:31:03,409 [INFO] DbBoards:169 - Found 212 boards, 43 of them is supported for  Bsp
2025-10-11 21:31:03,412 [INFO] ApiDb:668 - CubeFinder database Data Model version=2.1
2025-10-11 21:31:03,412 [INFO] ApiDb:669 - CubeFinder database Configuration version=3.0.39
2025-10-11 21:31:03,412 [INFO] ApiDb:670 - CubeFinder database generation date=2025-08-25 (1756130511)
2025-10-11 21:31:03,412 [INFO] ApiDb:671 - CubeFinder database FW Pack versions=[FP-ATR-ASTRA1_V2.0.0, FP-SNS-FLIGHT1_V5.1.0, FP-SNS-MOTENV1_V5.0.0, FP-SNS-MOTENVWB1_V1.4.0, FP-SNS-SMARTAG2_V1.2.0, FP-SNS-STBOX1_V2.1.0, STM32Cube_FW_C0_V1.4.0, STM32Cube_FW_F4_V1.28.3, STM32Cube_FW_F7_V1.17.4, STM32Cube_FW_G0_V1.6.2, STM32Cube_FW_G4_V1.6.1, STM32Cube_FW_H5_V1.5.0, STM32Cube_FW_H7RS_V1.2.0, STM32Cube_FW_H7_V1.12.1, STM32Cube_FW_L0_V1.12.2, STM32Cube_FW_L4_V1.18.1, STM32Cube_FW_L5_V1.5.1, STM32Cube_FW_N6_V1.2.0, STM32Cube_FW_U0_V1.3.0, STM32Cube_FW_U3_V1.2.0, STM32Cube_FW_U5_V1.8.0, STM32Cube_FW_WB0_V1.3.0, STM32Cube_FW_WBA_V1.7.0, STM32Cube_FW_WB_V1.23.0, STM32Cube_FW_WL3_V1.2.0, STM32Cube_FW_WL_V1.3.1, X-CUBE-ALGOBUILD_V1.4.0, X-CUBE-ALS_V1.0.2, X-CUBE-AZRTOS-F4_V1.1.0, X-CUBE-AZRTOS-F7_V1.1.0, X-CUBE-AZRTOS-G0_V1.1.0, X-CUBE-AZRTOS-G4_V2.0.0, X-CUBE-AZRTOS-H7RS_V1.1.0, X-CUBE-AZRTOS-H7_V3.4.0, X-CUBE-AZRTOS-L4_V2.0.0, X-CUBE-AZRTOS-L5_V2.0.0, X-CUBE-AZRTOS-WB_V2.0.0, X-CUBE-AZRTOS-WL_V2.0.0, X-CUBE-BLE1_V7.1.0, X-CUBE-BLE2_V3.3.0, X-CUBE-BLEMGR_V4.1.0, X-CUBE-EEPRMA1_V5.2.0, X-CUBE-FREERTOS_V1.3.1, X-CUBE-GNSS1_V6.0.0, X-CUBE-MEMS1_V11.3.0, X-CUBE-NFC4_V3.0.0, X-CUBE-NFC7_V2.0.0, X-CUBE-SFXS2LP1_V4.0.0, X-CUBE-ST67W61_V1.0.0, X-CUBE-SUBG2_V5.0.0, X-CUBE-TOF1_V3.4.3]
2025-10-11 21:31:05,320 [INFO] ApiDb:240 - Found 880 in-development CPN: [B-G473E-ZEST1S, B-WB1M-WPAN1, B-WBA5M-WPAN, B-WL5M-SUBG1, NUCLEO-C031C6, NUCLEO-C051C8, NUCLEO-C071RB, NUCLEO-C092RC, NUCLEO-H503RB, NUCLEO-H533RE, NUCLEO-H563ZI, NUCLEO-H7S3L8, NUCLEO-N657X0-Q, NUCLEO-U031R8, NUCLEO-U083RC, NUCLEO-U385RG-Q, NUCLEO-U545RE-Q, NUCLEO-U5A5ZJ-Q, NUCLEO-WB05KZ, NUCLEO-WB07CC, NUCLEO-WB09KE, NUCLEO-WBA52CG, NUCLEO-WBA55CG, NUCLEO-WL33CC1, NUCLEO-WL33CC2, STEVAL-PROTEUS1, STEVAL-SMARTAG2, STEVAL-STWINBX1, STM320518-EVAL, STM32C0116-DK, STM32C011D6Y3TR, STM32C011D6Y6TR, STM32C011F4P3, STM32C011F4P6, STM32C011F4U3, STM32C011F4U6TR, STM32C011F6P3, STM32C011F6P6, STM32C011F6U3, STM32C011F6U6TR, STM32C011J4M3, STM32C011J4M6, STM32C011J6M3, STM32C011J6M6, STM32C0316-DK, STM32C031C4T3, STM32C031C4T6, STM32C031C4U3, STM32C031C4U6, STM32C031C6T3, STM32C031C6T6, STM32C031C6U3, STM32C031C6U6, STM32C031F4P3, STM32C031F4P6, STM32C031F6P3, STM32C031F6P6, STM32C031G4U3, STM32C031G4U6, STM32C031G6U3, STM32C031G6U6, STM32C031K4T3, STM32C031K4T6, STM32C031K4U3, STM32C031K4U6, STM32C031K6T3, STM32C031K6T6, STM32C031K6U3, STM32C031K6U6, STM32C051C6T6, STM32C051C6U6, STM32C051C8T6, STM32C051C8U6, STM32C051D8Y6TR, STM32C051F6P6, STM32C051F8P6, STM32C051G6U6, STM32C051G8U6, STM32C051K6T6, STM32C051K6U6, STM32C051K8T6, STM32C071C8T6, STM32C071C8T6N, STM32C071C8U6, STM32C071C8U6N, STM32C071CBT6, STM32C071CBT6N, STM32C071CBU6, STM32C071CBU6N, STM32C071F8P6, STM32C071F8P6N, STM32C071FBP6, STM32C071FBP6N, STM32C071FBY6TR, STM32C071G8U6, STM32C071G8U6N, STM32C071GBU6, STM32C071GBU6N, STM32C071K8T6, STM32C071K8T6N, STM32C071K8U6, STM32C071K8U6N, STM32C071KBT6, STM32C071KBT6N, STM32C071KBU6, STM32C071KBU6N, STM32C071R8T6, STM32C071R8T6N, STM32C071RBI6N, STM32C071RBT6, STM32C071RBT6N, STM32C091CBT6, STM32C091CBU6, STM32C091CCT6, STM32C091CCU6, STM32C091ECY6TR, STM32C091FBP6, STM32C091FCP6, STM32C091GBU6, STM32C091GCU6, STM32C091KBT6, STM32C091KBU6, STM32C091KCT6, STM32C091KCU6, STM32C091RBT6, STM32C091RCI6, STM32C091RCT6, STM32C092CBT6, STM32C092CBU6, STM32C092CCT6, STM32C092CCU6, STM32C092ECY6TR, STM32C092FBP6, STM32C092FCP6, STM32C092GBU6, STM32C092GCU6, STM32C092KBT6, STM32C092KBU6, STM32C092KCT6, STM32C092KCU6, STM32C092RBT6, STM32C092RCI6, STM32C092RCT6, STM32G071K8TXN, STM32G071K8UXN, STM32G081GBU6N, STM32G081KBT6N, STM32G081KBUXN, STM32G0B1CCT6N, STM32G0B1KCT6, STM32G0B1NEY6TR, STM32G0B1RCT6N, STM32G0C1CCT6, STM32G0C1CCT6N, STM32G0C1CCU6N, STM32G0C1CET6N, STM32G0C1CEU6N, STM32G0C1KCT6, STM32G0C1NEY6TR, STM32G0C1RCI6N, STM32G0C1RCT6N, STM32G0C1REI6N, STM32G0C1RET6N, STM32G0C1VCI6, STM32G0C1VEI6, STM32G411C6T3, STM32G411C6T6, STM32G411C6U3, STM32G411C6U6, STM32G411C8T3, STM32G411C8T6, STM32G411C8U3, STM32G411C8U6, STM32G411CBT3, STM32G411CBT6, STM32G411CBU3, STM32G411CBU6, STM32G411K6T3, STM32G411K6T6, STM32G411K6U3, STM32G411K6U6, STM32G411K8T3, STM32G411K8T6, STM32G411K8U3, STM32G411K8U6, STM32G411KBT3, STM32G411KBT6, STM32G411KBU3, STM32G411KBU6, STM32G411M6T3, STM32G411M6T6, STM32G411M8T3, STM32G411M8T6, STM32G411MBT3, STM32G411MBT6, STM32G411R6T3, STM32G411R6T6, STM32G411R8T3, STM32G411R8T6, STM32G411RBT3, STM32G411RBT6, STM32G414CBT3, STM32G414CBT6, STM32G414CBU3, STM32G414CBU6, STM32G414CCT3, STM32G414CCT6, STM32G414CCU3, STM32G414CCU6, STM32G414MBT3, STM32G414MBT6, STM32G414MCT3, STM32G414MCT6, STM32G414RBT3, STM32G414RBT6, STM32G414RCT3, STM32G414RCT6, STM32G414VBT3, STM32G414VBT6, STM32G414VCT3, STM32G414VCT6, STM32G431CBT3Z, STM32G431RBT3Z, STM32G471CCT6, STM32G471CCU6, STM32G471CET3, STM32G471CET6, STM32G471CEU3, STM32G471CEU6, STM32G471MCT6, STM32G471MET3, STM32G471MET6, STM32G471MEY6TR, STM32G471QCT6, STM32G471QET3, STM32G471RCT6, STM32G471RET3, STM32G471RET6, STM32G471VCH6, STM32G471VCI6, STM32G471VCT6, STM32G471VEH3, STM32G471VEH6, STM32G471VEI3, STM32G471VEI6, STM32G471VET3, STM32G471VET6, STM32G473QET3Z, STM32G473RET3Z, STM32G474CCT6, STM32G491RET3Z, STM32H503CBT6, STM32H503CBU6, STM32H503EBY6TR, STM32H503KBU6, STM32H503RBT6, STM32H523CCT6, STM32H523CCU6, STM32H523CET6, STM32H523CEU6, STM32H523HEY6TR, STM32H523RCT6, STM32H523RET6, STM32H523VCI6, STM32H523VCT6, STM32H523VEI6, STM32H523VET6, STM32H523ZCJ6, STM32H523ZCT6, STM32H523ZEJ6, STM32H523ZET6, STM32H533CET6, STM32H533CEU6, STM32H533HEY6TR, STM32H533RET6, STM32H533VEI6, STM32H533VET6, STM32H533ZEJ6, STM32H533ZET6, STM32H562AGI6, STM32H562AII6, STM32H562IGK6, STM32H562IGT6, STM32H562IIK6, STM32H562IIT6, STM32H562RGT6, STM32H562RGV6, STM32H562RIT6, STM32H562RIV6, STM32H562VGT6, STM32H562VIT6, STM32H562ZGT6, STM32H562ZIT6, STM32H563AGI6, STM32H563AII3Q, STM32H563AII6, STM32H563IGK6, STM32H563IGT6, STM32H563IIK3Q, STM32H563IIK6, STM32H563IIT3Q, STM32H563IIT6, STM32H563MIY3QTR, STM32H563RGT6, STM32H563RGV6, STM32H563RIT6, STM32H563RIV6, STM32H563VGT6, STM32H563VIT3Q, STM32H563VIT6, STM32H563ZGT6, STM32H563ZIT3Q, STM32H563ZIT6, STM32H573AII3Q, STM32H573AII6, STM32H573I-DK, STM32H573IIK3Q, STM32H573IIK6, STM32H573IIT3Q, STM32H573IIT6, STM32H573MIY3QTR, STM32H573RIT6, STM32H573RIV6, STM32H573VIT3Q, STM32H573VIT6, STM32H573ZIT3Q, STM32H573ZIT6, STM32H7R3A8I6, STM32H7R3I8K6, STM32H7R3I8T6, STM32H7R3L8H6, STM32H7R3L8H6H, STM32H7R3R8V6, STM32H7R3V8H6, STM32H7R3V8T6, STM32H7R3V8Y6TR, STM32H7R3Z8J6, STM32H7R3Z8T6, STM32H7R7A8I6, STM32H7R7I8K6, STM32H7R7I8T6, STM32H7R7L8H6, STM32H7R7L8H6H, STM32H7R7Z8J6, STM32H7S3A8I6, STM32H7S3I8K6, STM32H7S3I8T6, STM32H7S3L8H6, STM32H7S3L8H6H, STM32H7S3R8V6, STM32H7S3V8H6, STM32H7S3V8T6, STM32H7S3V8Y6TR, STM32H7S3Z8J6, STM32H7S3Z8T6, STM32H7S78-DK, STM32H7S7A8I6, STM32H7S7I8K6, STM32H7S7I8T6, STM32H7S7L8H6, STM32H7S7L8H6H, STM32H7S7Z8J6, STM32L4R5QGI6STR, STM32MP131AAE3, STM32MP131AAF3, STM32MP131AAG3, STM32MP131CAE3, STM32MP131CAF3, STM32MP131CAG3, STM32MP131DAE7, STM32MP131DAF7, STM32MP131DAG7, STM32MP131FAE7, STM32MP131FAF7, STM32MP131FAG7, STM32MP133AAE3, STM32MP133AAF3, STM32MP133AAG3, STM32MP133CAE3, STM32MP133CAF3, STM32MP133CAG3, STM32MP133DAE7, STM32MP133DAF7, STM32MP133DAG7, STM32MP133FAE7, STM32MP133FAF7, STM32MP133FAG7, STM32MP135AAE3, STM32MP135AAF3, STM32MP135AAG3, STM32MP135CAE3, STM32MP135CAF3, STM32MP135CAG3, STM32MP135DAE7, STM32MP135DAF7, STM32MP135DAG7, STM32MP135F-DK, STM32MP135FAE7, STM32MP135FAF7, STM32MP135FAF7T, STM32MP135FAF7U, STM32MP135FAG7, STM32MP211AAL3, STM32MP211AAM3, STM32MP211AAN3, STM32MP211AAO3, STM32MP211CAL3, STM32MP211CAM3, STM32MP211CAN3, STM32MP211CAO3, STM32MP211DAL3, STM32MP211DAM3, STM32MP211DAN3, STM32MP211DAO3, STM32MP211FAL3, STM32MP211FAM3, STM32MP211FAN3, STM32MP211FAO3, STM32MP213AAL3, STM32MP213AAM3, STM32MP213AAN3, STM32MP213AAO3, STM32MP213CAL3, STM32MP213CAM3, STM32MP213CAN3, STM32MP213CAO3, STM32MP213DAL3, STM32MP213DAM3, STM32MP213DAN3, STM32MP213DAO3, STM32MP213FAL3, STM32MP213FAM3, STM32MP213FAN3, STM32MP213FAO3, STM32MP215AAL3, STM32MP215AAM3, STM32MP215AAN3, STM32MP215AAO3, STM32MP215CAL3, STM32MP215CAM3, STM32MP215CAN3, STM32MP215CAO3, STM32MP215DAL3, STM32MP215DAM3, STM32MP215DAN3, STM32MP215DAO3, STM32MP215F-DK, STM32MP215FAL3, STM32MP215FAM3, STM32MP215FAN3, STM32MP215FAO3, STM32MP231AAJ3, STM32MP231AAK3, STM32MP231AAL3, STM32MP231CAJ3, STM32MP231CAK3, STM32MP231CAL3, STM32MP231DAJ3, STM32MP231DAK3, STM32MP231DAL3, STM32MP231FAJ3, STM32MP231FAK3, STM32MP231FAL3, STM32MP233AAJ3, STM32MP233AAK3, STM32MP233AAL3, STM32MP233CAJ3, STM32MP233CAK3, STM32MP233CAL3, STM32MP233DAJ3, STM32MP233DAK3, STM32MP233DAL3, STM32MP233FAJ3, STM32MP233FAK3, STM32MP233FAL3, STM32MP235AAJ3, STM32MP235AAK3, STM32MP235AAL3, STM32MP235CAJ3, STM32MP235CAK3, STM32MP235CAL3, STM32MP235DAJ3, STM32MP235DAK3, STM32MP235DAL3, STM32MP235FAJ3, STM32MP235FAK3, STM32MP235FAL3, STM32MP251AAI3, STM32MP251AAK3, STM32MP251AAL3, STM32MP251CAI3, STM32MP251CAK3, STM32MP251CAL3, STM32MP251DAI3, STM32MP251DAK3, STM32MP251DAL3, STM32MP251FAI3, STM32MP251FAK3, STM32MP251FAL3, STM32MP253AAI3, STM32MP253AAK3, STM32MP253AAL3, STM32MP253CAI3, STM32MP253CAK3, STM32MP253CAL3, STM32MP253DAI3, STM32MP253DAK3, STM32MP253DAL3, STM32MP253FAI3, STM32MP253FAK3, STM32MP253FAL3, STM32MP255AAI3, STM32MP255AAK3, STM32MP255AAL3, STM32MP255CAI3, STM32MP255CAK3, STM32MP255CAL3, STM32MP255DAI3, STM32MP255DAK3, STM32MP255DAL3, STM32MP255FAI3, STM32MP255FAK3, STM32MP255FAL3, STM32MP257AAI3, STM32MP257AAK3, STM32MP257AAL3, STM32MP257CAI3, STM32MP257CAK3, STM32MP257CAL3, STM32MP257DAI3, STM32MP257DAK3, STM32MP257DAL3, STM32MP257F-DK, STM32MP257F-EV1, STM32MP257FAI3, STM32MP257FAK3, STM32MP257FAL3, STM32N645A0H3Q, STM32N645B0H3Q, STM32N645I0H3Q, STM32N645L0H3Q, STM32N645X0H3Q, STM32N645Z0H3Q, STM32N647A0H3Q, STM32N647B0H3Q, STM32N647I0H3Q, STM32N647L0H3Q, STM32N647X0H3Q, STM32N647Z0H3Q, STM32N655A0H3Q, STM32N655B0H3Q, STM32N655I0H3Q, STM32N655L0H3Q, STM32N655X0H3Q, STM32N655Z0H3Q, STM32N6570-DK, STM32N657A0H3Q, STM32N657B0H3Q, STM32N657I0H3Q, STM32N657L0H3Q, STM32N657X0H3Q, STM32N657Z0H3Q, STM32U031C6T6, STM32U031C6U6, STM32U031C8T6, STM32U031C8U6, STM32U031F4P6, STM32U031F6P6, STM32U031F8P6, STM32U031G6Y6TR, STM32U031G8Y6TR, STM32U031K4U6, STM32U031K6U6, STM32U031K8U6, STM32U031R6I6, STM32U031R6T6, STM32U031R8I6, STM32U031R8T6, STM32U073C8T6, STM32U073C8U6, STM32U073CBT6, STM32U073CBU6, STM32U073CCT6, STM32U073CCU6, STM32U073H8Y6TR, STM32U073HBY6TR, STM32U073HCY6TR, STM32U073K8U6, STM32U073KBU6, STM32U073KCU6, STM32U073M8I6, STM32U073M8T6, STM32U073MBI6, STM32U073MBT6, STM32U073MCI6, STM32U073MCT6, STM32U073R8I6, STM32U073R8T6, STM32U073RBI6, STM32U073RBT6, STM32U073RCI6, STM32U073RCT6, STM32U083C-DK, STM32U083CCT6, STM32U083CCU6, STM32U083HCY6TR, STM32U083KCU6, STM32U083MCI6, STM32U083MCT6, STM32U083RCI6, STM32U083RCT6, STM32U375CET6, STM32U375CET6Q, STM32U375CEU6, STM32U375CEU6Q, STM32U375CEY6QTR, STM32U375CGT6, STM32U375CGT6Q, STM32U375CGU6, STM32U375CGU6Q, STM32U375CGY6QTR, STM32U375KEU6, STM32U375KGU6, STM32U375REI6, STM32U375REI6Q, STM32U375RET6, STM32U375RET6Q, STM32U375REY6GTR, STM32U375REY6QTR, STM32U375RGI6, STM32U375RGI6Q, STM32U375RGT6, STM32U375RGT6Q, STM32U375RGY6GTR, STM32U375RGY6QTR, STM32U375VEI6, STM32U375VEI6Q, STM32U375VET6, STM32U375VET6Q, STM32U375VGI6, STM32U375VGI6Q, STM32U375VGT6, STM32U375VGT6Q, STM32U385CGT6, STM32U385CGT6Q, STM32U385CGU6, STM32U385CGU6Q, STM32U385CGY6QTR, STM32U385KGU6, STM32U385RGI6, STM32U385RGI6Q, STM32U385RGT6, STM32U385RGT6Q, STM32U385RGY6GTR, STM32U385RGY6QTR, STM32U385VGI6, STM32U385VGI6Q, STM32U385VGT6, STM32U385VGT6Q, STM32U535CBT6, STM32U535CBT6Q, STM32U535CBU6, STM32U535CBU6Q, STM32U535CCT6, STM32U535CCT6Q, STM32U535CCU6, STM32U535CCU6Q, STM32U535CET6, STM32U535CET6Q, STM32U535CEU6, STM32U535CEU6Q, STM32U535JEY6QTR, STM32U535NCY6QTR, STM32U535NEY6QTR, STM32U535RBI6, STM32U535RBI6Q, STM32U535RBT6, STM32U535RBT6Q, STM32U535RCI6, STM32U535RCI6Q, STM32U535RCT6, STM32U535RCT6Q, STM32U535REI6, STM32U535REI6Q, STM32U535RET6, STM32U535RET6Q, STM32U535VCI6, STM32U535VCI6Q, STM32U535VCT6, STM32U535VCT6Q, STM32U535VEI6, STM32U535VEI6Q, STM32U535VET6, STM32U535VET6Q, STM32U545CET6, STM32U545CET6Q, STM32U545CEU6, STM32U545CEU6Q, STM32U545JEY6QTR, STM32U545NEY6QTR, STM32U545REI6, STM32U545REI6Q, STM32U545RET6, STM32U545RET6Q, STM32U545VEI6, STM32U545VEI6Q, STM32U545VET6, STM32U545VET6Q, STM32U595AIH6, STM32U595AIH6Q, STM32U595AJH6, STM32U595AJH6Q, STM32U595QII6, STM32U595QII6Q, STM32U595QJI6, STM32U595QJI6Q, STM32U595RIT6, STM32U595RIT6Q, STM32U595RJT6, STM32U595RJT6Q, STM32U595VIT6, STM32U595VIT6Q, STM32U595VJT6, STM32U595VJT6Q, STM32U595ZIT6, STM32U595ZIT6Q, STM32U595ZIY6QTR, STM32U595ZJT6, STM32U595ZJT6Q, STM32U595ZJY6QTR, STM32U599BJY6QTR, STM32U599NIH6Q, STM32U599NJH6Q, STM32U599VIT6Q, STM32U599VJT6, STM32U599VJT6Q, STM32U599ZIT6Q, STM32U599ZIY6QTR, STM32U599ZJT6Q, STM32U599ZJY6QTR, STM32U5A5AJH6, STM32U5A5AJH6Q, STM32U5A5QII3Q , STM32U5A5QJI6, STM32U5A5QJI6Q, STM32U5A5RJT6, STM32U5A5RJT6Q, STM32U5A5VJT6, STM32U5A5VJT6Q, STM32U5A5ZJT6, STM32U5A5ZJT6Q, STM32U5A5ZJY6QTR, STM32U5A9BJY6QTR, STM32U5A9J-DK, STM32U5A9NJH6Q, STM32U5A9VJT6Q, STM32U5A9ZJT6Q, STM32U5A9ZJY6QTR, STM32U5F7VIT6, STM32U5F7VIT6Q, STM32U5F7VJT6, STM32U5F7VJT6Q, STM32U5F9BJY6QTR, STM32U5F9NJH6Q, STM32U5F9VIT6Q, STM32U5F9VJT6Q, STM32U5F9ZIJ6QTR, STM32U5F9ZIT6Q, STM32U5F9ZJJ6QTR, STM32U5F9ZJT6Q, STM32U5G7VJT6, STM32U5G7VJT6Q, STM32U5G9BJY6QTR, STM32U5G9J-DK1, STM32U5G9J-DK2, STM32U5G9NJH6Q, STM32U5G9VJT6Q, STM32U5G9ZJJ6QTR, STM32U5G9ZJT6Q, STM32WB05KZV6TR, STM32WB05KZV7TR, STM32WB05TZF6TR, STM32WB05TZF7TR, STM32WB06CCF6TR, STM32WB06CCF7TR, STM32WB06CCV6TR, STM32WB06CCV7TR, STM32WB06KCV6TR, STM32WB06KCV7TR, STM32WB07CCF6TR, STM32WB07CCF7TR, STM32WB07CCV6TR, STM32WB07CCV7TR, STM32WB07KCV6TR, STM32WB07KCV7TR, STM32WB09KEV6TR, STM32WB09KEV7TR, STM32WB09TEF6TR, STM32WB09TEF7TR, STM32WB1MMCH6, STM32WBA50KGU6, STM32WBA50KGU6TR, STM32WBA52CEU6, STM32WBA52CEU6TR, STM32WBA52CEU7, STM32WBA52CEU7TR, STM32WBA52CGU6, STM32WBA52CGU6TR, STM32WBA52CGU6U, STM32WBA52CGU7, STM32WBA52CGU7TR, STM32WBA52KEU6, STM32WBA52KEU6TR, STM32WBA52KGU6, STM32WBA52KGU6TR, STM32WBA54CEU6, STM32WBA54CEU6TR, STM32WBA54CEU7, STM32WBA54CEU7TR, STM32WBA54CGU6, STM32WBA54CGU6TR, STM32WBA54CGU7, STM32WBA54CGU7TR, STM32WBA54KEU6, STM32WBA54KEU6TR, STM32WBA54KEU7, STM32WBA54KEU7TR, STM32WBA54KGU6, STM32WBA54KGU6TR, STM32WBA54KGU7, STM32WBA54KGU7TR, STM32WBA55CEU6, STM32WBA55CEU6TR, STM32WBA55CEU7, STM32WBA55CEU7TR, STM32WBA55CGU6, STM32WBA55CGU6TR, STM32WBA55CGU6U, STM32WBA55CGU7, STM32WBA55CGU7TR, STM32WBA55G-DK1, STM32WBA55HEF6, STM32WBA55HEF7, STM32WBA55HGF6, STM32WBA55HGF7, STM32WBA55UEI6, STM32WBA55UEI6TR, STM32WBA55UEI7, STM32WBA55UEI7TR, STM32WBA55UGI6, STM32WBA55UGI6TR, STM32WBA55UGI7, STM32WBA55UGI7TR, STM32WBA5MMGH6TR, STM32WBA62MGF6, STM32WBA62MIF6, STM32WBA65MGF7, STM32WBA65MIF6, STM32WBA65MIF7, STM32WL30K8V6, STM32WL30KBV6, STM32WL31C8V6, STM32WL31CBV6, STM32WL31K8V6, STM32WL31KBV6, STM32WL33C8V6, STM32WL33C8V6X, STM32WL33CBV6, STM32WL33CBV6X, STM32WL33CCV6, STM32WL33CCV6A, STM32WL33CCV6X, STM32WL33K8V7, STM32WL33K8V7X, STM32WL33KBV7 , STM32WL33KBV7X, STM32WL33KCV7, STM32WL33KCV7X, STM32WL5MOCH6, STM32WL5MOCH6TR]
2025-10-11 21:31:05,324 [INFO] DbMcus:218 - Found 4801 MCUs, 4801 are supported
2025-10-11 21:31:05,325 [INFO] ApiDb:423 - Load user favorites file /home/oleksii/.stm32cubeide/favorites.mcus.txt: 0 item(s)
2025-10-11 21:31:05,325 [INFO] ApiDb:427 - User favorites MCUs=[]
2025-10-11 21:31:05,325 [INFO] DbMcus:224 - Set 0 / 0 favorites MCUs
2025-10-11 21:31:05,672 [INFO] ApiDb:423 - Load user favorites file /home/oleksii/.stm32cubeide/favorites.boards.txt: 0 item(s)
2025-10-11 21:31:05,672 [INFO] ApiDb:427 - User favorites Boards=[]
2025-10-11 21:31:05,673 [INFO] DbBoards:198 - Set 0 / 0 favorites Boards
2025-10-11 21:31:05,737 [INFO] UtilMem:75 - End LoadConfig() Used Memory: 467718520 Bytes (659554304)
2025-10-11 21:31:05,849 [WARN] ThirdParty:833 - waiting for thirdparty lock release [change project]
2025-10-11 21:31:05,849 [INFO] ThirdParty:835 - entering critical section [change project]
2025-10-11 21:31:05,849 [INFO] ThirdParty:1030 - CMSIS Pack Vendor :STMicroelectronics X-CUBE-PM33A1 1.0.0
2025-10-11 21:31:05,849 [INFO] ThirdParty:1030 - CMSIS Pack Vendor :STMicroelectronics USBPD 4.1
2025-10-11 21:31:05,849 [INFO] ThirdParty:1030 - CMSIS Pack Vendor :STMicroelectronics X-CUBE-NFC9 1.0.0
2025-10-11 21:31:05,849 [INFO] ThirdParty:1030 - CMSIS Pack Vendor :STMicroelectronics USB_HOST 2.0.0
2025-10-11 21:31:05,849 [INFO] ThirdParty:1030 - CMSIS Pack Vendor :STMicroelectronics FP-SNS-MOTENVWB1 1.4.0
2025-10-11 21:31:05,849 [INFO] ThirdParty:1030 - CMSIS Pack Vendor :STMicroelectronics X-CUBE-AZRTOS-F4 1.1.0
2025-10-11 21:31:05,849 [INFO] ThirdParty:1030 - CMSIS Pack Vendor :STMicroelectronics LIBJPEG 8.0.0
2025-10-11 21:31:05,849 [INFO] ThirdParty:1030 - CMSIS Pack Vendor :STMicroelectronics FP-ATR-ASTRA1 2.0.2
2025-10-11 21:31:05,850 [INFO] ThirdParty:1030 - CMSIS Pack Vendor :wolfSSL I-CUBE-wolfSSL 5.8.2
2025-10-11 21:31:05,850 [INFO] ThirdParty:1030 - CMSIS Pack Vendor :STMicroelectronics X-CUBE-BLE1 7.1.0
2025-10-11 21:31:05,850 [INFO] ThirdParty:1030 - CMSIS Pack Vendor :Avnet-IotConnect X-CUBE-IoTC-DA16k-PMOD 1.0.0
2025-10-11 21:31:05,850 [INFO] ThirdParty:1030 - CMSIS Pack Vendor :STMicroelectronics X-CUBE-SMBUS 2.1.0
2025-10-11 21:31:05,850 [INFO] ThirdParty:1030 - CMSIS Pack Vendor :wolfSSL I-CUBE-wolfMQTT 1.19.2
2025-10-11 21:31:05,850 [INFO] ThirdParty:1030 - CMSIS Pack Vendor :STMicroelectronics USB_DEVICE 3.0.0
2025-10-11 21:31:05,850 [INFO] ThirdParty:1030 - CMSIS Pack Vendor :STMicroelectronics X-CUBE-ISPU 2.1.0
2025-10-11 21:31:05,850 [INFO] ThirdParty:1030 - CMSIS Pack Vendor :STMicroelectronics X-CUBE-EEPRMA1 5.2.0
2025-10-11 21:31:05,850 [INFO] ThirdParty:1030 - CMSIS Pack Vendor :STMicroelectronics X-CUBE-BLEMGR 4.1.0
2025-10-11 21:31:05,850 [INFO] ThirdParty:1030 - CMSIS Pack Vendor :STMicroelectronics X-CUBE-AZRTOS-WB 2.0.0
2025-10-11 21:31:05,850 [INFO] ThirdParty:1030 - CMSIS Pack Vendor :STMicroelectronics X-CUBE-ST60 1.0.0
2025-10-11 21:31:05,850 [INFO] ThirdParty:1030 - CMSIS Pack Vendor :STMicroelectronics X-CUBE-GNSS1 7.0.1
2025-10-11 21:31:05,850 [INFO] ThirdParty:1030 - CMSIS Pack Vendor :STMicroelectronics X-CUBE-NFC12 1.0.0
2025-10-11 21:31:05,850 [INFO] ThirdParty:1030 - CMSIS Pack Vendor :STMicroelectronics X-CUBE-AZRTOS-F7 1.1.0
2025-10-11 21:31:05,850 [INFO] ThirdParty:1030 - CMSIS Pack Vendor :STMicroelectronics X-CUBE-AZRTOS-L5 2.0.0
2025-10-11 21:31:05,850 [INFO] ThirdParty:1030 - CMSIS Pack Vendor :STMicroelectronics X-CUBE-TOUCHGFX 4.25.0
2025-10-11 21:31:05,850 [INFO] ThirdParty:1030 - CMSIS Pack Vendor :STMicroelectronics USB_DEVICE 2.0.0
2025-10-11 21:31:05,850 [INFO] ThirdParty:1030 - CMSIS Pack Vendor :STMicroelectronics X-CUBE-NFC6 3.1.0
2025-10-11 21:31:05,850 [INFO] ThirdParty:1030 - CMSIS Pack Vendor :quantropi X-CUBE-qispace-sdk-base 2.1.0
2025-10-11 21:31:05,850 [INFO] ThirdParty:1030 - CMSIS Pack Vendor :STMicroelectronics FreeRTOS 0.0.1
2025-10-11 21:31:05,851 [INFO] ThirdParty:1030 - CMSIS Pack Vendor :STMicroelectronics X-CUBE-AZRTOS-G0 1.1.0
2025-10-11 21:31:05,851 [INFO] ThirdParty:1030 - CMSIS Pack Vendor :STMicroelectronics X-CUBE-SAFEA1 1.2.2
2025-10-11 21:31:05,851 [INFO] ThirdParty:1030 - CMSIS Pack Vendor :STMicroelectronics X-CUBE-NFC4 3.0.0
2025-10-11 21:31:05,851 [INFO] ThirdParty:1030 - CMSIS Pack Vendor :STMicroelectronics X-CUBE-SUBG2 5.0.0
2025-10-11 21:31:05,851 [INFO] ThirdParty:1030 - CMSIS Pack Vendor :STMicroelectronics X-CUBE-AZRTOS-H7RS 1.1.0
2025-10-11 21:31:05,851 [INFO] ThirdParty:1030 - CMSIS Pack Vendor :STMicroelectronics STM32_WPAN 1.0.0
2025-10-11 21:31:05,851 [INFO] ThirdParty:1030 - CMSIS Pack Vendor :EmbeddedOffice I-CUBE-FS-RTOS 1.0.1
2025-10-11 21:31:05,851 [INFO] ThirdParty:1030 - CMSIS Pack Vendor :STMicroelectronics lwIP 2.0.3
2025-10-11 21:31:05,851 [INFO] ThirdParty:1030 - CMSIS Pack Vendor :WES I-CUBE-Cesium 1.4.0
2025-10-11 21:31:05,851 [INFO] ThirdParty:1030 - CMSIS Pack Vendor :Cesanta I-CUBE-Mongoose 7.13.0
2025-10-11 21:31:05,852 [INFO] ThirdParty:1030 - CMSIS Pack Vendor :STMicroelectronics USB_HOST 1.0.0
2025-10-11 21:31:05,852 [INFO] ThirdParty:1030 - CMSIS Pack Vendor :Infineon AIROC-Wi-Fi-Bluetooth-STM32 1.7.1
2025-10-11 21:31:05,852 [INFO] ThirdParty:1030 - CMSIS Pack Vendor :STMicroelectronics X-CUBE-AZRTOS-G4 2.0.0
2025-10-11 21:31:05,852 [INFO] ThirdParty:1030 - CMSIS Pack Vendor :STMicroelectronics X-CUBE-WB05N 2.0.0
2025-10-11 21:31:05,852 [INFO] ThirdParty:1030 - CMSIS Pack Vendor :STMicroelectronics PDM2PCM 3.1.0
2025-10-11 21:31:05,852 [INFO] ThirdParty:1030 - CMSIS Pack Vendor :STMicroelectronics PDM2PCM 3.3.0
2025-10-11 21:31:05,852 [INFO] ThirdParty:1030 - CMSIS Pack Vendor :wolfSSL I-CUBE-wolfTPM 3.8.0
2025-10-11 21:31:05,852 [INFO] ThirdParty:1030 - CMSIS Pack Vendor :STMicroelectronics X-CUBE-AZRTOS-H7 3.4.0
2025-10-11 21:31:05,852 [INFO] ThirdParty:1030 - CMSIS Pack Vendor :STMicroelectronics X-CUBE-DISPLAY 3.0.0
2025-10-11 21:31:05,852 [INFO] ThirdParty:1030 - CMSIS Pack Vendor :wolfSSL I-CUBE-wolfSSH 1.4.20
2025-10-11 21:31:05,852 [INFO] ThirdParty:1030 - CMSIS Pack Vendor :STMicroelectronics X-CUBE-NFC7 2.0.0
2025-10-11 21:31:05,852 [INFO] ThirdParty:1030 - CMSIS Pack Vendor :STMicroelectronics X-CUBE-TCPP 4.2.0
2025-10-11 21:31:05,852 [INFO] ThirdParty:1030 - CMSIS Pack Vendor :RealThread X-CUBE-RT-Thread_Nano 4.1.1
2025-10-11 21:31:05,852 [INFO] ThirdParty:1030 - CMSIS Pack Vendor :STMicroelectronics FP-ATR-SIGFOX1 3.2.0
2025-10-11 21:31:05,852 [INFO] ThirdParty:1030 - CMSIS Pack Vendor :STMicroelectronics X-CUBE-NFC10 1.0.0
2025-10-11 21:31:05,852 [INFO] ThirdParty:1030 - CMSIS Pack Vendor :STMicroelectronics X-CUBE-FREERTOS 1.3.1
2025-10-11 21:31:05,852 [INFO] ThirdParty:1030 - CMSIS Pack Vendor :STMicroelectronics HAL Drivers 0.0.0
2025-10-11 21:31:05,852 [INFO] ThirdParty:1030 - CMSIS Pack Vendor :STMicroelectronics MBEDTLS 2.16.2
2025-10-11 21:31:05,852 [INFO] ThirdParty:1030 - CMSIS Pack Vendor :STMicroelectronics X-CUBE-IPS 3.1.0
2025-10-11 21:31:05,852 [INFO] ThirdParty:1030 - CMSIS Pack Vendor :STMicroelectronics X-CUBE-ALS 1.0.2
2025-10-11 21:31:05,853 [INFO] ThirdParty:1030 - CMSIS Pack Vendor :emotas I-CUBE-CANOPEN 1.3.0
2025-10-11 21:31:05,853 [INFO] ThirdParty:1030 - CMSIS Pack Vendor :STMicroelectronics MBEDTLS 2.14.1
2025-10-11 21:31:05,853 [INFO] ThirdParty:1030 - CMSIS Pack Vendor :ITTIA_DB I-CUBE-ITTIADB 8.9.0
2025-10-11 21:31:05,853 [INFO] ThirdParty:1030 - CMSIS Pack Vendor :STMicroelectronics X-CUBE-TOUCHGFX 4.26.0
2025-10-11 21:31:05,853 [INFO] ThirdParty:1030 - CMSIS Pack Vendor :STMicroelectronics X-CUBE-STSE01 1.0.0
2025-10-11 21:31:05,853 [INFO] ThirdParty:1030 - CMSIS Pack Vendor :STMicroelectronics X-CUBE-ST67W61 1.0.0
2025-10-11 21:31:05,853 [INFO] ThirdParty:1030 - CMSIS Pack Vendor :STMicroelectronics FP-SNS-STBOX1 2.1.0
2025-10-11 21:31:05,853 [INFO] ThirdParty:1030 - CMSIS Pack Vendor :STMicroelectronics X-CUBE-AI 10.2.0
2025-10-11 21:31:05,853 [INFO] ThirdParty:1030 - CMSIS Pack Vendor :STMicroelectronics FP-SNS-STAIOTCFT 1.0.0
2025-10-11 21:31:05,853 [INFO] ThirdParty:1030 - CMSIS Pack Vendor :STMicroelectronics ThreadX 1.0.0
2025-10-11 21:31:05,853 [INFO] ThirdParty:1030 - CMSIS Pack Vendor :STMicroelectronics FP-SNS-SMARTAG2 1.2.0
2025-10-11 21:31:05,853 [INFO] ThirdParty:1030 - CMSIS Pack Vendor :STMicroelectronics FP-SNS-FLIGHT1 5.1.0
2025-10-11 21:31:05,853 [INFO] ThirdParty:1030 - CMSIS Pack Vendor :STMicroelectronics X-CUBE-AZRTOS-WL 2.0.0
2025-10-11 21:31:05,853 [INFO] ThirdParty:1030 - CMSIS Pack Vendor :SEGGER I-CUBE-embOS 1.3.1
2025-10-11 21:31:05,853 [INFO] ThirdParty:1030 - CMSIS Pack Vendor :STMicroelectronics X-CUBE-ALGOBUILD 1.4.0
2025-10-11 21:31:05,853 [INFO] ThirdParty:1030 - CMSIS Pack Vendor :STMicroelectronics X-CUBE-DPower 1.3.0
2025-10-11 21:31:05,853 [INFO] ThirdParty:1030 - CMSIS Pack Vendor :STMicroelectronics X-CUBE-MEMS1 11.3.0
2025-10-11 21:31:05,853 [INFO] ThirdParty:1030 - CMSIS Pack Vendor :STMicroelectronics FP-SNS-MOTENV1 5.0.0
2025-10-11 21:31:05,853 [INFO] ThirdParty:1030 - CMSIS Pack Vendor :STMicroelectronics USB_DEVICE 1.0.0
2025-10-11 21:31:05,853 [INFO] ThirdParty:1030 - CMSIS Pack Vendor :STMicroelectronics X-CUBE-AZRTOS-L4 2.0.0
2025-10-11 21:31:05,854 [INFO] ThirdParty:1030 - CMSIS Pack Vendor :STMicroelectronics ThreadX 0.0.2
2025-10-11 21:31:05,854 [INFO] ThirdParty:1030 - CMSIS Pack Vendor :STMicroelectronics lwIP 2.1.2
2025-10-11 21:31:05,854 [INFO] ThirdParty:1030 - CMSIS Pack Vendor :STMicroelectronics X-CUBE-SFXS2LP1 4.0.0
2025-10-11 21:31:05,854 [INFO] ThirdParty:1030 - CMSIS Pack Vendor :STMicroelectronics X-CUBE-BLE2 3.3.0
2025-10-11 21:31:05,854 [INFO] ThirdParty:1030 - CMSIS Pack Vendor :STMicroelectronics X-CUBE-TOF1 3.4.3
2025-10-11 21:31:05,854 [INFO] ThirdParty:1030 - CMSIS Pack Vendor :STMicroelectronics PDM2PCM 3.2.0
2025-10-11 21:31:05,854 [INFO] ThirdParty:841 - exiting critical section [change project]
2025-10-11 21:31:06,210 [INFO] PinOutPanel:1589 - setPackage(No Configuration,No Configuration)
2025-10-11 21:31:06,210 [INFO] PinOutPanel:1589 - setPackage(STM32F407VGTx,LQFP100)
2025-10-11 21:31:06,570 [INFO] UtilMem:75 - Before build in PCC Used Memory: 555651064 Bytes (659554304)
2025-10-11 21:31:06,928 [INFO] UtilMem:75 - After build in PCC Used Memory: 498680920 Bytes (927989760)
2025-10-11 21:31:06,957 [INFO] IPUIPlugin:80 - create IPUIPlugin
2025-10-11 21:31:06,957 [INFO] IPUIPlugin:80 - create IPUIPlugin
2025-10-11 21:31:06,957 [INFO] IPUIPlugin:80 - create IPUIPlugin
2025-10-11 21:31:06,957 [INFO] IPUIPlugin:80 - create IPUIPlugin
2025-10-11 21:31:06,958 [INFO] IPUIPlugin:80 - create IPUIPlugin
2025-10-11 21:31:06,958 [INFO] IPUIPlugin:80 - create IPUIPlugin
2025-10-11 21:31:06,958 [INFO] IPUIPlugin:80 - create IPUIPlugin
2025-10-11 21:31:06,958 [INFO] IPUIPlugin:80 - create IPUIPlugin
2025-10-11 21:31:06,958 [INFO] IPUIPlugin:80 - create IPUIPlugin
2025-10-11 21:31:06,959 [INFO] IPUIPlugin:80 - create IPUIPlugin
2025-10-11 21:31:06,959 [INFO] IPUIPlugin:80 - create IPUIPlugin
2025-10-11 21:31:06,959 [INFO] IPUIPlugin:80 - create IPUIPlugin
2025-10-11 21:31:06,959 [INFO] IPUIPlugin:80 - create IPUIPlugin
2025-10-11 21:31:06,959 [INFO] IPUIPlugin:80 - create IPUIPlugin
2025-10-11 21:31:06,959 [INFO] IPUIPlugin:80 - create IPUIPlugin
2025-10-11 21:31:06,959 [INFO] IPUIPlugin:80 - create IPUIPlugin
2025-10-11 21:31:06,960 [INFO] IPUIPlugin:80 - create IPUIPlugin
2025-10-11 21:31:06,960 [INFO] IPUIPlugin:80 - create IPUIPlugin
2025-10-11 21:31:06,960 [INFO] IPUIPlugin:80 - create IPUIPlugin
2025-10-11 21:31:06,960 [INFO] IPUIPlugin:80 - create IPUIPlugin
2025-10-11 21:31:06,960 [INFO] IPUIPlugin:80 - create IPUIPlugin
2025-10-11 21:31:06,960 [INFO] IPUIPlugin:80 - create IPUIPlugin
2025-10-11 21:31:06,961 [INFO] IPUIPlugin:80 - create IPUIPlugin
2025-10-11 21:31:06,961 [INFO] IPUIPlugin:80 - create IPUIPlugin
2025-10-11 21:31:06,961 [INFO] IPUIPlugin:80 - create IPUIPlugin
2025-10-11 21:31:06,961 [INFO] IPUIPlugin:80 - create IPUIPlugin
2025-10-11 21:31:06,961 [INFO] IPUIPlugin:80 - create IPUIPlugin
2025-10-11 21:31:06,961 [INFO] IPUIPlugin:80 - create IPUIPlugin
2025-10-11 21:31:06,962 [INFO] IPUIPlugin:80 - create IPUIPlugin
2025-10-11 21:31:06,962 [INFO] IPUIPlugin:80 - create IPUIPlugin
2025-10-11 21:31:06,962 [INFO] IPUIPlugin:80 - create IPUIPlugin
2025-10-11 21:31:06,963 [INFO] IPUIPlugin:80 - create IPUIPlugin
2025-10-11 21:31:06,964 [INFO] IPUIPlugin:80 - create IPUIPlugin
2025-10-11 21:31:06,964 [INFO] IPUIPlugin:80 - create IPUIPlugin
2025-10-11 21:31:06,964 [INFO] IPUIPlugin:80 - create IPUIPlugin
2025-10-11 21:31:06,964 [INFO] IPUIPlugin:80 - create IPUIPlugin
2025-10-11 21:31:06,964 [INFO] IPUIPlugin:80 - create IPUIPlugin
2025-10-11 21:31:06,964 [INFO] IPUIPlugin:80 - create IPUIPlugin
2025-10-11 21:31:06,965 [INFO] IPUIPlugin:80 - create IPUIPlugin
2025-10-11 21:31:06,965 [INFO] IPUIPlugin:80 - create IPUIPlugin
2025-10-11 21:31:06,965 [INFO] IPUIPlugin:80 - create IPUIPlugin
2025-10-11 21:31:06,965 [INFO] IPUIPlugin:80 - create IPUIPlugin
2025-10-11 21:31:06,965 [INFO] IPUIPlugin:80 - create IPUIPlugin
2025-10-11 21:31:06,965 [INFO] IPUIPlugin:80 - create IPUIPlugin
2025-10-11 21:31:06,965 [INFO] IPUIPlugin:80 - create IPUIPlugin
2025-10-11 21:31:06,966 [INFO] IPUIPlugin:80 - create IPUIPlugin
2025-10-11 21:31:06,966 [INFO] IPUIPlugin:80 - create IPUIPlugin
2025-10-11 21:31:06,966 [INFO] IPUIPlugin:80 - create IPUIPlugin
2025-10-11 21:31:06,966 [INFO] IPUIPlugin:80 - create IPUIPlugin
2025-10-11 21:31:06,966 [INFO] IPUIPlugin:80 - create IPUIPlugin
2025-10-11 21:31:06,966 [INFO] IPUIPlugin:80 - create IPUIPlugin
2025-10-11 21:31:06,967 [INFO] IPUIPlugin:80 - create IPUIPlugin
2025-10-11 21:31:06,967 [INFO] IPUIPlugin:80 - create IPUIPlugin
2025-10-11 21:31:06,967 [INFO] IPUIPlugin:80 - create IPUIPlugin
2025-10-11 21:31:06,967 [INFO] IPUIPlugin:80 - create IPUIPlugin
2025-10-11 21:31:06,968 [INFO] IPUIPlugin:80 - create IPUIPlugin
2025-10-11 21:31:06,968 [INFO] IPUIPlugin:80 - create IPUIPlugin
2025-10-11 21:31:06,969 [INFO] IPUIPlugin:80 - create IPUIPlugin
2025-10-11 21:31:06,987 [INFO] ApiDbMcu:532 - Load IP Config File for PDM2PCM
2025-10-11 21:31:07,111 [INFO] CADModel:165 - CPN selected for project levelSTM32F407VGT6
2025-10-11 21:31:07,111 [INFO] CADModel:114 - Register for checkConnection events
2025-10-11 21:31:07,168 [INFO] OpenFileManager:386 - Restore cursor
2025-10-11 21:31:26,527 [INFO] UtilMem:75 - End SaveConfig() Used Memory: 986271472 Bytes (1073741824)
2025-10-11 21:31:36,937 [INFO] UtilMem:75 - End SaveConfig() Used Memory: 946281008 Bytes (1073741824)
2025-10-11 21:31:38,574 [INFO] UtilMem:75 - End SaveConfig() Used Memory: 738125960 Bytes (1073741824)
2025-10-11 21:31:39,194 [INFO] UtilMem:75 - End SaveConfig() Used Memory: 660078504 Bytes (1073741824)
2025-10-11 21:31:39,523 [INFO] BlockDiagram:2775 - set Specific Code input for plugin: SPI
2025-10-11 21:31:39,523 [INFO] BlockDiagram:2775 - set Specific Code input for plugin: SYS
2025-10-11 21:31:39,523 [INFO] BlockDiagram:2775 - set Specific Code input for plugin: RCC
2025-10-11 21:31:39,523 [INFO] BlockDiagram:2775 - set Specific Code input for plugin: NVIC
2025-10-11 21:31:39,523 [INFO] BlockDiagram:2775 - set Specific Code input for plugin: USART
2025-10-11 21:31:39,523 [INFO] BlockDiagram:2775 - set Specific Code input for plugin: TIM1_8
2025-10-11 21:31:39,524 [INFO] BlockDiagram:2775 - set Specific Code input for plugin: GPIO
2025-10-11 21:31:39,524 [INFO] CodeGenerator:892 - code generatio: config db path: /opt/st/stm32cubeide_1.19.0/plugins/com.st.stm32cube.common.mx_6.15.0.202507011659//db/
2025-10-11 21:31:39,690 [INFO] CodeEngine:265 - oldGeneratedFile, /home/oleksii/STM32CubeIDE/workspace_1.19.0/workspace_embedded/gl_starter_project/MXTmpFiles/license.tmp_save
2025-10-11 21:31:39,883 [INFO] CodeEngine:289 - Generated code: /home/oleksii/STM32CubeIDE/workspace_1.19.0/workspace_embedded/gl_starter_project/MXTmpFiles/license.tmp
2025-10-11 21:31:39,936 [INFO] CodeEngine:265 - oldGeneratedFile, /home/oleksii/STM32CubeIDE/workspace_1.19.0/workspace_embedded/gl_starter_project/MXTmpFiles/gpio.tmp_save
2025-10-11 21:31:40,023 [INFO] CodeEngine:289 - Generated code: /home/oleksii/STM32CubeIDE/workspace_1.19.0/workspace_embedded/gl_starter_project/MXTmpFiles/gpio.tmp
2025-10-11 21:31:40,143 [INFO] CodeEngine:265 - oldGeneratedFile, /home/oleksii/STM32CubeIDE/workspace_1.19.0/workspace_embedded/gl_starter_project/Core/Src/stm32f4xx_it.c_save
2025-10-11 21:31:40,218 [INFO] CodeEngine:289 - Generated code: /home/oleksii/STM32CubeIDE/workspace_1.19.0/workspace_embedded/gl_starter_project/Core/Src/stm32f4xx_it.c
2025-10-11 21:31:40,219 [INFO] CodeEngine:265 - oldGeneratedFile, /home/oleksii/STM32CubeIDE/workspace_1.19.0/workspace_embedded/gl_starter_project/Core/Inc/stm32f4xx_it.h_save
2025-10-11 21:31:40,259 [INFO] CodeEngine:289 - Generated code: /home/oleksii/STM32CubeIDE/workspace_1.19.0/workspace_embedded/gl_starter_project/Core/Inc/stm32f4xx_it.h
2025-10-11 21:31:40,265 [INFO] CodeEngine:265 - oldGeneratedFile, /home/oleksii/STM32CubeIDE/workspace_1.19.0/workspace_embedded/gl_starter_project/Core/Src/stm32f4xx_hal_msp.c_save
2025-10-11 21:31:40,365 [INFO] CodeEngine:289 - Generated code: /home/oleksii/STM32CubeIDE/workspace_1.19.0/workspace_embedded/gl_starter_project/Core/Src/stm32f4xx_hal_msp.c
2025-10-11 21:31:40,365 [INFO] CodeEngine:265 - oldGeneratedFile, /home/oleksii/STM32CubeIDE/workspace_1.19.0/workspace_embedded/gl_starter_project/MXTmpFiles/system.tmp_save
2025-10-11 21:31:40,405 [INFO] CodeEngine:289 - Generated code: /home/oleksii/STM32CubeIDE/workspace_1.19.0/workspace_embedded/gl_starter_project/MXTmpFiles/system.tmp
2025-10-11 21:31:40,407 [INFO] CodeEngine:321 - oldGeneratedFile, /home/oleksii/STM32CubeIDE/workspace_1.19.0/workspace_embedded/gl_starter_project/Core/Inc/stm32f4xx_hal_conf.h_save
2025-10-11 21:31:40,452 [INFO] CodeEngine:345 - Generated code: /home/oleksii/STM32CubeIDE/workspace_1.19.0/workspace_embedded/gl_starter_project/Core/Inc/stm32f4xx_hal_conf.h
2025-10-11 21:31:40,468 [INFO] ApiDbMcu:532 - Load IP Config File for SPI2
2025-10-11 21:31:40,480 [INFO] ApiDbMcu:532 - Load IP Config File for TIM10
2025-10-11 21:31:40,483 [INFO] ApiDbMcu:532 - Load IP Config File for USART3
2025-10-11 21:31:40,487 [INFO] ApiDbMcu:532 - Load IP Config File for RCC
2025-10-11 21:31:40,488 [WARN] IPConfigManager:3811 - IP not found : TIM
2025-10-11 21:31:40,488 [WARN] CodeGenerator:4259 - IP not found : null
2025-10-11 21:31:40,490 [INFO] CodeEngine:265 - oldGeneratedFile, /home/oleksii/STM32CubeIDE/workspace_1.19.0/workspace_embedded/gl_starter_project/Core/Inc/main.h_save
2025-10-11 21:31:40,545 [INFO] CodeEngine:289 - Generated code: /home/oleksii/STM32CubeIDE/workspace_1.19.0/workspace_embedded/gl_starter_project/Core/Inc/main.h
2025-10-11 21:31:40,546 [INFO] CodeEngine:265 - oldGeneratedFile, /home/oleksii/STM32CubeIDE/workspace_1.19.0/workspace_embedded/gl_starter_project/Core/Src/main.c_save
2025-10-11 21:31:40,633 [INFO] CodeEngine:289 - Generated code: /home/oleksii/STM32CubeIDE/workspace_1.19.0/workspace_embedded/gl_starter_project/Core/Src/main.c
2025-10-11 21:31:40,786 [INFO] ProjectBuilder:3606 - Time for Copy HAL[1] : 16mS.
2025-10-11 21:31:40,789 [INFO] ProjectBuilder:5216 - Project Generator version: 4.7.0-B52
2025-10-11 21:31:40,848 [INFO] ConfigFileManager:1595 - The Die is : DIE413
2025-10-11 21:31:40,852 [INFO] ApiDbMcu:532 - Load IP Config File for FATFS
2025-10-11 21:31:40,854 [INFO] ApiDbMcu:532 - Load IP Config File for FREERTOS
2025-10-11 21:31:40,855 [INFO] ApiDbMcu:532 - Load IP Config File for LIBJPEG
2025-10-11 21:31:40,858 [INFO] ApiDbMcu:532 - Load IP Config File for LWIP
2025-10-11 21:31:40,861 [INFO] ApiDbMcu:532 - Load IP Config File for MBEDTLS
2025-10-11 21:31:40,865 [INFO] ApiDbMcu:532 - Load IP Config File for USB_DEVICE
2025-10-11 21:31:40,868 [INFO] ApiDbMcu:532 - Load IP Config File for USB_HOST
2025-10-11 21:31:41,062 [INFO] LogOutputStream:77 - [STDOUT_REDIRECT] 
2025-10-11 21:31:41,693 [INFO] ProjectBuilder:5496 - Time for Generating toolchain IDE Files: 904mS.
2025-10-11 21:31:41,694 [INFO] ProjectBuilder:3463 - Time for Copy CMSIS : 0mS.
2025-10-11 21:31:41,694 [INFO] ProjectBuilder:3463 - Time for Copy CMSIS : 0mS.
2025-10-11 23:01:41,571 [ERROR] LogOutputStream:75 - [STDERR_REDIRECT] 
